login;Name;group;source;business_role;comment
aaalimov;Алимов Андрей Александрович (Andrey Alimov);EDW Read Core;Synchronization;BR.DOB.ITCustomers,BR.DOB.Analyticsdep;Synchronization + заполненная бизнес-роль
aaalimov;Алимов Андрей Александрович (Andrey Alimov);ODS All DES;Synchronization;BR.DOB.Analyticsdep,BR.DOB.ITCustomers;Synchronization + заполненная бизнес-роль
aaalimov;Алимов Андрей Александрович (Andrey Alimov);ODS Read ARM4;Synchronization;BR.DOB.ITCustomers,BR.DOB.Analyticsdep;Synchronization + заполненная бизнес-роль
aaalimov;Алимов Андрей Александрович (Andrey Alimov);ODS Read BCAPP;Synchronization;BR.DOB.ITCustomers,BR.DOB.Analyticsdep;Synchronization + заполненная бизнес-роль
aaalimov;Алимов Андрей Александрович (Andrey Alimov);ODS Read CC;Synchronization;BR.DOB.Analyticsdep,BR.DOB.ITCustomers;Synchronization + заполненная бизнес-роль
aaalimov;Алимов Андрей Александрович (Andrey Alimov);ODS Read DMS;Synchronization;BR.DOB.Analyticsdep,BR.DOB.ITCustomers;Synchronization + заполненная бизнес-роль
aaalimov;Алимов Андрей Александрович (Andrey Alimov);ODS Read EKIS;Synchronization;BR.DOB.Analyticsdep,BR.DOB.ITCustomers;Synchronization + заполненная бизнес-роль
aaalimov;Алимов Андрей Александрович (Andrey Alimov);ODS Read KIAS;Synchronization;BR.DOB.ITCustomers,BR.DOB.Analyticsdep;Synchronization + заполненная бизнес-роль
aaalimov;Алимов Андрей Александрович (Andrey Alimov);ODS Read Naumen;Synchronization;BR.DOB.ITCustomers,BR.DOB.Analyticsdep;Synchronization + заполненная бизнес-роль
aaalimov;Алимов Андрей Александрович (Andrey Alimov);ODS Read PCAPP;Synchronization;BR.DOB.ITCustomers,BR.DOB.Analyticsdep;Synchronization + заполненная бизнес-роль
aaalimov;Алимов Андрей Александрович (Andrey Alimov);ODS Read RGSSCC;Synchronization;BR.DOB.ITCustomers,BR.DOB.Analyticsdep;Synchronization + заполненная бизнес-роль
aaalimov;Алимов Андрей Александрович (Andrey Alimov);ODS Read SCR;Synchronization;BR.DOB.ITCustomers;Synchronization + заполненная бизнес-роль
aaalimov;Алимов Андрей Александрович (Andrey Alimov);ODS Read Tessa;Synchronization;BR.DOB.ITCustomers,BR.DOB.Analyticsdep;Synchronization + заполненная бизнес-роль
aaalimov;Алимов Андрей Александрович (Andrey Alimov);ODS Read UFO;Synchronization;BR.DOB.ITCustomers,BR.DOB.Analyticsdep;Synchronization + заполненная бизнес-роль
aaalimov;Алимов Андрей Александрович (Andrey Alimov);ODS Read VIRTU;Synchronization;BR.DOB.ITCustomers,BR.DOB.Analyticsdep;Synchronization + заполненная бизнес-роль
aabazaev;Базаев Алексей Александрович (Aleksey Bazaev);CBD All Cdm Analysis;Synchronization;BR.IT.DUD.DataDeveloper;Synchronization + заполненная бизнес-роль
aabazaev;Базаев Алексей Александрович (Aleksey Bazaev);CBD Read Cdm Analysis Ou;Synchronization;BR.IT.DUD.DataDeveloper;Synchronization + заполненная бизнес-роль
aabazaev;Базаев Алексей Александрович (Aleksey Bazaev);DWH Developer;Synchronization;BR.IT.DUD.DataDeveloper;Synchronization + заполненная бизнес-роль
aabazaev;Базаев Алексей Александрович (Aleksey Bazaev);EDW All CDM;Synchronization;BR.IT.DUD.DataDeveloper;Synchronization + заполненная бизнес-роль
aabazaev;Базаев Алексей Александрович (Aleksey Bazaev);EDW All Cdm Analysis;Synchronization;BR.IT.DUD.DataDeveloper;Synchronization + заполненная бизнес-роль
aabazaev;Базаев Алексей Александрович (Aleksey Bazaev);EDW Read Cdm Analysis Out;Synchronization;BR.IT.DUD.DataDeveloper;Synchronization + заполненная бизнес-роль
aabazaev;Базаев Алексей Александрович (Aleksey Bazaev);EDW Read Core;Synchronization;BR.IT.DUD.DataDeveloper;Synchronization + заполненная бизнес-роль
aabazaev;Базаев Алексей Александрович (Aleksey Bazaev);ODS All Auto;Synchronization;BR.IT.DUD.DataDeveloper;Synchronization + заполненная бизнес-роль
aabazaev;Базаев Алексей Александрович (Aleksey Bazaev);ODS All CDM;Synchronization;BR.IT.DUD.DataDeveloper;Synchronization + заполненная бизнес-роль
aabazaev;Базаев Алексей Александрович (Aleksey Bazaev);ODS All Cdm Analysis;Synchronization;BR.IT.DUD.DataDeveloper;Synchronization + заполненная бизнес-роль
aabazaev;Базаев Алексей Александрович (Aleksey Bazaev);ODS All msfo17;Synchronization;BR.IT.DUD.DataDeveloper;Synchronization + заполненная бизнес-роль
aabazaev;Базаев Алексей Александрович (Aleksey Bazaev);ODS All Report;Synchronization;BR.IT.DUD.DataDeveloper;Synchronization + заполненная бизнес-роль
aabazaev;Базаев Алексей Александрович (Aleksey Bazaev);ODS Read ARM4;Synchronization;BR.IT.DUD.DataDeveloper;Synchronization + заполненная бизнес-роль
aabazaev;Базаев Алексей Александрович (Aleksey Bazaev);ODS Read BCAPP;Synchronization;BR.IT.DUD.DataDeveloper;Synchronization + заполненная бизнес-роль
aabazaev;Базаев Алексей Александрович (Aleksey Bazaev);ODS Read CC;Synchronization;BR.IT.DUD.DataDeveloper;Synchronization + заполненная бизнес-роль
aabazaev;Базаев Алексей Александрович (Aleksey Bazaev);ODS Read Cdm Analysis Out;Synchronization;BR.IT.DUD.DataDeveloper;Synchronization + заполненная бизнес-роль
aabazaev;Базаев Алексей Александрович (Aleksey Bazaev);ODS Read EKIS;Synchronization;BR.IT.DUD.DataDeveloper;Synchronization + заполненная бизнес-роль
aabazaev;Базаев Алексей Александрович (Aleksey Bazaev);ODS Read KIAS;Synchronization;BR.IT.DUD.DataDeveloper;Synchronization + заполненная бизнес-роль
aabazaev;Базаев Алексей Александрович (Aleksey Bazaev);ODS Read PCAPP;Synchronization;BR.IT.DUD.DataDeveloper;Synchronization + заполненная бизнес-роль
aabazaev;Базаев Алексей Александрович (Aleksey Bazaev);ODS Read RGSSCC;Synchronization;BR.IT.DUD.DataDeveloper;Synchronization + заполненная бизнес-роль
aabazaev;Базаев Алексей Александрович (Aleksey Bazaev);ODS Read SAP;Synchronization;BR.IT.DUD.DataDeveloper;Synchronization + заполненная бизнес-роль
aabazaev;Базаев Алексей Александрович (Aleksey Bazaev);ODS Read UFO;Synchronization;BR.IT.DUD.DataDeveloper;Synchronization + заполненная бизнес-роль
aafedorov;Федоров Алексей Анатольевич (Aleksey Fedorov);EDW All RB;Synchronization;BR.AgentSales.DataAnalyst;Synchronization + заполненная бизнес-роль
aafedorov;Федоров Алексей Анатольевич (Aleksey Fedorov);EDW Read Core;Synchronization;BR.AgentSales.DataAnalyst;Synchronization + заполненная бизнес-роль
aafedorov;Федоров Алексей Анатольевич (Aleksey Fedorov);ODS Read Report;Synchronization;BR.AgentSales.DataAnalyst;Synchronization + заполненная бизнес-роль
aafedorov;Федоров Алексей Анатольевич (Aleksey Fedorov);ODS Read RGSSCC;Synchronization;BR.AgentSales.DataAnalyst;Synchronization + заполненная бизнес-роль
aanakhalov;Нахалов Андрей Андреевич (Andrey Nakhalov);ODS Read RGSSCC;Synchronization;BR.Underwriting.Auto.Corp;Synchronization + заполненная бизнес-роль
aarozhnov;Рожнов Андрей Алексеевич (Andrey Rozhnov);CBD Read Cdm Analysis;Synchronization;BR.Financial.Actuary.ITCustomers.Jira;Synchronization + заполненная бизнес-роль
aarozhnov;Рожнов Андрей Алексеевич (Andrey Rozhnov);CBD Read Cdm Analysis Ou;Synchronization;BR.Financial.Actuary.ITCustomers.Jira;Synchronization + заполненная бизнес-роль
aarozhnov;Рожнов Андрей Алексеевич (Andrey Rozhnov);EDW All Actuary;Synchronization;BR.Financial.Actuary.ITCustomers.Jira;Synchronization + заполненная бизнес-роль
aarozhnov;Рожнов Андрей Алексеевич (Andrey Rozhnov);EDW Read Core;Synchronization;BR.Financial.Actuary.ITCustomers.Jira;Synchronization + заполненная бизнес-роль
aarozhnov;Рожнов Андрей Алексеевич (Andrey Rozhnov);ODS All Actuary;Synchronization;BR.Financial.Actuary.ITCustomers.Jira;Synchronization + заполненная бизнес-роль
aarozhnov;Рожнов Андрей Алексеевич (Andrey Rozhnov);ODS Read ARM4;Synchronization;BR.Financial.Actuary.ITCustomers.Jira;Synchronization + заполненная бизнес-роль
aarozhnov;Рожнов Андрей Алексеевич (Andrey Rozhnov);ODS Read CC;Synchronization;BR.Financial.Actuary.ITCustomers.Jira;Synchronization + заполненная бизнес-роль
aarozhnov;Рожнов Андрей Алексеевич (Andrey Rozhnov);ODS Read EKIS;Synchronization;BR.Financial.Actuary.ITCustomers.Jira;Synchronization + заполненная бизнес-роль
aarozhnov;Рожнов Андрей Алексеевич (Andrey Rozhnov);ODS Read Finance;Synchronization;BR.Financial.Actuary.ITCustomers.Jira;Synchronization + заполненная бизнес-роль
aarozhnov;Рожнов Андрей Алексеевич (Andrey Rozhnov);ODS Read Report;Synchronization;BR.Financial.Actuary.ITCustomers.Jira;Synchronization + заполненная бизнес-роль
aarozhnov;Рожнов Андрей Алексеевич (Andrey Rozhnov);ODS Read RGSSCC;Synchronization;BR.Financial.Actuary.ITCustomers.Jira;Synchronization + заполненная бизнес-роль
aarozhnov;Рожнов Андрей Алексеевич (Andrey Rozhnov);ODS Read SAP;Synchronization;BR.Financial.Actuary.ITCustomers.Jira;Synchronization + заполненная бизнес-роль
adtrofimenko;Трофименко Алексей Дмитриевич (Aleksey Trofimenko);EDW All CDM;Synchronization;BR.IT.DUD.DataMartAnalyst;Synchronization + заполненная бизнес-роль
adtrofimenko;Трофименко Алексей Дмитриевич (Aleksey Trofimenko);EDW All Cdm Analysis;Synchronization;BR.IT.DUD.DataMartAnalyst;Synchronization + заполненная бизнес-роль
adtrofimenko;Трофименко Алексей Дмитриевич (Aleksey Trofimenko);EDW Read Cdm Analysis Out;Synchronization;BR.IT.DUD.DataMartAnalyst;Synchronization + заполненная бизнес-роль
adtrofimenko;Трофименко Алексей Дмитриевич (Aleksey Trofimenko);EDW Read Core;Synchronization;BR.IT.DUD.DataMartAnalyst;Synchronization + заполненная бизнес-роль
adtrofimenko;Трофименко Алексей Дмитриевич (Aleksey Trofimenko);ODS All CDM;Synchronization;BR.IT.DUD.DataMartAnalyst;Synchronization + заполненная бизнес-роль
adtrofimenko;Трофименко Алексей Дмитриевич (Aleksey Trofimenko);ODS All Cdm Analysis;Synchronization;BR.IT.DUD.DataMartAnalyst;Synchronization + заполненная бизнес-роль
adtrofimenko;Трофименко Алексей Дмитриевич (Aleksey Trofimenko);ODS Read ARCtrl;Synchronization;BR.IT.DUD.DataMartAnalyst;Synchronization + заполненная бизнес-роль
adtrofimenko;Трофименко Алексей Дмитриевич (Aleksey Trofimenko);ODS Read ARM4;Synchronization;BR.IT.DUD.DataMartAnalyst;Synchronization + заполненная бизнес-роль
adtrofimenko;Трофименко Алексей Дмитриевич (Aleksey Trofimenko);ODS Read BCAPP;Synchronization;BR.IT.DUD.DataMartAnalyst;Synchronization + заполненная бизнес-роль
adtrofimenko;Трофименко Алексей Дмитриевич (Aleksey Trofimenko);ODS Read CC;Synchronization;BR.IT.DUD.DataMartAnalyst;Synchronization + заполненная бизнес-роль
adtrofimenko;Трофименко Алексей Дмитриевич (Aleksey Trofimenko);ODS Read Cdm Analysis Out;Synchronization;BR.IT.DUD.DataMartAnalyst;Synchronization + заполненная бизнес-роль
adtrofimenko;Трофименко Алексей Дмитриевич (Aleksey Trofimenko);ODS Read DIAS;Synchronization;BR.IT.DUD.DataMartAnalyst;Synchronization + заполненная бизнес-роль
adtrofimenko;Трофименко Алексей Дмитриевич (Aleksey Trofimenko);ODS Read EKIS;Synchronization;BR.IT.DUD.DataMartAnalyst;Synchronization + заполненная бизнес-роль
adtrofimenko;Трофименко Алексей Дмитриевич (Aleksey Trofimenko);ODS Read KIAS;Synchronization;BR.IT.DUD.DataMartAnalyst;Synchronization + заполненная бизнес-роль
adtrofimenko;Трофименко Алексей Дмитриевич (Aleksey Trofimenko);ODS Read PCAPP;Synchronization;BR.IT.DUD.DataMartAnalyst;Synchronization + заполненная бизнес-роль
adtrofimenko;Трофименко Алексей Дмитриевич (Aleksey Trofimenko);ODS Read RGSSCC;Synchronization;BR.IT.DUD.DataMartAnalyst;Synchronization + заполненная бизнес-роль
adtrofimenko;Трофименко Алексей Дмитриевич (Aleksey Trofimenko);ODS Read SAP;Synchronization;BR.IT.DUD.DataMartAnalyst;Synchronization + заполненная бизнес-роль
adtrofimenko;Трофименко Алексей Дмитриевич (Aleksey Trofimenko);ODS Read Splunk UFO;Synchronization;BR.IT.DUD.DataMartAnalyst;Synchronization + заполненная бизнес-роль
adtrofimenko;Трофименко Алексей Дмитриевич (Aleksey Trofimenko);ODS Read UFO;Synchronization;BR.IT.DUD.DataMartAnalyst;Synchronization + заполненная бизнес-роль
adtrofimenko;Трофименко Алексей Дмитриевич (Aleksey Trofimenko);ODS Read WT;Synchronization;BR.IT.DUD.DataMartAnalyst;Synchronization + заполненная бизнес-роль
aefilkin;Филькин Александр Евгеньевич (Aleksandr Filkin);CBD Read Cdm Analysis;Synchronization;BR.Financial.Accounting.ITCustomers.DBUiO;Synchronization + заполненная бизнес-роль
aefilkin;Филькин Александр Евгеньевич (Aleksandr Filkin);CBD Read Cdm Analysis Ou;Synchronization;BR.Financial.Accounting.ITCustomers.DBUiO;Synchronization + заполненная бизнес-роль
aefilkin;Филькин Александр Евгеньевич (Aleksandr Filkin);EDW Read Core;Synchronization;BR.Financial.Accounting.ITCustomers.DBUiO;Synchronization + заполненная бизнес-роль
aefilkin;Филькин Александр Евгеньевич (Aleksandr Filkin);ODS Read fb781p;Synchronization;BR.Financial.Accounting.ITCustomers.DBUiO;Synchronization + заполненная бизнес-роль
aefilkin;Филькин Александр Евгеньевич (Aleksandr Filkin);ODS Read KIAS;Synchronization;BR.Financial.Accounting.ITCustomers.DBUiO;Synchronization + заполненная бизнес-роль
aefilkin;Филькин Александр Евгеньевич (Aleksandr Filkin);ODS Read Report;Synchronization;BR.Financial.Accounting.ITCustomers.DBUiO;Synchronization + заполненная бизнес-роль
aefilkin;Филькин Александр Евгеньевич (Aleksandr Filkin);ODS Read RGSSCC;Synchronization;BR.Financial.Accounting.ITCustomers.DBUiO;Synchronization + заполненная бизнес-роль
aefilkin;Филькин Александр Евгеньевич (Aleksandr Filkin);ODS Read XBRL;Synchronization;BR.Financial.Accounting.ITCustomers.DBUiO;Synchronization + заполненная бизнес-роль
aiandreev;Андреев Андрей Игоревич (Andrey Andreev);EDW All MLDEV19;Synchronization;BR.EXT.Cinimex;Synchronization + заполненная бизнес-роль
aiandreev;Андреев Андрей Игоревич (Andrey Andreev);EDW All MLDEV72;Synchronization;BR.EXT.Cinimex;Synchronization + заполненная бизнес-роль
aiandreev;Андреев Андрей Игоревич (Andrey Andreev);EDW Read Core;Synchronization;BR.EXT.Cinimex;Synchronization + заполненная бизнес-роль
aiandreev;Андреев Андрей Игоревич (Andrey Andreev);ODS All MLDEV19;Synchronization;BR.EXT.Cinimex;Synchronization + заполненная бизнес-роль
aiandreev;Андреев Андрей Игоревич (Andrey Andreev);ODS All MLDEV72;Synchronization;BR.EXT.Cinimex;Synchronization + заполненная бизнес-роль
aiandreev;Андреев Андрей Игоревич (Andrey Andreev);ODS Read Audatex;Synchronization;BR.EXT.Cinimex;Synchronization + заполненная бизнес-роль
aiandreev;Андреев Андрей Игоревич (Andrey Andreev);ODS Read CC;Synchronization;BR.EXT.Cinimex;Synchronization + заполненная бизнес-роль
aiandreev;Андреев Андрей Игоревич (Andrey Andreev);ODS Read Equifax;Synchronization;BR.EXT.Cinimex;Synchronization + заполненная бизнес-роль
aiandreev;Андреев Андрей Игоревич (Andrey Andreev);ODS Read FOIV;Synchronization;BR.EXT.Cinimex;Synchronization + заполненная бизнес-роль
aiandreev;Андреев Андрей Игоревич (Andrey Andreev);ODS Read RSAKBM;Synchronization;BR.EXT.Cinimex;Synchronization + заполненная бизнес-роль
aiandreev;Андреев Андрей Игоревич (Andrey Andreev);ODS Unspec Property;Synchronization;BR.EXT.Cinimex;Synchronization + заполненная бизнес-роль
aigamov;Гамов Антон Игоревич (Anton Gamov);ODS Read Finance;Synchronization;BR.AgentSales.ITCustomers.Jira;Synchronization + заполненная бизнес-роль
aisadilov;Садилов Антон Игоревич (Anton Sadilov);DWH Developer;Synchronization;BR.IT.DUD.DataAnalyst;Synchronization + заполненная бизнес-роль
aisadilov;Садилов Антон Игоревич (Anton Sadilov);EDW All CDM;Synchronization;BR.IT.DUD.DataAnalyst;Synchronization + заполненная бизнес-роль
aisadilov;Садилов Антон Игоревич (Anton Sadilov);EDW Read CCU;Synchronization;BR.IT.DUD.DataAnalyst;Synchronization + заполненная бизнес-роль
aisadilov;Садилов Антон Игоревич (Anton Sadilov);EDW Read Cdm Analysis Out;Synchronization;BR.IT.DUD.DataAnalyst;Synchronization + заполненная бизнес-роль
aisadilov;Садилов Антон Игоревич (Anton Sadilov);EDW Read Core;Synchronization;BR.IT.DUD.DataAnalyst;Synchronization + заполненная бизнес-роль
aisadilov;Садилов Антон Игоревич (Anton Sadilov);ODS All CDM;Synchronization;BR.IT.DUD.DataAnalyst;Synchronization + заполненная бизнес-роль
aisadilov;Садилов Антон Игоревич (Anton Sadilov);ODS Read ARM4;Synchronization;BR.IT.DUD.DataAnalyst;Synchronization + заполненная бизнес-роль
aisadilov;Садилов Антон Игоревич (Anton Sadilov);ODS Read Auto;Synchronization;BR.IT.DUD.DataAnalyst;Synchronization + заполненная бизнес-роль
aisadilov;Садилов Антон Игоревич (Anton Sadilov);ODS Read BCAPP;Synchronization;BR.IT.DUD.DataAnalyst;Synchronization + заполненная бизнес-роль
aisadilov;Садилов Антон Игоревич (Anton Sadilov);ODS Read CC;Synchronization;BR.IT.DUD.DataAnalyst;Synchronization + заполненная бизнес-роль
aisadilov;Садилов Антон Игоревич (Anton Sadilov);ODS Read Cdm Analysis Out;Synchronization;BR.IT.DUD.DataAnalyst;Synchronization + заполненная бизнес-роль
aisadilov;Садилов Антон Игоревич (Anton Sadilov);ODS Read EKIS;Synchronization;BR.IT.DUD.DataAnalyst;Synchronization + заполненная бизнес-роль
aisadilov;Садилов Антон Игоревич (Anton Sadilov);ODS Read hr1c;Synchronization;BR.IT.DUD.DataAnalyst;Synchronization + заполненная бизнес-роль
aisadilov;Садилов Антон Игоревич (Anton Sadilov);ODS Read KIAS;Synchronization;BR.IT.DUD.DataAnalyst;Synchronization + заполненная бизнес-роль
aisadilov;Садилов Антон Игоревич (Anton Sadilov);ODS Read PCAPP;Synchronization;BR.IT.DUD.DataAnalyst;Synchronization + заполненная бизнес-роль
aisadilov;Садилов Антон Игоревич (Anton Sadilov);ODS Read Report;Synchronization;BR.IT.DUD.DataAnalyst;Synchronization + заполненная бизнес-роль
aisadilov;Садилов Антон Игоревич (Anton Sadilov);ODS Read RGSSCC;Synchronization;BR.IT.DUD.DataAnalyst;Synchronization + заполненная бизнес-роль
aisadilov;Садилов Антон Игоревич (Anton Sadilov);ODS Read SAP;Synchronization;BR.IT.DUD.DataAnalyst;Synchronization + заполненная бизнес-роль
aisadilov;Садилов Антон Игоревич (Anton Sadilov);ODS Read UFO;Synchronization;BR.IT.DUD.DataAnalyst;Synchronization + заполненная бизнес-роль
alvreus;Реус Александр Валерьевич (Aleksandr Reus);CBD All Cdm Analysis;Synchronization;BR.IT.DUD.DataDeveloper;Synchronization + заполненная бизнес-роль
alvreus;Реус Александр Валерьевич (Aleksandr Reus);CBD Read Cdm Analysis Ou;Synchronization;BR.IT.DUD.DataDeveloper;Synchronization + заполненная бизнес-роль
alvreus;Реус Александр Валерьевич (Aleksandr Reus);DWH Developer;Synchronization;BR.IT.DUD.DataDeveloper;Synchronization + заполненная бизнес-роль
alvreus;Реус Александр Валерьевич (Aleksandr Reus);EDW All CCU;Synchronization;BR.IT.DUD.DataDeveloper;Synchronization + заполненная бизнес-роль
alvreus;Реус Александр Валерьевич (Aleksandr Reus);EDW All CDM;Synchronization;BR.IT.DUD.DataDeveloper;Synchronization + заполненная бизнес-роль
alvreus;Реус Александр Валерьевич (Aleksandr Reus);EDW All Cdm Analysis;Synchronization;BR.IT.DUD.DataDeveloper;Synchronization + заполненная бизнес-роль
alvreus;Реус Александр Валерьевич (Aleksandr Reus);EDW Read Cdm Analysis Out;Synchronization;BR.IT.DUD.DataDeveloper;Synchronization + заполненная бизнес-роль
alvreus;Реус Александр Валерьевич (Aleksandr Reus);EDW Read Core;Synchronization;BR.IT.DUD.DataDeveloper;Synchronization + заполненная бизнес-роль
alvreus;Реус Александр Валерьевич (Aleksandr Reus);ODS All Auto;Synchronization;BR.IT.DUD.DataDeveloper;Synchronization + заполненная бизнес-роль
alvreus;Реус Александр Валерьевич (Aleksandr Reus);ODS All CDM;Synchronization;BR.IT.DUD.DataDeveloper;Synchronization + заполненная бизнес-роль
alvreus;Реус Александр Валерьевич (Aleksandr Reus);ODS All Cdm Analysis;Synchronization;BR.IT.DUD.DataDeveloper;Synchronization + заполненная бизнес-роль
alvreus;Реус Александр Валерьевич (Aleksandr Reus);ODS All Report;Synchronization;BR.IT.DUD.DataDeveloper;Synchronization + заполненная бизнес-роль
alvreus;Реус Александр Валерьевич (Aleksandr Reus);ODS Read ARM4;Synchronization;BR.IT.DUD.DataDeveloper;Synchronization + заполненная бизнес-роль
alvreus;Реус Александр Валерьевич (Aleksandr Reus);ODS Read BCAPP;Synchronization;BR.IT.DUD.DataDeveloper;Synchronization + заполненная бизнес-роль
alvreus;Реус Александр Валерьевич (Aleksandr Reus);ODS Read CC;Synchronization;BR.IT.DUD.DataDeveloper;Synchronization + заполненная бизнес-роль
alvreus;Реус Александр Валерьевич (Aleksandr Reus);ODS Read Cdm Analysis Out;Synchronization;BR.IT.DUD.DataDeveloper;Synchronization + заполненная бизнес-роль
alvreus;Реус Александр Валерьевич (Aleksandr Reus);ODS Read DMS;Synchronization;BR.IT.DUD.DataDeveloper;Synchronization + заполненная бизнес-роль
alvreus;Реус Александр Валерьевич (Aleksandr Reus);ODS Read EKIS;Synchronization;BR.IT.DUD.DataDeveloper;Synchronization + заполненная бизнес-роль
alvreus;Реус Александр Валерьевич (Aleksandr Reus);ODS Read KIAS;Synchronization;BR.IT.DUD.DataDeveloper;Synchronization + заполненная бизнес-роль
alvreus;Реус Александр Валерьевич (Aleksandr Reus);ODS Read PCAPP;Synchronization;BR.IT.DUD.DataDeveloper;Synchronization + заполненная бизнес-роль
alvreus;Реус Александр Валерьевич (Aleksandr Reus);ODS Read RGSSCC;Synchronization;BR.IT.DUD.DataDeveloper;Synchronization + заполненная бизнес-роль
alvreus;Реус Александр Валерьевич (Aleksandr Reus);ODS Read SAP;Synchronization;BR.IT.DUD.DataDeveloper;Synchronization + заполненная бизнес-роль
amakusba;Акусба Александр Михайлович (Aleksandr Akusba);EDW All RB;Synchronization;BR.AgentSales.DataAnalyst;Synchronization + заполненная бизнес-роль
amakusba;Акусба Александр Михайлович (Aleksandr Akusba);EDW Read Core;Synchronization;BR.AgentSales.DataAnalyst;Synchronization + заполненная бизнес-роль
amakusba;Акусба Александр Михайлович (Aleksandr Akusba);ODS Read Report;Synchronization;BR.AgentSales.DataAnalyst;Synchronization + заполненная бизнес-роль
amakusba;Акусба Александр Михайлович (Aleksandr Akusba);ODS Read RGSSCC;Synchronization;BR.AgentSales.DataAnalyst;Synchronization + заполненная бизнес-роль
amkolesnikov;Колесников Александр Михайлович (Aleksandr Kolesnikov);EDW All DES;Synchronization;BR.DOB.ITCustomers;Synchronization + заполненная бизнес-роль
amkolesnikov;Колесников Александр Михайлович (Aleksandr Kolesnikov);EDW Read Core;Synchronization;BR.DOB.ITCustomers;Synchronization + заполненная бизнес-роль
amkolesnikov;Колесников Александр Михайлович (Aleksandr Kolesnikov);ODS All DES;Synchronization;BR.DOB.ITCustomers;Synchronization + заполненная бизнес-роль
amkolesnikov;Колесников Александр Михайлович (Aleksandr Kolesnikov);ODS Read ARM4;Synchronization;BR.DOB.ITCustomers;Synchronization + заполненная бизнес-роль
amkolesnikov;Колесников Александр Михайлович (Aleksandr Kolesnikov);ODS Read BCAPP;Synchronization;BR.DOB.ITCustomers;Synchronization + заполненная бизнес-роль
amkolesnikov;Колесников Александр Михайлович (Aleksandr Kolesnikov);ODS Read CC;Synchronization;BR.DOB.ITCustomers;Synchronization + заполненная бизнес-роль
amkolesnikov;Колесников Александр Михайлович (Aleksandr Kolesnikov);ODS Read DMS;Synchronization;BR.DOB.ITCustomers;Synchronization + заполненная бизнес-роль
amkolesnikov;Колесников Александр Михайлович (Aleksandr Kolesnikov);ODS Read EKIS;Synchronization;BR.DOB.ITCustomers;Synchronization + заполненная бизнес-роль
amkolesnikov;Колесников Александр Михайлович (Aleksandr Kolesnikov);ODS Read KIAS;Synchronization;BR.DOB.ITCustomers;Synchronization + заполненная бизнес-роль
amkolesnikov;Колесников Александр Михайлович (Aleksandr Kolesnikov);ODS Read Naumen;Synchronization;BR.DOB.ITCustomers;Synchronization + заполненная бизнес-роль
amkolesnikov;Колесников Александр Михайлович (Aleksandr Kolesnikov);ODS Read PCAPP;Synchronization;BR.DOB.ITCustomers;Synchronization + заполненная бизнес-роль
amkolesnikov;Колесников Александр Михайлович (Aleksandr Kolesnikov);ODS Read RGSSCC;Synchronization;BR.DOB.ITCustomers;Synchronization + заполненная бизнес-роль
amkolesnikov;Колесников Александр Михайлович (Aleksandr Kolesnikov);ODS Read SCR;Synchronization;BR.DOB.ITCustomers;Synchronization + заполненная бизнес-роль
amkolesnikov;Колесников Александр Михайлович (Aleksandr Kolesnikov);ODS Read Tessa;Synchronization;BR.DOB.ITCustomers;Synchronization + заполненная бизнес-роль
amkolesnikov;Колесников Александр Михайлович (Aleksandr Kolesnikov);ODS Read UFO;Synchronization;BR.DOB.ITCustomers;Synchronization + заполненная бизнес-роль
amkolesnikov;Колесников Александр Михайлович (Aleksandr Kolesnikov);ODS Read VIRTU;Synchronization;BR.DOB.ITCustomers;Synchronization + заполненная бизнес-роль
amshibanov;Шибанов Алексей Михайлович (Aleksey Shibanov);CBD All Cdm Analysis;Synchronization;BR.IT.DUD.DataMartDeveloper;Synchronization + заполненная бизнес-роль
amshibanov;Шибанов Алексей Михайлович (Aleksey Shibanov);DWH Developer;Synchronization;BR.IT.DUD.DataMartDeveloper;Synchronization + заполненная бизнес-роль
amshibanov;Шибанов Алексей Михайлович (Aleksey Shibanov);EDW All CDM;Synchronization;BR.IT.DUD.DataMartDeveloper;Synchronization + заполненная бизнес-роль
amshibanov;Шибанов Алексей Михайлович (Aleksey Shibanov);EDW All Cdm Analysis;Synchronization;BR.IT.DUD.DataMartDeveloper;Synchronization + заполненная бизнес-роль
amshibanov;Шибанов Алексей Михайлович (Aleksey Shibanov);EDW Read Core;Synchronization;BR.IT.DUD.DataMartDeveloper;Synchronization + заполненная бизнес-роль
amshibanov;Шибанов Алексей Михайлович (Aleksey Shibanov);ODS All Auto;Synchronization;BR.IT.DUD.DataMartDeveloper;Synchronization + заполненная бизнес-роль
amshibanov;Шибанов Алексей Михайлович (Aleksey Shibanov);ODS All CDM;Synchronization;BR.IT.DUD.DataMartDeveloper;Synchronization + заполненная бизнес-роль
amshibanov;Шибанов Алексей Михайлович (Aleksey Shibanov);ODS All Cdm Analysis;Synchronization;BR.IT.DUD.DataMartDeveloper;Synchronization + заполненная бизнес-роль
amshibanov;Шибанов Алексей Михайлович (Aleksey Shibanov);ODS All fb781p;Synchronization;BR.IT.DUD.DataMartDeveloper;Synchronization + заполненная бизнес-роль
amshibanov;Шибанов Алексей Михайлович (Aleksey Shibanov);ODS All msfo17;Synchronization;BR.IT.DUD.DataMartDeveloper;Synchronization + заполненная бизнес-роль
amshibanov;Шибанов Алексей Михайлович (Aleksey Shibanov);ODS Read ARM4;Synchronization;BR.IT.DUD.DataMartDeveloper;Synchronization + заполненная бизнес-роль
amshibanov;Шибанов Алексей Михайлович (Aleksey Shibanov);ODS Read BCAPP;Synchronization;BR.IT.DUD.DataMartDeveloper;Synchronization + заполненная бизнес-роль
amshibanov;Шибанов Алексей Михайлович (Aleksey Shibanov);ODS Read CC;Synchronization;BR.IT.DUD.DataMartDeveloper;Synchronization + заполненная бизнес-роль
amshibanov;Шибанов Алексей Михайлович (Aleksey Shibanov);ODS Read DIAS;Synchronization;BR.IT.DUD.DataMartDeveloper;Synchronization + заполненная бизнес-роль
amshibanov;Шибанов Алексей Михайлович (Aleksey Shibanov);ODS Read EKIS;Synchronization;BR.IT.DUD.DataMartDeveloper;Synchronization + заполненная бизнес-роль
amshibanov;Шибанов Алексей Михайлович (Aleksey Shibanov);ODS Read KIAS;Synchronization;BR.IT.DUD.DataMartDeveloper;Synchronization + заполненная бизнес-роль
amshibanov;Шибанов Алексей Михайлович (Aleksey Shibanov);ODS Read PCAPP;Synchronization;BR.IT.DUD.DataMartDeveloper;Synchronization + заполненная бизнес-роль
amshibanov;Шибанов Алексей Михайлович (Aleksey Shibanov);ODS Read RGSSCC;Synchronization;BR.IT.DUD.DataMartDeveloper;Synchronization + заполненная бизнес-роль
amshibanov;Шибанов Алексей Михайлович (Aleksey Shibanov);ODS Read SAP;Synchronization;BR.IT.DUD.DataMartDeveloper;Synchronization + заполненная бизнес-роль
amshibanov;Шибанов Алексей Михайлович (Aleksey Shibanov);ODS Read UFO;Synchronization;BR.IT.DUD.DataMartDeveloper;Synchronization + заполненная бизнес-роль
amshibanov;Шибанов Алексей Михайлович (Aleksey Shibanov);ODS Read WT;Synchronization;BR.IT.DUD.DataMartDeveloper;Synchronization + заполненная бизнес-роль
amsolovev;Соловьев Алексей Михайлович (Aleksey Solovev);DWHT Ods Read Source;Synchronization;BR.IT.UKK.Dev;Synchronization + заполненная бизнес-роль
amsolovev;Соловьев Алексей Михайлович (Aleksey Solovev);ODS Read Naumen;Synchronization;BR.IT.UKK.Dev;Synchronization + заполненная бизнес-роль
ankonovalov;Коновалов Андрей Николаевич (Andrey Konovalov);ODS All Auto;Synchronization;BR.Underwriting.Auto.Corp.Jira;Synchronization + заполненная бизнес-роль
ankonovalov;Коновалов Андрей Николаевич (Andrey Konovalov);ODS Read RGSSCC;Synchronization;BR.Underwriting.Auto.Corp.Jira;Synchronization + заполненная бизнес-роль
anlipatov;Липатов Алексей Николаевич (Aleksey Lipatov);EDW All IAD;Synchronization;BR.IntAudit.AuditorRGS;Synchronization + заполненная бизнес-роль
anlipatov;Липатов Алексей Николаевич (Aleksey Lipatov);ODS All IAD;Synchronization;BR.IntAudit.AuditorRGS;Synchronization + заполненная бизнес-роль
ansvolvyankin;Волвянкин Андрей Сергеевич (Andrey Volvyankin);EDW Read Cdm Analysis;Synchronization;BR.IT.Testing.Jira;Synchronization + заполненная бизнес-роль
aomeshcheryakov;Мещеряков Александр Олегович (Aleksandr Meshcheryakov);EDW All MLDEV19;Synchronization;BR.EXT.Cinimex;Synchronization + заполненная бизнес-роль
aomeshcheryakov;Мещеряков Александр Олегович (Aleksandr Meshcheryakov);EDW All MLDEV72;Synchronization;BR.EXT.Cinimex;Synchronization + заполненная бизнес-роль
aomeshcheryakov;Мещеряков Александр Олегович (Aleksandr Meshcheryakov);EDW Read Core;Synchronization;BR.EXT.Cinimex;Synchronization + заполненная бизнес-роль
aomeshcheryakov;Мещеряков Александр Олегович (Aleksandr Meshcheryakov);ODS All MLDEV19;Synchronization;BR.EXT.Cinimex;Synchronization + заполненная бизнес-роль
aomeshcheryakov;Мещеряков Александр Олегович (Aleksandr Meshcheryakov);ODS All MLDEV72;Synchronization;BR.EXT.Cinimex;Synchronization + заполненная бизнес-роль
aomeshcheryakov;Мещеряков Александр Олегович (Aleksandr Meshcheryakov);ODS Read Audatex;Synchronization;BR.EXT.Cinimex;Synchronization + заполненная бизнес-роль
aomeshcheryakov;Мещеряков Александр Олегович (Aleksandr Meshcheryakov);ODS Read CC;Synchronization;BR.EXT.Cinimex;Synchronization + заполненная бизнес-роль
aomeshcheryakov;Мещеряков Александр Олегович (Aleksandr Meshcheryakov);ODS Read Equifax;Synchronization;BR.EXT.Cinimex;Synchronization + заполненная бизнес-роль
aomeshcheryakov;Мещеряков Александр Олегович (Aleksandr Meshcheryakov);ODS Read FOIV;Synchronization;BR.EXT.Cinimex;Synchronization + заполненная бизнес-роль
aomeshcheryakov;Мещеряков Александр Олегович (Aleksandr Meshcheryakov);ODS Read LK;Synchronization;BR.EXT.Cinimex;Synchronization + заполненная бизнес-роль
aomeshcheryakov;Мещеряков Александр Олегович (Aleksandr Meshcheryakov);ODS Read RSAKBM;Synchronization;BR.EXT.Cinimex;Synchronization + заполненная бизнес-роль
aomeshcheryakov;Мещеряков Александр Олегович (Aleksandr Meshcheryakov);ODS Unspec Property;Synchronization;BR.EXT.Cinimex;Synchronization + заполненная бизнес-роль
ascherkasov;Черкасов Александр Сергеевич (Aleksandr Cherkasov);EDW Read Core;Synchronization;BR.IT.Testing.Jira;Synchronization + заполненная бизнес-роль
asergeev;Сергеев Артем Александрович (Artem Sergeev);EDW All Actuary;Synchronization;BR.Financial.Actuary.ITCustomers.Jira;Synchronization + заполненная бизнес-роль
asergeev;Сергеев Артем Александрович (Artem Sergeev);EDW Read Core;Synchronization;BR.Financial.Actuary.ITCustomers.Jira;Synchronization + заполненная бизнес-роль
asergeev;Сергеев Артем Александрович (Artem Sergeev);ODS All Actuary;Synchronization;BR.Financial.Actuary.ITCustomers.Jira;Synchronization + заполненная бизнес-роль
asergeev;Сергеев Артем Александрович (Artem Sergeev);ODS Read ARM4;Synchronization;BR.Financial.Actuary.ITCustomers.Jira;Synchronization + заполненная бизнес-роль
asergeev;Сергеев Артем Александрович (Artem Sergeev);ODS Read CC;Synchronization;BR.Financial.Actuary.ITCustomers.Jira;Synchronization + заполненная бизнес-роль
asergeev;Сергеев Артем Александрович (Artem Sergeev);ODS Read EKIS;Synchronization;BR.Financial.Actuary.ITCustomers.Jira;Synchronization + заполненная бизнес-роль
asergeev;Сергеев Артем Александрович (Artem Sergeev);ODS Read Report;Synchronization;BR.Financial.Actuary.ITCustomers.Jira;Synchronization + заполненная бизнес-роль
asergeev;Сергеев Артем Александрович (Artem Sergeev);ODS Read RGSSCC;Synchronization;BR.Financial.Actuary.ITCustomers.Jira;Synchronization + заполненная бизнес-роль
asergeev;Сергеев Артем Александрович (Artem Sergeev);ODS Read SAP;Synchronization;BR.Financial.Actuary.ITCustomers.Jira;Synchronization + заполненная бизнес-роль
asfesenko;Фесенко Александр Сергеевич (Aleksandr Fesenko);EDW All Property;Synchronization;BR.Underwriting.Analisys.Senior;Synchronization + заполненная бизнес-роль
asfesenko;Фесенко Александр Сергеевич (Aleksandr Fesenko);EDW Read Core;Synchronization;BR.Underwriting.Analisys.Senior;Synchronization + заполненная бизнес-роль
asfesenko;Фесенко Александр Сергеевич (Aleksandr Fesenko);EDW Unspec Analysis;Synchronization;BR.Underwriting.Analisys.Senior;Synchronization + заполненная бизнес-роль
asfesenko;Фесенко Александр Сергеевич (Aleksandr Fesenko);EDW Unspec Analysis Out;Synchronization;BR.Underwriting.Analisys.Senior;Synchronization + заполненная бизнес-роль
asfesenko;Фесенко Александр Сергеевич (Aleksandr Fesenko);ODS All Auto;Synchronization;BR.Underwriting.Analisys.Senior;Synchronization + заполненная бизнес-роль
asfesenko;Фесенко Александр Сергеевич (Aleksandr Fesenko);ODS All Property;Synchronization;BR.Underwriting.Analisys.Senior;Synchronization + заполненная бизнес-роль
asfesenko;Фесенко Александр Сергеевич (Aleksandr Fesenko);ODS Read ARM4;Synchronization;BR.Underwriting.Analisys.Senior;Synchronization + заполненная бизнес-роль
asfesenko;Фесенко Александр Сергеевич (Aleksandr Fesenko);ODS Read Audatex;Synchronization;BR.Underwriting.Analisys.Senior;Synchronization + заполненная бизнес-роль
asfesenko;Фесенко Александр Сергеевич (Aleksandr Fesenko);ODS Read EKIS;Synchronization;BR.Underwriting.Analisys.Senior;Synchronization + заполненная бизнес-роль
asfesenko;Фесенко Александр Сергеевич (Aleksandr Fesenko);ODS Read Equifax;Synchronization;BR.Underwriting.Analisys.Senior;Synchronization + заполненная бизнес-роль
asfesenko;Фесенко Александр Сергеевич (Aleksandr Fesenko);ODS Read Mobile;Synchronization;BR.Underwriting.Analisys.Senior;Synchronization + заполненная бизнес-роль
asfesenko;Фесенко Александр Сергеевич (Aleksandr Fesenko);ODS Read PCAPP;Synchronization;BR.Underwriting.Analisys.Senior;Synchronization + заполненная бизнес-роль
asfesenko;Фесенко Александр Сергеевич (Aleksandr Fesenko);ODS Read RGSSCC;Synchronization;BR.Underwriting.Analisys.Senior;Synchronization + заполненная бизнес-роль
asfesenko;Фесенко Александр Сергеевич (Aleksandr Fesenko);ODS Read Splunk Avtocod;Synchronization;BR.Underwriting.Analisys.Senior;Synchronization + заполненная бизнес-роль
asfesenko;Фесенко Александр Сергеевич (Aleksandr Fesenko);ODS Read Transdekra;Synchronization;BR.Underwriting.Analisys.Senior;Synchronization + заполненная бизнес-роль
asfesenko;Фесенко Александр Сергеевич (Aleksandr Fesenko);ODS Unspec Analysis;Synchronization;BR.Underwriting.Analisys.Senior;Synchronization + заполненная бизнес-роль
asfesenko;Фесенко Александр Сергеевич (Aleksandr Fesenko);ODS Unspec Analysis Out;Synchronization;BR.Underwriting.Analisys.Senior;Synchronization + заполненная бизнес-роль
askoshman;Кошман Андрей Сергеевич (Andrey Koshman);ODS Read DMS;Synchronization;BR.IT.DUD.DataMartDeveloper;Synchronization + заполненная бизнес-роль
askoshman;Кошман Андрей Сергеевич (Andrey Koshman);ODS Read LK;Synchronization;BR.IT.DUD.DataMartDeveloper;Synchronization + заполненная бизнес-роль
askoshman;Кошман Андрей Сергеевич (Andrey Koshman);ODS Read Tessa;Synchronization;BR.IT.DUD.DataMartDeveloper;Synchronization + заполненная бизнес-роль
astatuev;Татуев Александр Сергеевич (Aleksandr Tatuev);EDW All DQ;Synchronization;BR.IT.DUD.DataQuality;Synchronization + заполненная бизнес-роль
astatuev;Татуев Александр Сергеевич (Aleksandr Tatuev);EDW Read BZK;Synchronization;BR.IT.DUD.DataQuality;Synchronization + заполненная бизнес-роль
astatuev;Татуев Александр Сергеевич (Aleksandr Tatuev);EDW Read CCU;Synchronization;BR.IT.DUD.DataQuality;Synchronization + заполненная бизнес-роль
astatuev;Татуев Александр Сергеевич (Aleksandr Tatuev);EDW Read Core;Synchronization;BR.IT.DUD.DataQuality;Synchronization + заполненная бизнес-роль
astatuev;Татуев Александр Сергеевич (Aleksandr Tatuev);EDW Read DQ;Synchronization;BR.IT.DUD.DataQuality;Synchronization + заполненная бизнес-роль
astatuev;Татуев Александр Сергеевич (Aleksandr Tatuev);ODS Read ARM4;Synchronization;BR.IT.DUD.DataQuality;Synchronization + заполненная бизнес-роль
astatuev;Татуев Александр Сергеевич (Aleksandr Tatuev);ODS Read CDM;Synchronization;BR.IT.DUD.DataQuality;Synchronization + заполненная бизнес-роль
asturdieva;Турдиева Анастасия Сергеевна (Anastasiya Turdieva);EDW All DQ;Synchronization;BR.IT.DUD.DataQuality;Synchronization + заполненная бизнес-роль
asturdieva;Турдиева Анастасия Сергеевна (Anastasiya Turdieva);EDW Read Core;Synchronization;BR.IT.DUD.DataQuality;Synchronization + заполненная бизнес-роль
asturdieva;Турдиева Анастасия Сергеевна (Anastasiya Turdieva);ODS All DQ;Synchronization;BR.IT.DUD.DataQuality;Synchronization + заполненная бизнес-роль
asturdieva;Турдиева Анастасия Сергеевна (Anastasiya Turdieva);ODS Read Finance;Synchronization;BR.IT.DUD.DataQuality;Synchronization + заполненная бизнес-роль
asturdieva;Турдиева Анастасия Сергеевна (Anastasiya Turdieva);ODS Read Report;Synchronization;BR.IT.DUD.DataQuality;Synchronization + заполненная бизнес-роль
avaglicheva;Агличева Алла Васильевна (Alla Aglicheva);ODS Read RGSSCC;Synchronization;BR.Underwriting.Auto.Corp;Synchronization + заполненная бизнес-роль
avchaplygina;Чаплыгина Алена Владимировна (Alena Chaplygina);CBD Read Cdm Analysis;Synchronization;BR.Financial.Planning.Advanced;Synchronization + заполненная бизнес-роль
avchaplygina;Чаплыгина Алена Владимировна (Alena Chaplygina);CBD Read Cdm Analysis Ou;Synchronization;BR.Financial.Planning.Advanced,BR.Financial.Planning;Synchronization + заполненная бизнес-роль
avchaplygina;Чаплыгина Алена Владимировна (Alena Chaplygina);EDW All Finance;Synchronization;BR.Financial.Planning.Advanced;Synchronization + заполненная бизнес-роль
avchaplygina;Чаплыгина Алена Владимировна (Alena Chaplygina);EDW Read Core;Synchronization;BR.Financial.Planning.Advanced,BR.Financial.Planning;Synchronization + заполненная бизнес-роль
avchaplygina;Чаплыгина Алена Владимировна (Alena Chaplygina);ODS All Finance;Synchronization;BR.Financial.Planning.Advanced;Synchronization + заполненная бизнес-роль
avchaplygina;Чаплыгина Алена Владимировна (Alena Chaplygina);ODS Read Cdm Analysis Out;Synchronization;BR.Financial.Planning.Advanced,BR.Financial.Planning;Synchronization + заполненная бизнес-роль
avchaplygina;Чаплыгина Алена Владимировна (Alena Chaplygina);ODS Read DIAS;Synchronization;BR.Financial.Planning.Advanced,BR.Financial.Planning;Synchronization + заполненная бизнес-роль
avchaplygina;Чаплыгина Алена Владимировна (Alena Chaplygina);ODS Read Report;Synchronization;BR.Financial.Planning.Advanced,BR.Financial.Planning;Synchronization + заполненная бизнес-роль
avchaplygina;Чаплыгина Алена Владимировна (Alena Chaplygina);ODS Read RGSSCC;Synchronization;BR.Financial.Planning.Advanced,BR.Financial.Planning;Synchronization + заполненная бизнес-роль
avchaplygina;Чаплыгина Алена Владимировна (Alena Chaplygina);ODS Read SAP;Synchronization;BR.Financial.Planning.Advanced;Synchronization + заполненная бизнес-роль
avchaplygina;Чаплыгина Алена Владимировна (Alena Chaplygina);ODS Read XBRL;Synchronization;BR.Financial.Planning.Advanced,BR.Financial.Planning;Synchronization + заполненная бизнес-роль
avdombrovskiy;Домбровский Александр Владимирович (Aleksandr Dombrovskiy);EDW All MLDEV19;Synchronization;BR.Underwriting.Analisys.Senior;Synchronization + заполненная бизнес-роль
avdombrovskiy;Домбровский Александр Владимирович (Aleksandr Dombrovskiy);EDW All MLDEV72;Synchronization;BR.Underwriting.Analisys.Senior;Synchronization + заполненная бизнес-роль
avdombrovskiy;Домбровский Александр Владимирович (Aleksandr Dombrovskiy);EDW All Property;Synchronization;BR.Underwriting.Analisys.Senior;Synchronization + заполненная бизнес-роль
avdombrovskiy;Домбровский Александр Владимирович (Aleksandr Dombrovskiy);EDW Read CDI;Synchronization;BR.Underwriting.Analisys.Senior;Synchronization + заполненная бизнес-роль
avdombrovskiy;Домбровский Александр Владимирович (Aleksandr Dombrovskiy);EDW Read Core;Synchronization;BR.Underwriting.Analisys.Senior;Synchronization + заполненная бизнес-роль
avdombrovskiy;Домбровский Александр Владимирович (Aleksandr Dombrovskiy);EDW Read RB;Synchronization;BR.Underwriting.Analisys.Senior;Synchronization + заполненная бизнес-роль
avdombrovskiy;Домбровский Александр Владимирович (Aleksandr Dombrovskiy);EDW Unspec Analysis Out;Synchronization;BR.Underwriting.Analisys.Senior;Synchronization + заполненная бизнес-роль
avdombrovskiy;Домбровский Александр Владимирович (Aleksandr Dombrovskiy);ODS All Auto;Synchronization;BR.Underwriting.Analisys.Senior;Synchronization + заполненная бизнес-роль
avdombrovskiy;Домбровский Александр Владимирович (Aleksandr Dombrovskiy);ODS All MLDEV19;Synchronization;BR.Underwriting.Analisys.Senior;Synchronization + заполненная бизнес-роль
avdombrovskiy;Домбровский Александр Владимирович (Aleksandr Dombrovskiy);ODS All MLDEV72;Synchronization;BR.Underwriting.Analisys.Senior;Synchronization + заполненная бизнес-роль
avdombrovskiy;Домбровский Александр Владимирович (Aleksandr Dombrovskiy);ODS All Property;Synchronization;BR.Underwriting.Analisys.Senior;Synchronization + заполненная бизнес-роль
avdombrovskiy;Домбровский Александр Владимирович (Aleksandr Dombrovskiy);ODS Read ARM4;Synchronization;BR.Underwriting.Analisys.Senior;Synchronization + заполненная бизнес-роль
avdombrovskiy;Домбровский Александр Владимирович (Aleksandr Dombrovskiy);ODS Read Audatex;Synchronization;BR.Underwriting.Analisys.Senior;Synchronization + заполненная бизнес-роль
avdombrovskiy;Домбровский Александр Владимирович (Aleksandr Dombrovskiy);ODS Read Auto;Synchronization;BR.Underwriting.Analisys.Senior;Synchronization + заполненная бизнес-роль
avdombrovskiy;Домбровский Александр Владимирович (Aleksandr Dombrovskiy);ODS Read CC;Synchronization;BR.Underwriting.Analisys.Senior;Synchronization + заполненная бизнес-роль
avdombrovskiy;Домбровский Александр Владимирович (Aleksandr Dombrovskiy);ODS Read EKIS;Synchronization;BR.Underwriting.Analisys.Senior;Synchronization + заполненная бизнес-роль
avdombrovskiy;Домбровский Александр Владимирович (Aleksandr Dombrovskiy);ODS Read Equifax;Synchronization;BR.Underwriting.Analisys.Senior;Synchronization + заполненная бизнес-роль
avdombrovskiy;Домбровский Александр Владимирович (Aleksandr Dombrovskiy);ODS Read FOIV;Synchronization;BR.Underwriting.Analisys.Senior;Synchronization + заполненная бизнес-роль
avdombrovskiy;Домбровский Александр Владимирович (Aleksandr Dombrovskiy);ODS Read Mobile;Synchronization;BR.Underwriting.Analisys.Senior;Synchronization + заполненная бизнес-роль
avdombrovskiy;Домбровский Александр Владимирович (Aleksandr Dombrovskiy);ODS Read PCAPP;Synchronization;BR.Underwriting.Analisys.Senior;Synchronization + заполненная бизнес-роль
avdombrovskiy;Домбровский Александр Владимирович (Aleksandr Dombrovskiy);ODS Read RGSSCC;Synchronization;BR.Underwriting.Analisys.Senior;Synchronization + заполненная бизнес-роль
avdombrovskiy;Домбровский Александр Владимирович (Aleksandr Dombrovskiy);ODS Read RSAKBM;Synchronization;BR.Underwriting.Analisys.Senior;Synchronization + заполненная бизнес-роль
avdombrovskiy;Домбровский Александр Владимирович (Aleksandr Dombrovskiy);ODS Read Splunk Avtocod;Synchronization;BR.Underwriting.Analisys.Senior;Synchronization + заполненная бизнес-роль
avdombrovskiy;Домбровский Александр Владимирович (Aleksandr Dombrovskiy);ODS Read Splunk KBM;Synchronization;BR.Underwriting.Analisys.Senior;Synchronization + заполненная бизнес-роль
avdombrovskiy;Домбровский Александр Владимирович (Aleksandr Dombrovskiy);ODS Read Transdekra;Synchronization;BR.Underwriting.Analisys.Senior;Synchronization + заполненная бизнес-роль
avdombrovskiy;Домбровский Александр Владимирович (Aleksandr Dombrovskiy);ODS Unspec Analysis;Synchronization;BR.Underwriting.Analisys.Senior;Synchronization + заполненная бизнес-роль
avdombrovskiy;Домбровский Александр Владимирович (Aleksandr Dombrovskiy);ODS Unspec Analysis Out;Synchronization;BR.Underwriting.Analisys.Senior;Synchronization + заполненная бизнес-роль
averokhov;Ерохов Артем Владимирович (Artem Erokhov);EDW Read Core;Synchronization;BR.AC.DataAnalyst;Synchronization + заполненная бизнес-роль
averokhov;Ерохов Артем Владимирович (Artem Erokhov);ODS All buu;Synchronization;BR.AC.DataAnalyst;Synchronization + заполненная бизнес-роль
averokhov;Ерохов Артем Владимирович (Artem Erokhov);ODS Read CC;Synchronization;BR.AC.DataAnalyst;Synchronization + заполненная бизнес-роль
avfeskov;Феськов Алексей Вячеславович (Aleksey Feskov);ADB Owner Core;Synchronization;BR.IT.DUD.DataHead;Synchronization + заполненная бизнес-роль
avfeskov;Феськов Алексей Вячеславович (Aleksey Feskov);ADBT Owner Core;Synchronization;BR.IT.DUD.DataHead;Synchronization + заполненная бизнес-роль
avfeskov;Феськов Алексей Вячеславович (Aleksey Feskov);DWH Administrator;Synchronization;BR.IT.DUD.DataHead;Synchronization + заполненная бизнес-роль
avfeskov;Феськов Алексей Вячеславович (Aleksey Feskov);EDW All CDM;Synchronization;BR.IT.DUD.DataHead;Synchronization + заполненная бизнес-роль
avfeskov;Феськов Алексей Вячеславович (Aleksey Feskov);EDW All Cdm Analysis;Synchronization;BR.IT.DUD.DataHead;Synchronization + заполненная бизнес-роль
avfeskov;Феськов Алексей Вячеславович (Aleksey Feskov);EDW All Cdm Analysis Out;Synchronization;BR.IT.DUD.DataHead;Synchronization + заполненная бизнес-роль
avfeskov;Феськов Алексей Вячеславович (Aleksey Feskov);EDW All Core;Synchronization;BR.IT.DUD.DataHead;Synchronization + заполненная бизнес-роль
avfeskov;Феськов Алексей Вячеславович (Aleksey Feskov);EDW All MLDEV19;Synchronization;BR.IT.DUD.DataHead;Synchronization + заполненная бизнес-роль
avfeskov;Феськов Алексей Вячеславович (Aleksey Feskov);EDW All MLDEV72;Synchronization;BR.IT.DUD.DataHead;Synchronization + заполненная бизнес-роль
avfeskov;Феськов Алексей Вячеславович (Aleksey Feskov);EDW Resource Administrator;Synchronization;BR.IT.DUD.DataHead;Synchronization + заполненная бизнес-роль
avfeskov;Феськов Алексей Вячеславович (Aleksey Feskov);ODS All ARM4;Synchronization;BR.IT.DUD.DataHead;Synchronization + заполненная бизнес-роль
avfeskov;Феськов Алексей Вячеславович (Aleksey Feskov);ODS All Auto;Synchronization;BR.IT.DUD.DataHead;Synchronization + заполненная бизнес-роль
avfeskov;Феськов Алексей Вячеславович (Aleksey Feskov);ODS All CC;Synchronization;BR.IT.DUD.DataHead;Synchronization + заполненная бизнес-роль
avfeskov;Феськов Алексей Вячеславович (Aleksey Feskov);ODS All CDM;Synchronization;BR.IT.DUD.DataHead;Synchronization + заполненная бизнес-роль
avfeskov;Феськов Алексей Вячеславович (Aleksey Feskov);ODS All Cdm Analysis;Synchronization;BR.IT.DUD.DataHead;Synchronization + заполненная бизнес-роль
avfeskov;Феськов Алексей Вячеславович (Aleksey Feskov);ODS All Cdm Analysis Out;Synchronization;BR.IT.DUD.DataHead;Synchronization + заполненная бизнес-роль
avfeskov;Феськов Алексей Вячеславович (Aleksey Feskov);ODS All EKIS;Synchronization;BR.IT.DUD.DataHead;Synchronization + заполненная бизнес-роль
avfeskov;Феськов Алексей Вячеславович (Aleksey Feskov);ODS All MLDEV19;Synchronization;BR.IT.DUD.DataHead;Synchronization + заполненная бизнес-роль
avfeskov;Феськов Алексей Вячеславович (Aleksey Feskov);ODS All MLDEV72;Synchronization;BR.IT.DUD.DataHead;Synchronization + заполненная бизнес-роль
avfeskov;Феськов Алексей Вячеславович (Aleksey Feskov);ODS All PCAPP;Synchronization;BR.IT.DUD.DataHead;Synchronization + заполненная бизнес-роль
avfeskov;Феськов Алексей Вячеславович (Aleksey Feskov);ODS All Property;Synchronization;BR.IT.DUD.DataHead;Synchronization + заполненная бизнес-роль
avfeskov;Феськов Алексей Вячеславович (Aleksey Feskov);ODS All Transdekra;Synchronization;BR.IT.DUD.DataHead;Synchronization + заполненная бизнес-роль
avfeskov;Феськов Алексей Вячеславович (Aleksey Feskov);ODS Resource Administrator;Synchronization;BR.IT.DUD.DataHead;Synchronization + заполненная бизнес-роль
avgasanova;Гасанова Анастасия Владимировна (Anastasiya Gasanova);EDW Read Cdm Analysis Out;Synchronization;BR.IT.DUD.BI;Synchronization + заполненная бизнес-роль
avgasanova;Гасанова Анастасия Владимировна (Anastasiya Gasanova);ODS Read Cdm Analysis Out;Synchronization;BR.IT.DUD.BI;Synchronization + заполненная бизнес-роль
avkholyavin;Холявин Алексей Васильевич (Aleksey Kholyavin);CBD All Cdm Analysis;Synchronization;BR.IT.DUD.DataDeveloper;Synchronization + заполненная бизнес-роль
avkholyavin;Холявин Алексей Васильевич (Aleksey Kholyavin);DWH Developer;Synchronization;BR.IT.DUD.DataDeveloper;Synchronization + заполненная бизнес-роль
avkholyavin;Холявин Алексей Васильевич (Aleksey Kholyavin);EDW All CDM;Synchronization;BR.IT.DUD.DataDeveloper;Synchronization + заполненная бизнес-роль
avkholyavin;Холявин Алексей Васильевич (Aleksey Kholyavin);EDW All Cdm Analysis;Synchronization;BR.IT.DUD.DataDeveloper;Synchronization + заполненная бизнес-роль
avkholyavin;Холявин Алексей Васильевич (Aleksey Kholyavin);EDW All RB;Synchronization;BR.IT.DUD.DataDeveloper;Synchronization + заполненная бизнес-роль
avkholyavin;Холявин Алексей Васильевич (Aleksey Kholyavin);EDW Read Core;Synchronization;BR.IT.DUD.DataDeveloper;Synchronization + заполненная бизнес-роль
avkholyavin;Холявин Алексей Васильевич (Aleksey Kholyavin);ODS All Auto;Synchronization;BR.IT.DUD.DataDeveloper;Synchronization + заполненная бизнес-роль
avkholyavin;Холявин Алексей Васильевич (Aleksey Kholyavin);ODS All CDM;Synchronization;BR.IT.DUD.DataDeveloper;Synchronization + заполненная бизнес-роль
avkholyavin;Холявин Алексей Васильевич (Aleksey Kholyavin);ODS All Cdm Analysis;Synchronization;BR.IT.DUD.DataDeveloper;Synchronization + заполненная бизнес-роль
avkholyavin;Холявин Алексей Васильевич (Aleksey Kholyavin);ODS All Property;Synchronization;BR.IT.DUD.DataDeveloper;Synchronization + заполненная бизнес-роль
avkholyavin;Холявин Алексей Васильевич (Aleksey Kholyavin);ODS All Report;Synchronization;BR.IT.DUD.DataDeveloper;Synchronization + заполненная бизнес-роль
avkholyavin;Холявин Алексей Васильевич (Aleksey Kholyavin);ODS Read ARM4;Synchronization;BR.IT.DUD.DataDeveloper;Synchronization + заполненная бизнес-роль
avkholyavin;Холявин Алексей Васильевич (Aleksey Kholyavin);ODS Read BCAPP;Synchronization;BR.IT.DUD.DataDeveloper;Synchronization + заполненная бизнес-роль
avkholyavin;Холявин Алексей Васильевич (Aleksey Kholyavin);ODS Read CC;Synchronization;BR.IT.DUD.DataDeveloper;Synchronization + заполненная бизнес-роль
avkholyavin;Холявин Алексей Васильевич (Aleksey Kholyavin);ODS Read DMS;Synchronization;BR.IT.DUD.DataDeveloper;Synchronization + заполненная бизнес-роль
avkholyavin;Холявин Алексей Васильевич (Aleksey Kholyavin);ODS Read EKIS;Synchronization;BR.IT.DUD.DataDeveloper;Synchronization + заполненная бизнес-роль
avkholyavin;Холявин Алексей Васильевич (Aleksey Kholyavin);ODS Read KIAS;Synchronization;BR.IT.DUD.DataDeveloper;Synchronization + заполненная бизнес-роль
avkholyavin;Холявин Алексей Васильевич (Aleksey Kholyavin);ODS Read PCAPP;Synchronization;BR.IT.DUD.DataDeveloper;Synchronization + заполненная бизнес-роль
avkholyavin;Холявин Алексей Васильевич (Aleksey Kholyavin);ODS Read RGSSCC;Synchronization;BR.IT.DUD.DataDeveloper;Synchronization + заполненная бизнес-роль
avkholyavin;Холявин Алексей Васильевич (Aleksey Kholyavin);ODS Read SAP;Synchronization;BR.IT.DUD.DataDeveloper;Synchronization + заполненная бизнес-роль
avkokorin;Кокорин Александр Владимирович (Aleksandr Kokorin);ODS Read Auto;Synchronization;BR.Underwriting.Analisys.Junior;Synchronization + заполненная бизнес-роль
avkokorin;Кокорин Александр Владимирович (Aleksandr Kokorin);ODS Read RGSSCC;Synchronization;BR.Underwriting.Analisys.Junior;Synchronization + заполненная бизнес-роль
avmoselkov;Моселков Алексей Вячеславович (Aleksey Moselkov);ODS Read UFO;Synchronization;BR.Underwriting.Analisys.Senior;Synchronization + заполненная бизнес-роль
avyurin;Юрин Андрей Викторович (Andrey Yurin);EDW Read Core;Synchronization;BR.Financial.Planning.Advanced,BR.Financial.Planning;Synchronization + заполненная бизнес-роль
avyurin;Юрин Андрей Викторович (Andrey Yurin);ODS All Finance;Synchronization;BR.Financial.Planning.Advanced;Synchronization + заполненная бизнес-роль
avyurin;Юрин Андрей Викторович (Andrey Yurin);ODS Read Cdm Analysis Out;Synchronization;BR.Financial.Planning.Advanced,BR.Financial.Planning;Synchronization + заполненная бизнес-роль
avyurin;Юрин Андрей Викторович (Andrey Yurin);ODS Read DIAS;Synchronization;BR.Financial.Planning.Advanced,BR.Financial.Planning;Synchronization + заполненная бизнес-роль
avyurin;Юрин Андрей Викторович (Andrey Yurin);ODS Read Finance;Synchronization;BR.Financial.Planning.Advanced,BR.Financial.Planning;Synchronization + заполненная бизнес-роль
avyurin;Юрин Андрей Викторович (Andrey Yurin);ODS Read Report;Synchronization;BR.Financial.Planning.Advanced,BR.Financial.Planning;Synchronization + заполненная бизнес-роль
avyurin;Юрин Андрей Викторович (Andrey Yurin);ODS Read RGSSCC;Synchronization;BR.Financial.Planning.Advanced,BR.Financial.Planning;Synchronization + заполненная бизнес-роль
avyurin;Юрин Андрей Викторович (Andrey Yurin);ODS Read SAP;Synchronization;BR.Financial.Planning.Advanced;Synchronization + заполненная бизнес-роль
avyurin;Юрин Андрей Викторович (Andrey Yurin);ODS Read XBRL;Synchronization;BR.Financial.Planning.Advanced,BR.Financial.Planning;Synchronization + заполненная бизнес-роль
ayzhukova;Жукова Анастасия Юрьевна (Anastasiya Zhukova);EDW All Actuary;Synchronization;BR.Financial.Actuary.ITCustomers.Jira,BR.Financial.Actuary.ITCustomers;Synchronization + заполненная бизнес-роль
ayzhukova;Жукова Анастасия Юрьевна (Anastasiya Zhukova);EDW Read Core;Synchronization;BR.Financial.Actuary.ITCustomers.Jira,BR.Financial.Actuary.ITCustomers;Synchronization + заполненная бизнес-роль
ayzhukova;Жукова Анастасия Юрьевна (Anastasiya Zhukova);ODS All Actuary;Synchronization;BR.Financial.Actuary.ITCustomers.Jira,BR.Financial.Actuary.ITCustomers;Synchronization + заполненная бизнес-роль
ayzhukova;Жукова Анастасия Юрьевна (Anastasiya Zhukova);ODS Read ARM4;Synchronization;BR.Financial.Actuary.ITCustomers.Jira,BR.Financial.Actuary.ITCustomers;Synchronization + заполненная бизнес-роль
ayzhukova;Жукова Анастасия Юрьевна (Anastasiya Zhukova);ODS Read CC;Synchronization;BR.Financial.Actuary.ITCustomers.Jira,BR.Financial.Actuary.ITCustomers;Synchronization + заполненная бизнес-роль
ayzhukova;Жукова Анастасия Юрьевна (Anastasiya Zhukova);ODS Read EKIS;Synchronization;BR.Financial.Actuary.ITCustomers.Jira,BR.Financial.Actuary.ITCustomers;Synchronization + заполненная бизнес-роль
ayzhukova;Жукова Анастасия Юрьевна (Anastasiya Zhukova);ODS Read Report;Synchronization;BR.Financial.Actuary.ITCustomers.Jira,BR.Financial.Actuary.ITCustomers;Synchronization + заполненная бизнес-роль
ayzhukova;Жукова Анастасия Юрьевна (Anastasiya Zhukova);ODS Read RGSSCC;Synchronization;BR.Financial.Actuary.ITCustomers.Jira,BR.Financial.Actuary.ITCustomers;Synchronization + заполненная бизнес-роль
ayzhukova;Жукова Анастасия Юрьевна (Anastasiya Zhukova);ODS Read SAP;Synchronization;BR.Financial.Actuary.ITCustomers.Jira,BR.Financial.Actuary.ITCustomers;Synchronization + заполненная бизнес-роль
dakarasev;Карасёв Дмитрий Анатольевич (Dmitry Karasev);EDW All Cdm Analysis;Synchronization;BR.IT.DUD.DataMartDeveloper;Synchronization + заполненная бизнес-роль
dakarasev;Карасёв Дмитрий Анатольевич (Dmitry Karasev);EDW Read Core;Synchronization;BR.IT.DUD.DataMartDeveloper;Synchronization + заполненная бизнес-роль
dakarasev;Карасёв Дмитрий Анатольевич (Dmitry Karasev);ODS All Cdm Analysis;Synchronization;BR.IT.DUD.DataMartDeveloper;Synchronization + заполненная бизнес-роль
dakarasev;Карасёв Дмитрий Анатольевич (Dmitry Karasev);ODS Read ARCtrl;Synchronization;BR.IT.DUD.DataMartDeveloper;Synchronization + заполненная бизнес-роль
dakarasev;Карасёв Дмитрий Анатольевич (Dmitry Karasev);ODS Read ARM4;Synchronization;BR.IT.DUD.DataMartDeveloper;Synchronization + заполненная бизнес-роль
dakarasev;Карасёв Дмитрий Анатольевич (Dmitry Karasev);ODS Read BCAPP;Synchronization;BR.IT.DUD.DataMartDeveloper;Synchronization + заполненная бизнес-роль
dakarasev;Карасёв Дмитрий Анатольевич (Dmitry Karasev);ODS Read CC;Synchronization;BR.IT.DUD.DataMartDeveloper;Synchronization + заполненная бизнес-роль
dakarasev;Карасёв Дмитрий Анатольевич (Dmitry Karasev);ODS Read DIAS;Synchronization;BR.IT.DUD.DataMartDeveloper;Synchronization + заполненная бизнес-роль
dakarasev;Карасёв Дмитрий Анатольевич (Dmitry Karasev);ODS Read EKIS;Synchronization;BR.IT.DUD.DataMartDeveloper;Synchronization + заполненная бизнес-роль
dakarasev;Карасёв Дмитрий Анатольевич (Dmitry Karasev);ODS Read KIAS;Synchronization;BR.IT.DUD.DataMartDeveloper;Synchronization + заполненная бизнес-роль
dakarasev;Карасёв Дмитрий Анатольевич (Dmitry Karasev);ODS Read PCAPP;Synchronization;BR.IT.DUD.DataMartDeveloper;Synchronization + заполненная бизнес-роль
dakarasev;Карасёв Дмитрий Анатольевич (Dmitry Karasev);ODS Read RGSSCC;Synchronization;BR.IT.DUD.DataMartDeveloper;Synchronization + заполненная бизнес-роль
dakarasev;Карасёв Дмитрий Анатольевич (Dmitry Karasev);ODS Read SAP;Synchronization;BR.IT.DUD.DataMartDeveloper;Synchronization + заполненная бизнес-роль
dakarasev;Карасёв Дмитрий Анатольевич (Dmitry Karasev);ODS Read UFO;Synchronization;BR.IT.DUD.DataMartDeveloper;Synchronization + заполненная бизнес-роль
dakarasev;Карасёв Дмитрий Анатольевич (Dmitry Karasev);ODS Read WT;Synchronization;BR.IT.DUD.DataMartDeveloper;Synchronization + заполненная бизнес-роль
digarifulin;Гарифулин Дмитрий Исмагильевич (Dmitriy Garifulin);EDW All MLDEV19;Synchronization;BR.Underwriting.Analisys.Senior;Synchronization + заполненная бизнес-роль
digarifulin;Гарифулин Дмитрий Исмагильевич (Dmitriy Garifulin);EDW All MLDEV72;Synchronization;BR.Underwriting.Analisys.Senior;Synchronization + заполненная бизнес-роль
digarifulin;Гарифулин Дмитрий Исмагильевич (Dmitriy Garifulin);EDW All Property;Synchronization;BR.Underwriting.Analisys.Senior;Synchronization + заполненная бизнес-роль
digarifulin;Гарифулин Дмитрий Исмагильевич (Dmitriy Garifulin);EDW Read Core;Synchronization;BR.Underwriting.Analisys.Senior;Synchronization + заполненная бизнес-роль
digarifulin;Гарифулин Дмитрий Исмагильевич (Dmitriy Garifulin);EDW Read RB;Synchronization;BR.Underwriting.Analisys.Senior;Synchronization + заполненная бизнес-роль
digarifulin;Гарифулин Дмитрий Исмагильевич (Dmitriy Garifulin);EDW Unspec Analysis;Synchronization;BR.Underwriting.Analisys.Senior;Synchronization + заполненная бизнес-роль
digarifulin;Гарифулин Дмитрий Исмагильевич (Dmitriy Garifulin);EDW Unspec Analysis Out;Synchronization;BR.Underwriting.Analisys.Senior;Synchronization + заполненная бизнес-роль
digarifulin;Гарифулин Дмитрий Исмагильевич (Dmitriy Garifulin);ODS All Auto;Synchronization;BR.Underwriting.Analisys.Senior;Synchronization + заполненная бизнес-роль
digarifulin;Гарифулин Дмитрий Исмагильевич (Dmitriy Garifulin);ODS All MLDEV19;Synchronization;BR.Underwriting.Analisys.Senior;Synchronization + заполненная бизнес-роль
digarifulin;Гарифулин Дмитрий Исмагильевич (Dmitriy Garifulin);ODS All MLDEV72;Synchronization;BR.Underwriting.Analisys.Senior;Synchronization + заполненная бизнес-роль
digarifulin;Гарифулин Дмитрий Исмагильевич (Dmitriy Garifulin);ODS All Property;Synchronization;BR.Underwriting.Analisys.Senior;Synchronization + заполненная бизнес-роль
digarifulin;Гарифулин Дмитрий Исмагильевич (Dmitriy Garifulin);ODS Read ARM4;Synchronization;BR.Underwriting.Analisys.Senior;Synchronization + заполненная бизнес-роль
digarifulin;Гарифулин Дмитрий Исмагильевич (Dmitriy Garifulin);ODS Read Audatex;Synchronization;BR.Underwriting.Analisys.Senior;Synchronization + заполненная бизнес-роль
digarifulin;Гарифулин Дмитрий Исмагильевич (Dmitriy Garifulin);ODS Read CC;Synchronization;BR.Underwriting.Analisys.Senior;Synchronization + заполненная бизнес-роль
digarifulin;Гарифулин Дмитрий Исмагильевич (Dmitriy Garifulin);ODS Read EKIS;Synchronization;BR.Underwriting.Analisys.Senior;Synchronization + заполненная бизнес-роль
digarifulin;Гарифулин Дмитрий Исмагильевич (Dmitriy Garifulin);ODS Read FOIV;Synchronization;BR.Underwriting.Analisys.Senior;Synchronization + заполненная бизнес-роль
digarifulin;Гарифулин Дмитрий Исмагильевич (Dmitriy Garifulin);ODS Read KIAS;Synchronization;BR.Underwriting.Analisys.Senior;Synchronization + заполненная бизнес-роль
digarifulin;Гарифулин Дмитрий Исмагильевич (Dmitriy Garifulin);ODS Read MFMS;Synchronization;BR.Underwriting.Analisys.Senior;Synchronization + заполненная бизнес-роль
digarifulin;Гарифулин Дмитрий Исмагильевич (Dmitriy Garifulin);ODS Read Mobile;Synchronization;BR.Underwriting.Analisys.Senior;Synchronization + заполненная бизнес-роль
digarifulin;Гарифулин Дмитрий Исмагильевич (Dmitriy Garifulin);ODS Read PCAPP;Synchronization;BR.Underwriting.Analisys.Senior;Synchronization + заполненная бизнес-роль
digarifulin;Гарифулин Дмитрий Исмагильевич (Dmitriy Garifulin);ODS Read RGSSCC;Synchronization;BR.Underwriting.Analisys.Senior;Synchronization + заполненная бизнес-роль
digarifulin;Гарифулин Дмитрий Исмагильевич (Dmitriy Garifulin);ODS Read Splunk Avtocod;Synchronization;BR.Underwriting.Analisys.Senior;Synchronization + заполненная бизнес-роль
digarifulin;Гарифулин Дмитрий Исмагильевич (Dmitriy Garifulin);ODS Read Splunk KBM;Synchronization;BR.Underwriting.Analisys.Senior;Synchronization + заполненная бизнес-роль
digarifulin;Гарифулин Дмитрий Исмагильевич (Dmitriy Garifulin);ODS Read Transdekra;Synchronization;BR.Underwriting.Analisys.Senior;Synchronization + заполненная бизнес-роль
digarifulin;Гарифулин Дмитрий Исмагильевич (Dmitriy Garifulin);ODS Unspec Analysis;Synchronization;BR.Underwriting.Analisys.Senior;Synchronization + заполненная бизнес-роль
digarifulin;Гарифулин Дмитрий Исмагильевич (Dmitriy Garifulin);ODS Unspec Analysis Out;Synchronization;BR.Underwriting.Analisys.Senior;Synchronization + заполненная бизнес-роль
dm_pozdnev;Позднев Денис Михайлович (Denis Pozdnev);EDW All Mortgage;Synchronization;BR.EXT.Cinimex;Synchronization + заполненная бизнес-роль
dm_pozdnev;Позднев Денис Михайлович (Denis Pozdnev);EDW Read Core;Synchronization;BR.EXT.Cinimex;Synchronization + заполненная бизнес-роль
dm_pozdnev;Позднев Денис Михайлович (Denis Pozdnev);ODS Read ARM4;Synchronization;BR.EXT.Cinimex;Synchronization + заполненная бизнес-роль
dm_pozdnev;Позднев Денис Михайлович (Denis Pozdnev);ODS Read EKIS;Synchronization;BR.EXT.Cinimex;Synchronization + заполненная бизнес-роль
dofirsov;Фирсов Дмитрий Олегович (Dmitriy Firsov);ODS Read RGSSCC;Synchronization;BR.Underwriting.Auto.Corp;Synchronization + заполненная бизнес-роль
dsplohuta;Плохута Дмитрий Сергеевич (Dmitriy Plokhuta);DWH Developer;Synchronization;BR.IT.DUD.DataMartDeveloper;Synchronization + заполненная бизнес-роль
dsplohuta;Плохута Дмитрий Сергеевич (Dmitriy Plokhuta);EDW All CDM;Synchronization;BR.IT.DUD.DataMartDeveloper;Synchronization + заполненная бизнес-роль
dsplohuta;Плохута Дмитрий Сергеевич (Dmitriy Plokhuta);EDW All Cdm Analysis;Synchronization;BR.IT.DUD.DataMartDeveloper;Synchronization + заполненная бизнес-роль
dsplohuta;Плохута Дмитрий Сергеевич (Dmitriy Plokhuta);EDW Read Core;Synchronization;BR.IT.DUD.DataMartDeveloper;Synchronization + заполненная бизнес-роль
dsplohuta;Плохута Дмитрий Сергеевич (Dmitriy Plokhuta);ODS All Auto;Synchronization;BR.IT.DUD.DataMartDeveloper;Synchronization + заполненная бизнес-роль
dsplohuta;Плохута Дмитрий Сергеевич (Dmitriy Plokhuta);ODS All CDM;Synchronization;BR.IT.DUD.DataMartDeveloper;Synchronization + заполненная бизнес-роль
dsplohuta;Плохута Дмитрий Сергеевич (Dmitriy Plokhuta);ODS All Cdm Analysis;Synchronization;BR.IT.DUD.DataMartDeveloper;Synchronization + заполненная бизнес-роль
dsplohuta;Плохута Дмитрий Сергеевич (Dmitriy Plokhuta);ODS Read ARM4;Synchronization;BR.IT.DUD.DataMartDeveloper;Synchronization + заполненная бизнес-роль
dsplohuta;Плохута Дмитрий Сергеевич (Dmitriy Plokhuta);ODS Read CC;Synchronization;BR.IT.DUD.DataMartDeveloper;Synchronization + заполненная бизнес-роль
dsplohuta;Плохута Дмитрий Сергеевич (Dmitriy Plokhuta);ODS Read EKIS;Synchronization;BR.IT.DUD.DataMartDeveloper;Synchronization + заполненная бизнес-роль
dsplohuta;Плохута Дмитрий Сергеевич (Dmitriy Plokhuta);ODS Read PCAPP;Synchronization;BR.IT.DUD.DataMartDeveloper;Synchronization + заполненная бизнес-роль
dsplohuta;Плохута Дмитрий Сергеевич (Dmitriy Plokhuta);ODS Read RGSSCC;Synchronization;BR.IT.DUD.DataMartDeveloper;Synchronization + заполненная бизнес-роль
dsplohuta;Плохута Дмитрий Сергеевич (Dmitriy Plokhuta);ODS Read SAP;Synchronization;BR.IT.DUD.DataMartDeveloper;Synchronization + заполненная бизнес-роль
dsplohuta;Плохута Дмитрий Сергеевич (Dmitriy Plokhuta);ODS Read UFO;Synchronization;BR.IT.DUD.DataMartDeveloper;Synchronization + заполненная бизнес-роль
dsshashkov;Шашков Дмитрий Сергеевич (Dmitry Shashkov);ODS Read RGSSCC;Synchronization;BR.Underwriting.Auto.Corp.Jira;Synchronization + заполненная бизнес-роль
dvbezrukov;Безруков Дмитрий Владимирович (Dmitriy Bezrukov);EDW Read Cdm Analysis;Synchronization;BR.IT.Testing.Jira;Synchronization + заполненная бизнес-роль
dvbezrukov;Безруков Дмитрий Владимирович (Dmitriy Bezrukov);EDW Read Core;Synchronization;BR.IT.Testing.Jira;Synchronization + заполненная бизнес-роль
dvskorokhodov;Скороходов Даниил Владимирович (Daniil Skorokhodov);EDW Read Core;Synchronization;BR.Underwriting.Analisys.Middle;Synchronization + заполненная бизнес-роль
dvskorokhodov;Скороходов Даниил Владимирович (Daniil Skorokhodov);ODS Read Auto;Synchronization;BR.Underwriting.Analisys.Middle;Synchronization + заполненная бизнес-роль
dvskorokhodov;Скороходов Даниил Владимирович (Daniil Skorokhodov);ODS Read CC;Synchronization;BR.Underwriting.Analisys.Middle;Synchronization + заполненная бизнес-роль
dvskorokhodov;Скороходов Даниил Владимирович (Daniil Skorokhodov);ODS Unspec Analysis Out;Synchronization;BR.Underwriting.Analisys.Middle;Synchronization + заполненная бизнес-роль
eakorobeynikov;Коробейников Егор Андреевич (Egor Korobeynikov);DWH Developer;Synchronization;BR.IT.DUD.DataMartDeveloper;Synchronization + заполненная бизнес-роль
eakorobeynikov;Коробейников Егор Андреевич (Egor Korobeynikov);EDW All CDM;Synchronization;BR.IT.DUD.DataMartDeveloper;Synchronization + заполненная бизнес-роль
eakorobeynikov;Коробейников Егор Андреевич (Egor Korobeynikov);EDW All Cdm Analysis;Synchronization;BR.IT.DUD.DataMartDeveloper;Synchronization + заполненная бизнес-роль
eakorobeynikov;Коробейников Егор Андреевич (Egor Korobeynikov);EDW Read Core;Synchronization;BR.IT.DUD.DataMartDeveloper;Synchronization + заполненная бизнес-роль
eakorobeynikov;Коробейников Егор Андреевич (Egor Korobeynikov);ODS All CDM;Synchronization;BR.IT.DUD.DataMartDeveloper;Synchronization + заполненная бизнес-роль
eakorobeynikov;Коробейников Егор Андреевич (Egor Korobeynikov);ODS All Cdm Analysis;Synchronization;BR.IT.DUD.DataMartDeveloper;Synchronization + заполненная бизнес-роль
eakorobeynikov;Коробейников Егор Андреевич (Egor Korobeynikov);ODS Read ARCtrl;Synchronization;BR.IT.DUD.DataMartDeveloper;Synchronization + заполненная бизнес-роль
eakorobeynikov;Коробейников Егор Андреевич (Egor Korobeynikov);ODS Read ARM4;Synchronization;BR.IT.DUD.DataMartDeveloper;Synchronization + заполненная бизнес-роль
eakorobeynikov;Коробейников Егор Андреевич (Egor Korobeynikov);ODS Read BCAPP;Synchronization;BR.IT.DUD.DataMartDeveloper;Synchronization + заполненная бизнес-роль
eakorobeynikov;Коробейников Егор Андреевич (Egor Korobeynikov);ODS Read CC;Synchronization;BR.IT.DUD.DataMartDeveloper;Synchronization + заполненная бизнес-роль
eakorobeynikov;Коробейников Егор Андреевич (Egor Korobeynikov);ODS Read DIAS;Synchronization;BR.IT.DUD.DataMartDeveloper;Synchronization + заполненная бизнес-роль
eakorobeynikov;Коробейников Егор Андреевич (Egor Korobeynikov);ODS Read EKIS;Synchronization;BR.IT.DUD.DataMartDeveloper;Synchronization + заполненная бизнес-роль
eakorobeynikov;Коробейников Егор Андреевич (Egor Korobeynikov);ODS Read KIAS;Synchronization;BR.IT.DUD.DataMartDeveloper;Synchronization + заполненная бизнес-роль
eakorobeynikov;Коробейников Егор Андреевич (Egor Korobeynikov);ODS Read PCAPP;Synchronization;BR.IT.DUD.DataMartDeveloper;Synchronization + заполненная бизнес-роль
eakorobeynikov;Коробейников Егор Андреевич (Egor Korobeynikov);ODS Read RGSSCC;Synchronization;BR.IT.DUD.DataMartDeveloper;Synchronization + заполненная бизнес-роль
eakorobeynikov;Коробейников Егор Андреевич (Egor Korobeynikov);ODS Read SAP;Synchronization;BR.IT.DUD.DataMartDeveloper;Synchronization + заполненная бизнес-роль
eakorobeynikov;Коробейников Егор Андреевич (Egor Korobeynikov);ODS Read Tessa;Synchronization;BR.IT.DUD.DataMartDeveloper;Synchronization + заполненная бизнес-роль
easmetanin;Сметанин Егор Александрович (Egor Smetanin);ODS Read Finance;Synchronization;BR.IT.DUD.DataQuality;Synchronization + заполненная бизнес-роль
easmetanin;Сметанин Егор Александрович (Egor Smetanin);ODS Read Thesis;Synchronization;BR.IT.DUD.DataQuality;Synchronization + заполненная бизнес-роль
edkhokhrina;Хохрина Элеонора Дмитриевна (Eleonora Khokhrina);EDW All DQ;Synchronization;BR.IT.DUD.DataQuality;Synchronization + заполненная бизнес-роль
edkhokhrina;Хохрина Элеонора Дмитриевна (Eleonora Khokhrina);EDW Read BZK;Synchronization;BR.IT.DUD.DataQuality;Synchronization + заполненная бизнес-роль
edkhokhrina;Хохрина Элеонора Дмитриевна (Eleonora Khokhrina);EDW Read CCU;Synchronization;BR.IT.DUD.DataQuality;Synchronization + заполненная бизнес-роль
edkhokhrina;Хохрина Элеонора Дмитриевна (Eleonora Khokhrina);EDW Read CDM;Synchronization;BR.IT.DUD.DataQuality;Synchronization + заполненная бизнес-роль
edkhokhrina;Хохрина Элеонора Дмитриевна (Eleonora Khokhrina);EDW Read Core;Synchronization;BR.IT.DUD.DataQuality;Synchronization + заполненная бизнес-роль
edkhokhrina;Хохрина Элеонора Дмитриевна (Eleonora Khokhrina);ODS All DQ;Synchronization;BR.IT.DUD.DataQuality;Synchronization + заполненная бизнес-роль
edkhokhrina;Хохрина Элеонора Дмитриевна (Eleonora Khokhrina);ODS Read ARM4;Synchronization;BR.IT.DUD.DataQuality;Synchronization + заполненная бизнес-роль
edkhokhrina;Хохрина Элеонора Дмитриевна (Eleonora Khokhrina);ODS Read Auto;Synchronization;BR.IT.DUD.DataQuality;Synchronization + заполненная бизнес-роль
edkhokhrina;Хохрина Элеонора Дмитриевна (Eleonora Khokhrina);ODS Read CDM;Synchronization;BR.IT.DUD.DataQuality;Synchronization + заполненная бизнес-роль
edkhokhrina;Хохрина Элеонора Дмитриевна (Eleonora Khokhrina);ODS Read Cdm Analysis;Synchronization;BR.IT.DUD.DataQuality;Synchronization + заполненная бизнес-роль
edkhokhrina;Хохрина Элеонора Дмитриевна (Eleonora Khokhrina);ODS Read Cdm Analysis Out;Synchronization;BR.IT.DUD.DataQuality;Synchronization + заполненная бизнес-роль
edkhokhrina;Хохрина Элеонора Дмитриевна (Eleonora Khokhrina);ODS Read EKIS;Synchronization;BR.IT.DUD.DataQuality;Synchronization + заполненная бизнес-роль
edkhokhrina;Хохрина Элеонора Дмитриевна (Eleonora Khokhrina);ODS Read KIAS;Synchronization;BR.IT.DUD.DataQuality;Synchronization + заполненная бизнес-роль
edkhokhrina;Хохрина Элеонора Дмитриевна (Eleonora Khokhrina);ODS Read PCAPP;Synchronization;BR.IT.DUD.DataQuality;Synchronization + заполненная бизнес-роль
edkhokhrina;Хохрина Элеонора Дмитриевна (Eleonora Khokhrina);ODS Read Report;Synchronization;BR.IT.DUD.DataQuality;Synchronization + заполненная бизнес-роль
edkhokhrina;Хохрина Элеонора Дмитриевна (Eleonora Khokhrina);ODS Read RGSSCC;Synchronization;BR.IT.DUD.DataQuality;Synchronization + заполненная бизнес-роль
edkhokhrina;Хохрина Элеонора Дмитриевна (Eleonora Khokhrina);ODS Read RI;Synchronization;BR.IT.DUD.DataQuality;Synchronization + заполненная бизнес-роль
edkhokhrina;Хохрина Элеонора Дмитриевна (Eleonora Khokhrina);ODS Read RSAPRD;Synchronization;BR.IT.DUD.DataQuality;Synchronization + заполненная бизнес-роль
edkhokhrina;Хохрина Элеонора Дмитриевна (Eleonora Khokhrina);ODS Read SAP;Synchronization;BR.IT.DUD.DataQuality;Synchronization + заполненная бизнес-роль
edkhokhrina;Хохрина Элеонора Дмитриевна (Eleonora Khokhrina);ODS Read UFO;Synchronization;BR.IT.DUD.DataQuality;Synchronization + заполненная бизнес-роль
eizhdanova;Жданова Екатерина Игоревна (Ekaterina Zhdanova);ODS Read RGSSCC;Synchronization;BR.Underwriting.Auto.Corp;Synchronization + заполненная бизнес-роль
ekorotkih;Коротких Екатерина Александровна (Ekaterina Korotkikh);EDW All Actuary;Synchronization;BR.Financial.Actuary.ITCustomers.Jira;Synchronization + заполненная бизнес-роль
ekorotkih;Коротких Екатерина Александровна (Ekaterina Korotkikh);EDW Read Core;Synchronization;BR.Financial.Actuary.ITCustomers.Jira;Synchronization + заполненная бизнес-роль
ekorotkih;Коротких Екатерина Александровна (Ekaterina Korotkikh);ODS All Actuary;Synchronization;BR.Financial.Actuary.ITCustomers.Jira;Synchronization + заполненная бизнес-роль
ekorotkih;Коротких Екатерина Александровна (Ekaterina Korotkikh);ODS Read ARM4;Synchronization;BR.Financial.Actuary.ITCustomers.Jira;Synchronization + заполненная бизнес-роль
ekorotkih;Коротких Екатерина Александровна (Ekaterina Korotkikh);ODS Read CC;Synchronization;BR.Financial.Actuary.ITCustomers.Jira;Synchronization + заполненная бизнес-роль
ekorotkih;Коротких Екатерина Александровна (Ekaterina Korotkikh);ODS Read EKIS;Synchronization;BR.Financial.Actuary.ITCustomers.Jira;Synchronization + заполненная бизнес-роль
ekorotkih;Коротких Екатерина Александровна (Ekaterina Korotkikh);ODS Read Report;Synchronization;BR.Financial.Actuary.ITCustomers.Jira;Synchronization + заполненная бизнес-роль
ekorotkih;Коротких Екатерина Александровна (Ekaterina Korotkikh);ODS Read RGSSCC;Synchronization;BR.Financial.Actuary.ITCustomers.Jira;Synchronization + заполненная бизнес-роль
ekorotkih;Коротких Екатерина Александровна (Ekaterina Korotkikh);ODS Read SAP;Synchronization;BR.Financial.Actuary.ITCustomers.Jira;Synchronization + заполненная бизнес-роль
enatroschenko;Атрощенко Евгений Николаевич (Evgeniy Atroschenko);EDW All CDM;Synchronization;BR.IT.DUD.UO;Synchronization + заполненная бизнес-роль
enatroschenko;Атрощенко Евгений Николаевич (Evgeniy Atroschenko);EDW All Cdm Analysis;Synchronization;BR.IT.DUD.UO;Synchronization + заполненная бизнес-роль
enatroschenko;Атрощенко Евгений Николаевич (Evgeniy Atroschenko);EDW Read Cdm Analysis Out;Synchronization;BR.IT.DUD.UO;Synchronization + заполненная бизнес-роль
enatroschenko;Атрощенко Евгений Николаевич (Evgeniy Atroschenko);EDW Read Core;Synchronization;BR.IT.DUD.UO;Synchronization + заполненная бизнес-роль
enatroschenko;Атрощенко Евгений Николаевич (Evgeniy Atroschenko);EDW Read RB;Synchronization;BR.IT.DUD.UO;Synchronization + заполненная бизнес-роль
enatroschenko;Атрощенко Евгений Николаевич (Evgeniy Atroschenko);ODS All CDM;Synchronization;BR.IT.DUD.UO;Synchronization + заполненная бизнес-роль
enatroschenko;Атрощенко Евгений Николаевич (Evgeniy Atroschenko);ODS All Cdm Analysis;Synchronization;BR.IT.DUD.UO;Synchronization + заполненная бизнес-роль
enatroschenko;Атрощенко Евгений Николаевич (Evgeniy Atroschenko);ODS Read ARCtrl;Synchronization;BR.IT.DUD.UO;Synchronization + заполненная бизнес-роль
enatroschenko;Атрощенко Евгений Николаевич (Evgeniy Atroschenko);ODS Read ARM4;Synchronization;BR.IT.DUD.UO;Synchronization + заполненная бизнес-роль
enatroschenko;Атрощенко Евгений Николаевич (Evgeniy Atroschenko);ODS Read Auto;Synchronization;BR.IT.DUD.UO;Synchronization + заполненная бизнес-роль
enatroschenko;Атрощенко Евгений Николаевич (Evgeniy Atroschenko);ODS Read BCAPP;Synchronization;BR.IT.DUD.UO;Synchronization + заполненная бизнес-роль
enatroschenko;Атрощенко Евгений Николаевич (Evgeniy Atroschenko);ODS Read CC;Synchronization;BR.IT.DUD.UO;Synchronization + заполненная бизнес-роль
enatroschenko;Атрощенко Евгений Николаевич (Evgeniy Atroschenko);ODS Read Cdm Analysis Out;Synchronization;BR.IT.DUD.UO;Synchronization + заполненная бизнес-роль
enatroschenko;Атрощенко Евгений Николаевич (Evgeniy Atroschenko);ODS Read DIAS;Synchronization;BR.IT.DUD.UO;Synchronization + заполненная бизнес-роль
enatroschenko;Атрощенко Евгений Николаевич (Evgeniy Atroschenko);ODS Read EKIS;Synchronization;BR.IT.DUD.UO;Synchronization + заполненная бизнес-роль
enatroschenko;Атрощенко Евгений Николаевич (Evgeniy Atroschenko);ODS Read KIAS;Synchronization;BR.IT.DUD.UO;Synchronization + заполненная бизнес-роль
enatroschenko;Атрощенко Евгений Николаевич (Evgeniy Atroschenko);ODS Read PCAPP;Synchronization;BR.IT.DUD.UO;Synchronization + заполненная бизнес-роль
enatroschenko;Атрощенко Евгений Николаевич (Evgeniy Atroschenko);ODS Read RGSSCC;Synchronization;BR.IT.DUD.UO;Synchronization + заполненная бизнес-роль
enatroschenko;Атрощенко Евгений Николаевич (Evgeniy Atroschenko);ODS Read Tessa;Synchronization;BR.IT.DUD.UO;Synchronization + заполненная бизнес-роль
enatroschenko;Атрощенко Евгений Николаевич (Evgeniy Atroschenko);ODS Read UFO;Synchronization;BR.IT.DUD.UO;Synchronization + заполненная бизнес-роль
enatroschenko;Атрощенко Евгений Николаевич (Evgeniy Atroschenko);ODS Read WT;Synchronization;BR.IT.DUD.UO;Synchronization + заполненная бизнес-роль
esdzikovitskiy;Дзиковицкий Евгений Сергеевич (Evgeniy Dzikovitskiy);ODS Read Auto;Synchronization;BR.Underwriting.Analisys.Junior;Synchronization + заполненная бизнес-роль
esdzikovitskiy;Дзиковицкий Евгений Сергеевич (Evgeniy Dzikovitskiy);ODS Read RGSSCC;Synchronization;BR.Underwriting.Analisys.Junior;Synchronization + заполненная бизнес-роль
espetrov;Петров Евгений Станиславич (Evgeniy Petrov);CBD Administrator;Synchronization;BR.IT.DUD.DataHead;Synchronization + заполненная бизнес-роль
espetrov;Петров Евгений Станиславич (Evgeniy Petrov);DWH Administrator;Synchronization;BR.IT.DUD.DataHead;Synchronization + заполненная бизнес-роль
espetrov;Петров Евгений Станиславич (Evgeniy Petrov);EDW Administrator;Synchronization;BR.IT.DUD.DataHead;Synchronization + заполненная бизнес-роль
espetrov;Петров Евгений Станиславич (Evgeniy Petrov);ODS Administrator;Synchronization;BR.IT.DUD.DataHead;Synchronization + заполненная бизнес-роль
evchulkova;Чулкова Екатерина Викторовна (Ekaterina Chulkova);EDW All Mortgage;Synchronization;BR.EXT.Cinimex;Synchronization + заполненная бизнес-роль
evchulkova;Чулкова Екатерина Викторовна (Ekaterina Chulkova);EDW Read Core;Synchronization;BR.EXT.Cinimex;Synchronization + заполненная бизнес-роль
evsavkin;Савкин Евгений Викторович (Evgeniy Savkin);ODS All Auto;Synchronization;BR.Underwriting.Analisys.Middle;Synchronization + заполненная бизнес-роль
evsavkin;Савкин Евгений Викторович (Evgeniy Savkin);ODS Read ARM4;Synchronization;BR.Underwriting.Analisys.Middle;Synchronization + заполненная бизнес-роль
evsavkin;Савкин Евгений Викторович (Evgeniy Savkin);ODS Read CC;Synchronization;BR.Underwriting.Analisys.Middle;Synchronization + заполненная бизнес-роль
evsavkin;Савкин Евгений Викторович (Evgeniy Savkin);ODS Read EKIS;Synchronization;BR.Underwriting.Analisys.Middle;Synchronization + заполненная бизнес-роль
evsavkin;Савкин Евгений Викторович (Evgeniy Savkin);ODS Read RGSSCC;Synchronization;BR.Underwriting.Analisys.Middle;Synchronization + заполненная бизнес-роль
evzubkov;Зубков Евгений Валентинович (Evgeniy Zubkov);CBD All Cdm Analysis;Synchronization;BR.IT.DUD.DataSenior;Synchronization + заполненная бизнес-роль
evzubkov;Зубков Евгений Валентинович (Evgeniy Zubkov);CBD All Cdm Analysis Out;Synchronization;BR.IT.DUD.DataSenior;Synchronization + заполненная бизнес-роль
evzubkov;Зубков Евгений Валентинович (Evgeniy Zubkov);EDW All UAG;Synchronization;BR.IT.DUD.DataSenior;Synchronization + заполненная бизнес-роль
evzubkov;Зубков Евгений Валентинович (Evgeniy Zubkov);EDW Resource Administrator;Synchronization;BR.IT.DUD.DataSenior;Synchronization + заполненная бизнес-роль
evzubkov;Зубков Евгений Валентинович (Evgeniy Zubkov);ODS All CDM;Synchronization;BR.IT.DUD.DataSenior;Synchronization + заполненная бизнес-роль
evzubkov;Зубков Евгений Валентинович (Evgeniy Zubkov);ODS Resource Administrator;Synchronization;BR.IT.DUD.DataSenior;Synchronization + заполненная бизнес-роль
foshikhaliev;Шихалиев Фрэнк Олегович (Frenk Shikhaliev);EDW Read Core;Synchronization;BR.BZK.ClientAnalyst.Ext;Synchronization + заполненная бизнес-роль
foshikhaliev;Шихалиев Фрэнк Олегович (Frenk Shikhaliev);ODS Read ARM4;Synchronization;BR.BZK.ClientAnalyst.Ext;Synchronization + заполненная бизнес-роль
foshikhaliev;Шихалиев Фрэнк Олегович (Frenk Shikhaliev);ODS Read Auto;Synchronization;BR.BZK.ClientAnalyst.Ext;Synchronization + заполненная бизнес-роль
foshikhaliev;Шихалиев Фрэнк Олегович (Frenk Shikhaliev);ODS Read CC;Synchronization;BR.BZK.ClientAnalyst.Ext;Synchronization + заполненная бизнес-роль
foshikhaliev;Шихалиев Фрэнк Олегович (Frenk Shikhaliev);ODS Read EKIS;Synchronization;BR.BZK.ClientAnalyst.Ext;Synchronization + заполненная бизнес-роль
foshikhaliev;Шихалиев Фрэнк Олегович (Frenk Shikhaliev);ODS Read LK;Synchronization;BR.BZK.ClientAnalyst.Ext;Synchronization + заполненная бизнес-роль
foshikhaliev;Шихалиев Фрэнк Олегович (Frenk Shikhaliev);ODS Read RGSSCC;Synchronization;BR.BZK.ClientAnalyst.Ext;Synchronization + заполненная бизнес-роль
gmindrupskaya;Индрупская Галина Михайловна (Galina Indrupskaya);CBD Read Cdm Analysis;Synchronization;BR.Financial.Actuary.ITCustomers.Jira;Synchronization + заполненная бизнес-роль
gmindrupskaya;Индрупская Галина Михайловна (Galina Indrupskaya);CBD Read Cdm Analysis Ou;Synchronization;BR.Financial.Actuary.ITCustomers.Jira;Synchronization + заполненная бизнес-роль
gmindrupskaya;Индрупская Галина Михайловна (Galina Indrupskaya);EDW All Actuary;Synchronization;BR.Financial.Actuary.ITCustomers.Jira;Synchronization + заполненная бизнес-роль
gmindrupskaya;Индрупская Галина Михайловна (Galina Indrupskaya);EDW Read Core;Synchronization;BR.Financial.Actuary.ITCustomers.Jira;Synchronization + заполненная бизнес-роль
gmindrupskaya;Индрупская Галина Михайловна (Galina Indrupskaya);ODS All Actuary;Synchronization;BR.Financial.Actuary.ITCustomers.Jira;Synchronization + заполненная бизнес-роль
gmindrupskaya;Индрупская Галина Михайловна (Galina Indrupskaya);ODS Read ARM4;Synchronization;BR.Financial.Actuary.ITCustomers.Jira;Synchronization + заполненная бизнес-роль
gmindrupskaya;Индрупская Галина Михайловна (Galina Indrupskaya);ODS Read CC;Synchronization;BR.Financial.Actuary.ITCustomers.Jira;Synchronization + заполненная бизнес-роль
gmindrupskaya;Индрупская Галина Михайловна (Galina Indrupskaya);ODS Read Cdm Analysis Out;Synchronization;BR.Financial.Actuary.ITCustomers.Jira;Synchronization + заполненная бизнес-роль
gmindrupskaya;Индрупская Галина Михайловна (Galina Indrupskaya);ODS Read EKIS;Synchronization;BR.Financial.Actuary.ITCustomers.Jira;Synchronization + заполненная бизнес-роль
gmindrupskaya;Индрупская Галина Михайловна (Galina Indrupskaya);ODS Read fb781p;Synchronization;BR.Financial.Actuary.ITCustomers.Jira;Synchronization + заполненная бизнес-роль
gmindrupskaya;Индрупская Галина Михайловна (Galina Indrupskaya);ODS Read Finance;Synchronization;BR.Financial.Actuary.ITCustomers.Jira;Synchronization + заполненная бизнес-роль
gmindrupskaya;Индрупская Галина Михайловна (Galina Indrupskaya);ODS Read msfo17;Synchronization;BR.Financial.Actuary.ITCustomers.Jira;Synchronization + заполненная бизнес-роль
gmindrupskaya;Индрупская Галина Михайловна (Galina Indrupskaya);ODS Read Report;Synchronization;BR.Financial.Actuary.ITCustomers.Jira;Synchronization + заполненная бизнес-роль
gmindrupskaya;Индрупская Галина Михайловна (Galina Indrupskaya);ODS Read RGSSCC;Synchronization;BR.Financial.Actuary.ITCustomers.Jira;Synchronization + заполненная бизнес-роль
gmindrupskaya;Индрупская Галина Михайловна (Galina Indrupskaya);ODS Read SAP;Synchronization;BR.Financial.Actuary.ITCustomers.Jira;Synchronization + заполненная бизнес-роль
gmindrupskaya;Индрупская Галина Михайловна (Galina Indrupskaya);ODS Read XBRL;Synchronization;BR.Financial.Actuary.ITCustomers.Jira;Synchronization + заполненная бизнес-роль
gmvargaftik;Варгафтик Григорий Михайлович (Grigoriy Vargaftik);EDW All MLDEV72;Synchronization;BR.Underwriting.Analisys.Senior;Synchronization + заполненная бизнес-роль
gmvargaftik;Варгафтик Григорий Михайлович (Grigoriy Vargaftik);ODS All Auto;Synchronization;BR.Underwriting.Analisys.Senior;Synchronization + заполненная бизнес-роль
gmvargaftik;Варгафтик Григорий Михайлович (Grigoriy Vargaftik);ODS All MLDEV72;Synchronization;BR.Underwriting.Analisys.Senior;Synchronization + заполненная бизнес-роль
gmvargaftik;Варгафтик Григорий Михайлович (Grigoriy Vargaftik);ODS Read ARM4;Synchronization;BR.Underwriting.Analisys.Senior;Synchronization + заполненная бизнес-роль
gmvargaftik;Варгафтик Григорий Михайлович (Grigoriy Vargaftik);ODS Read Audatex;Synchronization;BR.Underwriting.Analisys.Senior;Synchronization + заполненная бизнес-роль
gmvargaftik;Варгафтик Григорий Михайлович (Grigoriy Vargaftik);ODS Read CC;Synchronization;BR.Underwriting.Analisys.Senior;Synchronization + заполненная бизнес-роль
gmvargaftik;Варгафтик Григорий Михайлович (Grigoriy Vargaftik);ODS Read EKIS;Synchronization;BR.Underwriting.Analisys.Senior;Synchronization + заполненная бизнес-роль
gmvargaftik;Варгафтик Григорий Михайлович (Grigoriy Vargaftik);ODS Read FOIV;Synchronization;BR.Underwriting.Analisys.Senior;Synchronization + заполненная бизнес-роль
gmvargaftik;Варгафтик Григорий Михайлович (Grigoriy Vargaftik);ODS Read MFMS;Synchronization;BR.Underwriting.Analisys.Senior;Synchronization + заполненная бизнес-роль
gmvargaftik;Варгафтик Григорий Михайлович (Grigoriy Vargaftik);ODS Read Mobile;Synchronization;BR.Underwriting.Analisys.Senior;Synchronization + заполненная бизнес-роль
gmvargaftik;Варгафтик Григорий Михайлович (Grigoriy Vargaftik);ODS Read PCAPP;Synchronization;BR.Underwriting.Analisys.Senior;Synchronization + заполненная бизнес-роль
gmvargaftik;Варгафтик Григорий Михайлович (Grigoriy Vargaftik);ODS Read RGSSCC;Synchronization;BR.Underwriting.Analisys.Senior;Synchronization + заполненная бизнес-роль
gmvargaftik;Варгафтик Григорий Михайлович (Grigoriy Vargaftik);ODS Read RSAKBM;Synchronization;BR.Underwriting.Analisys.Senior;Synchronization + заполненная бизнес-роль
gmvargaftik;Варгафтик Григорий Михайлович (Grigoriy Vargaftik);ODS Read Splunk Avtocod;Synchronization;BR.Underwriting.Analisys.Senior;Synchronization + заполненная бизнес-роль
gmvargaftik;Варгафтик Григорий Михайлович (Grigoriy Vargaftik);ODS Read Splunk KBM;Synchronization;BR.Underwriting.Analisys.Senior;Synchronization + заполненная бизнес-роль
gmvargaftik;Варгафтик Григорий Михайлович (Grigoriy Vargaftik);ODS Read Transdekra;Synchronization;BR.Underwriting.Analisys.Senior;Synchronization + заполненная бизнес-роль
iabushmin;Бушмин Игорь Алексеевич (Igor Bushmin);EDW All MLDEV19;Synchronization;BR.Underwriting.Analisys.Senior;Synchronization + заполненная бизнес-роль
iabushmin;Бушмин Игорь Алексеевич (Igor Bushmin);EDW All MLDEV72;Synchronization;BR.Underwriting.Analisys.Senior;Synchronization + заполненная бизнес-роль
iabushmin;Бушмин Игорь Алексеевич (Igor Bushmin);EDW All Property;Synchronization;BR.Underwriting.Analisys.Senior;Synchronization + заполненная бизнес-роль
iabushmin;Бушмин Игорь Алексеевич (Igor Bushmin);EDW Read CDI;Synchronization;BR.Underwriting.Analisys.Senior;Synchronization + заполненная бизнес-роль
iabushmin;Бушмин Игорь Алексеевич (Igor Bushmin);EDW Read Property;Synchronization;BR.Underwriting.Analisys.Senior;Synchronization + заполненная бизнес-роль
iabushmin;Бушмин Игорь Алексеевич (Igor Bushmin);EDW Unspec Analysis;Synchronization;BR.Underwriting.Analisys.Senior;Synchronization + заполненная бизнес-роль
iabushmin;Бушмин Игорь Алексеевич (Igor Bushmin);ODS All Auto;Synchronization;BR.Underwriting.Analisys.Senior;Synchronization + заполненная бизнес-роль
iabushmin;Бушмин Игорь Алексеевич (Igor Bushmin);ODS All MLDEV19;Synchronization;BR.Underwriting.Analisys.Senior;Synchronization + заполненная бизнес-роль
iabushmin;Бушмин Игорь Алексеевич (Igor Bushmin);ODS All MLDEV72;Synchronization;BR.Underwriting.Analisys.Senior;Synchronization + заполненная бизнес-роль
iabushmin;Бушмин Игорь Алексеевич (Igor Bushmin);ODS All Property;Synchronization;BR.Underwriting.Analisys.Senior;Synchronization + заполненная бизнес-роль
iabushmin;Бушмин Игорь Алексеевич (Igor Bushmin);ODS Read DoubleData;Synchronization;BR.Underwriting.Analisys.Senior;Synchronization + заполненная бизнес-роль
iabushmin;Бушмин Игорь Алексеевич (Igor Bushmin);ODS Read MFMS;Synchronization;BR.Underwriting.Analisys.Senior;Synchronization + заполненная бизнес-роль
iabushmin;Бушмин Игорь Алексеевич (Igor Bushmin);ODS Read Mobile;Synchronization;BR.Underwriting.Analisys.Senior;Synchronization + заполненная бизнес-роль
iabushmin;Бушмин Игорь Алексеевич (Igor Bushmin);ODS Read Splunk Avtocod;Synchronization;BR.Underwriting.Analisys.Senior;Synchronization + заполненная бизнес-роль
iabushmin;Бушмин Игорь Алексеевич (Igor Bushmin);ODS Read Splunk KBM;Synchronization;BR.Underwriting.Analisys.Senior;Synchronization + заполненная бизнес-роль
iabushmin;Бушмин Игорь Алексеевич (Igor Bushmin);ODS Unspec Analysis;Synchronization;BR.Underwriting.Analisys.Senior;Synchronization + заполненная бизнес-роль
iamerkulov;Меркулов Игорь Александрович (Igor Merkulov);EDW All CDM;Synchronization;BR.IT.DUD.UO;Synchronization + заполненная бизнес-роль
iamerkulov;Меркулов Игорь Александрович (Igor Merkulov);EDW All Cdm Analysis;Synchronization;BR.IT.DUD.UO;Synchronization + заполненная бизнес-роль
iamerkulov;Меркулов Игорь Александрович (Igor Merkulov);EDW Read Actuary;Synchronization;BR.IT.DUD.UO;Synchronization + заполненная бизнес-роль
iamerkulov;Меркулов Игорь Александрович (Igor Merkulov);EDW Read Cdm Analysis Out;Synchronization;BR.IT.DUD.UO;Synchronization + заполненная бизнес-роль
iamerkulov;Меркулов Игорь Александрович (Igor Merkulov);EDW Read Core;Synchronization;BR.IT.DUD.UO;Synchronization + заполненная бизнес-роль
iamerkulov;Меркулов Игорь Александрович (Igor Merkulov);ODS All CDM;Synchronization;BR.IT.DUD.UO;Synchronization + заполненная бизнес-роль
iamerkulov;Меркулов Игорь Александрович (Igor Merkulov);ODS All Cdm Analysis;Synchronization;BR.IT.DUD.UO;Synchronization + заполненная бизнес-роль
iamerkulov;Меркулов Игорь Александрович (Igor Merkulov);ODS Read ARCtrl;Synchronization;BR.IT.DUD.UO;Synchronization + заполненная бизнес-роль
iamerkulov;Меркулов Игорь Александрович (Igor Merkulov);ODS Read ARM4;Synchronization;BR.IT.DUD.UO;Synchronization + заполненная бизнес-роль
iamerkulov;Меркулов Игорь Александрович (Igor Merkulov);ODS Read BCAPP;Synchronization;BR.IT.DUD.UO;Synchronization + заполненная бизнес-роль
iamerkulov;Меркулов Игорь Александрович (Igor Merkulov);ODS Read CC;Synchronization;BR.IT.DUD.UO;Synchronization + заполненная бизнес-роль
iamerkulov;Меркулов Игорь Александрович (Igor Merkulov);ODS Read Cdm Analysis Out;Synchronization;BR.IT.DUD.UO;Synchronization + заполненная бизнес-роль
iamerkulov;Меркулов Игорь Александрович (Igor Merkulov);ODS Read DIAS;Synchronization;BR.IT.DUD.UO;Synchronization + заполненная бизнес-роль
iamerkulov;Меркулов Игорь Александрович (Igor Merkulov);ODS Read EKIS;Synchronization;BR.IT.DUD.UO;Synchronization + заполненная бизнес-роль
iamerkulov;Меркулов Игорь Александрович (Igor Merkulov);ODS Read KIAS;Synchronization;BR.IT.DUD.UO;Synchronization + заполненная бизнес-роль
iamerkulov;Меркулов Игорь Александрович (Igor Merkulov);ODS Read msfo17;Synchronization;BR.IT.DUD.UO;Synchronization + заполненная бизнес-роль
iamerkulov;Меркулов Игорь Александрович (Igor Merkulov);ODS Read PCAPP;Synchronization;BR.IT.DUD.UO;Synchronization + заполненная бизнес-роль
iamerkulov;Меркулов Игорь Александрович (Igor Merkulov);ODS Read RGSSCC;Synchronization;BR.IT.DUD.UO;Synchronization + заполненная бизнес-роль
iamerkulov;Меркулов Игорь Александрович (Igor Merkulov);ODS Read SAP;Synchronization;BR.IT.DUD.UO;Synchronization + заполненная бизнес-роль
iamerkulov;Меркулов Игорь Александрович (Igor Merkulov);ODS Read Splunk UFO;Synchronization;BR.IT.DUD.UO;Synchronization + заполненная бизнес-роль
iamerkulov;Меркулов Игорь Александрович (Igor Merkulov);ODS Read UFO;Synchronization;BR.IT.DUD.UO;Synchronization + заполненная бизнес-роль
iamerkulov;Меркулов Игорь Александрович (Igor Merkulov);ODS Read WT;Synchronization;BR.IT.DUD.UO;Synchronization + заполненная бизнес-роль
istulin;Тулин Иван Сергеевич (Ivan Tulin);ODS All Auto;Synchronization;BR.Underwriting.Analisys.Middle;Synchronization + заполненная бизнес-роль
ivfilin;Филин Игорь Валерьевич (Igor Filin);EDW Read CDI;Synchronization;BR.IT.DUD.DataMartAnalyst;Synchronization + заполненная бизнес-роль
ivfilin;Филин Игорь Валерьевич (Igor Filin);EDW Read Cdm Analysis Out;Synchronization;BR.IT.DUD.DataMartAnalyst;Synchronization + заполненная бизнес-роль
ivfilin;Филин Игорь Валерьевич (Igor Filin);EDW Read Core;Synchronization;BR.IT.DUD.DataMartAnalyst;Synchronization + заполненная бизнес-роль
ivfilin;Филин Игорь Валерьевич (Igor Filin);EDW Read RB;Synchronization;BR.IT.DUD.DataMartAnalyst;Synchronization + заполненная бизнес-роль
ivfilin;Филин Игорь Валерьевич (Igor Filin);ODS Read ARM4;Synchronization;BR.IT.DUD.DataMartAnalyst;Synchronization + заполненная бизнес-роль
ivfilin;Филин Игорь Валерьевич (Igor Filin);ODS Read BCAPP;Synchronization;BR.IT.DUD.DataMartAnalyst;Synchronization + заполненная бизнес-роль
ivfilin;Филин Игорь Валерьевич (Igor Filin);ODS Read CC;Synchronization;BR.IT.DUD.DataMartAnalyst;Synchronization + заполненная бизнес-роль
ivfilin;Филин Игорь Валерьевич (Igor Filin);ODS Read Cdm Analysis;Synchronization;BR.IT.DUD.DataMartAnalyst;Synchronization + заполненная бизнес-роль
ivfilin;Филин Игорь Валерьевич (Igor Filin);ODS Read Cdm Analysis Out;Synchronization;BR.IT.DUD.DataMartAnalyst;Synchronization + заполненная бизнес-роль
ivfilin;Филин Игорь Валерьевич (Igor Filin);ODS Read DMS;Synchronization;BR.IT.DUD.DataMartAnalyst;Synchronization + заполненная бизнес-роль
ivfilin;Филин Игорь Валерьевич (Igor Filin);ODS Read EKIS;Synchronization;BR.IT.DUD.DataMartAnalyst;Synchronization + заполненная бизнес-роль
ivfilin;Филин Игорь Валерьевич (Igor Filin);ODS Read JIRA;Synchronization;BR.IT.DUD.DataMartAnalyst;Synchronization + заполненная бизнес-роль
ivfilin;Филин Игорь Валерьевич (Igor Filin);ODS Read KIAS;Synchronization;BR.IT.DUD.DataMartAnalyst;Synchronization + заполненная бизнес-роль
ivfilin;Филин Игорь Валерьевич (Igor Filin);ODS Read LK;Synchronization;BR.IT.DUD.DataMartAnalyst;Synchronization + заполненная бизнес-роль
ivfilin;Филин Игорь Валерьевич (Igor Filin);ODS Read Naumen;Synchronization;BR.IT.DUD.DataMartAnalyst;Synchronization + заполненная бизнес-роль
ivfilin;Филин Игорь Валерьевич (Igor Filin);ODS Read PCAPP;Synchronization;BR.IT.DUD.DataMartAnalyst;Synchronization + заполненная бизнес-роль
ivfilin;Филин Игорь Валерьевич (Igor Filin);ODS Read RGSSCC;Synchronization;BR.IT.DUD.DataMartAnalyst;Synchronization + заполненная бизнес-роль
ivfilin;Филин Игорь Валерьевич (Igor Filin);ODS Read RI;Synchronization;BR.IT.DUD.DataMartAnalyst;Synchronization + заполненная бизнес-роль
ivfilin;Филин Игорь Валерьевич (Igor Filin);ODS Read SAP;Synchronization;BR.IT.DUD.DataMartAnalyst;Synchronization + заполненная бизнес-роль
ivfilin;Филин Игорь Валерьевич (Igor Filin);ODS Read Tessa;Synchronization;BR.IT.DUD.DataMartAnalyst;Synchronization + заполненная бизнес-роль
ivfilin;Филин Игорь Валерьевич (Igor Filin);ODS Read UFO;Synchronization;BR.IT.DUD.DataMartAnalyst;Synchronization + заполненная бизнес-роль
ivfilin;Филин Игорь Валерьевич (Igor Filin);ODS Read UKDZISP;Synchronization;BR.IT.DUD.DataMartAnalyst;Synchronization + заполненная бизнес-роль
ivfilin;Филин Игорь Валерьевич (Igor Filin);ODS Read WT;Synchronization;BR.IT.DUD.DataMartAnalyst;Synchronization + заполненная бизнес-роль
ivsolomatin;Соломатин Игорь Владимирович (Igor Solomatin);ODS Read RGSSCC;Synchronization;BR.Underwriting.Auto.Corp,BR.Underwriting.Auto.Corp.Jira;Synchronization + заполненная бизнес-роль
ivtokarev;Токарев Илья Владимирович (Ilya Tokarev);EDW Read Core;Synchronization;BR.AC.DataAnalyst;Synchronization + заполненная бизнес-роль
ivtokarev;Токарев Илья Владимирович (Ilya Tokarev);ODS Read PCAPP;Synchronization;BR.AC.DataAnalyst;Synchronization + заполненная бизнес-роль
ivtokarev;Токарев Илья Владимирович (Ilya Tokarev);ODS Read UFO;Synchronization;BR.AC.DataAnalyst;Synchronization + заполненная бизнес-роль
lnivanov;Иванов Лев Николаевич (Lev Ivanov);CBD All Cdm Analysis;Synchronization;BR.IT.DUD.DataMartDeveloper;Synchronization + заполненная бизнес-роль
lnivanov;Иванов Лев Николаевич (Lev Ivanov);DWH Developer;Synchronization;BR.IT.DUD.DataMartDeveloper;Synchronization + заполненная бизнес-роль
lnivanov;Иванов Лев Николаевич (Lev Ivanov);EDW All CDM;Synchronization;BR.IT.DUD.DataMartDeveloper;Synchronization + заполненная бизнес-роль
lnivanov;Иванов Лев Николаевич (Lev Ivanov);EDW All Cdm Analysis;Synchronization;BR.IT.DUD.DataMartDeveloper;Synchronization + заполненная бизнес-роль
lnivanov;Иванов Лев Николаевич (Lev Ivanov);EDW Read Core;Synchronization;BR.IT.DUD.DataMartDeveloper;Synchronization + заполненная бизнес-роль
lnivanov;Иванов Лев Николаевич (Lev Ivanov);ODS All Auto;Synchronization;BR.IT.DUD.DataMartDeveloper;Synchronization + заполненная бизнес-роль
lnivanov;Иванов Лев Николаевич (Lev Ivanov);ODS All CDM;Synchronization;BR.IT.DUD.DataMartDeveloper;Synchronization + заполненная бизнес-роль
lnivanov;Иванов Лев Николаевич (Lev Ivanov);ODS All Cdm Analysis;Synchronization;BR.IT.DUD.DataMartDeveloper;Synchronization + заполненная бизнес-роль
lnivanov;Иванов Лев Николаевич (Lev Ivanov);ODS All msfo17;Synchronization;BR.IT.DUD.DataMartDeveloper;Synchronization + заполненная бизнес-роль
lnivanov;Иванов Лев Николаевич (Lev Ivanov);ODS Read ARCtrl;Synchronization;BR.IT.DUD.DataMartDeveloper;Synchronization + заполненная бизнес-роль
lnivanov;Иванов Лев Николаевич (Lev Ivanov);ODS Read ARM4;Synchronization;BR.IT.DUD.DataMartDeveloper;Synchronization + заполненная бизнес-роль
lnivanov;Иванов Лев Николаевич (Lev Ivanov);ODS Read BCAPP;Synchronization;BR.IT.DUD.DataMartDeveloper;Synchronization + заполненная бизнес-роль
lnivanov;Иванов Лев Николаевич (Lev Ivanov);ODS Read CC;Synchronization;BR.IT.DUD.DataMartDeveloper;Synchronization + заполненная бизнес-роль
lnivanov;Иванов Лев Николаевич (Lev Ivanov);ODS Read DIAS;Synchronization;BR.IT.DUD.DataMartDeveloper;Synchronization + заполненная бизнес-роль
lnivanov;Иванов Лев Николаевич (Lev Ivanov);ODS Read EKIS;Synchronization;BR.IT.DUD.DataMartDeveloper;Synchronization + заполненная бизнес-роль
lnivanov;Иванов Лев Николаевич (Lev Ivanov);ODS Read KIAS;Synchronization;BR.IT.DUD.DataMartDeveloper;Synchronization + заполненная бизнес-роль
lnivanov;Иванов Лев Николаевич (Lev Ivanov);ODS Read PCAPP;Synchronization;BR.IT.DUD.DataMartDeveloper;Synchronization + заполненная бизнес-роль
lnivanov;Иванов Лев Николаевич (Lev Ivanov);ODS Read RGSSCC;Synchronization;BR.IT.DUD.DataMartDeveloper;Synchronization + заполненная бизнес-роль
lnivanov;Иванов Лев Николаевич (Lev Ivanov);ODS Read SAP;Synchronization;BR.IT.DUD.DataMartDeveloper;Synchronization + заполненная бизнес-роль
lnivanov;Иванов Лев Николаевич (Lev Ivanov);ODS Read UFO;Synchronization;BR.IT.DUD.DataMartDeveloper;Synchronization + заполненная бизнес-роль
maausatova;Усатова Марина Андреевна (Marina Usatova);ODS All Auto;Synchronization;BR.Underwriting.Auto.Corp.Jira;Synchronization + заполненная бизнес-роль
maausatova;Усатова Марина Андреевна (Marina Usatova);ODS Read RGSSCC;Synchronization;BR.Underwriting.Auto.Corp.Jira;Synchronization + заполненная бизнес-роль
mpmashin;Машин Максим Павлович (Maksim Mashin);CBD All Cdm Analysis;Synchronization;BR.IT.DUD.DataDeveloper;Synchronization + заполненная бизнес-роль
mpmashin;Машин Максим Павлович (Maksim Mashin);CBD Read Cdm Analysis Ou;Synchronization;BR.IT.DUD.DataDeveloper;Synchronization + заполненная бизнес-роль
mpmashin;Машин Максим Павлович (Maksim Mashin);DWH Developer;Synchronization;BR.IT.DUD.DataDeveloper;Synchronization + заполненная бизнес-роль
mpmashin;Машин Максим Павлович (Maksim Mashin);EDW All CDM;Synchronization;BR.IT.DUD.DataDeveloper;Synchronization + заполненная бизнес-роль
mpmashin;Машин Максим Павлович (Maksim Mashin);EDW All Cdm Analysis;Synchronization;BR.IT.DUD.DataDeveloper;Synchronization + заполненная бизнес-роль
mpmashin;Машин Максим Павлович (Maksim Mashin);EDW Read Actuary;Synchronization;BR.IT.DUD.DataDeveloper;Synchronization + заполненная бизнес-роль
mpmashin;Машин Максим Павлович (Maksim Mashin);ODS All Auto;Synchronization;BR.IT.DUD.DataDeveloper;Synchronization + заполненная бизнес-роль
mpmashin;Машин Максим Павлович (Maksim Mashin);ODS All CDM;Synchronization;BR.IT.DUD.DataDeveloper;Synchronization + заполненная бизнес-роль
mpmashin;Машин Максим Павлович (Maksim Mashin);ODS All Property;Synchronization;BR.IT.DUD.DataDeveloper;Synchronization + заполненная бизнес-роль
mpmashin;Машин Максим Павлович (Maksim Mashin);ODS All Report;Synchronization;BR.IT.DUD.DataDeveloper;Synchronization + заполненная бизнес-роль
mpmashin;Машин Максим Павлович (Maksim Mashin);ODS Read Actuary;Synchronization;BR.IT.DUD.DataDeveloper;Synchronization + заполненная бизнес-роль
mpmashin;Машин Максим Павлович (Maksim Mashin);ODS Read ARM4;Synchronization;BR.IT.DUD.DataDeveloper;Synchronization + заполненная бизнес-роль
mpmashin;Машин Максим Павлович (Maksim Mashin);ODS Read CC;Synchronization;BR.IT.DUD.DataDeveloper;Synchronization + заполненная бизнес-роль
mpmashin;Машин Максим Павлович (Maksim Mashin);ODS Read DMS;Synchronization;BR.IT.DUD.DataDeveloper;Synchronization + заполненная бизнес-роль
mpmashin;Машин Максим Павлович (Maksim Mashin);ODS Read EKIS;Synchronization;BR.IT.DUD.DataDeveloper;Synchronization + заполненная бизнес-роль
mpmashin;Машин Максим Павлович (Maksim Mashin);ODS Read KIAS;Synchronization;BR.IT.DUD.DataDeveloper;Synchronization + заполненная бизнес-роль
mpmashin;Машин Максим Павлович (Maksim Mashin);ODS Read PCAPP;Synchronization;BR.IT.DUD.DataDeveloper;Synchronization + заполненная бизнес-роль
mpmashin;Машин Максим Павлович (Maksim Mashin);ODS Read RGSSCC;Synchronization;BR.IT.DUD.DataDeveloper;Synchronization + заполненная бизнес-роль
mskazakov;Казаков Максим Сергеевич (Maksim Kazakov);CBD Read Cdm Analysis;Synchronization;BR.Financial.Actuary.ITCustomers.Jira;Synchronization + заполненная бизнес-роль
mskazakov;Казаков Максим Сергеевич (Maksim Kazakov);EDW All Actuary;Synchronization;BR.Financial.Actuary.ITCustomers.Jira;Synchronization + заполненная бизнес-роль
mskazakov;Казаков Максим Сергеевич (Maksim Kazakov);EDW Read Core;Synchronization;BR.Financial.Actuary.ITCustomers.Jira;Synchronization + заполненная бизнес-роль
mskazakov;Казаков Максим Сергеевич (Maksim Kazakov);ODS All Actuary;Synchronization;BR.Financial.Actuary.ITCustomers.Jira;Synchronization + заполненная бизнес-роль
mskazakov;Казаков Максим Сергеевич (Maksim Kazakov);ODS Read ARM4;Synchronization;BR.Financial.Actuary.ITCustomers.Jira;Synchronization + заполненная бизнес-роль
mskazakov;Казаков Максим Сергеевич (Maksim Kazakov);ODS Read CC;Synchronization;BR.Financial.Actuary.ITCustomers.Jira;Synchronization + заполненная бизнес-роль
mskazakov;Казаков Максим Сергеевич (Maksim Kazakov);ODS Read EKIS;Synchronization;BR.Financial.Actuary.ITCustomers.Jira;Synchronization + заполненная бизнес-роль
mskazakov;Казаков Максим Сергеевич (Maksim Kazakov);ODS Read PCAPP;Synchronization;BR.Financial.Actuary.ITCustomers.Jira;Synchronization + заполненная бизнес-роль
mskazakov;Казаков Максим Сергеевич (Maksim Kazakov);ODS Read Report;Synchronization;BR.Financial.Actuary.ITCustomers.Jira;Synchronization + заполненная бизнес-роль
mskazakov;Казаков Максим Сергеевич (Maksim Kazakov);ODS Read RGSSCC;Synchronization;BR.Financial.Actuary.ITCustomers.Jira;Synchronization + заполненная бизнес-роль
mskazakov;Казаков Максим Сергеевич (Maksim Kazakov);ODS Read SAP;Synchronization;BR.Financial.Actuary.ITCustomers.Jira;Synchronization + заполненная бизнес-роль
msnarodovets;Народовец Мария Сергеевна (Mariya Narodovets);EDW Read Core;Synchronization;BR.DOB.ITCustomers;Synchronization + заполненная бизнес-роль
msnarodovets;Народовец Мария Сергеевна (Mariya Narodovets);ODS All DES;Synchronization;BR.DOB.ITCustomers;Synchronization + заполненная бизнес-роль
msnarodovets;Народовец Мария Сергеевна (Mariya Narodovets);ODS Read ARM4;Synchronization;BR.DOB.ITCustomers;Synchronization + заполненная бизнес-роль
msnarodovets;Народовец Мария Сергеевна (Mariya Narodovets);ODS Read BCAPP;Synchronization;BR.DOB.ITCustomers;Synchronization + заполненная бизнес-роль
msnarodovets;Народовец Мария Сергеевна (Mariya Narodovets);ODS Read CC;Synchronization;BR.DOB.ITCustomers;Synchronization + заполненная бизнес-роль
msnarodovets;Народовец Мария Сергеевна (Mariya Narodovets);ODS Read DMS;Synchronization;BR.DOB.ITCustomers;Synchronization + заполненная бизнес-роль
msnarodovets;Народовец Мария Сергеевна (Mariya Narodovets);ODS Read EKIS;Synchronization;BR.DOB.ITCustomers;Synchronization + заполненная бизнес-роль
msnarodovets;Народовец Мария Сергеевна (Mariya Narodovets);ODS Read KIAS;Synchronization;BR.DOB.ITCustomers;Synchronization + заполненная бизнес-роль
msnarodovets;Народовец Мария Сергеевна (Mariya Narodovets);ODS Read Naumen;Synchronization;BR.DOB.ITCustomers;Synchronization + заполненная бизнес-роль
msnarodovets;Народовец Мария Сергеевна (Mariya Narodovets);ODS Read PCAPP;Synchronization;BR.DOB.ITCustomers;Synchronization + заполненная бизнес-роль
msnarodovets;Народовец Мария Сергеевна (Mariya Narodovets);ODS Read RGSSCC;Synchronization;BR.DOB.ITCustomers;Synchronization + заполненная бизнес-роль
msnarodovets;Народовец Мария Сергеевна (Mariya Narodovets);ODS Read SCR;Synchronization;BR.DOB.ITCustomers;Synchronization + заполненная бизнес-роль
msnarodovets;Народовец Мария Сергеевна (Mariya Narodovets);ODS Read Tessa;Synchronization;BR.DOB.ITCustomers;Synchronization + заполненная бизнес-роль
msnarodovets;Народовец Мария Сергеевна (Mariya Narodovets);ODS Read UFO;Synchronization;BR.DOB.ITCustomers;Synchronization + заполненная бизнес-роль
msnarodovets;Народовец Мария Сергеевна (Mariya Narodovets);ODS Read VIRTU;Synchronization;BR.DOB.ITCustomers;Synchronization + заполненная бизнес-роль
mukhanev;Уханев Михаил Александрович (Mikhail Ukhanev);EDW Read Core;Synchronization;BR.IT.Testing.Jira;Synchronization + заполненная бизнес-роль
myvoronin;Воронин Михаил Яковлевич (Mikhail Voronin);ODS All Auto;Synchronization;BR.Underwriting.Analisys.Senior;Synchronization + заполненная бизнес-роль
myvoronin;Воронин Михаил Яковлевич (Mikhail Voronin);ODS Read Auto;Synchronization;BR.Underwriting.Analisys.Senior;Synchronization + заполненная бизнес-роль
myvoronin;Воронин Михаил Яковлевич (Mikhail Voronin);ODS Read CC;Synchronization;BR.Underwriting.Analisys.Senior;Synchronization + заполненная бизнес-роль
myvoronin;Воронин Михаил Яковлевич (Mikhail Voronin);ODS Read RGSSCC;Synchronization;BR.Underwriting.Analisys.Senior;Synchronization + заполненная бизнес-роль
nivanov;Иванов Николай Владимирович (Nikolay Ivanov);ODS Read RGSSCC;Synchronization;BR.Underwriting.Auto.Corp.Jira;Synchronization + заполненная бизнес-роль
oakalyagina;Калягина Олеся Александровна (Olesya Kalyagina);CBD Read Cdm Analysis;Synchronization;BR.Financial.Actuary.ITCustomers.Jira,BR.Financial.Actuary.ITCustomers;Synchronization + заполненная бизнес-роль
oakalyagina;Калягина Олеся Александровна (Olesya Kalyagina);EDW All Actuary;Synchronization;BR.Financial.Actuary.ITCustomers.Jira,BR.Financial.Actuary.ITCustomers;Synchronization + заполненная бизнес-роль
oakalyagina;Калягина Олеся Александровна (Olesya Kalyagina);EDW Read Cdm Analysis Out;Synchronization;BR.Financial.Actuary.ITCustomers.Jira,BR.Financial.Actuary.ITCustomers;Synchronization + заполненная бизнес-роль
oakalyagina;Калягина Олеся Александровна (Olesya Kalyagina);EDW Read Core;Synchronization;BR.Financial.Actuary.ITCustomers.Jira,BR.Financial.Actuary.ITCustomers;Synchronization + заполненная бизнес-роль
oakalyagina;Калягина Олеся Александровна (Olesya Kalyagina);ODS All Actuary;Synchronization;BR.Financial.Actuary.ITCustomers.Jira,BR.Financial.Actuary.ITCustomers;Synchronization + заполненная бизнес-роль
oakalyagina;Калягина Олеся Александровна (Olesya Kalyagina);ODS Read ARM4;Synchronization;BR.Financial.Actuary.ITCustomers.Jira,BR.Financial.Actuary.ITCustomers;Synchronization + заполненная бизнес-роль
oakalyagina;Калягина Олеся Александровна (Olesya Kalyagina);ODS Read CC;Synchronization;BR.Financial.Actuary.ITCustomers.Jira,BR.Financial.Actuary.ITCustomers;Synchronization + заполненная бизнес-роль
oakalyagina;Калягина Олеся Александровна (Olesya Kalyagina);ODS Read Cdm Analysis Out;Synchronization;BR.Financial.Actuary.ITCustomers.Jira,BR.Financial.Actuary.ITCustomers;Synchronization + заполненная бизнес-роль
oakalyagina;Калягина Олеся Александровна (Olesya Kalyagina);ODS Read EKIS;Synchronization;BR.Financial.Actuary.ITCustomers.Jira,BR.Financial.Actuary.ITCustomers;Synchronization + заполненная бизнес-роль
oakalyagina;Калягина Олеся Александровна (Olesya Kalyagina);ODS Read fb781p;Synchronization;BR.Financial.Actuary.ITCustomers.Jira,BR.Financial.Actuary.ITCustomers;Synchronization + заполненная бизнес-роль
oakalyagina;Калягина Олеся Александровна (Olesya Kalyagina);ODS Read KIAS;Synchronization;BR.Financial.Actuary.ITCustomers.Jira,BR.Financial.Actuary.ITCustomers;Synchronization + заполненная бизнес-роль
oakalyagina;Калягина Олеся Александровна (Olesya Kalyagina);ODS Read PCAPP;Synchronization;BR.Financial.Actuary.ITCustomers,BR.Financial.Actuary.ITCustomers.Jira;Synchronization + заполненная бизнес-роль
oakalyagina;Калягина Олеся Александровна (Olesya Kalyagina);ODS Read RGSSCC;Synchronization;BR.Financial.Actuary.ITCustomers.Jira,BR.Financial.Actuary.ITCustomers;Synchronization + заполненная бизнес-роль
ogbykova;Быкова Ольга Геннадьевна (Olga Bykova);EDW All Actuary;Synchronization;BR.Financial.Actuary.ITCustomers.Jira;Synchronization + заполненная бизнес-роль
ogbykova;Быкова Ольга Геннадьевна (Olga Bykova);EDW Read Core;Synchronization;BR.Financial.Actuary.ITCustomers.Jira;Synchronization + заполненная бизнес-роль
ogbykova;Быкова Ольга Геннадьевна (Olga Bykova);ODS All Actuary;Synchronization;BR.Financial.Actuary.ITCustomers.Jira;Synchronization + заполненная бизнес-роль
ogbykova;Быкова Ольга Геннадьевна (Olga Bykova);ODS Read ARM4;Synchronization;BR.Financial.Actuary.ITCustomers.Jira;Synchronization + заполненная бизнес-роль
ogbykova;Быкова Ольга Геннадьевна (Olga Bykova);ODS Read CC;Synchronization;BR.Financial.Actuary.ITCustomers.Jira;Synchronization + заполненная бизнес-роль
ogbykova;Быкова Ольга Геннадьевна (Olga Bykova);ODS Read EKIS;Synchronization;BR.Financial.Actuary.ITCustomers.Jira;Synchronization + заполненная бизнес-роль
ogbykova;Быкова Ольга Геннадьевна (Olga Bykova);ODS Read fb781p;Synchronization;BR.Financial.Actuary.ITCustomers.Jira;Synchronization + заполненная бизнес-роль
ogbykova;Быкова Ольга Геннадьевна (Olga Bykova);ODS Read Report;Synchronization;BR.Financial.Actuary.ITCustomers.Jira;Synchronization + заполненная бизнес-роль
ogbykova;Быкова Ольга Геннадьевна (Olga Bykova);ODS Read RGSSCC;Synchronization;BR.Financial.Actuary.ITCustomers.Jira;Synchronization + заполненная бизнес-роль
ogbykova;Быкова Ольга Геннадьевна (Olga Bykova);ODS Read SAP;Synchronization;BR.Financial.Actuary.ITCustomers.Jira;Synchronization + заполненная бизнес-роль
ogbykova;Быкова Ольга Геннадьевна (Olga Bykova);ODS Read XBRL;Synchronization;BR.Financial.Actuary.ITCustomers.Jira;Synchronization + заполненная бизнес-роль
oipyankova;Пьянкова Ольга Игоревна (Olga Pyankova);EDW Read Core;Synchronization;BR.IT.DUD.DataArchitect;Synchronization + заполненная бизнес-роль
oipyankova;Пьянкова Ольга Игоревна (Olga Pyankova);EDW Read DQ;Synchronization;BR.IT.DUD.DataArchitect;Synchronization + заполненная бизнес-роль
oipyankova;Пьянкова Ольга Игоревна (Olga Pyankova);EDW Read RB;Synchronization;BR.IT.DUD.DataArchitect;Synchronization + заполненная бизнес-роль
oipyankova;Пьянкова Ольга Игоревна (Olga Pyankova);ODS Read ARM4;Synchronization;BR.IT.DUD.DataArchitect;Synchronization + заполненная бизнес-роль
oipyankova;Пьянкова Ольга Игоревна (Olga Pyankova);ODS Read BCAPP;Synchronization;BR.IT.DUD.DataArchitect;Synchronization + заполненная бизнес-роль
oipyankova;Пьянкова Ольга Игоревна (Olga Pyankova);ODS Read DQ;Synchronization;BR.IT.DUD.DataArchitect;Synchronization + заполненная бизнес-роль
oipyankova;Пьянкова Ольга Игоревна (Olga Pyankova);ODS Read EKIS;Synchronization;BR.IT.DUD.DataArchitect;Synchronization + заполненная бизнес-роль
oipyankova;Пьянкова Ольга Игоревна (Olga Pyankova);ODS Read fb781p;Synchronization;BR.IT.DUD.DataArchitect;Synchronization + заполненная бизнес-роль
oipyankova;Пьянкова Ольга Игоревна (Olga Pyankova);ODS Read KIAS;Synchronization;BR.IT.DUD.DataArchitect;Synchronization + заполненная бизнес-роль
oipyankova;Пьянкова Ольга Игоревна (Olga Pyankova);ODS Read msfo17;Synchronization;BR.IT.DUD.DataArchitect;Synchronization + заполненная бизнес-роль
oipyankova;Пьянкова Ольга Игоревна (Olga Pyankova);ODS Read Naumen;Synchronization;BR.IT.DUD.DataArchitect;Synchronization + заполненная бизнес-роль
oipyankova;Пьянкова Ольга Игоревна (Olga Pyankova);ODS Read PCAPP;Synchronization;BR.IT.DUD.DataArchitect;Synchronization + заполненная бизнес-роль
oipyankova;Пьянкова Ольга Игоревна (Olga Pyankova);ODS Read RGSSCC;Synchronization;BR.IT.DUD.DataArchitect;Synchronization + заполненная бизнес-роль
oipyankova;Пьянкова Ольга Игоревна (Olga Pyankova);ODS Read RI;Synchronization;BR.IT.DUD.DataArchitect;Synchronization + заполненная бизнес-роль
oipyankova;Пьянкова Ольга Игоревна (Olga Pyankova);ODS Read RSAPRD;Synchronization;BR.IT.DUD.DataArchitect;Synchronization + заполненная бизнес-роль
oipyankova;Пьянкова Ольга Игоревна (Olga Pyankova);ODS Read SAP;Synchronization;BR.IT.DUD.DataArchitect;Synchronization + заполненная бизнес-роль
oipyankova;Пьянкова Ольга Игоревна (Olga Pyankova);ODS Read Tessa;Synchronization;BR.IT.DUD.DataArchitect;Synchronization + заполненная бизнес-роль
oipyankova;Пьянкова Ольга Игоревна (Olga Pyankova);ODS Read UFO;Synchronization;BR.IT.DUD.DataArchitect;Synchronization + заполненная бизнес-роль
oipyankova;Пьянкова Ольга Игоревна (Olga Pyankova);ODS Read VIRTU;Synchronization;BR.IT.DUD.DataArchitect;Synchronization + заполненная бизнес-роль
omalakhova;Малахова Ольга Александровна (Olga Malakhova);ODS Read RGSSCC;Synchronization;BR.Underwriting.Auto.Corp;Synchronization + заполненная бизнес-роль
ovisaeva;Исаева Ольга Викторовна (Olga Isaeva);CBD All Cdm Analysis;Synchronization;BR.IT.DUD.DataMartDeveloper;Synchronization + заполненная бизнес-роль
ovisaeva;Исаева Ольга Викторовна (Olga Isaeva);DWH Developer;Synchronization;BR.IT.DUD.DataMartDeveloper;Synchronization + заполненная бизнес-роль
ovisaeva;Исаева Ольга Викторовна (Olga Isaeva);EDW All CDM;Synchronization;BR.IT.DUD.DataMartDeveloper;Synchronization + заполненная бизнес-роль
ovisaeva;Исаева Ольга Викторовна (Olga Isaeva);EDW All Cdm Analysis;Synchronization;BR.IT.DUD.DataMartDeveloper;Synchronization + заполненная бизнес-роль
ovisaeva;Исаева Ольга Викторовна (Olga Isaeva);EDW Read Core;Synchronization;BR.IT.DUD.DataMartDeveloper;Synchronization + заполненная бизнес-роль
ovisaeva;Исаева Ольга Викторовна (Olga Isaeva);ODS All Auto;Synchronization;BR.IT.DUD.DataMartDeveloper;Synchronization + заполненная бизнес-роль
ovisaeva;Исаева Ольга Викторовна (Olga Isaeva);ODS All CDM;Synchronization;BR.IT.DUD.DataMartDeveloper;Synchronization + заполненная бизнес-роль
ovisaeva;Исаева Ольга Викторовна (Olga Isaeva);ODS All Cdm Analysis;Synchronization;BR.IT.DUD.DataMartDeveloper;Synchronization + заполненная бизнес-роль
ovisaeva;Исаева Ольга Викторовна (Olga Isaeva);ODS All msfo17;Synchronization;BR.IT.DUD.DataMartDeveloper;Synchronization + заполненная бизнес-роль
ovisaeva;Исаева Ольга Викторовна (Olga Isaeva);ODS Read ARCtrl;Synchronization;BR.IT.DUD.DataMartDeveloper;Synchronization + заполненная бизнес-роль
ovisaeva;Исаева Ольга Викторовна (Olga Isaeva);ODS Read ARM4;Synchronization;BR.IT.DUD.DataMartDeveloper;Synchronization + заполненная бизнес-роль
ovisaeva;Исаева Ольга Викторовна (Olga Isaeva);ODS Read BCAPP;Synchronization;BR.IT.DUD.DataMartDeveloper;Synchronization + заполненная бизнес-роль
ovisaeva;Исаева Ольга Викторовна (Olga Isaeva);ODS Read CC;Synchronization;BR.IT.DUD.DataMartDeveloper;Synchronization + заполненная бизнес-роль
ovisaeva;Исаева Ольга Викторовна (Olga Isaeva);ODS Read DIAS;Synchronization;BR.IT.DUD.DataMartDeveloper;Synchronization + заполненная бизнес-роль
ovisaeva;Исаева Ольга Викторовна (Olga Isaeva);ODS Read EKIS;Synchronization;BR.IT.DUD.DataMartDeveloper;Synchronization + заполненная бизнес-роль
ovisaeva;Исаева Ольга Викторовна (Olga Isaeva);ODS Read KIAS;Synchronization;BR.IT.DUD.DataMartDeveloper;Synchronization + заполненная бизнес-роль
ovisaeva;Исаева Ольга Викторовна (Olga Isaeva);ODS Read PCAPP;Synchronization;BR.IT.DUD.DataMartDeveloper;Synchronization + заполненная бизнес-роль
ovisaeva;Исаева Ольга Викторовна (Olga Isaeva);ODS Read RGSSCC;Synchronization;BR.IT.DUD.DataMartDeveloper;Synchronization + заполненная бизнес-роль
ovisaeva;Исаева Ольга Викторовна (Olga Isaeva);ODS Read SAP;Synchronization;BR.IT.DUD.DataMartDeveloper;Synchronization + заполненная бизнес-роль
ovisaeva;Исаева Ольга Викторовна (Olga Isaeva);ODS Read UFO;Synchronization;BR.IT.DUD.DataMartDeveloper;Synchronization + заполненная бизнес-роль
ovshabaldin;Шабалдин Олег Владимирович (Oleg Shabaldin);EDW Read Core;Synchronization;BR.IT.DUD.DataQuality;Synchronization + заполненная бизнес-роль
ovshabaldin;Шабалдин Олег Владимирович (Oleg Shabaldin);ODS Read ARM4;Synchronization;BR.IT.DUD.DataQuality;Synchronization + заполненная бизнес-роль
ovshabaldin;Шабалдин Олег Владимирович (Oleg Shabaldin);ODS Read BCAPP;Synchronization;BR.IT.DUD.DataQuality;Synchronization + заполненная бизнес-роль
ovshabaldin;Шабалдин Олег Владимирович (Oleg Shabaldin);ODS Read CC;Synchronization;BR.IT.DUD.DataQuality;Synchronization + заполненная бизнес-роль
ovshabaldin;Шабалдин Олег Владимирович (Oleg Shabaldin);ODS Read Cdm Analysis;Synchronization;BR.IT.DUD.DataQuality;Synchronization + заполненная бизнес-роль
ovshabaldin;Шабалдин Олег Владимирович (Oleg Shabaldin);ODS Read Cdm Analysis Out;Synchronization;BR.IT.DUD.DataQuality;Synchronization + заполненная бизнес-роль
ovshabaldin;Шабалдин Олег Владимирович (Oleg Shabaldin);ODS Read EKIS;Synchronization;BR.IT.DUD.DataQuality;Synchronization + заполненная бизнес-роль
ovshabaldin;Шабалдин Олег Владимирович (Oleg Shabaldin);ODS Read PCAPP;Synchronization;BR.IT.DUD.DataQuality;Synchronization + заполненная бизнес-роль
ovshabaldin;Шабалдин Олег Владимирович (Oleg Shabaldin);ODS Read RGSSCC;Synchronization;BR.IT.DUD.DataQuality;Synchronization + заполненная бизнес-роль
ovshabaldin;Шабалдин Олег Владимирович (Oleg Shabaldin);ODS Read UFO;Synchronization;BR.IT.DUD.DataQuality;Synchronization + заполненная бизнес-роль
pfkalaydzhidi;Калайджиди Павел Федорович (Pavel Kalaydzhidi);ODS Read Naumen;Synchronization;BR.IT.UKK.HelpDesk;Synchronization + заполненная бизнес-роль
pvpronin;Пронин Павел Владимирович (Pavel Pronin);ODS Read ITAM;Synchronization;BR.IT.UKK.Dev;Synchronization + заполненная бизнес-роль
pvpronin;Пронин Павел Владимирович (Pavel Pronin);ODS Read JIRA;Synchronization;BR.IT.UKK.Dev;Synchronization + заполненная бизнес-роль
pvpronin;Пронин Павел Владимирович (Pavel Pronin);ODS Read Naumen;Synchronization;BR.IT.UKK.Dev;Synchronization + заполненная бизнес-роль
pvsurgan;Сурган Павел Валерьевич (Pavel Surgan);EDW Read Core;Synchronization;BR.AC.DataAnalyst;Synchronization + заполненная бизнес-роль
pvsurgan;Сурган Павел Валерьевич (Pavel Surgan);ODS Read ARM4;Synchronization;BR.AC.DataAnalyst;Synchronization + заполненная бизнес-роль
pvsurgan;Сурган Павел Валерьевич (Pavel Surgan);ODS Read CC;Synchronization;BR.AC.DataAnalyst;Synchronization + заполненная бизнес-роль
pvsurgan;Сурган Павел Валерьевич (Pavel Surgan);ODS Read EKIS;Synchronization;BR.AC.DataAnalyst;Synchronization + заполненная бизнес-роль
pvsurgan;Сурган Павел Валерьевич (Pavel Surgan);ODS Read PCAPP;Synchronization;BR.AC.DataAnalyst;Synchronization + заполненная бизнес-роль
pvsurgan;Сурган Павел Валерьевич (Pavel Surgan);ODS Read RGSSCC;Synchronization;BR.AC.DataAnalyst;Synchronization + заполненная бизнес-роль
pvsurgan;Сурган Павел Валерьевич (Pavel Surgan);ODS Read UFO;Synchronization;BR.AC.DataAnalyst;Synchronization + заполненная бизнес-роль
rdayzatulin;Айзатулин Ринат Дамирович (Rinat Ayzatulin);EDW All Property;Synchronization;BR.Underwriting.Analisys.Senior;Synchronization + заполненная бизнес-роль
rdayzatulin;Айзатулин Ринат Дамирович (Rinat Ayzatulin);EDW Read Core;Synchronization;BR.Underwriting.Analisys.Senior;Synchronization + заполненная бизнес-роль
rdayzatulin;Айзатулин Ринат Дамирович (Rinat Ayzatulin);EDW Unspec Analysis;Synchronization;BR.Underwriting.Analisys.Senior;Synchronization + заполненная бизнес-роль
rdayzatulin;Айзатулин Ринат Дамирович (Rinat Ayzatulin);EDW Unspec Analysis Out;Synchronization;BR.Underwriting.Analisys.Senior;Synchronization + заполненная бизнес-роль
rdayzatulin;Айзатулин Ринат Дамирович (Rinat Ayzatulin);ODS All Auto;Synchronization;BR.Underwriting.Analisys.Senior;Synchronization + заполненная бизнес-роль
rdayzatulin;Айзатулин Ринат Дамирович (Rinat Ayzatulin);ODS All Property;Synchronization;BR.Underwriting.Analisys.Senior;Synchronization + заполненная бизнес-роль
rdayzatulin;Айзатулин Ринат Дамирович (Rinat Ayzatulin);ODS Read ARM4;Synchronization;BR.Underwriting.Analisys.Senior;Synchronization + заполненная бизнес-роль
rdayzatulin;Айзатулин Ринат Дамирович (Rinat Ayzatulin);ODS Read Audatex;Synchronization;BR.Underwriting.Analisys.Senior;Synchronization + заполненная бизнес-роль
rdayzatulin;Айзатулин Ринат Дамирович (Rinat Ayzatulin);ODS Read CC;Synchronization;BR.Underwriting.Analisys.Senior;Synchronization + заполненная бизнес-роль
rdayzatulin;Айзатулин Ринат Дамирович (Rinat Ayzatulin);ODS Read EKIS;Synchronization;BR.Underwriting.Analisys.Senior;Synchronization + заполненная бизнес-роль
rdayzatulin;Айзатулин Ринат Дамирович (Rinat Ayzatulin);ODS Read Equifax;Synchronization;BR.Underwriting.Analisys.Senior;Synchronization + заполненная бизнес-роль
rdayzatulin;Айзатулин Ринат Дамирович (Rinat Ayzatulin);ODS Read Mobile;Synchronization;BR.Underwriting.Analisys.Senior;Synchronization + заполненная бизнес-роль
rdayzatulin;Айзатулин Ринат Дамирович (Rinat Ayzatulin);ODS Read PCAPP;Synchronization;BR.Underwriting.Analisys.Senior;Synchronization + заполненная бизнес-роль
rdayzatulin;Айзатулин Ринат Дамирович (Rinat Ayzatulin);ODS Read RGSSCC;Synchronization;BR.Underwriting.Analisys.Senior;Synchronization + заполненная бизнес-роль
rdayzatulin;Айзатулин Ринат Дамирович (Rinat Ayzatulin);ODS Read Splunk Avtocod;Synchronization;BR.Underwriting.Analisys.Senior;Synchronization + заполненная бизнес-роль
rdayzatulin;Айзатулин Ринат Дамирович (Rinat Ayzatulin);ODS Read Transdekra;Synchronization;BR.Underwriting.Analisys.Senior;Synchronization + заполненная бизнес-роль
rdayzatulin;Айзатулин Ринат Дамирович (Rinat Ayzatulin);ODS Unspec Analysis Out;Synchronization;BR.Underwriting.Analisys.Senior;Synchronization + заполненная бизнес-роль
rskudryashov;Кудряшов Роман Сергеевич (Roman Kudryashov);EDW Read Core;Synchronization;BR.Underwriting.Analisys.Senior;Synchronization + заполненная бизнес-роль
rskudryashov;Кудряшов Роман Сергеевич (Roman Kudryashov);EDW Read Property;Synchronization;BR.Underwriting.Analisys.Senior;Synchronization + заполненная бизнес-роль
rskudryashov;Кудряшов Роман Сергеевич (Roman Kudryashov);ODS All Auto;Synchronization;BR.Underwriting.Analisys.Senior;Synchronization + заполненная бизнес-роль
rskudryashov;Кудряшов Роман Сергеевич (Roman Kudryashov);ODS Read RGSSCC;Synchronization;BR.Underwriting.Analisys.Senior;Synchronization + заполненная бизнес-роль
rsmartynov;Мартынов Родион Сергеевич (Rodion Martynov);EDW All MLDEV19;Synchronization;BR.EXT.Cinimex;Synchronization + заполненная бизнес-роль
rsmartynov;Мартынов Родион Сергеевич (Rodion Martynov);EDW All MLDEV72;Synchronization;BR.EXT.Cinimex;Synchronization + заполненная бизнес-роль
rsmartynov;Мартынов Родион Сергеевич (Rodion Martynov);EDW Read Core;Synchronization;BR.EXT.Cinimex;Synchronization + заполненная бизнес-роль
rsmartynov;Мартынов Родион Сергеевич (Rodion Martynov);ODS All MLDEV19;Synchronization;BR.EXT.Cinimex;Synchronization + заполненная бизнес-роль
rsmartynov;Мартынов Родион Сергеевич (Rodion Martynov);ODS All MLDEV72;Synchronization;BR.EXT.Cinimex;Synchronization + заполненная бизнес-роль
rsmartynov;Мартынов Родион Сергеевич (Rodion Martynov);ODS Read Audatex;Synchronization;BR.EXT.Cinimex;Synchronization + заполненная бизнес-роль
rsmartynov;Мартынов Родион Сергеевич (Rodion Martynov);ODS Read CC;Synchronization;BR.EXT.Cinimex;Synchronization + заполненная бизнес-роль
rsmartynov;Мартынов Родион Сергеевич (Rodion Martynov);ODS Read Equifax;Synchronization;BR.EXT.Cinimex;Synchronization + заполненная бизнес-роль
rsmartynov;Мартынов Родион Сергеевич (Rodion Martynov);ODS Read FOIV;Synchronization;BR.EXT.Cinimex;Synchronization + заполненная бизнес-роль
rsmartynov;Мартынов Родион Сергеевич (Rodion Martynov);ODS Read LK;Synchronization;BR.EXT.Cinimex;Synchronization + заполненная бизнес-роль
rsmartynov;Мартынов Родион Сергеевич (Rodion Martynov);ODS Read RSAKBM;Synchronization;BR.EXT.Cinimex;Synchronization + заполненная бизнес-роль
rsmartynov;Мартынов Родион Сергеевич (Rodion Martynov);ODS Unspec Property;Synchronization;BR.EXT.Cinimex;Synchronization + заполненная бизнес-роль
rvpanosian;Паносян Роберт Варужанович (Robert Panosyan);ODS Read ARM4;Synchronization;BR.IT.Developer.Integration;Synchronization + заполненная бизнес-роль
rvpanosian;Паносян Роберт Варужанович (Robert Panosyan);ODS Read Auto;Synchronization;BR.IT.Developer.Integration;Synchronization + заполненная бизнес-роль
rvpanosian;Паносян Роберт Варужанович (Robert Panosyan);ODS Read EKIS;Synchronization;BR.IT.Developer.Integration;Synchronization + заполненная бизнес-роль
saantipova;Антипова Светлана Александровна (Svetlana Antipova);ODS Read ARM4;Synchronization;BR.Underwriting.Analisys.Middle;Synchronization + заполненная бизнес-роль
saantipova;Антипова Светлана Александровна (Svetlana Antipova);ODS Read Auto;Synchronization;BR.Underwriting.Analisys.Middle;Synchronization + заполненная бизнес-роль
saantipova;Антипова Светлана Александровна (Svetlana Antipova);ODS Read CC;Synchronization;BR.Underwriting.Analisys.Middle;Synchronization + заполненная бизнес-роль
saantipova;Антипова Светлана Александровна (Svetlana Antipova);ODS Read EKIS;Synchronization;BR.Underwriting.Analisys.Middle;Synchronization + заполненная бизнес-роль
saantipova;Антипова Светлана Александровна (Svetlana Antipova);ODS Read RGSSCC;Synchronization;BR.Underwriting.Analisys.Middle;Synchronization + заполненная бизнес-роль
saustimenko;Устименко Сергей Александрович (Sergey Ustimenko);CBD Read Cdm Analysis;Synchronization;BR.Financial.Planning.Advanced;Synchronization + заполненная бизнес-роль
saustimenko;Устименко Сергей Александрович (Sergey Ustimenko);CBD Read Cdm Analysis Ou;Synchronization;BR.Financial.Planning.Advanced;Synchronization + заполненная бизнес-роль
saustimenko;Устименко Сергей Александрович (Sergey Ustimenko);DWHT Edw Read Cdm Analysis Out;Synchronization;BR.Financial.Planning.Advanced;Synchronization + заполненная бизнес-роль
saustimenko;Устименко Сергей Александрович (Sergey Ustimenko);DWHT Edw Read Core;Synchronization;BR.Financial.Planning.Advanced;Synchronization + заполненная бизнес-роль
saustimenko;Устименко Сергей Александрович (Sergey Ustimenko);DWHT Ods Read Cdm Analysis Out;Synchronization;BR.Financial.Planning.Advanced;Synchronization + заполненная бизнес-роль
saustimenko;Устименко Сергей Александрович (Sergey Ustimenko);DWHT Ods Read Rep;Synchronization;BR.Financial.Planning.Advanced;Synchronization + заполненная бизнес-роль
saustimenko;Устименко Сергей Александрович (Sergey Ustimenko);EDW Read Core;Synchronization;BR.Financial.Planning.Advanced;Synchronization + заполненная бизнес-роль
saustimenko;Устименко Сергей Александрович (Sergey Ustimenko);ODS Read DIAS;Synchronization;BR.Financial.Planning.Advanced;Synchronization + заполненная бизнес-роль
saustimenko;Устименко Сергей Александрович (Sergey Ustimenko);ODS Read Finance;Synchronization;BR.Financial.Planning.Advanced;Synchronization + заполненная бизнес-роль
saustimenko;Устименко Сергей Александрович (Sergey Ustimenko);ODS Read Report;Synchronization;BR.Financial.Planning.Advanced;Synchronization + заполненная бизнес-роль
saustimenko;Устименко Сергей Александрович (Sergey Ustimenko);ODS Read RGSSCC;Synchronization;BR.Financial.Planning.Advanced;Synchronization + заполненная бизнес-роль
sfmerenkov;Меренков Степан Филиппович (Stepan Merenkov);ODS Read Auto;Synchronization;BR.Underwriting.Analisys.Junior;Synchronization + заполненная бизнес-роль
skudrjashov;Кудряшов Сергей Александрович (Sergey Kudryashov);EDW All DES;Synchronization;BR.DOB.ITCustomers;Synchronization + заполненная бизнес-роль
skudrjashov;Кудряшов Сергей Александрович (Sergey Kudryashov);EDW Read Core;Synchronization;BR.DOB.ITCustomers;Synchronization + заполненная бизнес-роль
skudrjashov;Кудряшов Сергей Александрович (Sergey Kudryashov);ODS All DES;Synchronization;BR.DOB.ITCustomers;Synchronization + заполненная бизнес-роль
skudrjashov;Кудряшов Сергей Александрович (Sergey Kudryashov);ODS Read ARM4;Synchronization;BR.DOB.ITCustomers;Synchronization + заполненная бизнес-роль
skudrjashov;Кудряшов Сергей Александрович (Sergey Kudryashov);ODS Read BCAPP;Synchronization;BR.DOB.ITCustomers;Synchronization + заполненная бизнес-роль
skudrjashov;Кудряшов Сергей Александрович (Sergey Kudryashov);ODS Read CC;Synchronization;BR.DOB.ITCustomers;Synchronization + заполненная бизнес-роль
skudrjashov;Кудряшов Сергей Александрович (Sergey Kudryashov);ODS Read DMS;Synchronization;BR.DOB.ITCustomers;Synchronization + заполненная бизнес-роль
skudrjashov;Кудряшов Сергей Александрович (Sergey Kudryashov);ODS Read EKIS;Synchronization;BR.DOB.ITCustomers;Synchronization + заполненная бизнес-роль
skudrjashov;Кудряшов Сергей Александрович (Sergey Kudryashov);ODS Read KIAS;Synchronization;BR.DOB.ITCustomers;Synchronization + заполненная бизнес-роль
skudrjashov;Кудряшов Сергей Александрович (Sergey Kudryashov);ODS Read Naumen;Synchronization;BR.DOB.ITCustomers;Synchronization + заполненная бизнес-роль
skudrjashov;Кудряшов Сергей Александрович (Sergey Kudryashov);ODS Read PCAPP;Synchronization;BR.DOB.ITCustomers;Synchronization + заполненная бизнес-роль
skudrjashov;Кудряшов Сергей Александрович (Sergey Kudryashov);ODS Read RGSSCC;Synchronization;BR.DOB.ITCustomers;Synchronization + заполненная бизнес-роль
skudrjashov;Кудряшов Сергей Александрович (Sergey Kudryashov);ODS Read SCR;Synchronization;BR.DOB.ITCustomers;Synchronization + заполненная бизнес-роль
skudrjashov;Кудряшов Сергей Александрович (Sergey Kudryashov);ODS Read Tessa;Synchronization;BR.DOB.ITCustomers;Synchronization + заполненная бизнес-роль
skudrjashov;Кудряшов Сергей Александрович (Sergey Kudryashov);ODS Read UFO;Synchronization;BR.DOB.ITCustomers;Synchronization + заполненная бизнес-роль
skudrjashov;Кудряшов Сергей Александрович (Sergey Kudryashov);ODS Read VIRTU;Synchronization;BR.DOB.ITCustomers;Synchronization + заполненная бизнес-роль
snkomin;Комин Сергей Николаевич (Sergey Komin);EDW All MLDEV19;Synchronization;BR.Underwriting.Analisys.Senior;Synchronization + заполненная бизнес-роль
snkomin;Комин Сергей Николаевич (Sergey Komin);EDW All MLDEV72;Synchronization;BR.Underwriting.Analisys.Senior;Synchronization + заполненная бизнес-роль
snkomin;Комин Сергей Николаевич (Sergey Komin);EDW Read CDI;Synchronization;BR.Underwriting.Analisys.Senior;Synchronization + заполненная бизнес-роль
snkomin;Комин Сергей Николаевич (Sergey Komin);EDW Read Core;Synchronization;BR.Underwriting.Analisys.Senior;Synchronization + заполненная бизнес-роль
snkomin;Комин Сергей Николаевич (Sergey Komin);ODS All Auto;Synchronization;BR.Underwriting.Analisys.Senior;Synchronization + заполненная бизнес-роль
snkomin;Комин Сергей Николаевич (Sergey Komin);ODS All MLDEV19;Synchronization;BR.Underwriting.Analisys.Senior;Synchronization + заполненная бизнес-роль
snkomin;Комин Сергей Николаевич (Sergey Komin);ODS All MLDEV72;Synchronization;BR.Underwriting.Analisys.Senior;Synchronization + заполненная бизнес-роль
snkomin;Комин Сергей Николаевич (Sergey Komin);ODS Read ARM4;Synchronization;BR.Underwriting.Analisys.Senior;Synchronization + заполненная бизнес-роль
snkomin;Комин Сергей Николаевич (Sergey Komin);ODS Read Audatex;Synchronization;BR.Underwriting.Analisys.Senior;Synchronization + заполненная бизнес-роль
snkomin;Комин Сергей Николаевич (Sergey Komin);ODS Read CC;Synchronization;BR.Underwriting.Analisys.Senior;Synchronization + заполненная бизнес-роль
snkomin;Комин Сергей Николаевич (Sergey Komin);ODS Read EKIS;Synchronization;BR.Underwriting.Analisys.Senior;Synchronization + заполненная бизнес-роль
snkomin;Комин Сергей Николаевич (Sergey Komin);ODS Read Equifax;Synchronization;BR.Underwriting.Analisys.Senior;Synchronization + заполненная бизнес-роль
snkomin;Комин Сергей Николаевич (Sergey Komin);ODS Read FOIV;Synchronization;BR.Underwriting.Analisys.Senior;Synchronization + заполненная бизнес-роль
snkomin;Комин Сергей Николаевич (Sergey Komin);ODS Read MFMS;Synchronization;BR.Underwriting.Analisys.Senior;Synchronization + заполненная бизнес-роль
snkomin;Комин Сергей Николаевич (Sergey Komin);ODS Read Mobile;Synchronization;BR.Underwriting.Analisys.Senior;Synchronization + заполненная бизнес-роль
snkomin;Комин Сергей Николаевич (Sergey Komin);ODS Read RGSSCC;Synchronization;BR.Underwriting.Analisys.Senior;Synchronization + заполненная бизнес-роль
snkomin;Комин Сергей Николаевич (Sergey Komin);ODS Read RSAKBM;Synchronization;BR.Underwriting.Analisys.Senior;Synchronization + заполненная бизнес-роль
snkomin;Комин Сергей Николаевич (Sergey Komin);ODS Read Splunk Avtocod;Synchronization;BR.Underwriting.Analisys.Senior;Synchronization + заполненная бизнес-роль
snkomin;Комин Сергей Николаевич (Sergey Komin);ODS Read Splunk KBM;Synchronization;BR.Underwriting.Analisys.Senior;Synchronization + заполненная бизнес-роль
snkomin;Комин Сергей Николаевич (Sergey Komin);ODS Read Transdekra;Synchronization;BR.Underwriting.Analisys.Senior;Synchronization + заполненная бизнес-роль
sochilichihin;Чиличихин Сергей Олегович (Sergey Chilichikhin);EDW Read Core;Synchronization;BR.PartnerBusiness.Technology.Analytic;Synchronization + заполненная бизнес-роль
svshlyapkin;Шляпкин Сергей Владимирович (Sergey Shlyapkin);EDW Unspec Analysis Out;Synchronization;BR.Lawyer.LegalDepartment.ITCustomers.Jira;Synchronization + заполненная бизнес-роль
taalandreeva;Андреева Татьяна Александровна (Tatyana Andreeva);EDW Unspec Analysis Out;Synchronization;BR.Lawyer.USPR;Synchronization + заполненная бизнес-роль
teabel;Абель Татьяна Евгеньевна (Tatyana Abel);EDW All Actuary;Synchronization;BR.Financial.Actuary.ITCustomers.Jira;Synchronization + заполненная бизнес-роль
teabel;Абель Татьяна Евгеньевна (Tatyana Abel);EDW Read Core;Synchronization;BR.Financial.Actuary.ITCustomers.Jira;Synchronization + заполненная бизнес-роль
teabel;Абель Татьяна Евгеньевна (Tatyana Abel);ODS All Actuary;Synchronization;BR.Financial.Actuary.ITCustomers.Jira;Synchronization + заполненная бизнес-роль
teabel;Абель Татьяна Евгеньевна (Tatyana Abel);ODS Read ARM4;Synchronization;BR.Financial.Actuary.ITCustomers.Jira;Synchronization + заполненная бизнес-роль
teabel;Абель Татьяна Евгеньевна (Tatyana Abel);ODS Read CC;Synchronization;BR.Financial.Actuary.ITCustomers.Jira;Synchronization + заполненная бизнес-роль
teabel;Абель Татьяна Евгеньевна (Tatyana Abel);ODS Read EKIS;Synchronization;BR.Financial.Actuary.ITCustomers.Jira;Synchronization + заполненная бизнес-роль
teabel;Абель Татьяна Евгеньевна (Tatyana Abel);ODS Read Report;Synchronization;BR.Financial.Actuary.ITCustomers.Jira;Synchronization + заполненная бизнес-роль
teabel;Абель Татьяна Евгеньевна (Tatyana Abel);ODS Read RGSSCC;Synchronization;BR.Financial.Actuary.ITCustomers.Jira;Synchronization + заполненная бизнес-роль
teabel;Абель Татьяна Евгеньевна (Tatyana Abel);ODS Read SAP;Synchronization;BR.Financial.Actuary.ITCustomers.Jira;Synchronization + заполненная бизнес-роль
tkorotkova;Короткова Татьяна Викторовна (Tatyana Korotkova);ODS Read RGSSCC;Synchronization;BR.Underwriting.Auto.Corp.Jira;Synchronization + заполненная бизнес-роль
tksolomina;Соломина Татьяна Константиновна (Tatyana Solomina);EDW All Actuary;Synchronization;BR.Financial.Actuary.ITCustomers.Jira;Synchronization + заполненная бизнес-роль
tksolomina;Соломина Татьяна Константиновна (Tatyana Solomina);ODS All Actuary;Synchronization;BR.Financial.Actuary.ITCustomers.Jira;Synchronization + заполненная бизнес-роль
tvbozhenkova;Боженкова Татьяна Владимировна (Tatyana Bozhenkova);CBD Read Cdm Analysis;Synchronization;BR.Financial.Planning.Advanced;Synchronization + заполненная бизнес-роль
tvbozhenkova;Боженкова Татьяна Владимировна (Tatyana Bozhenkova);CBD Read Cdm Analysis Ou;Synchronization;BR.Financial.Planning.Advanced,BR.Financial.Planning;Synchronization + заполненная бизнес-роль
tvbozhenkova;Боженкова Татьяна Владимировна (Tatyana Bozhenkova);EDW All Finance;Synchronization;BR.Financial.Planning.Advanced;Synchronization + заполненная бизнес-роль
tvbozhenkova;Боженкова Татьяна Владимировна (Tatyana Bozhenkova);EDW Read Core;Synchronization;BR.Financial.Planning.Advanced,BR.Financial.Planning;Synchronization + заполненная бизнес-роль
tvbozhenkova;Боженкова Татьяна Владимировна (Tatyana Bozhenkova);ODS All Finance;Synchronization;BR.Financial.Planning.Advanced;Synchronization + заполненная бизнес-роль
tvbozhenkova;Боженкова Татьяна Владимировна (Tatyana Bozhenkova);ODS Read Cdm Analysis Out;Synchronization;BR.Financial.Planning.Advanced,BR.Financial.Planning;Synchronization + заполненная бизнес-роль
tvbozhenkova;Боженкова Татьяна Владимировна (Tatyana Bozhenkova);ODS Read DIAS;Synchronization;BR.Financial.Planning.Advanced,BR.Financial.Planning;Synchronization + заполненная бизнес-роль
tvbozhenkova;Боженкова Татьяна Владимировна (Tatyana Bozhenkova);ODS Read Report;Synchronization;BR.Financial.Planning.Advanced,BR.Financial.Planning;Synchronization + заполненная бизнес-роль
tvbozhenkova;Боженкова Татьяна Владимировна (Tatyana Bozhenkova);ODS Read RGSSCC;Synchronization;BR.Financial.Planning.Advanced,BR.Financial.Planning;Synchronization + заполненная бизнес-роль
tvbozhenkova;Боженкова Татьяна Владимировна (Tatyana Bozhenkova);ODS Read SAP;Synchronization;BR.Financial.Planning.Advanced;Synchronization + заполненная бизнес-роль
tvbozhenkova;Боженкова Татьяна Владимировна (Tatyana Bozhenkova);ODS Read XBRL;Synchronization;BR.Financial.Planning.Advanced,BR.Financial.Planning;Synchronization + заполненная бизнес-роль
vakremnev;Кремнев Владимир Александрович (Vladimir Kremnev);DWH Administrator;Synchronization;BR.IT.DUD.DataSenior;Synchronization + заполненная бизнес-роль
vakremnev;Кремнев Владимир Александрович (Vladimir Kremnev);EDW All CDM;Synchronization;BR.IT.DUD.DataSenior;Synchronization + заполненная бизнес-роль
vakremnev;Кремнев Владимир Александрович (Vladimir Kremnev);EDW All Cdm Analysis;Synchronization;BR.IT.DUD.DataSenior;Synchronization + заполненная бизнес-роль
vakremnev;Кремнев Владимир Александрович (Vladimir Kremnev);EDW All Cdm Analysis Out;Synchronization;BR.IT.DUD.DataSenior;Synchronization + заполненная бизнес-роль
vakremnev;Кремнев Владимир Александрович (Vladimir Kremnev);EDW All Core;Synchronization;BR.IT.DUD.DataSenior;Synchronization + заполненная бизнес-роль
vakremnev;Кремнев Владимир Александрович (Vladimir Kremnev);ODS All CDM;Synchronization;BR.IT.DUD.DataSenior;Synchronization + заполненная бизнес-роль
vakremnev;Кремнев Владимир Александрович (Vladimir Kremnev);ODS All Cdm Analysis;Synchronization;BR.IT.DUD.DataSenior;Synchronization + заполненная бизнес-роль
vakremnev;Кремнев Владимир Александрович (Vladimir Kremnev);ODS All Cdm Analysis Out;Synchronization;BR.IT.DUD.DataSenior;Synchronization + заполненная бизнес-роль
vakremnev;Кремнев Владимир Александрович (Vladimir Kremnev);ODS All Report;Synchronization;BR.IT.DUD.DataSenior;Synchronization + заполненная бизнес-роль
vakremnev;Кремнев Владимир Александрович (Vladimir Kremnev);ODS All SAP;Synchronization;BR.IT.DUD.DataSenior;Synchronization + заполненная бизнес-роль
vatsvetkova;Цветкова Виктория Андреевна (Viktoriya Tsvetkova);EDW All CCU;Synchronization;BR.IT.DUD.DataDeveloper;Synchronization + заполненная бизнес-роль
vatsvetkova;Цветкова Виктория Андреевна (Viktoriya Tsvetkova);EDW All MLDEV19;Synchronization;BR.IT.DUD.DataDeveloper;Synchronization + заполненная бизнес-роль
vatsvetkova;Цветкова Виктория Андреевна (Viktoriya Tsvetkova);EDW All MLDEV72;Synchronization;BR.IT.DUD.DataDeveloper;Synchronization + заполненная бизнес-роль
vatsvetkova;Цветкова Виктория Андреевна (Viktoriya Tsvetkova);EDW Read Core;Synchronization;BR.IT.DUD.DataDeveloper;Synchronization + заполненная бизнес-роль
vatsvetkova;Цветкова Виктория Андреевна (Viktoriya Tsvetkova);ODS All CCU;Synchronization;BR.IT.DUD.DataDeveloper;Synchronization + заполненная бизнес-роль
vatsvetkova;Цветкова Виктория Андреевна (Viktoriya Tsvetkova);ODS All MLDEV19;Synchronization;BR.IT.DUD.DataDeveloper;Synchronization + заполненная бизнес-роль
vatsvetkova;Цветкова Виктория Андреевна (Viktoriya Tsvetkova);ODS All MLDEV72;Synchronization;BR.IT.DUD.DataDeveloper;Synchronization + заполненная бизнес-роль
vatsvetkova;Цветкова Виктория Андреевна (Viktoriya Tsvetkova);ODS Read Cdm Analysis Out;Synchronization;BR.IT.DUD.DataDeveloper;Synchronization + заполненная бизнес-роль
vatsvetkova;Цветкова Виктория Андреевна (Viktoriya Tsvetkova);ODS Read DMS;Synchronization;BR.IT.DUD.DataDeveloper;Synchronization + заполненная бизнес-роль
vatsvetkova;Цветкова Виктория Андреевна (Viktoriya Tsvetkova);ODS Read LK;Synchronization;BR.IT.DUD.DataDeveloper;Synchronization + заполненная бизнес-роль
vatsvetkova;Цветкова Виктория Андреевна (Viktoriya Tsvetkova);ODS Read Naumen;Synchronization;BR.IT.DUD.DataDeveloper;Synchronization + заполненная бизнес-роль
vatsvetkova;Цветкова Виктория Андреевна (Viktoriya Tsvetkova);ODS Read PCAPP;Synchronization;BR.IT.DUD.DataDeveloper;Synchronization + заполненная бизнес-роль
vatsvetkova;Цветкова Виктория Андреевна (Viktoriya Tsvetkova);ODS Read RGSSCC;Synchronization;BR.IT.DUD.DataDeveloper;Synchronization + заполненная бизнес-роль
vsbarykov;Барыков Владимир Сергеевич (Vladimir Barykov);ADB Read Core;Synchronization;BR.IT.DUD.DataAnalyst;Synchronization + заполненная бизнес-роль
vsbarykov;Барыков Владимир Сергеевич (Vladimir Barykov);ADBT Read Core;Synchronization;BR.IT.DUD.DataAnalyst;Synchronization + заполненная бизнес-роль
vsbarykov;Барыков Владимир Сергеевич (Vladimir Barykov);EDW Read DQ;Synchronization;BR.IT.DUD.DataAnalyst;Synchronization + заполненная бизнес-роль
ysbudakyan;Будакян Ян Сергеевич (Yan Budakyan);EDW All MLDEV19;Synchronization;BR.EXT.Cinimex;Synchronization + заполненная бизнес-роль
ysbudakyan;Будакян Ян Сергеевич (Yan Budakyan);EDW All MLDEV72;Synchronization;BR.EXT.Cinimex;Synchronization + заполненная бизнес-роль
ysbudakyan;Будакян Ян Сергеевич (Yan Budakyan);EDW Read Core;Synchronization;BR.EXT.Cinimex;Synchronization + заполненная бизнес-роль
ysbudakyan;Будакян Ян Сергеевич (Yan Budakyan);ODS All MLDEV19;Synchronization;BR.EXT.Cinimex;Synchronization + заполненная бизнес-роль
ysbudakyan;Будакян Ян Сергеевич (Yan Budakyan);ODS All MLDEV72;Synchronization;BR.EXT.Cinimex;Synchronization + заполненная бизнес-роль
ysbudakyan;Будакян Ян Сергеевич (Yan Budakyan);ODS Read Audatex;Synchronization;BR.EXT.Cinimex;Synchronization + заполненная бизнес-роль
ysbudakyan;Будакян Ян Сергеевич (Yan Budakyan);ODS Read CC;Synchronization;BR.EXT.Cinimex;Synchronization + заполненная бизнес-роль
ysbudakyan;Будакян Ян Сергеевич (Yan Budakyan);ODS Read Equifax;Synchronization;BR.EXT.Cinimex;Synchronization + заполненная бизнес-роль
ysbudakyan;Будакян Ян Сергеевич (Yan Budakyan);ODS Read FOIV;Synchronization;BR.EXT.Cinimex;Synchronization + заполненная бизнес-роль
ysbudakyan;Будакян Ян Сергеевич (Yan Budakyan);ODS Read LK;Synchronization;BR.EXT.Cinimex;Synchronization + заполненная бизнес-роль
ysbudakyan;Будакян Ян Сергеевич (Yan Budakyan);ODS Read RSAKBM;Synchronization;BR.EXT.Cinimex;Synchronization + заполненная бизнес-роль
ysbudakyan;Будакян Ян Сергеевич (Yan Budakyan);ODS Unspec Property;Synchronization;BR.EXT.Cinimex;Synchronization + заполненная бизнес-роль
yuesyutkina;Есюткина Любовь Юрьевна (Lyubov Esyutkina);DWH Developer;Synchronization;BR.IT.DUD.DataMartAnalyst;Synchronization + заполненная бизнес-роль
yuesyutkina;Есюткина Любовь Юрьевна (Lyubov Esyutkina);EDW Read AISZHL;Synchronization;BR.IT.DUD.DataMartAnalyst;Synchronization + заполненная бизнес-роль
