login;Name;group;source;business_role;comment
aaadomavichyus;Адомавичюс Артур Арунасович (Artur Adomavichyus);ADB Owner Dm msfo17;Synchronization;;Synchronization + пустая бизнес-роль
aaadomavichyus;Адомавичюс Артур Арунасович (Artur Adomavichyus);ADB Write Dm msfo17;Synchronization;;Synchronization + пустая бизнес-роль
aaadomavichyus;Адомавичюс Артур Арунасович (Artur Adomavichyus);ADBT Owner Dm msfo17;Synchronization;;Synchronization + пустая бизнес-роль
aaadomavichyus;Адомавичюс Артур Арунасович (Artur Adomavichyus);ADBT Write Dm msfo17;Synchronization;;Synchronization + пустая бизнес-роль
aaalimov;Алимов Андрей Александрович (Andrey Alimov);EDW Read CDI;Synchronization;;Synchronization + пустая бизнес-роль
aaalimov;Алимов Андрей Александрович (Andrey Alimov);ODS All Auto;Synchronization;;Synchronization + пустая бизнес-роль
aaalimov;Алимов Андрей Александрович (Andrey Alimov);ODS Read Boss 1;Synchronization;;Synchronization + пустая бизнес-роль
aaalimov;Алимов Андрей Александрович (Andrey Alimov);ODS Read Splunk UFO;Synchronization;;Synchronization + пустая бизнес-роль
aaarutyunov;Арутюнов Александр Арамович (Aleksandr Arutyunov);EDW Read RB;Synchronization;;Synchronization + пустая бизнес-роль
aaarutyunov;Арутюнов Александр Арамович (Aleksandr Arutyunov);EDW Unspec Analysis;Synchronization;;Synchronization + пустая бизнес-роль
aaarutyunov;Арутюнов Александр Арамович (Aleksandr Arutyunov);EDW Unspec Analysis Out;Synchronization;;Synchronization + пустая бизнес-роль
aaarutyunov;Арутюнов Александр Арамович (Aleksandr Arutyunov);ODS Read Cdm Analysis Out;Synchronization;;Synchronization + пустая бизнес-роль
aabatov;Батов Алексей Александрович (Aleksey Batov);ODS Read Finance;Synchronization;;Synchronization + пустая бизнес-роль
aabazaev;Базаев Алексей Александрович (Aleksey Bazaev);ART Данные поезд-1-94909927;Synchronization;;Synchronization + пустая бизнес-роль
aabazaev;Базаев Алексей Александрович (Aleksey Bazaev);DWH Replicator;Synchronization;;Synchronization + пустая бизнес-роль
aabazaev;Базаев Алексей Александрович (Aleksey Bazaev);EDW Read CDM;Synchronization;;Synchronization + пустая бизнес-роль
aabazaev;Базаев Алексей Александрович (Aleksey Bazaev);ODS All fb781p;Synchronization;;Synchronization + пустая бизнес-роль
aabazaev;Базаев Алексей Александрович (Aleksey Bazaev);ODS All XBRL;Synchronization;;Synchronization + пустая бизнес-роль
aabazaev;Базаев Алексей Александрович (Aleksey Bazaev);ODS Read ARCtrl;Synchronization;;Synchronization + пустая бизнес-роль
aabazaev;Базаев Алексей Александрович (Aleksey Bazaev);ODS Read Boss 1;Synchronization;;Synchronization + пустая бизнес-роль
aabazaev;Базаев Алексей Александрович (Aleksey Bazaev);ODS Read DIAS;Synchronization;;Synchronization + пустая бизнес-роль
aabazaev;Базаев Алексей Александрович (Aleksey Bazaev);ODS Read Report;Synchronization;;Synchronization + пустая бизнес-роль
aachernobrovkin;Чернобровкин Анатолий Андреевич (Anatoliy Chernobrovkin);ART Данные поезд-1-94909927;Synchronization;;Synchronization + пустая бизнес-роль
aachervina;Червина Анна Александровна (Anna Chervina);ART Partners. Business Development-1-1758448165;Synchronization;;Synchronization + пустая бизнес-роль
aaelkin;Ёлкин Антон Андреевич (Anton Elkin);EDW All CCU;Synchronization;;Synchronization + пустая бизнес-роль
aafedorov;Федоров Алексей Анатольевич (Aleksey Fedorov);EDW Read CDI;Synchronization;;Synchronization + пустая бизнес-роль
aafedorov;Федоров Алексей Анатольевич (Aleksey Fedorov);EDW Unspec Analysis Out;Synchronization;;Synchronization + пустая бизнес-роль
aafedorov;Федоров Алексей Анатольевич (Aleksey Fedorov);ODS Read ARM4;Synchronization;;Synchronization + пустая бизнес-роль
aafedorov;Федоров Алексей Анатольевич (Aleksey Fedorov);ODS Read BCAPP;Synchronization;;Synchronization + пустая бизнес-роль
aafedorov;Федоров Алексей Анатольевич (Aleksey Fedorov);ODS Read CC;Synchronization;;Synchronization + пустая бизнес-роль
aafedorov;Федоров Алексей Анатольевич (Aleksey Fedorov);ODS Read EKIS;Synchronization;;Synchronization + пустая бизнес-роль
aafedorov;Федоров Алексей Анатольевич (Aleksey Fedorov);ODS Read PCAPP;Synchronization;;Synchronization + пустая бизнес-роль
aafedorov;Федоров Алексей Анатольевич (Aleksey Fedorov);ODS Read RGSJ;Synchronization;;Synchronization + пустая бизнес-роль
aafedorov;Федоров Алексей Анатольевич (Aleksey Fedorov);ODS Read RI;Synchronization;;Synchronization + пустая бизнес-роль
aafedorov;Федоров Алексей Анатольевич (Aleksey Fedorov);ODS Read SAP;Synchronization;;Synchronization + пустая бизнес-роль
aafedorov;Федоров Алексей Анатольевич (Aleksey Fedorov);ODS Read VIRTU;Synchronization;;Synchronization + пустая бизнес-роль
aafedorov;Федоров Алексей Анатольевич (Aleksey Fedorov);ODS Unspec Auto;Synchronization;;Synchronization + пустая бизнес-роль
aafeduleeva;Федулеева Анастасия Александровна (Anastasiya Feduleeva);EDW All Core;Synchronization;;Synchronization + пустая бизнес-роль
aafeduleeva;Федулеева Анастасия Александровна (Anastasiya Feduleeva);EDW Read Core;Synchronization;;Synchronization + пустая бизнес-роль
aafeduleeva;Федулеева Анастасия Александровна (Anastasiya Feduleeva);ODS All Auto;Synchronization;;Synchronization + пустая бизнес-роль
aafeduleeva;Федулеева Анастасия Александровна (Anastasiya Feduleeva);ODS Read RGSSCC;Synchronization;;Synchronization + пустая бизнес-роль
aagorbatov;Горбатов Александр Александрович (Aleksandr Gorbatov);DWH User;Synchronization;;Synchronization + пустая бизнес-роль
aagorbatov;Горбатов Александр Александрович (Aleksandr Gorbatov);EDW All MLDEV19;Synchronization;;Synchronization + пустая бизнес-роль
aagorbatov;Горбатов Александр Александрович (Aleksandr Gorbatov);EDW All MLDEV72;Synchronization;;Synchronization + пустая бизнес-роль
aagorbatov;Горбатов Александр Александрович (Aleksandr Gorbatov);EDW Read CDI;Synchronization;;Synchronization + пустая бизнес-роль
aagorbatov;Горбатов Александр Александрович (Aleksandr Gorbatov);EDW Read CDM;Synchronization;;Synchronization + пустая бизнес-роль
aagorbatov;Горбатов Александр Александрович (Aleksandr Gorbatov);EDW Read Cdm Analysis Out;Synchronization;;Synchronization + пустая бизнес-роль
aagorbatov;Горбатов Александр Александрович (Aleksandr Gorbatov);EDW Read Core;Synchronization;;Synchronization + пустая бизнес-роль
aagorbatov;Горбатов Александр Александрович (Aleksandr Gorbatov);EDW Unspec Analysis;Synchronization;;Synchronization + пустая бизнес-роль
aagorbatov;Горбатов Александр Александрович (Aleksandr Gorbatov);EDW Unspec Analysis Out;Synchronization;;Synchronization + пустая бизнес-роль
aagorbatov;Горбатов Александр Александрович (Aleksandr Gorbatov);ODS All Actuary;Synchronization;;Synchronization + пустая бизнес-роль
aagorbatov;Горбатов Александр Александрович (Aleksandr Gorbatov);ODS All Auto;Synchronization;;Synchronization + пустая бизнес-роль
aagorbatov;Горбатов Александр Александрович (Aleksandr Gorbatov);ODS All MLDEV19;Synchronization;;Synchronization + пустая бизнес-роль
aagorbatov;Горбатов Александр Александрович (Aleksandr Gorbatov);ODS All MLDEV72;Synchronization;;Synchronization + пустая бизнес-роль
aagorbatov;Горбатов Александр Александрович (Aleksandr Gorbatov);ODS All Property;Synchronization;;Synchronization + пустая бизнес-роль
aagorbatov;Горбатов Александр Александрович (Aleksandr Gorbatov);ODS Read ARCtrl;Synchronization;;Synchronization + пустая бизнес-роль
aagorbatov;Горбатов Александр Александрович (Aleksandr Gorbatov);ODS Read ARM4;Synchronization;;Synchronization + пустая бизнес-роль
aagorbatov;Горбатов Александр Александрович (Aleksandr Gorbatov);ODS Read Audatex;Synchronization;;Synchronization + пустая бизнес-роль
aagorbatov;Горбатов Александр Александрович (Aleksandr Gorbatov);ODS Read BCAPP;Synchronization;;Synchronization + пустая бизнес-роль
aagorbatov;Горбатов Александр Александрович (Aleksandr Gorbatov);ODS Read CC;Synchronization;;Synchronization + пустая бизнес-роль
aagorbatov;Горбатов Александр Александрович (Aleksandr Gorbatov);ODS Read EKIS;Synchronization;;Synchronization + пустая бизнес-роль
aagorbatov;Горбатов Александр Александрович (Aleksandr Gorbatov);ODS Read Equifax;Synchronization;;Synchronization + пустая бизнес-роль
aagorbatov;Горбатов Александр Александрович (Aleksandr Gorbatov);ODS Read FOIV;Synchronization;;Synchronization + пустая бизнес-роль
aagorbatov;Горбатов Александр Александрович (Aleksandr Gorbatov);ODS Read Insbridge;Synchronization;;Synchronization + пустая бизнес-роль
aagorbatov;Горбатов Александр Александрович (Aleksandr Gorbatov);ODS Read LK;Synchronization;;Synchronization + пустая бизнес-роль
aagorbatov;Горбатов Александр Александрович (Aleksandr Gorbatov);ODS Read MFMS;Synchronization;;Synchronization + пустая бизнес-роль
aagorbatov;Горбатов Александр Александрович (Aleksandr Gorbatov);ODS Read Mobile;Synchronization;;Synchronization + пустая бизнес-роль
aagorbatov;Горбатов Александр Александрович (Aleksandr Gorbatov);ODS Read PCAPP;Synchronization;;Synchronization + пустая бизнес-роль
aagorbatov;Горбатов Александр Александрович (Aleksandr Gorbatov);ODS Read Property;Synchronization;;Synchronization + пустая бизнес-роль
aagorbatov;Горбатов Александр Александрович (Aleksandr Gorbatov);ODS Read Report;Synchronization;;Synchronization + пустая бизнес-роль
aagorbatov;Горбатов Александр Александрович (Aleksandr Gorbatov);ODS Read RGSJ;Synchronization;;Synchronization + пустая бизнес-роль
aagorbatov;Горбатов Александр Александрович (Aleksandr Gorbatov);ODS Read RGSSCC;Synchronization;;Synchronization + пустая бизнес-роль
aagorbatov;Горбатов Александр Александрович (Aleksandr Gorbatov);ODS Read RSAKBM;Synchronization;;Synchronization + пустая бизнес-роль
aagorbatov;Горбатов Александр Александрович (Aleksandr Gorbatov);ODS Read SAP;Synchronization;;Synchronization + пустая бизнес-роль
aagorbatov;Горбатов Александр Александрович (Aleksandr Gorbatov);ODS Read Splunk Avtocod;Synchronization;;Synchronization + пустая бизнес-роль
aagorbatov;Горбатов Александр Александрович (Aleksandr Gorbatov);ODS Read Splunk KBM;Synchronization;;Synchronization + пустая бизнес-роль
aagorbatov;Горбатов Александр Александрович (Aleksandr Gorbatov);ODS Read Splunk UFO;Synchronization;;Synchronization + пустая бизнес-роль
aagorbatov;Горбатов Александр Александрович (Aleksandr Gorbatov);ODS Read Transdekra;Synchronization;;Synchronization + пустая бизнес-роль
aagorbatov;Горбатов Александр Александрович (Aleksandr Gorbatov);ODS Read UFO;Synchronization;;Synchronization + пустая бизнес-роль
aagorbatov;Горбатов Александр Александрович (Aleksandr Gorbatov);ODS Unspec Analysis;Synchronization;;Synchronization + пустая бизнес-роль
aagorbatov;Горбатов Александр Александрович (Aleksandr Gorbatov);ODS Unspec Analysis Out;Synchronization;;Synchronization + пустая бизнес-роль
aagorbatov;Горбатов Александр Александрович (Aleksandr Gorbatov);ODS Unspec Auto;Synchronization;;Synchronization + пустая бизнес-роль
aagorbatov;Горбатов Александр Александрович (Aleksandr Gorbatov);ODS Unspecified;Synchronization;;Synchronization + пустая бизнес-роль
aagrigorev;Григорьев Александр Александрович (Aleksandr Grigorev);ODS All Auto;Synchronization;;Synchronization + пустая бизнес-роль
aagrigorev;Григорьев Александр Александрович (Aleksandr Grigorev);ODS All Property;Synchronization;;Synchronization + пустая бизнес-роль
aakholopova;Холопова Ангелина Алексеевна (Angelina Kholopova);EDW All CCU;Synchronization;;Synchronization + пустая бизнес-роль
aakholopova;Холопова Ангелина Алексеевна (Angelina Kholopova);EDW Read CDI;Synchronization;;Synchronization + пустая бизнес-роль
aakholopova;Холопова Ангелина Алексеевна (Angelina Kholopova);EDW Read Core;Synchronization;;Synchronization + пустая бизнес-роль
aakholopova;Холопова Ангелина Алексеевна (Angelina Kholopova);EDW Read RB;Synchronization;;Synchronization + пустая бизнес-роль
aakholopova;Холопова Ангелина Алексеевна (Angelina Kholopova);ODS Read ARM4;Synchronization;;Synchronization + пустая бизнес-роль
aakholopova;Холопова Ангелина Алексеевна (Angelina Kholopova);ODS Read Boss 1;Synchronization;;Synchronization + пустая бизнес-роль
aakholopova;Холопова Ангелина Алексеевна (Angelina Kholopova);ODS Read CC;Synchronization;;Synchronization + пустая бизнес-роль
aakholopova;Холопова Ангелина Алексеевна (Angelina Kholopova);ODS Read DMS;Synchronization;;Synchronization + пустая бизнес-роль
aakholopova;Холопова Ангелина Алексеевна (Angelina Kholopova);ODS Read EKIS;Synchronization;;Synchronization + пустая бизнес-роль
aakholopova;Холопова Ангелина Алексеевна (Angelina Kholopova);ODS Read Finance;Synchronization;;Synchronization + пустая бизнес-роль
aakholopova;Холопова Ангелина Алексеевна (Angelina Kholopova);ODS Read LK;Synchronization;;Synchronization + пустая бизнес-роль
aakholopova;Холопова Ангелина Алексеевна (Angelina Kholopova);ODS Read Naumen;Synchronization;;Synchronization + пустая бизнес-роль
aakholopova;Холопова Ангелина Алексеевна (Angelina Kholopova);ODS Read PCAPP;Synchronization;;Synchronization + пустая бизнес-роль
aakholopova;Холопова Ангелина Алексеевна (Angelina Kholopova);ODS Read Report;Synchronization;;Synchronization + пустая бизнес-роль
aakholopova;Холопова Ангелина Алексеевна (Angelina Kholopova);ODS Read RGSSCC;Synchronization;;Synchronization + пустая бизнес-роль
aakholopova;Холопова Ангелина Алексеевна (Angelina Kholopova);ODS Unspec Auto;Synchronization;;Synchronization + пустая бизнес-роль
aakilmaev;Кильмаев Алексей Алексеевич (Aleksey Kilmaev);ODS Read ARM4;Synchronization;;Synchronization + пустая бизнес-роль
aakilmaev;Кильмаев Алексей Алексеевич (Aleksey Kilmaev);ODS Read CC;Synchronization;;Synchronization + пустая бизнес-роль
aakilmaev;Кильмаев Алексей Алексеевич (Aleksey Kilmaev);ODS Read EKIS;Synchronization;;Synchronization + пустая бизнес-роль
aakilmaev;Кильмаев Алексей Алексеевич (Aleksey Kilmaev);ODS Read RGSSCC;Synchronization;;Synchronization + пустая бизнес-роль
aakitsenko;Киценко Андрей Александрович (Andrey Kitsenko);DWH Developer;Synchronization;;Synchronization + пустая бизнес-роль
aakizrina;Кизрина Алёна Алексеевна (Alena Kizrina);ART Partners. ЦПП API-11272902660;Synchronization;;Synchronization + пустая бизнес-роль
aaklochkov;Клочков Александр Андреевич (Aleksandr Klochkov);EDW All RB;Synchronization;;Synchronization + пустая бизнес-роль
aaklochkov;Клочков Александр Андреевич (Aleksandr Klochkov);EDW Read CDI;Synchronization;;Synchronization + пустая бизнес-роль
aaklochkov;Клочков Александр Андреевич (Aleksandr Klochkov);EDW Read Core;Synchronization;;Synchronization + пустая бизнес-роль
aaklochkov;Клочков Александр Андреевич (Aleksandr Klochkov);EDW Unspec Analysis;Synchronization;;Synchronization + пустая бизнес-роль
aaklochkov;Клочков Александр Андреевич (Aleksandr Klochkov);EDW Unspec Analysis Out;Synchronization;;Synchronization + пустая бизнес-роль
aaklochkov;Клочков Александр Андреевич (Aleksandr Klochkov);ODS Read ARM4;Synchronization;;Synchronization + пустая бизнес-роль
aaklochkov;Клочков Александр Андреевич (Aleksandr Klochkov);ODS Read BCAPP;Synchronization;;Synchronization + пустая бизнес-роль
aaklochkov;Клочков Александр Андреевич (Aleksandr Klochkov);ODS Read CC;Synchronization;;Synchronization + пустая бизнес-роль
aaklochkov;Клочков Александр Андреевич (Aleksandr Klochkov);ODS Read EKIS;Synchronization;;Synchronization + пустая бизнес-роль
aaklochkov;Клочков Александр Андреевич (Aleksandr Klochkov);ODS Read Finance;Synchronization;;Synchronization + пустая бизнес-роль
aaklochkov;Клочков Александр Андреевич (Aleksandr Klochkov);ODS Read PCAPP;Synchronization;;Synchronization + пустая бизнес-роль
aaklochkov;Клочков Александр Андреевич (Aleksandr Klochkov);ODS Read Report;Synchronization;;Synchronization + пустая бизнес-роль
aaklochkov;Клочков Александр Андреевич (Aleksandr Klochkov);ODS Read RGSJ;Synchronization;;Synchronization + пустая бизнес-роль
aaklochkov;Клочков Александр Андреевич (Aleksandr Klochkov);ODS Read RGSSCC;Synchronization;;Synchronization + пустая бизнес-роль
aaklochkov;Клочков Александр Андреевич (Aleksandr Klochkov);ODS Read RI;Synchronization;;Synchronization + пустая бизнес-роль
aaklochkov;Клочков Александр Андреевич (Aleksandr Klochkov);ODS Read SAP;Synchronization;;Synchronization + пустая бизнес-роль
aaklochkov;Клочков Александр Андреевич (Aleksandr Klochkov);ODS Read VIRTU;Synchronization;;Synchronization + пустая бизнес-роль
aaklochkov;Клочков Александр Андреевич (Aleksandr Klochkov);ODS Unspec Analysis;Synchronization;;Synchronization + пустая бизнес-роль
aaklochkov;Клочков Александр Андреевич (Aleksandr Klochkov);ODS Unspec Analysis Out;Synchronization;;Synchronization + пустая бизнес-роль
aaklochkov;Клочков Александр Андреевич (Aleksandr Klochkov);ODS Unspec Auto;Synchronization;;Synchronization + пустая бизнес-роль
aaklochkov;Клочков Александр Андреевич (Aleksandr Klochkov);ODS Unspec Property;Synchronization;;Synchronization + пустая бизнес-роль
aakolomyytseva;Коломыйцева Арина Александровна (Arina Kolomyytseva);DWH Developer;Synchronization;;Synchronization + пустая бизнес-роль
aakolomyytseva;Коломыйцева Арина Александровна (Arina Kolomyytseva);EDW All CCU;Synchronization;;Synchronization + пустая бизнес-роль
aakolomyytseva;Коломыйцева Арина Александровна (Arina Kolomyytseva);EDW Read CDI;Synchronization;;Synchronization + пустая бизнес-роль
aakolomyytseva;Коломыйцева Арина Александровна (Arina Kolomyytseva);EDW Read Core;Synchronization;;Synchronization + пустая бизнес-роль
aakolomyytseva;Коломыйцева Арина Александровна (Arina Kolomyytseva);ODS All CCU;Synchronization;;Synchronization + пустая бизнес-роль
aakolomyytseva;Коломыйцева Арина Александровна (Arina Kolomyytseva);ODS Read ARM4;Synchronization;;Synchronization + пустая бизнес-роль
aakolomyytseva;Коломыйцева Арина Александровна (Arina Kolomyytseva);ODS Read Boss 1;Synchronization;;Synchronization + пустая бизнес-роль
aakolomyytseva;Коломыйцева Арина Александровна (Arina Kolomyytseva);ODS Read CC;Synchronization;;Synchronization + пустая бизнес-роль
aakolomyytseva;Коломыйцева Арина Александровна (Arina Kolomyytseva);ODS Read EKIS;Synchronization;;Synchronization + пустая бизнес-роль
aakolomyytseva;Коломыйцева Арина Александровна (Arina Kolomyytseva);ODS Read Naumen;Synchronization;;Synchronization + пустая бизнес-роль
aakolomyytseva;Коломыйцева Арина Александровна (Arina Kolomyytseva);ODS Read PCAPP;Synchronization;;Synchronization + пустая бизнес-роль
aakolomyytseva;Коломыйцева Арина Александровна (Arina Kolomyytseva);ODS Read RGSSCC;Synchronization;;Synchronization + пустая бизнес-роль
aakotelnikov;Котельников Алексей Александрович (Aleksey Kotelnikov);ODS Read XBRL;Synchronization;;Synchronization + пустая бизнес-роль
aakudryashova;Кудряшова Алла Александровна (Alla Kudryashova);ODS Read BCAPP;Synchronization;;Synchronization + пустая бизнес-роль
aakudryashova;Кудряшова Алла Александровна (Alla Kudryashova);ODS Read PCAPP;Synchronization;;Synchronization + пустая бизнес-роль
aakudryashova;Кудряшова Алла Александровна (Alla Kudryashova);ODS Read Splunk UFO;Synchronization;;Synchronization + пустая бизнес-роль
aakudryashova;Кудряшова Алла Александровна (Alla Kudryashova);ODS Read UFO;Synchronization;;Synchronization + пустая бизнес-роль
aalafanasev;Афанасьев Андрей Александрович (Andrey Afanasev);EDW Read Core;Synchronization;;Synchronization + пустая бизнес-роль
aalafanasev;Афанасьев Андрей Александрович (Andrey Afanasev);EDW Read SCOP;Synchronization;;Synchronization + пустая бизнес-роль
aalafanasev;Афанасьев Андрей Александрович (Andrey Afanasev);ODS All Operation;Synchronization;;Synchronization + пустая бизнес-роль
aalafanasev;Афанасьев Андрей Александрович (Andrey Afanasev);ODS Read ARM4;Synchronization;;Synchronization + пустая бизнес-роль
aalafanasev;Афанасьев Андрей Александрович (Andrey Afanasev);ODS Read BCAPP;Synchronization;;Synchronization + пустая бизнес-роль
aalafanasev;Афанасьев Андрей Александрович (Andrey Afanasev);ODS Read EKIS;Synchronization;;Synchronization + пустая бизнес-роль
aalafanasev;Афанасьев Андрей Александрович (Andrey Afanasev);ODS Read KIAS;Synchronization;;Synchronization + пустая бизнес-роль
aalafanasev;Афанасьев Андрей Александрович (Andrey Afanasev);ODS Read Naumen;Synchronization;;Synchronization + пустая бизнес-роль
aalafanasev;Афанасьев Андрей Александрович (Andrey Afanasev);ODS Read PCAPP;Synchronization;;Synchronization + пустая бизнес-роль
aalafanasev;Афанасьев Андрей Александрович (Andrey Afanasev);ODS Read RGSSCC;Synchronization;;Synchronization + пустая бизнес-роль
aalafanasev;Афанасьев Андрей Александрович (Andrey Afanasev);ODS Read SCOP;Synchronization;;Synchronization + пустая бизнес-роль
aalafanasev;Афанасьев Андрей Александрович (Andrey Afanasev);ODS Read SCR;Synchronization;;Synchronization + пустая бизнес-роль
aalafanasev;Афанасьев Андрей Александрович (Andrey Afanasev);ODS Read Tessa;Synchronization;;Synchronization + пустая бизнес-роль
aalyubimov;Любимов Андрей Александрович (Andrey Lyubimov);ODS Read ARM4;Synchronization;;Synchronization + пустая бизнес-роль
aalyubimov;Любимов Андрей Александрович (Andrey Lyubimov);ODS Read BCAPP;Synchronization;;Synchronization + пустая бизнес-роль
aalyubimov;Любимов Андрей Александрович (Andrey Lyubimov);ODS Read Boss 1;Synchronization;;Synchronization + пустая бизнес-роль
aalyubimov;Любимов Андрей Александрович (Andrey Lyubimov);ODS Read EKIS;Synchronization;;Synchronization + пустая бизнес-роль
aalyubimov;Любимов Андрей Александрович (Andrey Lyubimov);ODS Read KIAS;Synchronization;;Synchronization + пустая бизнес-роль
aalyubimov;Любимов Андрей Александрович (Andrey Lyubimov);ODS Read Naumen;Synchronization;;Synchronization + пустая бизнес-роль
aalyubimov;Любимов Андрей Александрович (Andrey Lyubimov);ODS Read PCAPP;Synchronization;;Synchronization + пустая бизнес-роль
aalyubimov;Любимов Андрей Александрович (Andrey Lyubimov);ODS Read SAP;Synchronization;;Synchronization + пустая бизнес-роль
aamalaev;Малаев Адият Абуталифович (Adiyat Malaev);EDW Read Actuary;Synchronization;;Synchronization + пустая бизнес-роль
aamalaev;Малаев Адият Абуталифович (Adiyat Malaev);EDW Unspec Analysis Out;Synchronization;;Synchronization + пустая бизнес-роль
aamalaev;Малаев Адият Абуталифович (Adiyat Malaev);ODS Read Actuary;Synchronization;;Synchronization + пустая бизнес-роль
aamalaev;Малаев Адият Абуталифович (Adiyat Malaev);ODS Read XBRL;Synchronization;;Synchronization + пустая бизнес-роль
aamalaev;Малаев Адият Абуталифович (Adiyat Malaev);ODS Unspec Analysis Out;Synchronization;;Synchronization + пустая бизнес-роль
aamalikov;Маликов Андрей Александрович (Andrey Malikov);ART Персонал (PO команд)-11991781086;Synchronization;;Synchronization + пустая бизнес-роль
aamalikov;Маликов Андрей Александрович (Andrey Malikov);ART Персонал (Весь поезд)art_hr@rgs.ru-12089312808;Synchronization;;Synchronization + пустая бизнес-роль
aamalikov;Маликов Андрей Александрович (Andrey Malikov);ART Персонал (Менеджмент поезда)-11742115441;Synchronization;;Synchronization + пустая бизнес-роль
aamalikov;Маликов Андрей Александрович (Andrey Malikov);EDW Read Core;Synchronization;;Synchronization + пустая бизнес-роль
aamalikov;Маликов Андрей Александрович (Andrey Malikov);EDW Unspec Analysis Out;Synchronization;;Synchronization + пустая бизнес-роль
aamalikov;Маликов Андрей Александрович (Andrey Malikov);ODS Read Boss 1;Synchronization;;Synchronization + пустая бизнес-роль
aamalikov;Маликов Андрей Александрович (Andrey Malikov);ODS Read Boss 2;Synchronization;;Synchronization + пустая бизнес-роль
aamalikov;Маликов Андрей Александрович (Andrey Malikov);ODS Read ESTAFF;Synchronization;;Synchronization + пустая бизнес-роль
aamalikov;Маликов Андрей Александрович (Andrey Malikov);ODS Read RGSSCC;Synchronization;;Synchronization + пустая бизнес-роль
aamalikov;Маликов Андрей Александрович (Andrey Malikov);ODS Read SAP;Synchronization;;Synchronization + пустая бизнес-роль
aamalikov;Маликов Андрей Александрович (Andrey Malikov);ODS Read WT;Synchronization;;Synchronization + пустая бизнес-роль
aamalikov;Маликов Андрей Александрович (Andrey Malikov);ODS Unspec Analysis Out;Synchronization;;Synchronization + пустая бизнес-роль
aamayraslova;Майраслова Алена Алексеевна (Alena Mayraslova);EDW Read RB;Synchronization;;Synchronization + пустая бизнес-роль
aanakhalov;Нахалов Андрей Андреевич (Andrey Nakhalov);ODS Read Auto;Synchronization;;Synchronization + пустая бизнес-роль
aanpetrov;Петров Алексей Анатольевич (Aleksey Petrov);ART Данные лид-11605388543;Synchronization;;Synchronization + пустая бизнес-роль
aaosadchiy;Осадчий Артем Александрович (Artem Osadchiy);ODS All Auto;Synchronization;;Synchronization + пустая бизнес-роль
aaosadchiy;Осадчий Артем Александрович (Artem Osadchiy);ODS Read ARM4;Synchronization;;Synchronization + пустая бизнес-роль
aaosadchiy;Осадчий Артем Александрович (Artem Osadchiy);ODS Read CC;Synchronization;;Synchronization + пустая бизнес-роль
aaosadchiy;Осадчий Артем Александрович (Artem Osadchiy);ODS Read EKIS;Synchronization;;Synchronization + пустая бизнес-роль
aaosadchiy;Осадчий Артем Александрович (Artem Osadchiy);ODS Read RGSSCC;Synchronization;;Synchronization + пустая бизнес-роль
aaosadchiy;Осадчий Артем Александрович (Artem Osadchiy);ODS Read Splunk UFO;Synchronization;;Synchronization + пустая бизнес-роль
aaosadchiy;Осадчий Артем Александрович (Artem Osadchiy);ODS Unspecified;Synchronization;;Synchronization + пустая бизнес-роль
aapetrovicheva;Петровичева Анастасия Анатольевна (Anastasiya Petrovicheva);EDW All IAD;Synchronization;;Synchronization + пустая бизнес-роль
aapetrovicheva;Петровичева Анастасия Анатольевна (Anastasiya Petrovicheva);EDW Read CDI;Synchronization;;Synchronization + пустая бизнес-роль
aapetrovicheva;Петровичева Анастасия Анатольевна (Anastasiya Petrovicheva);EDW Read Core;Synchronization;;Synchronization + пустая бизнес-роль
aapetrovicheva;Петровичева Анастасия Анатольевна (Anastasiya Petrovicheva);ODS All IAD;Synchronization;;Synchronization + пустая бизнес-роль
aapetrovicheva;Петровичева Анастасия Анатольевна (Anastasiya Petrovicheva);ODS All Splunk UFO;Synchronization;;Synchronization + пустая бизнес-роль
aapetrovicheva;Петровичева Анастасия Анатольевна (Anastasiya Petrovicheva);ODS Read ARM4;Synchronization;;Synchronization + пустая бизнес-роль
aapetrovicheva;Петровичева Анастасия Анатольевна (Anastasiya Petrovicheva);ODS Read Auto;Synchronization;;Synchronization + пустая бизнес-роль
aapetrovicheva;Петровичева Анастасия Анатольевна (Anastasiya Petrovicheva);ODS Read BCAPP;Synchronization;;Synchronization + пустая бизнес-роль
aapetrovicheva;Петровичева Анастасия Анатольевна (Anastasiya Petrovicheva);ODS Read Boss 1;Synchronization;;Synchronization + пустая бизнес-роль
aapetrovicheva;Петровичева Анастасия Анатольевна (Anastasiya Petrovicheva);ODS Read CC;Synchronization;;Synchronization + пустая бизнес-роль
aapetrovicheva;Петровичева Анастасия Анатольевна (Anastasiya Petrovicheva);ODS Read DMS;Synchronization;;Synchronization + пустая бизнес-роль
aapetrovicheva;Петровичева Анастасия Анатольевна (Anastasiya Petrovicheva);ODS Read EKIS;Synchronization;;Synchronization + пустая бизнес-роль
aapetrovicheva;Петровичева Анастасия Анатольевна (Anastasiya Petrovicheva);ODS Read Finance;Synchronization;;Synchronization + пустая бизнес-роль
aapetrovicheva;Петровичева Анастасия Анатольевна (Anastasiya Petrovicheva);ODS Read KIAS;Synchronization;;Synchronization + пустая бизнес-роль
aapetrovicheva;Петровичева Анастасия Анатольевна (Anastasiya Petrovicheva);ODS Read Naumen;Synchronization;;Synchronization + пустая бизнес-роль
aapetrovicheva;Петровичева Анастасия Анатольевна (Anastasiya Petrovicheva);ODS Read PCAPP;Synchronization;;Synchronization + пустая бизнес-роль
aapetrovicheva;Петровичева Анастасия Анатольевна (Anastasiya Petrovicheva);ODS Read Report;Synchronization;;Synchronization + пустая бизнес-роль
aapetrovicheva;Петровичева Анастасия Анатольевна (Anastasiya Petrovicheva);ODS Read RGSSCC;Synchronization;;Synchronization + пустая бизнес-роль
aapetrovicheva;Петровичева Анастасия Анатольевна (Anastasiya Petrovicheva);ODS Read RSAPRD;Synchronization;;Synchronization + пустая бизнес-роль
aapetrovicheva;Петровичева Анастасия Анатольевна (Anastasiya Petrovicheva);ODS Read SAP;Synchronization;;Synchronization + пустая бизнес-роль
aapetrovicheva;Петровичева Анастасия Анатольевна (Anastasiya Petrovicheva);ODS Read SCR;Synchronization;;Synchronization + пустая бизнес-роль
aapetrovicheva;Петровичева Анастасия Анатольевна (Anastasiya Petrovicheva);ODS Read Splunk UFO;Synchronization;;Synchronization + пустая бизнес-роль
aapetrovicheva;Петровичева Анастасия Анатольевна (Anastasiya Petrovicheva);ODS Read Tessa;Synchronization;;Synchronization + пустая бизнес-роль
aapetrovicheva;Петровичева Анастасия Анатольевна (Anastasiya Petrovicheva);ODS Read UFO;Synchronization;;Synchronization + пустая бизнес-роль
aapodolets;Подолец Алиса Александровна (Alisa Podolets);EDW Read Cdm Analysis Out;Synchronization;;Synchronization + пустая бизнес-роль
aapodolets;Подолец Алиса Александровна (Alisa Podolets);EDW Read Core;Synchronization;;Synchronization + пустая бизнес-роль
aapopkov;Попков Алексей Александрович (Aleksey Popkov);ADB Write Core;Synchronization;;Synchronization + пустая бизнес-роль
aapopkov;Попков Алексей Александрович (Aleksey Popkov);ADBT Write Core;Synchronization;;Synchronization + пустая бизнес-роль
aapopkov;Попков Алексей Александрович (Aleksey Popkov);ART Данные поезд-1-94909927;Synchronization;;Synchronization + пустая бизнес-роль
aapopkov;Попков Алексей Александрович (Aleksey Popkov);EDW All DQ;Synchronization;;Synchronization + пустая бизнес-роль
aapopkov;Попков Алексей Александрович (Aleksey Popkov);EDW Read Cdm Analysis;Synchronization;;Synchronization + пустая бизнес-роль
aapopkov;Попков Алексей Александрович (Aleksey Popkov);EDW Read Cdm Analysis Out;Synchronization;;Synchronization + пустая бизнес-роль
aapopkov;Попков Алексей Александрович (Aleksey Popkov);EDW Read Core;Synchronization;;Synchronization + пустая бизнес-роль
aapopkov;Попков Алексей Александрович (Aleksey Popkov);ODS All DQ;Synchronization;;Synchronization + пустая бизнес-роль
aapopkov;Попков Алексей Александрович (Aleksey Popkov);ODS Read ARM4;Synchronization;;Synchronization + пустая бизнес-роль
aapopkov;Попков Алексей Александрович (Aleksey Popkov);ODS Read BCAPP;Synchronization;;Synchronization + пустая бизнес-роль
aapopkov;Попков Алексей Александрович (Aleksey Popkov);ODS Read CC;Synchronization;;Synchronization + пустая бизнес-роль
aapopkov;Попков Алексей Александрович (Aleksey Popkov);ODS Read EKIS;Synchronization;;Synchronization + пустая бизнес-роль
aapopkov;Попков Алексей Александрович (Aleksey Popkov);ODS Read ITAM;Synchronization;;Synchronization + пустая бизнес-роль
aapopkov;Попков Алексей Александрович (Aleksey Popkov);ODS Read JIRA;Synchronization;;Synchronization + пустая бизнес-роль
aapopkov;Попков Алексей Александрович (Aleksey Popkov);ODS Read KIAS;Synchronization;;Synchronization + пустая бизнес-роль
aapopkov;Попков Алексей Александрович (Aleksey Popkov);ODS Read LK;Synchronization;;Synchronization + пустая бизнес-роль
aapopkov;Попков Алексей Александрович (Aleksey Popkov);ODS Read Naumen;Synchronization;;Synchronization + пустая бизнес-роль
aapopkov;Попков Алексей Александрович (Aleksey Popkov);ODS Read PCAPP;Synchronization;;Synchronization + пустая бизнес-роль
aapopkov;Попков Алексей Александрович (Aleksey Popkov);ODS Read UFO;Synchronization;;Synchronization + пустая бизнес-роль
aarozhnov;Рожнов Андрей Алексеевич (Andrey Rozhnov);EDW Read CDM;Synchronization;;Synchronization + пустая бизнес-роль
aarozhnov;Рожнов Андрей Алексеевич (Andrey Rozhnov);EDW Unspec Analysis;Synchronization;;Synchronization + пустая бизнес-роль
aarozhnov;Рожнов Андрей Алексеевич (Andrey Rozhnov);EDW Unspec Analysis Out;Synchronization;;Synchronization + пустая бизнес-роль
aarozhnov;Рожнов Андрей Алексеевич (Andrey Rozhnov);ODS All Auto;Synchronization;;Synchronization + пустая бизнес-роль
aarozhnov;Рожнов Андрей Алексеевич (Andrey Rozhnov);ODS Read DIAS;Synchronization;;Synchronization + пустая бизнес-роль
aarozhnov;Рожнов Андрей Алексеевич (Andrey Rozhnov);ODS Unspec Analysis;Synchronization;;Synchronization + пустая бизнес-роль
aarozhnov;Рожнов Андрей Алексеевич (Andrey Rozhnov);ODS Unspec Analysis Out;Synchronization;;Synchronization + пустая бизнес-роль
aashatskiy;Шацкий Александр Алексеевич (Aleksandr Shatskiy);EDW Read Core;Synchronization;;Synchronization + пустая бизнес-роль
aashatskiy;Шацкий Александр Алексеевич (Aleksandr Shatskiy);ODS All Actuary;Synchronization;;Synchronization + пустая бизнес-роль
aashatskiy;Шацкий Александр Алексеевич (Aleksandr Shatskiy);ODS All Auto;Synchronization;;Synchronization + пустая бизнес-роль
aashatskiy;Шацкий Александр Алексеевич (Aleksandr Shatskiy);ODS Read ARM4;Synchronization;;Synchronization + пустая бизнес-роль
aashatskiy;Шацкий Александр Алексеевич (Aleksandr Shatskiy);ODS Read CC;Synchronization;;Synchronization + пустая бизнес-роль
aashatskiy;Шацкий Александр Алексеевич (Aleksandr Shatskiy);ODS Read EKIS;Synchronization;;Synchronization + пустая бизнес-роль
aashatskiy;Шацкий Александр Алексеевич (Aleksandr Shatskiy);ODS Read Report;Synchronization;;Synchronization + пустая бизнес-роль
aashatskiy;Шацкий Александр Алексеевич (Aleksandr Shatskiy);ODS Read RGSSCC;Synchronization;;Synchronization + пустая бизнес-роль
aashatskiy;Шацкий Александр Алексеевич (Aleksandr Shatskiy);ODS Read SAP;Synchronization;;Synchronization + пустая бизнес-роль
aasimonova;Симонова Анна Анатольевна (Anna Simonova);CBD AuditorInternal;Synchronization;;Synchronization + пустая бизнес-роль
aasimonova;Симонова Анна Анатольевна (Anna Simonova);EDW AuditorInternal;Synchronization;;Synchronization + пустая бизнес-роль
aasimonova;Симонова Анна Анатольевна (Anna Simonova);ODS AuditorInternal;Synchronization;;Synchronization + пустая бизнес-роль
aasnetkova;Снеткова Алёна Алексеевна (Alena Snetkova);ART Данные лид-11605388543;Synchronization;;Synchronization + пустая бизнес-роль
aasobolev;Соболев Антон Александрович (Anton Sobolev);ODS Read CC;Synchronization;;Synchronization + пустая бизнес-роль
aatokolova;Токолова Алина Александровна (Alina Tokolova);ART Данные поезд-1-94909927;Synchronization;;Synchronization + пустая бизнес-роль
aavakulenko;Вакуленко Александр Андреевич (Aleksandr Vakulenko);EDW All Cdm Analysis Out;Synchronization;;Synchronization + пустая бизнес-роль
aavakulenko;Вакуленко Александр Андреевич (Aleksandr Vakulenko);ODS All Cdm Analysis Out;Synchronization;;Synchronization + пустая бизнес-роль
aavakulenko;Вакуленко Александр Андреевич (Aleksandr Vakulenko);ODS Read Boss 1;Synchronization;;Synchronization + пустая бизнес-роль
aavorontsova;Воронцова Алина Александровна;DWHT ODS Read Auto;Synchronization;;Synchronization + пустая бизнес-роль
aavorontsova;Воронцова Алина Александровна;DWHT Ods Read Source;Synchronization;;Synchronization + пустая бизнес-роль
aayaroslavtseva;Ярославцева Анастасия Александровна (Anastasiya Yaroslavtseva);ART Данные поезд-1-94909927;Synchronization;;Synchronization + пустая бизнес-роль
aazanegin;Занегин Алексей Александрович (Aleksey Zanegin);ART Partners. ЦПП API-11272902660;Synchronization;;Synchronization + пустая бизнес-роль
abkasyanov;Касьянов Алексей Борисович (Aleksey Kasyanov);ODS Read ARM4;Synchronization;;Synchronization + пустая бизнес-роль
abkasyanov;Касьянов Алексей Борисович (Aleksey Kasyanov);ODS Read CC;Synchronization;;Synchronization + пустая бизнес-роль
abkasyanov;Касьянов Алексей Борисович (Aleksey Kasyanov);ODS Read EKIS;Synchronization;;Synchronization + пустая бизнес-роль
abkasyanov;Касьянов Алексей Борисович (Aleksey Kasyanov);ODS Read RGSSCC;Synchronization;;Synchronization + пустая бизнес-роль
aborodin;Бородин Алексей Романович (Aleksey Borodin);ART Partners. Business Development-1-1758448165;Synchronization;;Synchronization + пустая бизнес-роль
absokolov;Соколов Андрей Борисович (Andrey Sokolov);ODS Read Splunk UFO;Synchronization;;Synchronization + пустая бизнес-роль
absokolov;Соколов Андрей Борисович (Andrey Sokolov);ODS Read UFO;Synchronization;;Synchronization + пустая бизнес-роль
actuary;Actuary;EDW All Actuary;Synchronization;;Synchronization + пустая бизнес-роль
actuary;Actuary;EDW Read Actuary;Synchronization;;Synchronization + пустая бизнес-роль
actuary;Actuary;EDW Read Cdm Analysis Out;Synchronization;;Synchronization + пустая бизнес-роль
actuary;Actuary;EDW Read Comdmtest;Synchronization;;Synchronization + пустая бизнес-роль
actuary;Actuary;EDW Read Core;Synchronization;;Synchronization + пустая бизнес-роль
actuary;Actuary;EDW Read Finance;Synchronization;;Synchronization + пустая бизнес-роль
actuary;Actuary;ODS All Actuary;Synchronization;;Synchronization + пустая бизнес-роль
actuary;Actuary;ODS All Cdm Analysis;Synchronization;;Synchronization + пустая бизнес-роль
actuary;Actuary;ODS All msfo17;Synchronization;;Synchronization + пустая бизнес-роль
actuary;Actuary;ODS Read Actuary;Synchronization;;Synchronization + пустая бизнес-роль
actuary;Actuary;ODS Read ARM4;Synchronization;;Synchronization + пустая бизнес-роль
actuary;Actuary;ODS Read Auto;Synchronization;;Synchronization + пустая бизнес-роль
actuary;Actuary;ODS Read AXIOMA;Synchronization;;Synchronization + пустая бизнес-роль
actuary;Actuary;ODS Read BCAPP;Synchronization;;Synchronization + пустая бизнес-роль
actuary;Actuary;ODS Read CC;Synchronization;;Synchronization + пустая бизнес-роль
actuary;Actuary;ODS Read Cdm Analysis Out;Synchronization;;Synchronization + пустая бизнес-роль
actuary;Actuary;ODS Read EKIS;Synchronization;;Synchronization + пустая бизнес-роль
actuary;Actuary;ODS Read fb781p;Synchronization;;Synchronization + пустая бизнес-роль
actuary;Actuary;ODS Read Finance;Synchronization;;Synchronization + пустая бизнес-роль
actuary;Actuary;ODS Read KIAS;Synchronization;;Synchronization + пустая бизнес-роль
actuary;Actuary;ODS Read msfo17;Synchronization;;Synchronization + пустая бизнес-роль
actuary;Actuary;ODS Read PCAPP;Synchronization;;Synchronization + пустая бизнес-роль
actuary;Actuary;ODS Read Report;Synchronization;;Synchronization + пустая бизнес-роль
actuary;Actuary;ODS Read RGSSCC;Synchronization;;Synchronization + пустая бизнес-роль
actuary;Actuary;ODS Read SAP;Synchronization;;Synchronization + пустая бизнес-роль
actuary;Actuary;ODS Read XBRL;Synchronization;;Synchronization + пустая бизнес-роль
adalakyan;Далакян Артём Александрович (Artyom Dalakyan);EDW Read Operrep;Synchronization;;Synchronization + пустая бизнес-роль
adalakyan;Далакян Артём Александрович (Artyom Dalakyan);EDW Read SCOP;Synchronization;;Synchronization + пустая бизнес-роль
adalakyan;Далакян Артём Александрович (Artyom Dalakyan);ODS Read ARM4;Synchronization;;Synchronization + пустая бизнес-роль
adalakyan;Далакян Артём Александрович (Artyom Dalakyan);ODS Read BCAPP;Synchronization;;Synchronization + пустая бизнес-роль
adalakyan;Далакян Артём Александрович (Artyom Dalakyan);ODS Read CC;Synchronization;;Synchronization + пустая бизнес-роль
adalakyan;Далакян Артём Александрович (Artyom Dalakyan);ODS Read EKIS;Synchronization;;Synchronization + пустая бизнес-роль
adalakyan;Далакян Артём Александрович (Artyom Dalakyan);ODS Read Naumen;Synchronization;;Synchronization + пустая бизнес-роль
adalakyan;Далакян Артём Александрович (Artyom Dalakyan);ODS Read PCAPP;Synchronization;;Synchronization + пустая бизнес-роль
adalakyan;Далакян Артём Александрович (Artyom Dalakyan);ODS Read RGSSCC;Synchronization;;Synchronization + пустая бизнес-роль
adalakyan;Далакян Артём Александрович (Artyom Dalakyan);ODS Read SCR;Synchronization;;Synchronization + пустая бизнес-роль
adalakyan;Далакян Артём Александрович (Artyom Dalakyan);ODS Read Tessa;Synchronization;;Synchronization + пустая бизнес-роль
adb_loader_dev;adb_loader_dev;ADBT Owner Cdm;Synchronization;;Synchronization + пустая бизнес-роль
adb_loader_dev;adb_loader_dev;ADBT Owner Comdm;Synchronization;;Synchronization + пустая бизнес-роль
adb_loader_dev;adb_loader_dev;ADBT Owner Core;Synchronization;;Synchronization + пустая бизнес-роль
adb_loader_dev;adb_loader_dev;ADBT Owner Dwh Settings;Synchronization;;Synchronization + пустая бизнес-роль
adb_loader_dev;adb_loader_dev;ADBT Owner Pxf External;Synchronization;;Synchronization + пустая бизнес-роль
adb_loader_dev;adb_loader_dev;ADBT Read Core;Synchronization;;Synchronization + пустая бизнес-роль
adb_loader_dev;adb_loader_dev;DWHT Edw All Core Sandbox;Synchronization;;Synchronization + пустая бизнес-роль
adb_loader_dev;adb_loader_dev;DWHT EDW Read Comdm;Synchronization;;Synchronization + пустая бизнес-роль
adb_loader_dev;adb_loader_dev;DWHT Edw Read Core;Synchronization;;Synchronization + пустая бизнес-роль
adb_loader_dev;adb_loader_dev;DWHT Edw Read Dwh Settings;Synchronization;;Synchronization + пустая бизнес-роль
adb_loader_prod;adb_loader_prod;ADB Owner Cdm;Synchronization;;Synchronization + пустая бизнес-роль
adb_loader_prod;adb_loader_prod;ADB Owner Comdm;Synchronization;;Synchronization + пустая бизнес-роль
adb_loader_prod;adb_loader_prod;ADB Owner Core;Synchronization;;Synchronization + пустая бизнес-роль
adb_loader_prod;adb_loader_prod;ADB Owner Dwh Settings;Synchronization;;Synchronization + пустая бизнес-роль
adb_loader_prod;adb_loader_prod;ADB Owner Pxf Edw;Synchronization;;Synchronization + пустая бизнес-роль
adb_loader_prod;adb_loader_prod;ADB Owner Pxf Ods;Synchronization;;Synchronization + пустая бизнес-роль
adb_loader_prod;adb_loader_prod;ADB Owner Reverse Pxf;Synchronization;;Synchronization + пустая бизнес-роль
adb_loader_prod;adb_loader_prod;ADB Read Core;Synchronization;;Synchronization + пустая бизнес-роль
adb_loader_prod;adb_loader_prod;DWHT Read PG Stat;Synchronization;;Synchronization + пустая бизнес-роль
adb_loader_prod;adb_loader_prod;EDW Read Cdm Analysis;Synchronization;;Synchronization + пустая бизнес-роль
adb_loader_prod;adb_loader_prod;EDW Read Cdm Analysis Out;Synchronization;;Synchronization + пустая бизнес-роль
adb_loader_prod;adb_loader_prod;EDW Read COMDM;Synchronization;;Synchronization + пустая бизнес-роль
adb_loader_prod;adb_loader_prod;EDW Read Core;Synchronization;;Synchronization + пустая бизнес-роль
adb_loader_prod;adb_loader_prod;EDW Read Dwh settings;Synchronization;;Synchronization + пустая бизнес-роль
adb_loader_prod;adb_loader_prod;EDW Read Pg Stat;Synchronization;;Synchronization + пустая бизнес-роль
adb_loader_prod;adb_loader_prod;ODS Read Cdm Analysis Out;Synchronization;;Synchronization + пустая бизнес-роль
adb_loader_prod;adb_loader_prod;ODS Read Report;Synchronization;;Synchronization + пустая бизнес-роль
adb_pdi_dev;adb_pdi_dev;ADB Owner CDM Analysis Tmp;Synchronization;;Synchronization + пустая бизнес-роль
adb_pdi_dev;adb_pdi_dev;ADB Owner Dm Tmp;Synchronization;;Synchronization + пустая бизнес-роль
adb_pdi_dev;adb_pdi_dev;ADB Owner Kias DM;Synchronization;;Synchronization + пустая бизнес-роль
adb_pdi_dev;adb_pdi_dev;ADBT Owner Cdm;Synchronization;;Synchronization + пустая бизнес-роль
adb_pdi_dev;adb_pdi_dev;ADBT Owner Comdm;Synchronization;;Synchronization + пустая бизнес-роль
adb_pdi_dev;adb_pdi_dev;ADBT Owner Core;Synchronization;;Synchronization + пустая бизнес-роль
adb_pdi_dev;adb_pdi_dev;ADBT Owner Dm Tmp;Synchronization;;Synchronization + пустая бизнес-роль
adb_pdi_dev;adb_pdi_dev;ADBT Owner Dwh Settings;Synchronization;;Synchronization + пустая бизнес-роль
adb_pdi_dev;adb_pdi_dev;ADBT Owner Kias DM;Synchronization;;Synchronization + пустая бизнес-роль
adb_pdi_dev;adb_pdi_dev;ADBT Write Cdm;Synchronization;;Synchronization + пустая бизнес-роль
adb_pdi_dev;adb_pdi_dev;ADBT Write Cdm Analysis Out;Synchronization;;Synchronization + пустая бизнес-роль
adb_pdi_dev;adb_pdi_dev;ADBT Write Comdm;Synchronization;;Synchronization + пустая бизнес-роль
adb_pdi_dev;adb_pdi_dev;ADBT Write Core;Synchronization;;Synchronization + пустая бизнес-роль
adb_pdi_dev;adb_pdi_dev;ADBT Write Dm Bp;Synchronization;;Synchronization + пустая бизнес-роль
adb_pdi_dev;adb_pdi_dev;ADBT Write Dm Bpb;Synchronization;;Synchronization + пустая бизнес-роль
adb_pdi_dev;adb_pdi_dev;ADBT Write Dm Dob;Synchronization;;Synchronization + пустая бизнес-роль
adb_pdi_dev;adb_pdi_dev;ADBT Write Dm Fb;Synchronization;;Synchronization + пустая бизнес-роль
adb_pdi_dev;adb_pdi_dev;ADBT Write Dm msfo17;Synchronization;;Synchronization + пустая бизнес-роль
adb_pdi_dev;adb_pdi_dev;ADBT Write Dm Tmp;Synchronization;;Synchronization + пустая бизнес-роль
adb_pdi_dev;adb_pdi_dev;ADBT Write Etl;Synchronization;;Synchronization + пустая бизнес-роль
adb_pdi_dev;adb_pdi_dev;ADBT Write Man Ped;Synchronization;;Synchronization + пустая бизнес-роль
adb_pdi_dev;adb_pdi_dev;Dwh Upload Write Fb;Synchronization;;Synchronization + пустая бизнес-роль
adb_pdi_dev;adb_pdi_dev;Dwh Upload Write Ped;Synchronization;;Synchronization + пустая бизнес-роль
adb_pdi_prod;adb_pdi_prod;ADB Owner Cdm;Synchronization;;Synchronization + пустая бизнес-роль
adb_pdi_prod;adb_pdi_prod;ADB Owner CDM Analysis Tmp;Synchronization;;Synchronization + пустая бизнес-роль
adb_pdi_prod;adb_pdi_prod;ADB Owner Dm Tmp;Synchronization;;Synchronization + пустая бизнес-роль
adb_pdi_prod;adb_pdi_prod;ADB Owner Dwh Settings;Synchronization;;Synchronization + пустая бизнес-роль
adb_pdi_prod;adb_pdi_prod;ADB Owner Kias DM;Synchronization;;Synchronization + пустая бизнес-роль
adb_pdi_prod;adb_pdi_prod;ADB Write Cdm;Synchronization;;Synchronization + пустая бизнес-роль
adb_pdi_prod;adb_pdi_prod;ADB Write Cdm Analysis Out;Synchronization;;Synchronization + пустая бизнес-роль
adb_pdi_prod;adb_pdi_prod;ADB Write Cdm Analysis Out Test;Synchronization;;Synchronization + пустая бизнес-роль
adb_pdi_prod;adb_pdi_prod;ADB Write Comdm;Synchronization;;Synchronization + пустая бизнес-роль
adb_pdi_prod;adb_pdi_prod;ADB Write Core;Synchronization;;Synchronization + пустая бизнес-роль
adb_pdi_prod;adb_pdi_prod;ADB Write Dm Bp;Synchronization;;Synchronization + пустая бизнес-роль
adb_pdi_prod;adb_pdi_prod;ADB Write Dm Bpb;Synchronization;;Synchronization + пустая бизнес-роль
adb_pdi_prod;adb_pdi_prod;ADB Write Dm Dob;Synchronization;;Synchronization + пустая бизнес-роль
adb_pdi_prod;adb_pdi_prod;ADB Write Dm Fb;Synchronization;;Synchronization + пустая бизнес-роль
adb_pdi_prod;adb_pdi_prod;ADB Write Dm msfo17;Synchronization;;Synchronization + пустая бизнес-роль
adb_pdi_prod;adb_pdi_prod;ADB Write Dm Tmp;Synchronization;;Synchronization + пустая бизнес-роль
adb_pdi_prod;adb_pdi_prod;ADB Write Dwh Settings;Synchronization;;Synchronization + пустая бизнес-роль
adb_pdi_prod;adb_pdi_prod;ADB Write Etl;Synchronization;;Synchronization + пустая бизнес-роль
adb_pdi_prod;adb_pdi_prod;ADB Write Man Ped;Synchronization;;Synchronization + пустая бизнес-роль
adb_pdi_prod;adb_pdi_prod;Dwh Upload Write Fb;Synchronization;;Synchronization + пустая бизнес-роль
adb_pdi_prod;adb_pdi_prod;Dwh Upload Write Ped;Synchronization;;Synchronization + пустая бизнес-роль
adb_psi;adb_psi;ADB Owner Comdm;Synchronization;;Synchronization + пустая бизнес-роль
adb_psi;adb_psi;ADB Owner Core;Synchronization;;Synchronization + пустая бизнес-роль
adb_psi;adb_psi;ADB Owner Etl;Synchronization;;Synchronization + пустая бизнес-роль
adb_psi;adb_psi;ADB Owner Pxf Edw;Synchronization;;Synchronization + пустая бизнес-роль
adb_psi;adb_psi;ADB Owner Role Mng;Synchronization;;Synchronization + пустая бизнес-роль
adb_psi;adb_psi;EDW Read COMDM;Synchronization;;Synchronization + пустая бизнес-роль
adb_psi;adb_psi;EDW Read Core;Synchronization;;Synchronization + пустая бизнес-роль
adb_replicat_dev;adb_replicat_dev;ADBT Read Check DQ;Synchronization;;Synchronization + пустая бизнес-роль
adb_replicat_dev;adb_replicat_dev;ADBT Read Comdm;Synchronization;;Synchronization + пустая бизнес-роль
adb_replicat_dev;adb_replicat_dev;ADBT Read Core;Synchronization;;Synchronization + пустая бизнес-роль
adb_replicat_dev;adb_replicat_dev;ADBT Read Dwh Settings;Synchronization;;Synchronization + пустая бизнес-роль
adb_replicat_dev;adb_replicat_dev;ADBT Write Etl;Synchronization;;Synchronization + пустая бизнес-роль
adb_replicat_dev;adb_replicat_dev;DWHT EDW All Comdm;Synchronization;;Synchronization + пустая бизнес-роль
adb_replicat_dev;adb_replicat_dev;DWHT Edw All Core;Synchronization;;Synchronization + пустая бизнес-роль
adb_replicat_dev;adb_replicat_dev;DWHT Edw All Core Sandbox;Synchronization;;Synchronization + пустая бизнес-роль
adb_replicat_dev;adb_replicat_dev;DWHT Edw All Kias DM;Synchronization;;Synchronization + пустая бизнес-роль
adb_replicat_dev;adb_replicat_dev;DWHT Edw Read Dwh Settings;Synchronization;;Synchronization + пустая бизнес-роль
adb_replicat_dev;adb_replicat_dev;EDW All COMDM;Synchronization;;Synchronization + пустая бизнес-роль
adb_replicat_dev;adb_replicat_dev;EDW All Core;Synchronization;;Synchronization + пустая бизнес-роль
adb_replicat_dev;adb_replicat_dev;EDW Read Dwh settings;Synchronization;;Synchronization + пустая бизнес-роль
adb_replicat_prod;adb_replicat_prod;ADB Read Check DQ;Synchronization;;Synchronization + пустая бизнес-роль
adb_replicat_prod;adb_replicat_prod;ADB Read Comdm;Synchronization;;Synchronization + пустая бизнес-роль
adb_replicat_prod;adb_replicat_prod;ADB Read Core;Synchronization;;Synchronization + пустая бизнес-роль
adb_replicat_prod;adb_replicat_prod;ADB Read Dwh Settings;Synchronization;;Synchronization + пустая бизнес-роль
adb_replicat_prod;adb_replicat_prod;ADB Write Etl;Synchronization;;Synchronization + пустая бизнес-роль
adb_replicat_prod;adb_replicat_prod;EDW All Cdm Analysis;Synchronization;;Synchronization + пустая бизнес-роль
adb_replicat_prod;adb_replicat_prod;EDW All Cdm Analysis Out;Synchronization;;Synchronization + пустая бизнес-роль
adb_replicat_prod;adb_replicat_prod;EDW All COMDM;Synchronization;;Synchronization + пустая бизнес-роль
adb_replicat_prod;adb_replicat_prod;EDW All Comdm Test;Synchronization;;Synchronization + пустая бизнес-роль
adb_replicat_prod;adb_replicat_prod;EDW All Core;Synchronization;;Synchronization + пустая бизнес-роль
adb_replicat_prod;adb_replicat_prod;EDW All Core Test;Synchronization;;Synchronization + пустая бизнес-роль
adb_replicat_prod;adb_replicat_prod;EDW All Dwh settings;Synchronization;;Synchronization + пустая бизнес-роль
adb_replicat_prod;adb_replicat_prod;EDW All ETL;Synchronization;;Synchronization + пустая бизнес-роль
adb_replicat_prod;adb_replicat_prod;EDW All Kias DM;Synchronization;;Synchronization + пустая бизнес-роль
adb_replicat_prod;adb_replicat_prod;EDW Read Core;Synchronization;;Synchronization + пустая бизнес-роль
adb_replicat_prod;adb_replicat_prod;EDW Read Dwh settings;Synchronization;;Synchronization + пустая бизнес-роль
adb_service_dev;adb_service_dev;ADBT Owner Cdm;Synchronization;;Synchronization + пустая бизнес-роль
adb_service_dev;adb_service_dev;ADBT Owner Cdm Analysis Out;Synchronization;;Synchronization + пустая бизнес-роль
adb_service_dev;adb_service_dev;ADBT Owner Check DQ;Synchronization;;Synchronization + пустая бизнес-роль
adb_service_dev;adb_service_dev;ADBT Owner Comdm;Synchronization;;Synchronization + пустая бизнес-роль
adb_service_dev;adb_service_dev;ADBT Owner Core;Synchronization;;Synchronization + пустая бизнес-роль
adb_service_dev;adb_service_dev;ADBT Owner Dwh Settings;Synchronization;;Synchronization + пустая бизнес-роль
adb_service_dev;adb_service_dev;ADBT Owner Etl;Synchronization;;Synchronization + пустая бизнес-роль
adb_service_dev;adb_service_dev;ADBT Owner Pxf External;Synchronization;;Synchronization + пустая бизнес-роль
adb_service_dev;adb_service_dev;ADBT Owner Role Mng;Synchronization;;Synchronization + пустая бизнес-роль
adb_service_prod;adb_service_prod;ADB Owner Cdm;Synchronization;;Synchronization + пустая бизнес-роль
adb_service_prod;adb_service_prod;ADB Owner Cdm Analysis Out;Synchronization;;Synchronization + пустая бизнес-роль
adb_service_prod;adb_service_prod;ADB Owner Check DQ;Synchronization;;Synchronization + пустая бизнес-роль
adb_service_prod;adb_service_prod;ADB Owner Comdm;Synchronization;;Synchronization + пустая бизнес-роль
adb_service_prod;adb_service_prod;ADB Owner Core;Synchronization;;Synchronization + пустая бизнес-роль
adb_service_prod;adb_service_prod;ADB Owner Dwh Settings;Synchronization;;Synchronization + пустая бизнес-роль
adb_service_prod;adb_service_prod;ADB Owner Etl;Synchronization;;Synchronization + пустая бизнес-роль
adb_service_prod;adb_service_prod;ADB Owner Pxf External;Synchronization;;Synchronization + пустая бизнес-роль
adb_service_prod;adb_service_prod;ADB Owner Reverse Pxf;Synchronization;;Synchronization + пустая бизнес-роль
adb_service_prod;adb_service_prod;ADB Owner Role Mng;Synchronization;;Synchronization + пустая бизнес-роль
adb_t1_pdi_prod;adb_t1_pdi_prod;EDW Read Cdm Analysis;Synchronization;;Synchronization + пустая бизнес-роль
adb_t1_pdi_prod;adb_t1_pdi_prod;EDW Read Cdm Analysis Out;Synchronization;;Synchronization + пустая бизнес-роль
adb_t1_pdi_prod;adb_t1_pdi_prod;EDW Read COMDM;Synchronization;;Synchronization + пустая бизнес-роль
adb_t1_pdi_prod;adb_t1_pdi_prod;EDW Read Core;Synchronization;;Synchronization + пустая бизнес-роль
adb_t1_pdi_prod;adb_t1_pdi_prod;ODS Read Cdm Analysis Out;Synchronization;;Synchronization + пустая бизнес-роль
adb_t1_pdi_prod;adb_t1_pdi_prod;ODS Read RGSSCC;Synchronization;;Synchronization + пустая бизнес-роль
adc_dev;adc_dev;ADBT Read Cdm;Synchronization;;Synchronization + пустая бизнес-роль
adc_dev;adc_dev;ADBT Read Cdm Analysis Out;Synchronization;;Synchronization + пустая бизнес-роль
adc_dev;adc_dev;ADBT Read Comdm;Synchronization;;Synchronization + пустая бизнес-роль
adc_dev;adc_dev;ADBT Read Core;Synchronization;;Synchronization + пустая бизнес-роль
adc_dev;adc_dev;ADBT Read Pxf External;Synchronization;;Synchronization + пустая бизнес-роль
adc_dev;adc_dev;DWHT EDW Read Comdm;Synchronization;;Synchronization + пустая бизнес-роль
adc_dev;adc_dev;DWHT Edw Read Dwh Settings;Synchronization;;Synchronization + пустая бизнес-роль
adc_dev;adc_dev;DWHT Ods Read Dwh Settings;Synchronization;;Synchronization + пустая бизнес-роль
adc_dev;adc_dev;DWHT Ods Read Rep;Synchronization;;Synchronization + пустая бизнес-роль
adc_dev;adc_dev;DWHT Ods Read Source;Synchronization;;Synchronization + пустая бизнес-роль
adc_prod;adc_prod;ADB Read Cdm;Synchronization;;Synchronization + пустая бизнес-роль
adc_prod;adc_prod;ADB Read Cdm Analysis Out;Synchronization;;Synchronization + пустая бизнес-роль
adc_prod;adc_prod;ADB Read Comdm;Synchronization;;Synchronization + пустая бизнес-роль
adc_prod;adc_prod;ADB Read Core;Synchronization;;Synchronization + пустая бизнес-роль
adc_prod;adc_prod;ADB Read Pxf Edw;Synchronization;;Synchronization + пустая бизнес-роль
adc_prod;adc_prod;ADB Read Reverse Pxf;Synchronization;;Synchronization + пустая бизнес-роль
adc_prod;adc_prod;DWHT Edw Read Cdm Analysis Out;Synchronization;;Synchronization + пустая бизнес-роль
adc_prod;adc_prod;DWHT Edw Read Core;Synchronization;;Synchronization + пустая бизнес-роль
adc_prod;adc_prod;DWHT Edw Read Dwh Settings;Synchronization;;Synchronization + пустая бизнес-роль
adc_prod;adc_prod;DWHT Ods Read Cdm;Synchronization;;Synchronization + пустая бизнес-роль
adc_prod;adc_prod;DWHT Ods Read Cdm Analysis Out;Synchronization;;Synchronization + пустая бизнес-роль
adc_prod;adc_prod;DWHT Ods Read Dwh Settings;Synchronization;;Synchronization + пустая бизнес-роль
adc_prod;adc_prod;DWHT Ods Read msfo17;Synchronization;;Synchronization + пустая бизнес-роль
adc_prod;adc_prod;DWHT Ods Read Source;Synchronization;;Synchronization + пустая бизнес-роль
adc_prod;adc_prod;EDW Read AISZHL;Synchronization;;Synchronization + пустая бизнес-роль
adc_prod;adc_prod;EDW Read BZK;Synchronization;;Synchronization + пустая бизнес-роль
adc_prod;adc_prod;EDW Read CCU;Synchronization;;Synchronization + пустая бизнес-роль
adc_prod;adc_prod;EDW Read CDM;Synchronization;;Synchronization + пустая бизнес-роль
adc_prod;adc_prod;EDW Read Cdm Analysis;Synchronization;;Synchronization + пустая бизнес-роль
adc_prod;adc_prod;EDW Read Cdm Analysis Out;Synchronization;;Synchronization + пустая бизнес-роль
adc_prod;adc_prod;EDW Read COMDM;Synchronization;;Synchronization + пустая бизнес-роль
adc_prod;adc_prod;EDW Read Core;Synchronization;;Synchronization + пустая бизнес-роль
adc_prod;adc_prod;EDW Read DQ;Synchronization;;Synchronization + пустая бизнес-роль
adc_prod;adc_prod;EDW Read Mortgage;Synchronization;;Synchronization + пустая бизнес-роль
adc_prod;adc_prod;EDW Read Pg Stat;Synchronization;;Synchronization + пустая бизнес-роль
adc_prod;adc_prod;EDW Read Property;Synchronization;;Synchronization + пустая бизнес-роль
adc_prod;adc_prod;EDW Read RB;Synchronization;;Synchronization + пустая бизнес-роль
adc_prod;adc_prod;ODS Read ARM4;Synchronization;;Synchronization + пустая бизнес-роль
adc_prod;adc_prod;ODS Read Auto;Synchronization;;Synchronization + пустая бизнес-роль
adc_prod;adc_prod;ODS Read AXIOMA;Synchronization;;Synchronization + пустая бизнес-роль
adc_prod;adc_prod;ODS Read BCAPP;Synchronization;;Synchronization + пустая бизнес-роль
adc_prod;adc_prod;ODS Read CC;Synchronization;;Synchronization + пустая бизнес-роль
adc_prod;adc_prod;ODS Read CDM;Synchronization;;Synchronization + пустая бизнес-роль
adc_prod;adc_prod;ODS Read Cdm Analysis;Synchronization;;Synchronization + пустая бизнес-роль
adc_prod;adc_prod;ODS Read Cdm Analysis Out;Synchronization;;Synchronization + пустая бизнес-роль
adc_prod;adc_prod;ODS Read DMS;Synchronization;;Synchronization + пустая бизнес-роль
adc_prod;adc_prod;ODS Read DQ;Synchronization;;Synchronization + пустая бизнес-роль
adc_prod;adc_prod;ODS Read EKIS;Synchronization;;Synchronization + пустая бизнес-роль
adc_prod;adc_prod;ODS Read fb781p;Synchronization;;Synchronization + пустая бизнес-роль
adc_prod;adc_prod;ODS Read Finance;Synchronization;;Synchronization + пустая бизнес-роль
adc_prod;adc_prod;ODS Read KIAS;Synchronization;;Synchronization + пустая бизнес-роль
adc_prod;adc_prod;ODS Read msfo17;Synchronization;;Synchronization + пустая бизнес-роль
adc_prod;adc_prod;ODS Read Naumen;Synchronization;;Synchronization + пустая бизнес-роль
adc_prod;adc_prod;ODS Read PCAPP;Synchronization;;Synchronization + пустая бизнес-роль
adc_prod;adc_prod;ODS Read Pg Stat;Synchronization;;Synchronization + пустая бизнес-роль
adc_prod;adc_prod;ODS Read Property;Synchronization;;Synchronization + пустая бизнес-роль
adc_prod;adc_prod;ODS Read Report;Synchronization;;Synchronization + пустая бизнес-роль
adc_prod;adc_prod;ODS Read RGSSCC;Synchronization;;Synchronization + пустая бизнес-роль
adc_prod;adc_prod;ODS Read RI;Synchronization;;Synchronization + пустая бизнес-роль
adc_prod;adc_prod;ODS Read RSAPRD;Synchronization;;Synchronization + пустая бизнес-роль
adc_prod;adc_prod;ODS Read SAP;Synchronization;;Synchronization + пустая бизнес-роль
adc_prod;adc_prod;ODS Read Splunk UFO;Synchronization;;Synchronization + пустая бизнес-роль
adc_prod;adc_prod;ODS Read Tessa;Synchronization;;Synchronization + пустая бизнес-роль
adc_prod;adc_prod;ODS Read Thesis;Synchronization;;Synchronization + пустая бизнес-роль
adc_prod;adc_prod;ODS Read UFO;Synchronization;;Synchronization + пустая бизнес-роль
adc_prod;adc_prod;ODS Read UPP;Synchronization;;Synchronization + пустая бизнес-роль
adc_prod;adc_prod;ODS Read VIRTU;Synchronization;;Synchronization + пустая бизнес-роль
addraganyuk;Драганюк Андрей Дмитриевич (Andrey Draganyuk);EDW All BCI;Synchronization;;Synchronization + пустая бизнес-роль
addraganyuk;Драганюк Андрей Дмитриевич (Andrey Draganyuk);EDW Read Core;Synchronization;;Synchronization + пустая бизнес-роль
addraganyuk;Драганюк Андрей Дмитриевич (Andrey Draganyuk);ODS All BCI;Synchronization;;Synchronization + пустая бизнес-роль
addraganyuk;Драганюк Андрей Дмитриевич (Andrey Draganyuk);ODS Read CC;Synchronization;;Synchronization + пустая бизнес-роль
addraganyuk;Драганюк Андрей Дмитриевич (Andrey Draganyuk);ODS Read EKIS;Synchronization;;Synchronization + пустая бизнес-роль
addraganyuk;Драганюк Андрей Дмитриевич (Andrey Draganyuk);ODS Read SAP;Synchronization;;Synchronization + пустая бизнес-роль
adenisov;Денисов Андрей Викторович (Andrey Denisov);ODS Read UFO;Synchronization;;Synchronization + пустая бизнес-роль
admarinin;Маринин Александр Дмитриевич;ART Partners. ЦПП API-11272902660;Synchronization;;Synchronization + пустая бизнес-роль
adtrofimenko;Трофименко Алексей Дмитриевич (Aleksey Trofimenko);ADB Write Dm msfo17;Synchronization;;Synchronization + пустая бизнес-роль
adtrofimenko;Трофименко Алексей Дмитриевич (Aleksey Trofimenko);ADBT Write Dm msfo17;Synchronization;;Synchronization + пустая бизнес-роль
adtrofimenko;Трофименко Алексей Дмитриевич (Aleksey Trofimenko);EDW Read Actuary;Synchronization;;Synchronization + пустая бизнес-роль
adtrofimenko;Трофименко Алексей Дмитриевич (Aleksey Trofimenko);ODS All msfo17;Synchronization;;Synchronization + пустая бизнес-роль
adtrofimenko;Трофименко Алексей Дмитриевич (Aleksey Trofimenko);ODS Read Actuary;Synchronization;;Synchronization + пустая бизнес-роль
adtrofimenko;Трофименко Алексей Дмитриевич (Aleksey Trofimenko);ODS Read Report;Synchronization;;Synchronization + пустая бизнес-роль
aeantipov;Антипов Андрей Евгеньевич (Andrey Antipov);EDW All RB;Synchronization;;Synchronization + пустая бизнес-роль
aebulakhtin;Булахтин Александр Евгеньевич (Aleksandr Bulakhtin);EDW All CCU;Synchronization;;Synchronization + пустая бизнес-роль
aebulakhtin;Булахтин Александр Евгеньевич (Aleksandr Bulakhtin);EDW Read CDI;Synchronization;;Synchronization + пустая бизнес-роль
aebulakhtin;Булахтин Александр Евгеньевич (Aleksandr Bulakhtin);EDW Read Core;Synchronization;;Synchronization + пустая бизнес-роль
aebulakhtin;Булахтин Александр Евгеньевич (Aleksandr Bulakhtin);EDW Read RB;Synchronization;;Synchronization + пустая бизнес-роль
aebulakhtin;Булахтин Александр Евгеньевич (Aleksandr Bulakhtin);ODS Read ARM4;Synchronization;;Synchronization + пустая бизнес-роль
aebulakhtin;Булахтин Александр Евгеньевич (Aleksandr Bulakhtin);ODS Read Auto;Synchronization;;Synchronization + пустая бизнес-роль
aebulakhtin;Булахтин Александр Евгеньевич (Aleksandr Bulakhtin);ODS Read Boss 1;Synchronization;;Synchronization + пустая бизнес-роль
aebulakhtin;Булахтин Александр Евгеньевич (Aleksandr Bulakhtin);ODS Read Finance;Synchronization;;Synchronization + пустая бизнес-роль
aefilkin;Филькин Александр Евгеньевич (Aleksandr Filkin);EDW Unspec Analysis;Synchronization;;Synchronization + пустая бизнес-роль
aefilkin;Филькин Александр Евгеньевич (Aleksandr Filkin);EDW Unspec Analysis Out;Synchronization;;Synchronization + пустая бизнес-роль
aefilkin;Филькин Александр Евгеньевич (Aleksandr Filkin);ODS All msfo17;Synchronization;;Synchronization + пустая бизнес-роль
aefilkin;Филькин Александр Евгеньевич (Aleksandr Filkin);ODS Read DIAS;Synchronization;;Synchronization + пустая бизнес-роль
aefilkin;Филькин Александр Евгеньевич (Aleksandr Filkin);ODS Unspec Analysis;Synchronization;;Synchronization + пустая бизнес-роль
aefilkin;Филькин Александр Евгеньевич (Aleksandr Filkin);ODS Unspec Analysis Out;Synchronization;;Synchronization + пустая бизнес-роль
aekuzhelev;Кужелев Алексей Евгеньевич (Aleksey Kuzhelev);EDW All Mortgage;Synchronization;;Synchronization + пустая бизнес-роль
aekuzhelev;Кужелев Алексей Евгеньевич (Aleksey Kuzhelev);EDW Read Core;Synchronization;;Synchronization + пустая бизнес-роль
aemerenkova;Меренкова Анна Эдуардовна (Anna Merenkova);ODS All RBLIFE;Synchronization;;Synchronization + пустая бизнес-роль
aepryazhentsev;Пряженцев Алексей Евгеньевич (Aleksey Pryazhentsev);ADB Read Core;Synchronization;;Synchronization + пустая бизнес-роль
aepryazhentsev;Пряженцев Алексей Евгеньевич (Aleksey Pryazhentsev);ADBT Read Core;Synchronization;;Synchronization + пустая бизнес-роль
aerikova;Ерикова Анастасия Петровна (Anastasiya Erikova);ODS All fb781p;Synchronization;;Synchronization + пустая бизнес-роль
aerikova;Ерикова Анастасия Петровна (Anastasiya Erikova);ODS Unspec Analysis Out;Synchronization;;Synchronization + пустая бизнес-роль
aeskvortsov;Скворцов Александр Евгеньевич (Aleksandr Skvortsov);ODS All Auto;Synchronization;;Synchronization + пустая бизнес-роль
afgafurov;Гафуров Альберт Фирдусович (Albert Gafurov);DWH Developer;Synchronization;;Synchronization + пустая бизнес-роль
afgafurov;Гафуров Альберт Фирдусович (Albert Gafurov);EDW All CCU;Synchronization;;Synchronization + пустая бизнес-роль
afgafurov;Гафуров Альберт Фирдусович (Albert Gafurov);EDW All MLDEV19;Synchronization;;Synchronization + пустая бизнес-роль
afgafurov;Гафуров Альберт Фирдусович (Albert Gafurov);EDW All MLDEV72;Synchronization;;Synchronization + пустая бизнес-роль
afgafurov;Гафуров Альберт Фирдусович (Albert Gafurov);EDW Read CCU;Synchronization;;Synchronization + пустая бизнес-роль
afgafurov;Гафуров Альберт Фирдусович (Albert Gafurov);EDW Read CDI;Synchronization;;Synchronization + пустая бизнес-роль
afgafurov;Гафуров Альберт Фирдусович (Albert Gafurov);EDW Read Cdm Analysis;Synchronization;;Synchronization + пустая бизнес-роль
afgafurov;Гафуров Альберт Фирдусович (Albert Gafurov);EDW Read Cdm Analysis Out;Synchronization;;Synchronization + пустая бизнес-роль
afgafurov;Гафуров Альберт Фирдусович (Albert Gafurov);EDW Read Core;Synchronization;;Synchronization + пустая бизнес-роль
afgafurov;Гафуров Альберт Фирдусович (Albert Gafurov);EDW Unspec Analysis;Synchronization;;Synchronization + пустая бизнес-роль
afgafurov;Гафуров Альберт Фирдусович (Albert Gafurov);EDW Unspec Analysis Out;Synchronization;;Synchronization + пустая бизнес-роль
afgafurov;Гафуров Альберт Фирдусович (Albert Gafurov);ODS All CCU;Synchronization;;Synchronization + пустая бизнес-роль
afgafurov;Гафуров Альберт Фирдусович (Albert Gafurov);ODS All MLDEV19;Synchronization;;Synchronization + пустая бизнес-роль
afgafurov;Гафуров Альберт Фирдусович (Albert Gafurov);ODS All MLDEV72;Synchronization;;Synchronization + пустая бизнес-роль
afgafurov;Гафуров Альберт Фирдусович (Albert Gafurov);ODS Read ARM4;Synchronization;;Synchronization + пустая бизнес-роль
afgafurov;Гафуров Альберт Фирдусович (Albert Gafurov);ODS Read BOSS;Synchronization;;Synchronization + пустая бизнес-роль
afgafurov;Гафуров Альберт Фирдусович (Albert Gafurov);ODS Read Boss 1;Synchronization;;Synchronization + пустая бизнес-роль
afgafurov;Гафуров Альберт Фирдусович (Albert Gafurov);ODS Read CC;Synchronization;;Synchronization + пустая бизнес-роль
afgafurov;Гафуров Альберт Фирдусович (Albert Gafurov);ODS Read Cdm Analysis;Synchronization;;Synchronization + пустая бизнес-роль
afgafurov;Гафуров Альберт Фирдусович (Albert Gafurov);ODS Read Cdm Analysis Out;Synchronization;;Synchronization + пустая бизнес-роль
afgafurov;Гафуров Альберт Фирдусович (Albert Gafurov);ODS Read EKIS;Synchronization;;Synchronization + пустая бизнес-роль
afgafurov;Гафуров Альберт Фирдусович (Albert Gafurov);ODS Read PCAPP;Synchronization;;Synchronization + пустая бизнес-роль
afgafurov;Гафуров Альберт Фирдусович (Albert Gafurov);ODS Read RGSSCC;Synchronization;;Synchronization + пустая бизнес-роль
afgafurov;Гафуров Альберт Фирдусович (Albert Gafurov);ODS Unspec Analysis;Synchronization;;Synchronization + пустая бизнес-роль
afgafurov;Гафуров Альберт Фирдусович (Albert Gafurov);ODS Unspec Analysis Out;Synchronization;;Synchronization + пустая бизнес-роль
agfedorov;Федоров Алексей Георгиевич (Aleksey Fedorov);EDW All RB;Synchronization;;Synchronization + пустая бизнес-роль
agfedorov;Федоров Алексей Георгиевич (Aleksey Fedorov);EDW Read Core;Synchronization;;Synchronization + пустая бизнес-роль
agfedorov;Федоров Алексей Георгиевич (Aleksey Fedorov);ODS All Actuary;Synchronization;;Synchronization + пустая бизнес-роль
agfedorov;Федоров Алексей Георгиевич (Aleksey Fedorov);ODS Read ARM4;Synchronization;;Synchronization + пустая бизнес-роль
agfedorov;Федоров Алексей Георгиевич (Aleksey Fedorov);ODS Read BOSS;Synchronization;;Synchronization + пустая бизнес-роль
agfedorov;Федоров Алексей Георгиевич (Aleksey Fedorov);ODS Read Boss 1;Synchronization;;Synchronization + пустая бизнес-роль
agfedorov;Федоров Алексей Георгиевич (Aleksey Fedorov);ODS Read CC;Synchronization;;Synchronization + пустая бизнес-роль
agfedorov;Федоров Алексей Георгиевич (Aleksey Fedorov);ODS Read EKIS;Synchronization;;Synchronization + пустая бизнес-роль
agfedorov;Федоров Алексей Георгиевич (Aleksey Fedorov);ODS Read Report;Synchronization;;Synchronization + пустая бизнес-роль
agfedorov;Федоров Алексей Георгиевич (Aleksey Fedorov);ODS Read RGSSCC;Synchronization;;Synchronization + пустая бизнес-роль
agfedorov;Федоров Алексей Георгиевич (Aleksey Fedorov);ODS Read SAP;Synchronization;;Synchronization + пустая бизнес-роль
agfedorov;Федоров Алексей Георгиевич (Aleksey Fedorov);ODS Unspec Auto;Synchronization;;Synchronization + пустая бизнес-роль
agmescheryakov;Мещеряков Александр Геннадьевич (Aleksandr Mescheryakov);DWH Developer;Synchronization;;Synchronization + пустая бизнес-роль
agmescheryakov;Мещеряков Александр Геннадьевич (Aleksandr Mescheryakov);EDW All BZK;Synchronization;;Synchronization + пустая бизнес-роль
agmescheryakov;Мещеряков Александр Геннадьевич (Aleksandr Mescheryakov);EDW All CDM;Synchronization;;Synchronization + пустая бизнес-роль
agmescheryakov;Мещеряков Александр Геннадьевич (Aleksandr Mescheryakov);EDW All Cdm Analysis;Synchronization;;Synchronization + пустая бизнес-роль
agmescheryakov;Мещеряков Александр Геннадьевич (Aleksandr Mescheryakov);EDW All Core;Synchronization;;Synchronization + пустая бизнес-роль
agmescheryakov;Мещеряков Александр Геннадьевич (Aleksandr Mescheryakov);EDW All Finance;Synchronization;;Synchronization + пустая бизнес-роль
agmescheryakov;Мещеряков Александр Геннадьевич (Aleksandr Mescheryakov);EDW All RB;Synchronization;;Synchronization + пустая бизнес-роль
agmescheryakov;Мещеряков Александр Геннадьевич (Aleksandr Mescheryakov);EDW Read Cdm Analysis Out;Synchronization;;Synchronization + пустая бизнес-роль
agmescheryakov;Мещеряков Александр Геннадьевич (Aleksandr Mescheryakov);EDW Read Core;Synchronization;;Synchronization + пустая бизнес-роль
agmescheryakov;Мещеряков Александр Геннадьевич (Aleksandr Mescheryakov);ODS All CDM;Synchronization;;Synchronization + пустая бизнес-роль
agmescheryakov;Мещеряков Александр Геннадьевич (Aleksandr Mescheryakov);ODS All Cdm Analysis;Synchronization;;Synchronization + пустая бизнес-роль
agmescheryakov;Мещеряков Александр Геннадьевич (Aleksandr Mescheryakov);ODS All fb781p;Synchronization;;Synchronization + пустая бизнес-роль
agmescheryakov;Мещеряков Александр Геннадьевич (Aleksandr Mescheryakov);ODS All msfo17;Synchronization;;Synchronization + пустая бизнес-роль
agmescheryakov;Мещеряков Александр Геннадьевич (Aleksandr Mescheryakov);ODS Read ARCtrl;Synchronization;;Synchronization + пустая бизнес-роль
agmescheryakov;Мещеряков Александр Геннадьевич (Aleksandr Mescheryakov);ODS Read ARM4;Synchronization;;Synchronization + пустая бизнес-роль
agmescheryakov;Мещеряков Александр Геннадьевич (Aleksandr Mescheryakov);ODS Read BCAPP;Synchronization;;Synchronization + пустая бизнес-роль
agmescheryakov;Мещеряков Александр Геннадьевич (Aleksandr Mescheryakov);ODS Read CC;Synchronization;;Synchronization + пустая бизнес-роль
agmescheryakov;Мещеряков Александр Геннадьевич (Aleksandr Mescheryakov);ODS Read Cdm Analysis Out;Synchronization;;Synchronization + пустая бизнес-роль
agmescheryakov;Мещеряков Александр Геннадьевич (Aleksandr Mescheryakov);ODS Read DIAS;Synchronization;;Synchronization + пустая бизнес-роль
agmescheryakov;Мещеряков Александр Геннадьевич (Aleksandr Mescheryakov);ODS Read EKIS;Synchronization;;Synchronization + пустая бизнес-роль
agmescheryakov;Мещеряков Александр Геннадьевич (Aleksandr Mescheryakov);ODS Read Finance;Synchronization;;Synchronization + пустая бизнес-роль
agmescheryakov;Мещеряков Александр Геннадьевич (Aleksandr Mescheryakov);ODS Read hr1c;Synchronization;;Synchronization + пустая бизнес-роль
agmescheryakov;Мещеряков Александр Геннадьевич (Aleksandr Mescheryakov);ODS Read KIAS;Synchronization;;Synchronization + пустая бизнес-роль
agmescheryakov;Мещеряков Александр Геннадьевич (Aleksandr Mescheryakov);ODS Read Naumen;Synchronization;;Synchronization + пустая бизнес-роль
agmescheryakov;Мещеряков Александр Геннадьевич (Aleksandr Mescheryakov);ODS Read PCAPP;Synchronization;;Synchronization + пустая бизнес-роль
agmescheryakov;Мещеряков Александр Геннадьевич (Aleksandr Mescheryakov);ODS Read Report;Synchronization;;Synchronization + пустая бизнес-роль
agmescheryakov;Мещеряков Александр Геннадьевич (Aleksandr Mescheryakov);ODS Read RGSSCC;Synchronization;;Synchronization + пустая бизнес-роль
agmescheryakov;Мещеряков Александр Геннадьевич (Aleksandr Mescheryakov);ODS Read SAP;Synchronization;;Synchronization + пустая бизнес-роль
agmescheryakov;Мещеряков Александр Геннадьевич (Aleksandr Mescheryakov);ODS Read SCR;Synchronization;;Synchronization + пустая бизнес-роль
agmescheryakov;Мещеряков Александр Геннадьевич (Aleksandr Mescheryakov);ODS Read Splunk UFO;Synchronization;;Synchronization + пустая бизнес-роль
agmescheryakov;Мещеряков Александр Геннадьевич (Aleksandr Mescheryakov);ODS Read UFO;Synchronization;;Synchronization + пустая бизнес-роль
agmescheryakov;Мещеряков Александр Геннадьевич (Aleksandr Mescheryakov);ODS Read WT;Synchronization;;Synchronization + пустая бизнес-роль
agmorozov;Морозов Артем Генрикович (Artem Morozov);EDW All IAD;Synchronization;;Synchronization + пустая бизнес-роль
agmorozov;Морозов Артем Генрикович (Artem Morozov);ODS All IAD;Synchronization;;Synchronization + пустая бизнес-роль
agmorozov;Морозов Артем Генрикович (Artem Morozov);ODS Read ARM4;Synchronization;;Synchronization + пустая бизнес-роль
agmorozov;Морозов Артем Генрикович (Artem Morozov);ODS Read Audatex;Synchronization;;Synchronization + пустая бизнес-роль
agmorozov;Морозов Артем Генрикович (Artem Morozov);ODS Read Auto;Synchronization;;Synchronization + пустая бизнес-роль
agmorozov;Морозов Артем Генрикович (Artem Morozov);ODS Read BCAPP;Synchronization;;Synchronization + пустая бизнес-роль
agmorozov;Морозов Артем Генрикович (Artem Morozov);ODS Read CC;Synchronization;;Synchronization + пустая бизнес-роль
agmorozov;Морозов Артем Генрикович (Artem Morozov);ODS Read DMS;Synchronization;;Synchronization + пустая бизнес-роль
agmorozov;Морозов Артем Генрикович (Artem Morozov);ODS Read EKIS;Synchronization;;Synchronization + пустая бизнес-роль
agmorozov;Морозов Артем Генрикович (Artem Morozov);ODS Read Equifax;Synchronization;;Synchronization + пустая бизнес-роль
agmorozov;Морозов Артем Генрикович (Artem Morozov);ODS Read FOIV;Synchronization;;Synchronization + пустая бизнес-роль
agmorozov;Морозов Артем Генрикович (Artem Morozov);ODS Read Insbridge;Synchronization;;Synchronization + пустая бизнес-роль
agmorozov;Морозов Артем Генрикович (Artem Morozov);ODS Read KIAS;Synchronization;;Synchronization + пустая бизнес-роль
agmorozov;Морозов Артем Генрикович (Artem Morozov);ODS Read MFMS;Synchronization;;Synchronization + пустая бизнес-роль
agmorozov;Морозов Артем Генрикович (Artem Morozov);ODS Read Mobile;Synchronization;;Synchronization + пустая бизнес-роль
agmorozov;Морозов Артем Генрикович (Artem Morozov);ODS Read Naumen;Synchronization;;Synchronization + пустая бизнес-роль
agmorozov;Морозов Артем Генрикович (Artem Morozov);ODS Read NBKI;Synchronization;;Synchronization + пустая бизнес-роль
agmorozov;Морозов Артем Генрикович (Artem Morozov);ODS Read PCAPP;Synchronization;;Synchronization + пустая бизнес-роль
agmorozov;Морозов Артем Генрикович (Artem Morozov);ODS Read RGSSCC;Synchronization;;Synchronization + пустая бизнес-роль
agmorozov;Морозов Артем Генрикович (Artem Morozov);ODS Read RSAKBM;Synchronization;;Synchronization + пустая бизнес-роль
agmorozov;Морозов Артем Генрикович (Artem Morozov);ODS Read Splunk Avtocod;Synchronization;;Synchronization + пустая бизнес-роль
agmorozov;Морозов Артем Генрикович (Artem Morozov);ODS Read Splunk KBM;Synchronization;;Synchronization + пустая бизнес-роль
agmorozov;Морозов Артем Генрикович (Artem Morozov);ODS Read Transdekra;Synchronization;;Synchronization + пустая бизнес-роль
aiandreev;Андреев Андрей Игоревич (Andrey Andreev);ODS Read Auto;Synchronization;;Synchronization + пустая бизнес-роль
aiandreev;Андреев Андрей Игоревич (Andrey Andreev);ODS Read Insbridge;Synchronization;;Synchronization + пустая бизнес-роль
aiandreev;Андреев Андрей Игоревич (Andrey Andreev);ODS Read Mobile;Synchronization;;Synchronization + пустая бизнес-роль
aiandreev;Андреев Андрей Игоревич (Andrey Andreev);ODS Read Splunk Avtocod;Synchronization;;Synchronization + пустая бизнес-роль
aiandreev;Андреев Андрей Игоревич (Andrey Andreev);ODS Read Splunk KBM;Synchronization;;Synchronization + пустая бизнес-роль
aiandreev;Андреев Андрей Игоревич (Andrey Andreev);ODS Read Transdekra;Synchronization;;Synchronization + пустая бизнес-роль
aibugaev;Бугаев Андрей Игоревич (Andrey Bugaev);ODS Read SAP;Synchronization;;Synchronization + пустая бизнес-роль
aibut;Бут Александр Игоревич (Aleksandr But);EDW Unspec Analysis Out;Synchronization;;Synchronization + пустая бизнес-роль
aigamov;Гамов Антон Игоревич (Anton Gamov);DWH User;Synchronization;;Synchronization + пустая бизнес-роль
aigamov;Гамов Антон Игоревич (Anton Gamov);EDW All RB;Synchronization;;Synchronization + пустая бизнес-роль
aigamov;Гамов Антон Игоревич (Anton Gamov);EDW Owner RB;Synchronization;;Synchronization + пустая бизнес-роль
aigamov;Гамов Антон Игоревич (Anton Gamov);EDW Read Cdm Analysis;Synchronization;;Synchronization + пустая бизнес-роль
aigamov;Гамов Антон Игоревич (Anton Gamov);EDW Read Core;Synchronization;;Synchronization + пустая бизнес-роль
aigamov;Гамов Антон Игоревич (Anton Gamov);EDW Read Finance;Synchronization;;Synchronization + пустая бизнес-роль
aigamov;Гамов Антон Игоревич (Anton Gamov);EDW Unspec Analysis Out;Synchronization;;Synchronization + пустая бизнес-роль
aigamov;Гамов Антон Игоревич (Anton Gamov);EDW Unspec CCU;Synchronization;;Synchronization + пустая бизнес-роль
aigamov;Гамов Антон Игоревич (Anton Gamov);ODS All RB;Synchronization;;Synchronization + пустая бизнес-роль
aigamov;Гамов Антон Игоревич (Anton Gamov);ODS Owner RB Market;Synchronization;;Synchronization + пустая бизнес-роль
aigamov;Гамов Антон Игоревич (Anton Gamov);ODS Read ARM4;Synchronization;;Synchronization + пустая бизнес-роль
aigamov;Гамов Антон Игоревич (Anton Gamov);ODS Read Boss 1;Synchronization;;Synchronization + пустая бизнес-роль
aigamov;Гамов Антон Игоревич (Anton Gamov);ODS Read CC;Synchronization;;Synchronization + пустая бизнес-роль
aigamov;Гамов Антон Игоревич (Anton Gamov);ODS Read CCU;Synchronization;;Synchronization + пустая бизнес-роль
aigamov;Гамов Антон Игоревич (Anton Gamov);ODS Read EKIS;Synchronization;;Synchronization + пустая бизнес-роль
aigamov;Гамов Антон Игоревич (Anton Gamov);ODS Read KIAS;Synchronization;;Synchronization + пустая бизнес-роль
aigamov;Гамов Антон Игоревич (Anton Gamov);ODS Read Report;Synchronization;;Synchronization + пустая бизнес-роль
aigamov;Гамов Антон Игоревич (Anton Gamov);ODS Read RGSJ;Synchronization;;Synchronization + пустая бизнес-роль
aigamov;Гамов Антон Игоревич (Anton Gamov);ODS Read RGSSCC;Synchronization;;Synchronization + пустая бизнес-роль
aigamov;Гамов Антон Игоревич (Anton Gamov);ODS Read RSAPRD;Synchronization;;Synchronization + пустая бизнес-роль
aigamov;Гамов Антон Игоревич (Anton Gamov);ODS Read SAP;Synchronization;;Synchronization + пустая бизнес-роль
aigamov;Гамов Антон Игоревич (Anton Gamov);ODS Unspec Actuary;Synchronization;;Synchronization + пустая бизнес-роль
aigamov;Гамов Антон Игоревич (Anton Gamov);ODS Unspec Analysis;Synchronization;;Synchronization + пустая бизнес-роль
aigamov;Гамов Антон Игоревич (Anton Gamov);ODS Unspec Analysis Out;Synchronization;;Synchronization + пустая бизнес-роль
aigamov;Гамов Антон Игоревич (Anton Gamov);ODS Unspec Auto;Synchronization;;Synchronization + пустая бизнес-роль
aigamov;Гамов Антон Игоревич (Anton Gamov);ODS Unspec Property;Synchronization;;Synchronization + пустая бизнес-роль
aigaydalyonok;Гайдалёнок Антон Игоревич (Anton Gaydalyonok);ODS Read Auto;Synchronization;;Synchronization + пустая бизнес-роль
aigoncharenko;Гончаренко Алексей Игоревич (Aleksey Goncharenko);ODS Read ARM4;Synchronization;;Synchronization + пустая бизнес-роль
aigoncharenko;Гончаренко Алексей Игоревич (Aleksey Goncharenko);ODS Read UFO;Synchronization;;Synchronization + пустая бизнес-роль
aigorelov;Горелов Антон Игоревич (Anton Gorelov);ART Данные поезд-1-94909927;Synchronization;;Synchronization + пустая бизнес-роль
aikomonov;Комонов Андрей Игоревич (Andrey Komonov);EDW All BCI;Synchronization;;Synchronization + пустая бизнес-роль
aikomonov;Комонов Андрей Игоревич (Andrey Komonov);EDW Read Core;Synchronization;;Synchronization + пустая бизнес-роль
aikomonov;Комонов Андрей Игоревич (Andrey Komonov);ODS All BCI;Synchronization;;Synchronization + пустая бизнес-роль
aikomonov;Комонов Андрей Игоревич (Andrey Komonov);ODS Read ARM4;Synchronization;;Synchronization + пустая бизнес-роль
aikomonov;Комонов Андрей Игоревич (Andrey Komonov);ODS Read CC;Synchronization;;Synchronization + пустая бизнес-роль
aikomonov;Комонов Андрей Игоревич (Andrey Komonov);ODS Read EKIS;Synchronization;;Synchronization + пустая бизнес-роль
aikomonov;Комонов Андрей Игоревич (Andrey Komonov);ODS Read RGSSCC;Synchronization;;Synchronization + пустая бизнес-роль
aikomonov;Комонов Андрей Игоревич (Andrey Komonov);ODS Read SAP;Synchronization;;Synchronization + пустая бизнес-роль
aimakhalkin;Махалкин Алексей Игоревич (Aleksey Makhalkin);DWH Developer;Synchronization;;Synchronization + пустая бизнес-роль
aimakhalkin;Махалкин Алексей Игоревич (Aleksey Makhalkin);EDW All DQM;Synchronization;;Synchronization + пустая бизнес-роль
aimakhalkin;Махалкин Алексей Игоревич (Aleksey Makhalkin);EDW Read Cdm Analysis;Synchronization;;Synchronization + пустая бизнес-роль
aimakhalkin;Махалкин Алексей Игоревич (Aleksey Makhalkin);EDW Read Cdm Analysis Out;Synchronization;;Synchronization + пустая бизнес-роль
aimakhalkin;Махалкин Алексей Игоревич (Aleksey Makhalkin);EDW Read Core;Synchronization;;Synchronization + пустая бизнес-роль
aimakhalkin;Махалкин Алексей Игоревич (Aleksey Makhalkin);ODS All Cdm Analysis Out;Synchronization;;Synchronization + пустая бизнес-роль
aimakhalkin;Махалкин Алексей Игоревич (Aleksey Makhalkin);ODS Read ARM4;Synchronization;;Synchronization + пустая бизнес-роль
aimakhalkin;Махалкин Алексей Игоревич (Aleksey Makhalkin);ODS Read BCAPP;Synchronization;;Synchronization + пустая бизнес-роль
aimakhalkin;Махалкин Алексей Игоревич (Aleksey Makhalkin);ODS Read CC;Synchronization;;Synchronization + пустая бизнес-роль
aimakhalkin;Махалкин Алексей Игоревич (Aleksey Makhalkin);ODS Read EKIS;Synchronization;;Synchronization + пустая бизнес-роль
aimakhalkin;Махалкин Алексей Игоревич (Aleksey Makhalkin);ODS Read KIAS;Synchronization;;Synchronization + пустая бизнес-роль
aimakhalkin;Махалкин Алексей Игоревич (Aleksey Makhalkin);ODS Read Naumen;Synchronization;;Synchronization + пустая бизнес-роль
aimakhalkin;Махалкин Алексей Игоревич (Aleksey Makhalkin);ODS Read PCAPP;Synchronization;;Synchronization + пустая бизнес-роль
aimakhalkin;Махалкин Алексей Игоревич (Aleksey Makhalkin);ODS Read Report;Synchronization;;Synchronization + пустая бизнес-роль
aimakhalkin;Махалкин Алексей Игоревич (Aleksey Makhalkin);ODS Read RGSSCC;Synchronization;;Synchronization + пустая бизнес-роль
aimakhalkin;Махалкин Алексей Игоревич (Aleksey Makhalkin);ODS Read SAP;Synchronization;;Synchronization + пустая бизнес-роль
aimandryki;Мандрыкин Антон Игоревич (Anton Mandrykin);EDW Read RB;Synchronization;;Synchronization + пустая бизнес-роль
aimayskiy;Майский Андрей Игоревич (Andrey Mayskiy);EDW Read Cdm Analysis;Synchronization;;Synchronization + пустая бизнес-роль
aimayskiy;Майский Андрей Игоревич (Andrey Mayskiy);EDW Read Cdm Analysis Out;Synchronization;;Synchronization + пустая бизнес-роль
aimuravev;Муравьев Антон Игоревич (Anton Muravev);ODS Read Actuary;Synchronization;;Synchronization + пустая бизнес-роль
aimuravev;Муравьев Антон Игоревич (Anton Muravev);ODS Read Auto;Synchronization;;Synchronization + пустая бизнес-роль
airflowdwh;airflowdwh;DWH User;Synchronization;;Synchronization + пустая бизнес-роль
aisadilov;Садилов Антон Игоревич (Anton Sadilov);ART Данные лид-11605388543;Synchronization;;Synchronization + пустая бизнес-роль
aisadilov;Садилов Антон Игоревич (Anton Sadilov);ART Данные поезд-1-94909927;Synchronization;;Synchronization + пустая бизнес-роль
aisadilov;Садилов Антон Игоревич (Anton Sadilov);EDW Read Cdm Analysis;Synchronization;;Synchronization + пустая бизнес-роль
aisadilov;Садилов Антон Игоревич (Anton Sadilov);EDW Unspec Analysis;Synchronization;;Synchronization + пустая бизнес-роль
aisadilov;Садилов Антон Игоревич (Anton Sadilov);EDW Unspec Analysis Out;Synchronization;;Synchronization + пустая бизнес-роль
aisadilov;Садилов Антон Игоревич (Anton Sadilov);ODS Read ARCtrl;Synchronization;;Synchronization + пустая бизнес-роль
aisadilov;Садилов Антон Игоревич (Anton Sadilov);ODS Read Cdm Analysis;Synchronization;;Synchronization + пустая бизнес-роль
aisadilov;Садилов Антон Игоревич (Anton Sadilov);ODS Unspec Analysis;Synchronization;;Synchronization + пустая бизнес-роль
aisadilov;Садилов Антон Игоревич (Anton Sadilov);ODS Unspec Analysis Out;Synchronization;;Synchronization + пустая бизнес-роль
aisvistunov;Свистунов Антон Игоревич (Anton Svistunov);DWH Underwriting;Synchronization;;Synchronization + пустая бизнес-роль
aisvistunov;Свистунов Антон Игоревич (Anton Svistunov);EDW Unspec Analysis Out;Synchronization;;Synchronization + пустая бизнес-роль
aisvistunov;Свистунов Антон Игоревич (Anton Svistunov);ODS All Auto;Synchronization;;Synchronization + пустая бизнес-роль
aisvistunov;Свистунов Антон Игоревич (Anton Svistunov);ODS Read ARM4;Synchronization;;Synchronization + пустая бизнес-роль
aisvistunov;Свистунов Антон Игоревич (Anton Svistunov);ODS Read CC;Synchronization;;Synchronization + пустая бизнес-роль
aisvistunov;Свистунов Антон Игоревич (Anton Svistunov);ODS Read EKIS;Synchronization;;Synchronization + пустая бизнес-роль
aisvistunov;Свистунов Антон Игоревич (Anton Svistunov);ODS Read RGSSCC;Synchronization;;Synchronization + пустая бизнес-роль
aisvistunov;Свистунов Антон Игоревич (Anton Svistunov);ODS Read UFO;Synchronization;;Synchronization + пустая бизнес-роль
aisvistunov;Свистунов Антон Игоревич (Anton Svistunov);ODS Unspecified;Synchronization;;Synchronization + пустая бизнес-роль
aiszhl;AISZHL;EDW Read AISZHL;Synchronization;;Synchronization + пустая бизнес-роль
aitikhonova;Тихонова Антонина Ивановна (Antonina Tikhonova);ODS Unspec Auto;Synchronization;;Synchronization + пустая бизнес-роль
aivoronina;Воронина Анастасия Игоревна (Anastasiya Voronina);ODS Read ARM4;Synchronization;;Synchronization + пустая бизнес-роль
aivoronina;Воронина Анастасия Игоревна (Anastasiya Voronina);ODS Read Auto;Synchronization;;Synchronization + пустая бизнес-роль
aivoronina;Воронина Анастасия Игоревна (Anastasiya Voronina);ODS Read CC;Synchronization;;Synchronization + пустая бизнес-роль
aivoronina;Воронина Анастасия Игоревна (Anastasiya Voronina);ODS Read EKIS;Synchronization;;Synchronization + пустая бизнес-роль
aivoronina;Воронина Анастасия Игоревна (Anastasiya Voronina);ODS Read RGSSCC;Synchronization;;Synchronization + пустая бизнес-роль
akavdeev;Авдеев Андрей Кириллович (Andrey Avdeev);ART Данные поезд-1-94909927;Synchronization;;Synchronization + пустая бизнес-роль
akitsenko;Киценко Андрей Александрович (Andrey Kitsenko);DWH Developer;Synchronization;;Synchronization + пустая бизнес-роль
akomar;Комарь Александр Владимирович (Aleksandr Komar);ODS Read Auto;Synchronization;;Synchronization + пустая бизнес-роль
akostin;Костин Александр Вячеславович (Aleksandr Kostin);DWH User;Synchronization;;Synchronization + пустая бизнес-роль
alaponomarev;Пономарев Александр Андреевич (Aleksandr Ponomarev);ODS Unspec Property;Synchronization;;Synchronization + пустая бизнес-роль
alaponomarev;Пономарев Александр Андреевич (Aleksandr Ponomarev);ODS Unspecified;Synchronization;;Synchronization + пустая бизнес-роль
alemaksimova;Максимова Алена Евгеньевна (Alena Maksimova);ART Данные лид-11605388543;Synchronization;;Synchronization + пустая бизнес-роль
aleonov;Леонов Александр Александрович (Aleksandr Leonov);EDW Unspec Analysis Out;Synchronization;;Synchronization + пустая бизнес-роль
aleonov;Леонов Александр Александрович (Aleksandr Leonov);ODS All fb781p;Synchronization;;Synchronization + пустая бизнес-роль
aleonov;Леонов Александр Александрович (Aleksandr Leonov);ODS Read Actuary;Synchronization;;Synchronization + пустая бизнес-роль
aleonov;Леонов Александр Александрович (Aleksandr Leonov);ODS Read Cdm Analysis Out;Synchronization;;Synchronization + пустая бизнес-роль
aleonov;Леонов Александр Александрович (Aleksandr Leonov);ODS Read fb781p;Synchronization;;Synchronization + пустая бизнес-роль
aleonov;Леонов Александр Александрович (Aleksandr Leonov);ODS Read XBRL;Synchronization;;Synchronization + пустая бизнес-роль
aleonov;Леонов Александр Александрович (Aleksandr Leonov);ODS Unspec Analysis;Synchronization;;Synchronization + пустая бизнес-роль
aleonov;Леонов Александр Александрович (Aleksandr Leonov);ODS Unspec Analysis Out;Synchronization;;Synchronization + пустая бизнес-роль
alitvinchuk;Литвинчук Антон Дмитриевич (Anton Litvinchuk);EDW Administrator;Synchronization;;Synchronization + пустая бизнес-роль
alitvinchuk;Литвинчук Антон Дмитриевич (Anton Litvinchuk);ODS Administrator;Synchronization;;Synchronization + пустая бизнес-роль
alnivolkov;Волков Александр Николаевич (Aleksandr Volkov);EDW All RB;Synchronization;;Synchronization + пустая бизнес-роль
alsivanov;Иванов Алексей Сергеевич;DWHT ODS Read Auto;Synchronization;;Synchronization + пустая бизнес-роль
alsivanov;Иванов Алексей Сергеевич;DWHT Ods Read Source;Synchronization;;Synchronization + пустая бизнес-роль
alvglavatskaya;Главацкая Александра Владимировна (Aleksandra Glavatskaya);ART Данные лид-11605388543;Synchronization;;Synchronization + пустая бизнес-роль
alvmikhaylova;Михайлова Алла Викторовна (Alla Mikhaylova);EDW All CCU;Synchronization;;Synchronization + пустая бизнес-роль
alvmikhaylova;Михайлова Алла Викторовна (Alla Mikhaylova);EDW Owner CCU;Synchronization;;Synchronization + пустая бизнес-роль
alvmikhaylova;Михайлова Алла Викторовна (Alla Mikhaylova);EDW Read CDI;Synchronization;;Synchronization + пустая бизнес-роль
alvmikhaylova;Михайлова Алла Викторовна (Alla Mikhaylova);EDW Read Core;Synchronization;;Synchronization + пустая бизнес-роль
alvmikhaylova;Михайлова Алла Викторовна (Alla Mikhaylova);ODS All CCU;Synchronization;;Synchronization + пустая бизнес-роль
alvmikhaylova;Михайлова Алла Викторовна (Alla Mikhaylova);ODS Owner CCU;Synchronization;;Synchronization + пустая бизнес-роль
alvmikhaylova;Михайлова Алла Викторовна (Alla Mikhaylova);ODS Read Audatex;Synchronization;;Synchronization + пустая бизнес-роль
alvmikhaylova;Михайлова Алла Викторовна (Alla Mikhaylova);ODS Read CDM;Synchronization;;Synchronization + пустая бизнес-роль
alvmikhaylova;Михайлова Алла Викторовна (Alla Mikhaylova);ODS Read LK;Synchronization;;Synchronization + пустая бизнес-роль
alvmikhaylova;Михайлова Алла Викторовна (Alla Mikhaylova);ODS Read MFMS;Synchronization;;Synchronization + пустая бизнес-роль
alvmikhaylova;Михайлова Алла Викторовна (Alla Mikhaylova);ODS Read Mobile;Synchronization;;Synchronization + пустая бизнес-роль
alvmikhaylova;Михайлова Алла Викторовна (Alla Mikhaylova);ODS Read Naumen;Synchronization;;Synchronization + пустая бизнес-роль
alvmikhaylova;Михайлова Алла Викторовна (Alla Mikhaylova);ODS Read OpenBank;Synchronization;;Synchronization + пустая бизнес-роль
alvmikhaylova;Михайлова Алла Викторовна (Alla Mikhaylova);ODS Read Transdekra;Synchronization;;Synchronization + пустая бизнес-роль
alvmikhaylova;Михайлова Алла Викторовна (Alla Mikhaylova);ODS Read UKDZISP;Synchronization;;Synchronization + пустая бизнес-роль
alvreus;Реус Александр Валерьевич (Aleksandr Reus);ART Данные поезд-1-94909927;Synchronization;;Synchronization + пустая бизнес-роль
alvreus;Реус Александр Валерьевич (Aleksandr Reus);EDW All Cdm Analysis Out;Synchronization;;Synchronization + пустая бизнес-роль
alvreus;Реус Александр Валерьевич (Aleksandr Reus);EDW All Finance;Synchronization;;Synchronization + пустая бизнес-роль
alvreus;Реус Александр Валерьевич (Aleksandr Reus);ODS All Cdm Analysis Out;Synchronization;;Synchronization + пустая бизнес-роль
alvreus;Реус Александр Валерьевич (Aleksandr Reus);ODS All Finance;Synchronization;;Synchronization + пустая бизнес-роль
alvreus;Реус Александр Валерьевич (Aleksandr Reus);ODS Read Auto;Synchronization;;Synchronization + пустая бизнес-роль
alvreus;Реус Александр Валерьевич (Aleksandr Reus);ODS Read Mobile;Synchronization;;Synchronization + пустая бизнес-роль
amakusba;Акусба Александр Михайлович (Aleksandr Akusba);EDW Read CDI;Synchronization;;Synchronization + пустая бизнес-роль
amakusba;Акусба Александр Михайлович (Aleksandr Akusba);EDW Unspec Analysis Out;Synchronization;;Synchronization + пустая бизнес-роль
amakusba;Акусба Александр Михайлович (Aleksandr Akusba);ODS Read ARM4;Synchronization;;Synchronization + пустая бизнес-роль
amakusba;Акусба Александр Михайлович (Aleksandr Akusba);ODS Read BCAPP;Synchronization;;Synchronization + пустая бизнес-роль
amakusba;Акусба Александр Михайлович (Aleksandr Akusba);ODS Read CC;Synchronization;;Synchronization + пустая бизнес-роль
amakusba;Акусба Александр Михайлович (Aleksandr Akusba);ODS Read EKIS;Synchronization;;Synchronization + пустая бизнес-роль
amakusba;Акусба Александр Михайлович (Aleksandr Akusba);ODS Read PCAPP;Synchronization;;Synchronization + пустая бизнес-роль
amakusba;Акусба Александр Михайлович (Aleksandr Akusba);ODS Read RGSJ;Synchronization;;Synchronization + пустая бизнес-роль
amakusba;Акусба Александр Михайлович (Aleksandr Akusba);ODS Read RI;Synchronization;;Synchronization + пустая бизнес-роль
amakusba;Акусба Александр Михайлович (Aleksandr Akusba);ODS Read SAP;Synchronization;;Synchronization + пустая бизнес-роль
amakusba;Акусба Александр Михайлович (Aleksandr Akusba);ODS Read VIRTU;Synchronization;;Synchronization + пустая бизнес-роль
amakusba;Акусба Александр Михайлович (Aleksandr Akusba);ODS Unspec Auto;Synchronization;;Synchronization + пустая бизнес-роль
amalyshev;Малышев Андрей Александрович (Andrey Malyshev);ODS Read BCAPP;Synchronization;;Synchronization + пустая бизнес-роль
amalyshev;Малышев Андрей Александрович (Andrey Malyshev);ODS Read PCAPP;Synchronization;;Synchronization + пустая бизнес-роль
amandrianov;Андрианов Алексей Михайлович (Aleksey Andrianov);ART Partners. ЦПП API-11272902660;Synchronization;;Synchronization + пустая бизнес-роль
amandrianov;Андрианов Алексей Михайлович (Aleksey Andrianov);ODS Read UFO;Synchronization;;Synchronization + пустая бизнес-роль
amfatkullin;Фаткуллин Азат Маратович (Azat Fatkullin);ODS Read Naumen;Synchronization;;Synchronization + пустая бизнес-роль
amfatkullin;Фаткуллин Азат Маратович (Azat Fatkullin);ODS Read Splunk UFO;Synchronization;;Synchronization + пустая бизнес-роль
amfatkullin;Фаткуллин Азат Маратович (Azat Fatkullin);ODS Read UFO;Synchronization;;Synchronization + пустая бизнес-роль
amfatkullin;Фаткуллин Азат Маратович (Azat Fatkullin);ODS Unspec Property;Synchronization;;Synchronization + пустая бизнес-роль
amfatkullin;Фаткуллин Азат Маратович (Azat Fatkullin);ODS Unspecified;Synchronization;;Synchronization + пустая бизнес-роль
amkiselev;Киселев Андрей Михайлович (Andrey Kiselev);ODS All UKDZISP;Synchronization;;Synchronization + пустая бизнес-роль
amkiselev;Киселев Андрей Михайлович (Andrey Kiselev);ODS Read KIAS;Synchronization;;Synchronization + пустая бизнес-роль
amkiselev;Киселев Андрей Михайлович (Andrey Kiselev);ODS Read Naumen;Synchronization;;Synchronization + пустая бизнес-роль
amkiselev;Киселев Андрей Михайлович (Andrey Kiselev);ODS Read RGSSCC;Synchronization;;Synchronization + пустая бизнес-роль
amkolesnikov;Колесников Александр Михайлович (Aleksandr Kolesnikov);ODS Read Boss 1;Synchronization;;Synchronization + пустая бизнес-роль
amkolesnikov;Колесников Александр Михайлович (Aleksandr Kolesnikov);ODS Read Splunk UFO;Synchronization;;Synchronization + пустая бизнес-роль
ampotapova;Потапова Анастасия Максимовна (Anastasiya Potapova);ART Partners. РГС PRO-1-1594249140;Synchronization;;Synchronization + пустая бизнес-роль
amshibanov;Шибанов Алексей Михайлович (Aleksey Shibanov);ART Данные лид-11605388543;Synchronization;;Synchronization + пустая бизнес-роль
amshibanov;Шибанов Алексей Михайлович (Aleksey Shibanov);ART Данные поезд-1-94909927;Synchronization;;Synchronization + пустая бизнес-роль
amshibanov;Шибанов Алексей Михайлович (Aleksey Shibanov);CBD Read Cdm Analysis Ou;Synchronization;;Synchronization + пустая бизнес-роль
amshibanov;Шибанов Алексей Михайлович (Aleksey Shibanov);EDW Read CDM;Synchronization;;Synchronization + пустая бизнес-роль
amshibanov;Шибанов Алексей Михайлович (Aleksey Shibanov);EDW Read Cdm Analysis Out;Synchronization;;Synchronization + пустая бизнес-роль
amshibanov;Шибанов Алексей Михайлович (Aleksey Shibanov);EDW Read RB;Synchronization;;Synchronization + пустая бизнес-роль
amshibanov;Шибанов Алексей Михайлович (Aleksey Shibanov);ODS All XBRL;Synchronization;;Synchronization + пустая бизнес-роль
amshibanov;Шибанов Алексей Михайлович (Aleksey Shibanov);ODS Read Boss 1;Synchronization;;Synchronization + пустая бизнес-роль
amshibanov;Шибанов Алексей Михайлович (Aleksey Shibanov);ODS Read Cdm Analysis Out;Synchronization;;Synchronization + пустая бизнес-роль
amshibanov;Шибанов Алексей Михайлович (Aleksey Shibanov);ODS Read Report;Synchronization;;Synchronization + пустая бизнес-роль
anaandreeva;Андреева Анна Андреевна (Anna Andreeva);DWH Developer;Synchronization;;Synchronization + пустая бизнес-роль
anaandreeva;Андреева Анна Андреевна (Anna Andreeva);EDW All CDM;Synchronization;;Synchronization + пустая бизнес-роль
anaandreeva;Андреева Анна Андреевна (Anna Andreeva);EDW All Cdm Analysis;Synchronization;;Synchronization + пустая бизнес-роль
anaandreeva;Андреева Анна Андреевна (Anna Andreeva);EDW Read Cdm Analysis Out;Synchronization;;Synchronization + пустая бизнес-роль
anaandreeva;Андреева Анна Андреевна (Anna Andreeva);EDW Read Core;Synchronization;;Synchronization + пустая бизнес-роль
anaandreeva;Андреева Анна Андреевна (Anna Andreeva);EDW Read RB;Synchronization;;Synchronization + пустая бизнес-роль
anaandreeva;Андреева Анна Андреевна (Anna Andreeva);ODS All CDM;Synchronization;;Synchronization + пустая бизнес-роль
anaandreeva;Андреева Анна Андреевна (Anna Andreeva);ODS All Cdm Analysis;Synchronization;;Synchronization + пустая бизнес-роль
anaandreeva;Андреева Анна Андреевна (Anna Andreeva);ODS All XBRL;Synchronization;;Synchronization + пустая бизнес-роль
anaandreeva;Андреева Анна Андреевна (Anna Andreeva);ODS Read ARCtrl;Synchronization;;Synchronization + пустая бизнес-роль
anaandreeva;Андреева Анна Андреевна (Anna Andreeva);ODS Read ARM4;Synchronization;;Synchronization + пустая бизнес-роль
anaandreeva;Андреева Анна Андреевна (Anna Andreeva);ODS Read Auto;Synchronization;;Synchronization + пустая бизнес-роль
anaandreeva;Андреева Анна Андреевна (Anna Andreeva);ODS Read Boss 1;Synchronization;;Synchronization + пустая бизнес-роль
anaandreeva;Андреева Анна Андреевна (Anna Andreeva);ODS Read CC;Synchronization;;Synchronization + пустая бизнес-роль
anaandreeva;Андреева Анна Андреевна (Anna Andreeva);ODS Read Cdm Analysis Out;Synchronization;;Synchronization + пустая бизнес-роль
anaandreeva;Андреева Анна Андреевна (Anna Andreeva);ODS Read DIAS;Synchronization;;Synchronization + пустая бизнес-роль
anaandreeva;Андреева Анна Андреевна (Anna Andreeva);ODS Read EKIS;Synchronization;;Synchronization + пустая бизнес-роль
anaandreeva;Андреева Анна Андреевна (Anna Andreeva);ODS Read KIAS;Synchronization;;Synchronization + пустая бизнес-роль
anaandreeva;Андреева Анна Андреевна (Anna Andreeva);ODS Read PCAPP;Synchronization;;Synchronization + пустая бизнес-роль
anaandreeva;Андреева Анна Андреевна (Anna Andreeva);ODS Read Report;Synchronization;;Synchronization + пустая бизнес-роль
anaandreeva;Андреева Анна Андреевна (Anna Andreeva);ODS Read RGSSCC;Synchronization;;Synchronization + пустая бизнес-роль
anaandreeva;Андреева Анна Андреевна (Anna Andreeva);ODS Read SAP;Synchronization;;Synchronization + пустая бизнес-роль
anaandreeva;Андреева Анна Андреевна (Anna Andreeva);ODS Read UFO;Synchronization;;Synchronization + пустая бизнес-роль
anaandreeva;Андреева Анна Андреевна (Anna Andreeva);ODS Read WT;Synchronization;;Synchronization + пустая бизнес-роль
analysts_prod;Analysts_prod;EDW Read BZK;Synchronization;;Synchronization + пустая бизнес-роль
analysts_prod;Analysts_prod;EDW Read CCU;Synchronization;;Synchronization + пустая бизнес-роль
analysts_prod;Analysts_prod;EDW Read Cdm Analysis Out;Synchronization;;Synchronization + пустая бизнес-роль
analysts_prod;Analysts_prod;EDW Read Core;Synchronization;;Synchronization + пустая бизнес-роль
analysts_prod;Analysts_prod;EDW Read Finance;Synchronization;;Synchronization + пустая бизнес-роль
analysts_prod;Analysts_prod;ODS Read AXIOMA;Synchronization;;Synchronization + пустая бизнес-роль
analysts_prod;Analysts_prod;ODS Read CCU;Synchronization;;Synchronization + пустая бизнес-роль
analysts_prod;Analysts_prod;ODS Read Finance;Synchronization;;Synchronization + пустая бизнес-роль
anansokolova;Соколова Анна Андреевна (Anna Sokolova);EDW All CCU;Synchronization;;Synchronization + пустая бизнес-роль
anansokolova;Соколова Анна Андреевна (Anna Sokolova);EDW Read CDI;Synchronization;;Synchronization + пустая бизнес-роль
anansokolova;Соколова Анна Андреевна (Anna Sokolova);EDW Read Core;Synchronization;;Synchronization + пустая бизнес-роль
anansokolova;Соколова Анна Андреевна (Anna Sokolova);ODS Read ARM4;Synchronization;;Synchronization + пустая бизнес-роль
anansokolova;Соколова Анна Андреевна (Anna Sokolova);ODS Read Boss 1;Synchronization;;Synchronization + пустая бизнес-роль
anansokolova;Соколова Анна Андреевна (Anna Sokolova);ODS Read CC;Synchronization;;Synchronization + пустая бизнес-роль
anansokolova;Соколова Анна Андреевна (Anna Sokolova);ODS Read DMS;Synchronization;;Synchronization + пустая бизнес-роль
anansokolova;Соколова Анна Андреевна (Anna Sokolova);ODS Read EKIS;Synchronization;;Synchronization + пустая бизнес-роль
anansokolova;Соколова Анна Андреевна (Anna Sokolova);ODS Read Finance;Synchronization;;Synchronization + пустая бизнес-роль
anansokolova;Соколова Анна Андреевна (Anna Sokolova);ODS Read LK;Synchronization;;Synchronization + пустая бизнес-роль
anansokolova;Соколова Анна Андреевна (Anna Sokolova);ODS Read Naumen;Synchronization;;Synchronization + пустая бизнес-роль
anansokolova;Соколова Анна Андреевна (Anna Sokolova);ODS Read PCAPP;Synchronization;;Synchronization + пустая бизнес-роль
anansokolova;Соколова Анна Андреевна (Anna Sokolova);ODS Read Report;Synchronization;;Synchronization + пустая бизнес-роль
anansokolova;Соколова Анна Андреевна (Anna Sokolova);ODS Read RGSSCC;Synchronization;;Synchronization + пустая бизнес-роль
anashmeleva;Шмелева Анна Алексеевна (Anna Shmeleva);ART Данные лид-11605388543;Synchronization;;Synchronization + пустая бизнес-роль
anesterenko;Нестеренко Алексей Сергеевич (Aleksey Nesterenko);EDW All CCU;Synchronization;;Synchronization + пустая бизнес-роль
anesterenko;Нестеренко Алексей Сергеевич (Aleksey Nesterenko);EDW Owner CCU;Synchronization;;Synchronization + пустая бизнес-роль
anesterenko;Нестеренко Алексей Сергеевич (Aleksey Nesterenko);EDW Read CDI;Synchronization;;Synchronization + пустая бизнес-роль
anesterenko;Нестеренко Алексей Сергеевич (Aleksey Nesterenko);EDW Read Core;Synchronization;;Synchronization + пустая бизнес-роль
anesterenko;Нестеренко Алексей Сергеевич (Aleksey Nesterenko);EDW Read RB;Synchronization;;Synchronization + пустая бизнес-роль
anesterenko;Нестеренко Алексей Сергеевич (Aleksey Nesterenko);ODS All CCU;Synchronization;;Synchronization + пустая бизнес-роль
anesterenko;Нестеренко Алексей Сергеевич (Aleksey Nesterenko);ODS Owner CCU;Synchronization;;Synchronization + пустая бизнес-роль
anesterenko;Нестеренко Алексей Сергеевич (Aleksey Nesterenko);ODS Read ARM4;Synchronization;;Synchronization + пустая бизнес-роль
anesterenko;Нестеренко Алексей Сергеевич (Aleksey Nesterenko);ODS Read Audatex;Synchronization;;Synchronization + пустая бизнес-роль
anesterenko;Нестеренко Алексей Сергеевич (Aleksey Nesterenko);ODS Read Auto;Synchronization;;Synchronization + пустая бизнес-роль
anesterenko;Нестеренко Алексей Сергеевич (Aleksey Nesterenko);ODS Read BCAPP;Synchronization;;Synchronization + пустая бизнес-роль
anesterenko;Нестеренко Алексей Сергеевич (Aleksey Nesterenko);ODS Read BOSS;Synchronization;;Synchronization + пустая бизнес-роль
anesterenko;Нестеренко Алексей Сергеевич (Aleksey Nesterenko);ODS Read Boss 1;Synchronization;;Synchronization + пустая бизнес-роль
anesterenko;Нестеренко Алексей Сергеевич (Aleksey Nesterenko);ODS Read CDM;Synchronization;;Synchronization + пустая бизнес-роль
anesterenko;Нестеренко Алексей Сергеевич (Aleksey Nesterenko);ODS Read EKIS;Synchronization;;Synchronization + пустая бизнес-роль
anesterenko;Нестеренко Алексей Сергеевич (Aleksey Nesterenko);ODS Read Finance;Synchronization;;Synchronization + пустая бизнес-роль
anesterenko;Нестеренко Алексей Сергеевич (Aleksey Nesterenko);ODS Read KIAS;Synchronization;;Synchronization + пустая бизнес-роль
anesterenko;Нестеренко Алексей Сергеевич (Aleksey Nesterenko);ODS Read LK;Synchronization;;Synchronization + пустая бизнес-роль
anesterenko;Нестеренко Алексей Сергеевич (Aleksey Nesterenko);ODS Read MFMS;Synchronization;;Synchronization + пустая бизнес-роль
anesterenko;Нестеренко Алексей Сергеевич (Aleksey Nesterenko);ODS Read Mobile;Synchronization;;Synchronization + пустая бизнес-роль
anesterenko;Нестеренко Алексей Сергеевич (Aleksey Nesterenko);ODS Read Naumen;Synchronization;;Synchronization + пустая бизнес-роль
anesterenko;Нестеренко Алексей Сергеевич (Aleksey Nesterenko);ODS Read OpenBank;Synchronization;;Synchronization + пустая бизнес-роль
anesterenko;Нестеренко Алексей Сергеевич (Aleksey Nesterenko);ODS Read PCAPP;Synchronization;;Synchronization + пустая бизнес-роль
anesterenko;Нестеренко Алексей Сергеевич (Aleksey Nesterenko);ODS Read Report;Synchronization;;Synchronization + пустая бизнес-роль
anesterenko;Нестеренко Алексей Сергеевич (Aleksey Nesterenko);ODS Read RGSSCC;Synchronization;;Synchronization + пустая бизнес-роль
anesterenko;Нестеренко Алексей Сергеевич (Aleksey Nesterenko);ODS Read Transdekra;Synchronization;;Synchronization + пустая бизнес-роль
anesterenko;Нестеренко Алексей Сергеевич (Aleksey Nesterenko);ODS Read UKDZISP;Synchronization;;Synchronization + пустая бизнес-роль
anesterenko;Нестеренко Алексей Сергеевич (Aleksey Nesterenko);ODS Unspec Analysis;Synchronization;;Synchronization + пустая бизнес-роль
anesterenko;Нестеренко Алексей Сергеевич (Aleksey Nesterenko);ODS Unspec Analysis Out;Synchronization;;Synchronization + пустая бизнес-роль
anklyukvin;Клюквин Александр Николаевич (Aleksandr Klyukvin);ODS All Auto;Synchronization;;Synchronization + пустая бизнес-роль
anklyukvin;Клюквин Александр Николаевич (Aleksandr Klyukvin);ODS Read ARM4;Synchronization;;Synchronization + пустая бизнес-роль
anklyukvin;Клюквин Александр Николаевич (Aleksandr Klyukvin);ODS Read CC;Synchronization;;Synchronization + пустая бизнес-роль
anklyukvin;Клюквин Александр Николаевич (Aleksandr Klyukvin);ODS Read Cdm Analysis Out;Synchronization;;Synchronization + пустая бизнес-роль
anklyukvin;Клюквин Александр Николаевич (Aleksandr Klyukvin);ODS Read EKIS;Synchronization;;Synchronization + пустая бизнес-роль
anklyukvin;Клюквин Александр Николаевич (Aleksandr Klyukvin);ODS Read RGSSCC;Synchronization;;Synchronization + пустая бизнес-роль
anklyukvin;Клюквин Александр Николаевич (Aleksandr Klyukvin);ODS Read UFO;Synchronization;;Synchronization + пустая бизнес-роль
anklyukvin;Клюквин Александр Николаевич (Aleksandr Klyukvin);ODS Unspec Analysis Out;Synchronization;;Synchronization + пустая бизнес-роль
anklyukvin;Клюквин Александр Николаевич (Aleksandr Klyukvin);ODS Unspecified;Synchronization;;Synchronization + пустая бизнес-роль
ankonovalov;Коновалов Андрей Николаевич (Andrey Konovalov);EDW All MLDEV19;Synchronization;;Synchronization + пустая бизнес-роль
ankonovalov;Коновалов Андрей Николаевич (Andrey Konovalov);EDW All MLDEV72;Synchronization;;Synchronization + пустая бизнес-роль
ankonovalov;Коновалов Андрей Николаевич (Andrey Konovalov);ODS All MLDEV19;Synchronization;;Synchronization + пустая бизнес-роль
ankonovalov;Коновалов Андрей Николаевич (Andrey Konovalov);ODS All MLDEV72;Synchronization;;Synchronization + пустая бизнес-роль
ankonovalov;Коновалов Андрей Николаевич (Andrey Konovalov);ODS Read CC;Synchronization;;Synchronization + пустая бизнес-роль
ankonovalov;Коновалов Андрей Николаевич (Andrey Konovalov);ODS Read PCAPP;Synchronization;;Synchronization + пустая бизнес-роль
ankonovalov;Коновалов Андрей Николаевич (Andrey Konovalov);ODS Read UFO;Synchronization;;Synchronization + пустая бизнес-роль
anlipatov;Липатов Алексей Николаевич (Aleksey Lipatov);CBD AuditorInternal;Synchronization;;Synchronization + пустая бизнес-роль
anlipatov;Липатов Алексей Николаевич (Aleksey Lipatov);EDW AuditorInternal;Synchronization;;Synchronization + пустая бизнес-роль
anlipatov;Липатов Алексей Николаевич (Aleksey Lipatov);ODS AuditorInternal;Synchronization;;Synchronization + пустая бизнес-роль
anlipatov;Липатов Алексей Николаевич (Aleksey Lipatov);ODS Read ARM4;Synchronization;;Synchronization + пустая бизнес-роль
anlipatov;Липатов Алексей Николаевич (Aleksey Lipatov);ODS Read Audatex;Synchronization;;Synchronization + пустая бизнес-роль
anlipatov;Липатов Алексей Николаевич (Aleksey Lipatov);ODS Read Auto;Synchronization;;Synchronization + пустая бизнес-роль
anlipatov;Липатов Алексей Николаевич (Aleksey Lipatov);ODS Read CC;Synchronization;;Synchronization + пустая бизнес-роль
anlipatov;Липатов Алексей Николаевич (Aleksey Lipatov);ODS Read EKIS;Synchronization;;Synchronization + пустая бизнес-роль
anlipatov;Липатов Алексей Николаевич (Aleksey Lipatov);ODS Read Equifax;Synchronization;;Synchronization + пустая бизнес-роль
anlipatov;Липатов Алексей Николаевич (Aleksey Lipatov);ODS Read FOIV;Synchronization;;Synchronization + пустая бизнес-роль
anlipatov;Липатов Алексей Николаевич (Aleksey Lipatov);ODS Read Insbridge;Synchronization;;Synchronization + пустая бизнес-роль
anlipatov;Липатов Алексей Николаевич (Aleksey Lipatov);ODS Read KIAS;Synchronization;;Synchronization + пустая бизнес-роль
anlipatov;Липатов Алексей Николаевич (Aleksey Lipatov);ODS Read MFMS;Synchronization;;Synchronization + пустая бизнес-роль
anlipatov;Липатов Алексей Николаевич (Aleksey Lipatov);ODS Read Mobile;Synchronization;;Synchronization + пустая бизнес-роль
anlipatov;Липатов Алексей Николаевич (Aleksey Lipatov);ODS Read NBKI;Synchronization;;Synchronization + пустая бизнес-роль
anlipatov;Липатов Алексей Николаевич (Aleksey Lipatov);ODS Read PCAPP;Synchronization;;Synchronization + пустая бизнес-роль
anlipatov;Липатов Алексей Николаевич (Aleksey Lipatov);ODS Read RGSSCC;Synchronization;;Synchronization + пустая бизнес-роль
anlipatov;Липатов Алексей Николаевич (Aleksey Lipatov);ODS Read RSAKBM;Synchronization;;Synchronization + пустая бизнес-роль
anlipatov;Липатов Алексей Николаевич (Aleksey Lipatov);ODS Read RSAPRD;Synchronization;;Synchronization + пустая бизнес-роль
anlipatov;Липатов Алексей Николаевич (Aleksey Lipatov);ODS Read SAP;Synchronization;;Synchronization + пустая бизнес-роль
anlipatov;Липатов Алексей Николаевич (Aleksey Lipatov);ODS Read Splunk Avtocod;Synchronization;;Synchronization + пустая бизнес-роль
anlipatov;Липатов Алексей Николаевич (Aleksey Lipatov);ODS Read Splunk KBM;Synchronization;;Synchronization + пустая бизнес-роль
anlipatov;Липатов Алексей Николаевич (Aleksey Lipatov);ODS Read Splunk UFO;Synchronization;;Synchronization + пустая бизнес-роль
anlipatov;Липатов Алексей Николаевич (Aleksey Lipatov);ODS Read Telematics;Synchronization;;Synchronization + пустая бизнес-роль
anlipatov;Липатов Алексей Николаевич (Aleksey Lipatov);ODS Read Transdekra;Synchronization;;Synchronization + пустая бизнес-роль
anlipatov;Липатов Алексей Николаевич (Aleksey Lipatov);ODS Read UFO;Synchronization;;Synchronization + пустая бизнес-роль
anmaskin;Маскин Александр Николаевич (Aleksandr Maskin);EDW All MLDEV19;Synchronization;;Synchronization + пустая бизнес-роль
anmaskin;Маскин Александр Николаевич (Aleksandr Maskin);EDW All MLDEV72;Synchronization;;Synchronization + пустая бизнес-роль
anmaskin;Маскин Александр Николаевич (Aleksandr Maskin);ODS All MLDEV19;Synchronization;;Synchronization + пустая бизнес-роль
anmaskin;Маскин Александр Николаевич (Aleksandr Maskin);ODS All MLDEV72;Synchronization;;Synchronization + пустая бизнес-роль
anmilyutin;Милютин Алексей Николаевич (Aleksey Milyutin);ODS Read UFO;Synchronization;;Synchronization + пустая бизнес-роль
anmoiseev;Моисеев Александр Николаевич (Aleksandr Moiseev);EDW All Property;Synchronization;;Synchronization + пустая бизнес-роль
anmoiseev;Моисеев Александр Николаевич (Aleksandr Moiseev);EDW Read CDI;Synchronization;;Synchronization + пустая бизнес-роль
anmoiseev;Моисеев Александр Николаевич (Aleksandr Moiseev);EDW Read Core;Synchronization;;Synchronization + пустая бизнес-роль
anmoiseev;Моисеев Александр Николаевич (Aleksandr Moiseev);ODS All Auto;Synchronization;;Synchronization + пустая бизнес-роль
anmoiseev;Моисеев Александр Николаевич (Aleksandr Moiseev);ODS All Property;Synchronization;;Synchronization + пустая бизнес-роль
anmoiseev;Моисеев Александр Николаевич (Aleksandr Moiseev);ODS Read ARCtrl;Synchronization;;Synchronization + пустая бизнес-роль
anmoiseev;Моисеев Александр Николаевич (Aleksandr Moiseev);ODS Read ARM4;Synchronization;;Synchronization + пустая бизнес-роль
anmoiseev;Моисеев Александр Николаевич (Aleksandr Moiseev);ODS Read CC;Synchronization;;Synchronization + пустая бизнес-роль
anmoiseev;Моисеев Александр Николаевич (Aleksandr Moiseev);ODS Read EKIS;Synchronization;;Synchronization + пустая бизнес-роль
anmoiseev;Моисеев Александр Николаевич (Aleksandr Moiseev);ODS Read PCAPP;Synchronization;;Synchronization + пустая бизнес-роль
anmoiseev;Моисеев Александр Николаевич (Aleksandr Moiseev);ODS Read RGSSCC;Synchronization;;Synchronization + пустая бизнес-роль
anmoiseev;Моисеев Александр Николаевич (Aleksandr Moiseev);ODS Read RI;Synchronization;;Synchronization + пустая бизнес-роль
anmoiseev;Моисеев Александр Николаевич (Aleksandr Moiseev);ODS Read SAP;Synchronization;;Synchronization + пустая бизнес-роль
anmoiseev;Моисеев Александр Николаевич (Aleksandr Moiseev);ODS Read UFO;Synchronization;;Synchronization + пустая бизнес-роль
anmoiseev;Моисеев Александр Николаевич (Aleksandr Moiseev);ODS Read VIRTU;Synchronization;;Synchronization + пустая бизнес-роль
annikolsky;Никольский Алексей Николаевич (Aleksey Nikolskiy);CBD Administrator;Synchronization;;Synchronization + пустая бизнес-роль
annikolsky;Никольский Алексей Николаевич (Aleksey Nikolskiy);DWH Developer;Synchronization;;Synchronization + пустая бизнес-роль
annikolsky;Никольский Алексей Николаевич (Aleksey Nikolskiy);DWH Replicator;Synchronization;;Synchronization + пустая бизнес-роль
annikolsky;Никольский Алексей Николаевич (Aleksey Nikolskiy);EDW Administrator;Synchronization;;Synchronization + пустая бизнес-роль
annikolsky;Никольский Алексей Николаевич (Aleksey Nikolskiy);EDW All CDM;Synchronization;;Synchronization + пустая бизнес-роль
annikolsky;Никольский Алексей Николаевич (Aleksey Nikolskiy);EDW All Cdm Analysis;Synchronization;;Synchronization + пустая бизнес-роль
annikolsky;Никольский Алексей Николаевич (Aleksey Nikolskiy);EDW All Cdm Analysis Out;Synchronization;;Synchronization + пустая бизнес-роль
annikolsky;Никольский Алексей Николаевич (Aleksey Nikolskiy);EDW All MLDEV19;Synchronization;;Synchronization + пустая бизнес-роль
annikolsky;Никольский Алексей Николаевич (Aleksey Nikolskiy);EDW All MLDEV72;Synchronization;;Synchronization + пустая бизнес-роль
annikolsky;Никольский Алексей Николаевич (Aleksey Nikolskiy);EDW Read Cdm Analysis Out;Synchronization;;Synchronization + пустая бизнес-роль
annikolsky;Никольский Алексей Николаевич (Aleksey Nikolskiy);EDW Read Core;Synchronization;;Synchronization + пустая бизнес-роль
annikolsky;Никольский Алексей Николаевич (Aleksey Nikolskiy);EDW Read UAG;Synchronization;;Synchronization + пустая бизнес-роль
annikolsky;Никольский Алексей Николаевич (Aleksey Nikolskiy);EDW Unspec Actuary;Synchronization;;Synchronization + пустая бизнес-роль
annikolsky;Никольский Алексей Николаевич (Aleksey Nikolskiy);ODS Administrator;Synchronization;;Synchronization + пустая бизнес-роль
annikolsky;Никольский Алексей Николаевич (Aleksey Nikolskiy);ODS All ARCtrl;Synchronization;;Synchronization + пустая бизнес-роль
annikolsky;Никольский Алексей Николаевич (Aleksey Nikolskiy);ODS All Auto;Synchronization;;Synchronization + пустая бизнес-роль
annikolsky;Никольский Алексей Николаевич (Aleksey Nikolskiy);ODS All CDM;Synchronization;;Synchronization + пустая бизнес-роль
annikolsky;Никольский Алексей Николаевич (Aleksey Nikolskiy);ODS All Cdm Analysis;Synchronization;;Synchronization + пустая бизнес-роль
annikolsky;Никольский Алексей Николаевич (Aleksey Nikolskiy);ODS All Cdm Analysis Out;Synchronization;;Synchronization + пустая бизнес-роль
annikolsky;Никольский Алексей Николаевич (Aleksey Nikolskiy);ODS All MLDEV19;Synchronization;;Synchronization + пустая бизнес-роль
annikolsky;Никольский Алексей Николаевич (Aleksey Nikolskiy);ODS All MLDEV72;Synchronization;;Synchronization + пустая бизнес-роль
annikolsky;Никольский Алексей Николаевич (Aleksey Nikolskiy);ODS All Report;Synchronization;;Synchronization + пустая бизнес-роль
annikolsky;Никольский Алексей Николаевич (Aleksey Nikolskiy);ODS All XBRL;Synchronization;;Synchronization + пустая бизнес-роль
annikolsky;Никольский Алексей Николаевич (Aleksey Nikolskiy);ODS Read ARCtrl;Synchronization;;Synchronization + пустая бизнес-роль
annikolsky;Никольский Алексей Николаевич (Aleksey Nikolskiy);ODS Read ARM4;Synchronization;;Synchronization + пустая бизнес-роль
annikolsky;Никольский Алексей Николаевич (Aleksey Nikolskiy);ODS Read BCAPP;Synchronization;;Synchronization + пустая бизнес-роль
annikolsky;Никольский Алексей Николаевич (Aleksey Nikolskiy);ODS Read Boss 1;Synchronization;;Synchronization + пустая бизнес-роль
annikolsky;Никольский Алексей Николаевич (Aleksey Nikolskiy);ODS Read CC;Synchronization;;Synchronization + пустая бизнес-роль
annikolsky;Никольский Алексей Николаевич (Aleksey Nikolskiy);ODS Read DIAS;Synchronization;;Synchronization + пустая бизнес-роль
annikolsky;Никольский Алексей Николаевич (Aleksey Nikolskiy);ODS Read EKIS;Synchronization;;Synchronization + пустая бизнес-роль
annikolsky;Никольский Алексей Николаевич (Aleksey Nikolskiy);ODS Read Finance;Synchronization;;Synchronization + пустая бизнес-роль
annikolsky;Никольский Алексей Николаевич (Aleksey Nikolskiy);ODS Read KIAS;Synchronization;;Synchronization + пустая бизнес-роль
annikolsky;Никольский Алексей Николаевич (Aleksey Nikolskiy);ODS Read PCAPP;Synchronization;;Synchronization + пустая бизнес-роль
annikolsky;Никольский Алексей Николаевич (Aleksey Nikolskiy);ODS Read RGSSCC;Synchronization;;Synchronization + пустая бизнес-роль
annikolsky;Никольский Алексей Николаевич (Aleksey Nikolskiy);ODS Read SAP;Synchronization;;Synchronization + пустая бизнес-роль
annikolsky;Никольский Алексей Николаевич (Aleksey Nikolskiy);ODS Read UFO;Synchronization;;Synchronization + пустая бизнес-роль
annryabov;Рябов Антон Николаевич (Anton Ryabov);ART Данные поезд-1-94909927;Synchronization;;Synchronization + пустая бизнес-роль
anoyatsenko;Яценко Анастасия Олеговна (Anastasiya Yatsenko);ART Данные лид-11605388543;Synchronization;;Synchronization + пустая бизнес-роль
anoyatsenko;Яценко Анастасия Олеговна (Anastasiya Yatsenko);ART Данные поезд-1-94909927;Synchronization;;Synchronization + пустая бизнес-роль
anpetuhov;Петухов Андрей Николаевич (Andrey Petukhov);ODS Read ARM4;Synchronization;;Synchronization + пустая бизнес-роль
anpetuhov;Петухов Андрей Николаевич (Andrey Petukhov);ODS Read CC;Synchronization;;Synchronization + пустая бизнес-роль
anpetuhov;Петухов Андрей Николаевич (Andrey Petukhov);ODS Read EKIS;Synchronization;;Synchronization + пустая бизнес-роль
anpetuhov;Петухов Андрей Николаевич (Andrey Petukhov);ODS Read RGSSCC;Synchronization;;Synchronization + пустая бизнес-роль
anpetuhov;Петухов Андрей Николаевич (Andrey Petukhov);ODS Unspecified;Synchronization;;Synchronization + пустая бизнес-роль
anrudenko;Руденко Анастасия Николаевна (Anastasiya Rudenko);EDW Read Core;Synchronization;;Synchronization + пустая бизнес-роль
anrudenko;Руденко Анастасия Николаевна (Anastasiya Rudenko);ODS All Actuary;Synchronization;;Synchronization + пустая бизнес-роль
anrudenko;Руденко Анастасия Николаевна (Anastasiya Rudenko);ODS All Auto;Synchronization;;Synchronization + пустая бизнес-роль
anrudenko;Руденко Анастасия Николаевна (Anastasiya Rudenko);ODS Read EKIS;Synchronization;;Synchronization + пустая бизнес-роль
anrudenko;Руденко Анастасия Николаевна (Anastasiya Rudenko);ODS Read Report;Synchronization;;Synchronization + пустая бизнес-роль
anrudenko;Руденко Анастасия Николаевна (Anastasiya Rudenko);ODS Read SAP;Synchronization;;Synchronization + пустая бизнес-роль
anshashev;Шашев Алексей Николаевич (Aleksey Shashev);ART Персонал (Весь поезд)art_hr@rgs.ru-12089312808;Synchronization;;Synchronization + пустая бизнес-роль
aobarashkov;Барашков Андрей Олегович (Andrey Barashkov);ODS Read Actuary;Synchronization;;Synchronization + пустая бизнес-роль
aobarashkov;Барашков Андрей Олегович (Andrey Barashkov);ODS Read Auto;Synchronization;;Synchronization + пустая бизнес-роль
aolemesheva;Лемешева Анастасия Олеговна (Anastasiya Lemesheva);ODS Read UFO;Synchronization;;Synchronization + пустая бизнес-роль
aomakarova;Макарова Анастасия Олеговна (Anastasiya Makarova);EDW Unspec Analysis;Synchronization;;Synchronization + пустая бизнес-роль
aomakarova;Макарова Анастасия Олеговна (Anastasiya Makarova);EDW Unspec Analysis Out;Synchronization;;Synchronization + пустая бизнес-роль
aomeshcheryakov;Мещеряков Александр Олегович (Aleksandr Meshcheryakov);ODS Read Auto;Synchronization;;Synchronization + пустая бизнес-роль
aomeshcheryakov;Мещеряков Александр Олегович (Aleksandr Meshcheryakov);ODS Read Insbridge;Synchronization;;Synchronization + пустая бизнес-роль
aomeshcheryakov;Мещеряков Александр Олегович (Aleksandr Meshcheryakov);ODS Read Mobile;Synchronization;;Synchronization + пустая бизнес-роль
aomeshcheryakov;Мещеряков Александр Олегович (Aleksandr Meshcheryakov);ODS Read Splunk Avtocod;Synchronization;;Synchronization + пустая бизнес-роль
aomeshcheryakov;Мещеряков Александр Олегович (Aleksandr Meshcheryakov);ODS Read Splunk KBM;Synchronization;;Synchronization + пустая бизнес-роль
aomeshcheryakov;Мещеряков Александр Олегович (Aleksandr Meshcheryakov);ODS Read Transdekra;Synchronization;;Synchronization + пустая бизнес-роль
aopetrov;Петров Александр Олегович (Aleksandr Petrov);ART Данные лид-11605388543;Synchronization;;Synchronization + пустая бизнес-роль
aopetrov;Петров Александр Олегович (Aleksandr Petrov);ART Данные поезд-1-94909927;Synchronization;;Synchronization + пустая бизнес-роль
aopetrov;Петров Александр Олегович (Aleksandr Petrov);ODS All Finance;Synchronization;;Synchronization + пустая бизнес-роль
aopetrov;Петров Александр Олегович (Aleksandr Petrov);ODS All Qlik;Synchronization;;Synchronization + пустая бизнес-роль
aopetrov;Петров Александр Олегович (Aleksandr Petrov);ODS Read DIAS;Synchronization;;Synchronization + пустая бизнес-роль
aopetrov;Петров Александр Олегович (Aleksandr Petrov);ODS Read FOC;Synchronization;;Synchronization + пустая бизнес-роль
aoromanyuk;Романюк Алексей Олегович (Aleksey Romanyuk);EDW All Cdm Analysis;Synchronization;;Synchronization + пустая бизнес-роль
aoromanyuk;Романюк Алексей Олегович (Aleksey Romanyuk);EDW Read CCU;Synchronization;;Synchronization + пустая бизнес-роль
aoromanyuk;Романюк Алексей Олегович (Aleksey Romanyuk);EDW Read Cdm Analysis;Synchronization;;Synchronization + пустая бизнес-роль
aoromanyuk;Романюк Алексей Олегович (Aleksey Romanyuk);EDW Read Cdm Analysis Out;Synchronization;;Synchronization + пустая бизнес-роль
aoromanyuk;Романюк Алексей Олегович (Aleksey Romanyuk);EDW Read Core;Synchronization;;Synchronization + пустая бизнес-роль
aoromanyuk;Романюк Алексей Олегович (Aleksey Romanyuk);ODS Read BCAPP;Synchronization;;Synchronization + пустая бизнес-роль
aoromanyuk;Романюк Алексей Олегович (Aleksey Romanyuk);ODS Read Cdm Analysis;Synchronization;;Synchronization + пустая бизнес-роль
aoromanyuk;Романюк Алексей Олегович (Aleksey Romanyuk);ODS Read Cdm Analysis Out;Synchronization;;Synchronization + пустая бизнес-роль
aoromanyuk;Романюк Алексей Олегович (Aleksey Romanyuk);ODS Read PCAPP;Synchronization;;Synchronization + пустая бизнес-роль
aoromanyuk;Романюк Алексей Олегович (Aleksey Romanyuk);ODS Read Report;Synchronization;;Synchronization + пустая бизнес-роль
aoromanyuk;Романюк Алексей Олегович (Aleksey Romanyuk);ODS Read RGSSCC;Synchronization;;Synchronization + пустая бизнес-роль
aoromanyuk;Романюк Алексей Олегович (Aleksey Romanyuk);ODS Read SAP;Synchronization;;Synchronization + пустая бизнес-роль
aoromanyuk;Романюк Алексей Олегович (Aleksey Romanyuk);ODS Read UKDZISP;Synchronization;;Synchronization + пустая бизнес-роль
aovalov;Валов Артем Олегович (Artem Valov);EDW All MLDEV19;Synchronization;;Synchronization + пустая бизнес-роль
aovalov;Валов Артем Олегович (Artem Valov);EDW All MLDEV72;Synchronization;;Synchronization + пустая бизнес-роль
aovalov;Валов Артем Олегович (Artem Valov);EDW Read CDI;Synchronization;;Synchronization + пустая бизнес-роль
aovalov;Валов Артем Олегович (Artem Valov);EDW Read Core;Synchronization;;Synchronization + пустая бизнес-роль
aovalov;Валов Артем Олегович (Artem Valov);ODS All MLDEV19;Synchronization;;Synchronization + пустая бизнес-роль
aovalov;Валов Артем Олегович (Artem Valov);ODS All MLDEV72;Synchronization;;Synchronization + пустая бизнес-роль
aovalov;Валов Артем Олегович (Artem Valov);ODS Read Audatex;Synchronization;;Synchronization + пустая бизнес-роль
aovalov;Валов Артем Олегович (Artem Valov);ODS Read Auto;Synchronization;;Synchronization + пустая бизнес-роль
aovalov;Валов Артем Олегович (Artem Valov);ODS Read CC;Synchronization;;Synchronization + пустая бизнес-роль
aovalov;Валов Артем Олегович (Artem Valov);ODS Read DoubleData;Synchronization;;Synchronization + пустая бизнес-роль
aovalov;Валов Артем Олегович (Artem Valov);ODS Read Equifax;Synchronization;;Synchronization + пустая бизнес-роль
aovalov;Валов Артем Олегович (Artem Valov);ODS Read FOIV;Synchronization;;Synchronization + пустая бизнес-роль
aovalov;Валов Артем Олегович (Artem Valov);ODS Read Insbridge;Synchronization;;Synchronization + пустая бизнес-роль
aovalov;Валов Артем Олегович (Artem Valov);ODS Read LK;Synchronization;;Synchronization + пустая бизнес-роль
aovalov;Валов Артем Олегович (Artem Valov);ODS Read Mobile;Synchronization;;Synchronization + пустая бизнес-роль
aovalov;Валов Артем Олегович (Artem Valov);ODS Read Property;Synchronization;;Synchronization + пустая бизнес-роль
aovalov;Валов Артем Олегович (Artem Valov);ODS Read RSAKBM;Synchronization;;Synchronization + пустая бизнес-роль
aovalov;Валов Артем Олегович (Artem Valov);ODS Read Splunk Avtocod;Synchronization;;Synchronization + пустая бизнес-роль
aovalov;Валов Артем Олегович (Artem Valov);ODS Read Splunk KBM;Synchronization;;Synchronization + пустая бизнес-роль
aovalov;Валов Артем Олегович (Artem Valov);ODS Read Transdekra;Synchronization;;Synchronization + пустая бизнес-роль
aovalov;Валов Артем Олегович (Artem Valov);ODS Unspec Property;Synchronization;;Synchronization + пустая бизнес-роль
aozhigalov;Жигалов Артур Олегович (Artur Zhigalov);ART Данные лид-11605388543;Synchronization;;Synchronization + пустая бизнес-роль
aozhigalov;Жигалов Артур Олегович (Artur Zhigalov);ART Данные поезд-1-94909927;Synchronization;;Synchronization + пустая бизнес-роль
apazaytsev;Зайцев Александр Павлович (Aleksandr Zaytsev);ART Данные поезд-1-94909927;Synchronization;;Synchronization + пустая бизнес-роль
apgerasimenko;Герасименко Андрей Павлович (Andrey Gerasimenko);EDW Read Cdm Analysis Out;Synchronization;;Synchronization + пустая бизнес-роль
apkrutov;Крутов Александр Павлович (Aleksandr Krutov);ODS Read RSAPRD;Synchronization;;Synchronization + пустая бизнес-роль
apkrutov;Крутов Александр Павлович (Aleksandr Krutov);ODS Read UPP;Synchronization;;Synchronization + пустая бизнес-роль
app_dynamics;App_Dynamics;ODS Read BCAPP;Synchronization;;Synchronization + пустая бизнес-роль
app_dynamics;App_Dynamics;ODS Read PCAPP;Synchronization;;Synchronization + пустая бизнес-роль
app_dynamics;App_Dynamics;ODS Read SAP;Synchronization;;Synchronization + пустая бизнес-роль
app_dynamics;App_Dynamics;ODS Read UPP;Synchronization;;Synchronization + пустая бизнес-роль
aptimchenko;Тимченко Александр Петрович (Aleksandr Timchenko);EDW All DES;Synchronization;;Synchronization + пустая бизнес-роль
aptimchenko;Тимченко Александр Петрович (Aleksandr Timchenko);EDW Read CDI;Synchronization;;Synchronization + пустая бизнес-роль
aptimchenko;Тимченко Александр Петрович (Aleksandr Timchenko);EDW Read Core;Synchronization;;Synchronization + пустая бизнес-роль
aptimchenko;Тимченко Александр Петрович (Aleksandr Timchenko);ODS All DES;Synchronization;;Synchronization + пустая бизнес-роль
aptimchenko;Тимченко Александр Петрович (Aleksandr Timchenko);ODS All Splunk UFO;Synchronization;;Synchronization + пустая бизнес-роль
aptimchenko;Тимченко Александр Петрович (Aleksandr Timchenko);ODS Read ARM4;Synchronization;;Synchronization + пустая бизнес-роль
aptimchenko;Тимченко Александр Петрович (Aleksandr Timchenko);ODS Read BCAPP;Synchronization;;Synchronization + пустая бизнес-роль
aptimchenko;Тимченко Александр Петрович (Aleksandr Timchenko);ODS Read Boss 1;Synchronization;;Synchronization + пустая бизнес-роль
aptimchenko;Тимченко Александр Петрович (Aleksandr Timchenko);ODS Read CC;Synchronization;;Synchronization + пустая бизнес-роль
aptimchenko;Тимченко Александр Петрович (Aleksandr Timchenko);ODS Read DMS;Synchronization;;Synchronization + пустая бизнес-роль
aptimchenko;Тимченко Александр Петрович (Aleksandr Timchenko);ODS Read EKIS;Synchronization;;Synchronization + пустая бизнес-роль
aptimchenko;Тимченко Александр Петрович (Aleksandr Timchenko);ODS Read KIAS;Synchronization;;Synchronization + пустая бизнес-роль
aptimchenko;Тимченко Александр Петрович (Aleksandr Timchenko);ODS Read Naumen;Synchronization;;Synchronization + пустая бизнес-роль
aptimchenko;Тимченко Александр Петрович (Aleksandr Timchenko);ODS Read PCAPP;Synchronization;;Synchronization + пустая бизнес-роль
aptimchenko;Тимченко Александр Петрович (Aleksandr Timchenko);ODS Read RGSSCC;Synchronization;;Synchronization + пустая бизнес-роль
aptimchenko;Тимченко Александр Петрович (Aleksandr Timchenko);ODS Read SCR;Synchronization;;Synchronization + пустая бизнес-роль
aptimchenko;Тимченко Александр Петрович (Aleksandr Timchenko);ODS Read Splunk UFO;Synchronization;;Synchronization + пустая бизнес-роль
aptimchenko;Тимченко Александр Петрович (Aleksandr Timchenko);ODS Read Tessa;Synchronization;;Synchronization + пустая бизнес-роль
aptimchenko;Тимченко Александр Петрович (Aleksandr Timchenko);ODS Read UFO;Synchronization;;Synchronization + пустая бизнес-роль
aptimchenko;Тимченко Александр Петрович (Aleksandr Timchenko);ODS Read VIRTU;Synchronization;;Synchronization + пустая бизнес-роль
aptimchenko;Тимченко Александр Петрович (Aleksandr Timchenko);ODS Unspec Auto;Synchronization;;Synchronization + пустая бизнес-роль
arabdulmanapov;Абдулманапов Артур Рамазанович (Artur Abdulmanapov);ADB Owner Dm msfo17;Synchronization;;Synchronization + пустая бизнес-роль
arabdulmanapov;Абдулманапов Артур Рамазанович (Artur Abdulmanapov);ADB Write Dm msfo17;Synchronization;;Synchronization + пустая бизнес-роль
arabdulmanapov;Абдулманапов Артур Рамазанович (Artur Abdulmanapov);ADBT Owner Dm msfo17;Synchronization;;Synchronization + пустая бизнес-роль
arabdulmanapov;Абдулманапов Артур Рамазанович (Artur Abdulmanapov);ADBT Write Dm msfo17;Synchronization;;Synchronization + пустая бизнес-роль
arasemenov;Семёнов Артём Андреевич (Artem Semenov);ART Данные поезд-1-94909927;Synchronization;;Synchronization + пустая бизнес-роль
asavchenko;Савченко Александр Олегович (Aleksandr Savchenko);ART Данные поезд-1-94909927;Synchronization;;Synchronization + пустая бизнес-роль
asemin;Семин Александр Сергеевич (Aleksandr Semin);EDW All RB;Synchronization;;Synchronization + пустая бизнес-роль
asemin;Семин Александр Сергеевич (Aleksandr Semin);EDW Read CDI;Synchronization;;Synchronization + пустая бизнес-роль
asemin;Семин Александр Сергеевич (Aleksandr Semin);EDW Read Core;Synchronization;;Synchronization + пустая бизнес-роль
asemin;Семин Александр Сергеевич (Aleksandr Semin);EDW Unspec Analysis;Synchronization;;Synchronization + пустая бизнес-роль
asemin;Семин Александр Сергеевич (Aleksandr Semin);EDW Unspec Analysis Out;Synchronization;;Synchronization + пустая бизнес-роль
asemin;Семин Александр Сергеевич (Aleksandr Semin);ODS All Actuary;Synchronization;;Synchronization + пустая бизнес-роль
asemin;Семин Александр Сергеевич (Aleksandr Semin);ODS All RB;Synchronization;;Synchronization + пустая бизнес-роль
asemin;Семин Александр Сергеевич (Aleksandr Semin);ODS Read ARM4;Synchronization;;Synchronization + пустая бизнес-роль
asemin;Семин Александр Сергеевич (Aleksandr Semin);ODS Read BCAPP;Synchronization;;Synchronization + пустая бизнес-роль
asemin;Семин Александр Сергеевич (Aleksandr Semin);ODS Read Boss 1;Synchronization;;Synchronization + пустая бизнес-роль
asemin;Семин Александр Сергеевич (Aleksandr Semin);ODS Read CC;Synchronization;;Synchronization + пустая бизнес-роль
asemin;Семин Александр Сергеевич (Aleksandr Semin);ODS Read EKIS;Synchronization;;Synchronization + пустая бизнес-роль
asemin;Семин Александр Сергеевич (Aleksandr Semin);ODS Read Finance;Synchronization;;Synchronization + пустая бизнес-роль
asemin;Семин Александр Сергеевич (Aleksandr Semin);ODS Read PCAPP;Synchronization;;Synchronization + пустая бизнес-роль
asemin;Семин Александр Сергеевич (Aleksandr Semin);ODS Read Report;Synchronization;;Synchronization + пустая бизнес-роль
asemin;Семин Александр Сергеевич (Aleksandr Semin);ODS Read RGSJ;Synchronization;;Synchronization + пустая бизнес-роль
asemin;Семин Александр Сергеевич (Aleksandr Semin);ODS Read RGSSCC;Synchronization;;Synchronization + пустая бизнес-роль
asemin;Семин Александр Сергеевич (Aleksandr Semin);ODS Read RI;Synchronization;;Synchronization + пустая бизнес-роль
asemin;Семин Александр Сергеевич (Aleksandr Semin);ODS Read SAP;Synchronization;;Synchronization + пустая бизнес-роль
asemin;Семин Александр Сергеевич (Aleksandr Semin);ODS Read VIRTU;Synchronization;;Synchronization + пустая бизнес-роль
asemin;Семин Александр Сергеевич (Aleksandr Semin);ODS Unspec Analysis;Synchronization;;Synchronization + пустая бизнес-роль
asemin;Семин Александр Сергеевич (Aleksandr Semin);ODS Unspec Analysis Out;Synchronization;;Synchronization + пустая бизнес-роль
asemin;Семин Александр Сергеевич (Aleksandr Semin);ODS Unspec Auto;Synchronization;;Synchronization + пустая бизнес-роль
asemin;Семин Александр Сергеевич (Aleksandr Semin);ODS Unspec Property;Synchronization;;Synchronization + пустая бизнес-роль
asergeev;Сергеев Артем Александрович (Artem Sergeev);EDW All CDM;Synchronization;;Synchronization + пустая бизнес-роль
asergeev;Сергеев Артем Александрович (Artem Sergeev);EDW Read CDM;Synchronization;;Synchronization + пустая бизнес-роль
asergeev;Сергеев Артем Александрович (Artem Sergeev);EDW Read UAG;Synchronization;;Synchronization + пустая бизнес-роль
asergeev;Сергеев Артем Александрович (Artem Sergeev);EDW Unspec Analysis;Synchronization;;Synchronization + пустая бизнес-роль
asergeev;Сергеев Артем Александрович (Artem Sergeev);EDW Unspec Analysis Out;Synchronization;;Synchronization + пустая бизнес-роль
asergeev;Сергеев Артем Александрович (Artem Sergeev);ODS All Auto;Synchronization;;Synchronization + пустая бизнес-роль
asergeev;Сергеев Артем Александрович (Artem Sergeev);ODS Read DIAS;Synchronization;;Synchronization + пустая бизнес-роль
asergeev;Сергеев Артем Александрович (Artem Sergeev);ODS Unspec Analysis;Synchronization;;Synchronization + пустая бизнес-роль
asergeev;Сергеев Артем Александрович (Artem Sergeev);ODS Unspec Analysis Out;Synchronization;;Synchronization + пустая бизнес-роль
asfesenko;Фесенко Александр Сергеевич (Aleksandr Fesenko);ART Данные поезд-1-94909927;Synchronization;;Synchronization + пустая бизнес-роль
askarabelnikov;Карабельников Александр Сергеевич (Aleksandr Karabelnikov);DWH User;Synchronization;;Synchronization + пустая бизнес-роль
askarabelnikov;Карабельников Александр Сергеевич (Aleksandr Karabelnikov);EDW Read Core;Synchronization;;Synchronization + пустая бизнес-роль
askarabelnikov;Карабельников Александр Сергеевич (Aleksandr Karabelnikov);ODS All Auto;Synchronization;;Synchronization + пустая бизнес-роль
askarabelnikov;Карабельников Александр Сергеевич (Aleksandr Karabelnikov);ODS All DSA;Synchronization;;Synchronization + пустая бизнес-роль
askarabelnikov;Карабельников Александр Сергеевич (Aleksandr Karabelnikov);ODS Read Actuary;Synchronization;;Synchronization + пустая бизнес-роль
askarabelnikov;Карабельников Александр Сергеевич (Aleksandr Karabelnikov);ODS Read ARM4;Synchronization;;Synchronization + пустая бизнес-роль
askarabelnikov;Карабельников Александр Сергеевич (Aleksandr Karabelnikov);ODS Read Auto;Synchronization;;Synchronization + пустая бизнес-роль
askarabelnikov;Карабельников Александр Сергеевич (Aleksandr Karabelnikov);ODS Read CC;Synchronization;;Synchronization + пустая бизнес-роль
askarabelnikov;Карабельников Александр Сергеевич (Aleksandr Karabelnikov);ODS Read EKIS;Synchronization;;Synchronization + пустая бизнес-роль
askarabelnikov;Карабельников Александр Сергеевич (Aleksandr Karabelnikov);ODS Read RGSSCC;Synchronization;;Synchronization + пустая бизнес-роль
askoshman;Кошман Андрей Сергеевич (Andrey Koshman);ART Данные поезд-1-94909927;Synchronization;;Synchronization + пустая бизнес-роль
askoshman;Кошман Андрей Сергеевич (Andrey Koshman);EDW Read Property;Synchronization;;Synchronization + пустая бизнес-роль
askoshman;Кошман Андрей Сергеевич (Andrey Koshman);ODS All UKDZISP;Synchronization;;Synchronization + пустая бизнес-роль
askoshman;Кошман Андрей Сергеевич (Andrey Koshman);ODS Read Property;Synchronization;;Synchronization + пустая бизнес-роль
asmelikhov;Мелихов Александр Сергеевич (Aleksandr Melikhov);ODS Read Naumen;Synchronization;;Synchronization + пустая бизнес-роль
asmikhaylov;Михайлов Александр Сергеевич (Aleksandr Mikhaylov);ART Данные поезд-1-94909927;Synchronization;;Synchronization + пустая бизнес-роль
asmonakhov;Монахов Алексей Сергеевич (Aleksey Monakhov);ODS Read BCAPP;Synchronization;;Synchronization + пустая бизнес-роль
asmonakhov;Монахов Алексей Сергеевич (Aleksey Monakhov);ODS Read PCAPP;Synchronization;;Synchronization + пустая бизнес-роль
asmonakhov;Монахов Алексей Сергеевич (Aleksey Monakhov);ODS Read SAP;Synchronization;;Synchronization + пустая бизнес-роль
asokhilkov;Охильков Александр Сергеевич (Aleksandr Okhilkov);EDW All CCU;Synchronization;;Synchronization + пустая бизнес-роль
asokhilkov;Охильков Александр Сергеевич (Aleksandr Okhilkov);EDW Read CDI;Synchronization;;Synchronization + пустая бизнес-роль
asokhilkov;Охильков Александр Сергеевич (Aleksandr Okhilkov);EDW Read Core;Synchronization;;Synchronization + пустая бизнес-роль
asokhilkov;Охильков Александр Сергеевич (Aleksandr Okhilkov);ODS Read Boss 1;Synchronization;;Synchronization + пустая бизнес-роль
asokhilkov;Охильков Александр Сергеевич (Aleksandr Okhilkov);ODS Read DMS;Synchronization;;Synchronization + пустая бизнес-роль
asokhilkov;Охильков Александр Сергеевич (Aleksandr Okhilkov);ODS Read PCAPP;Synchronization;;Synchronization + пустая бизнес-роль
asokhilkov;Охильков Александр Сергеевич (Aleksandr Okhilkov);ODS Read RGSSCC;Synchronization;;Synchronization + пустая бизнес-роль
asokhilkov;Охильков Александр Сергеевич (Aleksandr Okhilkov);ODS Unspec Analysis Out;Synchronization;;Synchronization + пустая бизнес-роль
asokhilkov;Охильков Александр Сергеевич (Aleksandr Okhilkov);ODS Unspec Auto;Synchronization;;Synchronization + пустая бизнес-роль
aspetrukhin;Петрухин Алексей Сергеевич (Aleksey Petrukhin);ODS Read UFO;Synchronization;;Synchronization + пустая бизнес-роль
astatuev;Татуев Александр Сергеевич (Aleksandr Tatuev);ART Данные лид-11605388543;Synchronization;;Synchronization + пустая бизнес-роль
astatuev;Татуев Александр Сергеевич (Aleksandr Tatuev);ART Данные поезд-1-94909927;Synchronization;;Synchronization + пустая бизнес-роль
astatuev;Татуев Александр Сергеевич (Aleksandr Tatuev);EDW All CCU;Synchronization;;Synchronization + пустая бизнес-роль
astatuev;Татуев Александр Сергеевич (Aleksandr Tatuev);EDW Read CDI;Synchronization;;Synchronization + пустая бизнес-роль
astatuev;Татуев Александр Сергеевич (Aleksandr Tatuev);ODS Read CCU;Synchronization;;Synchronization + пустая бизнес-роль
asteblina;Стеблина Антон Владимирович (Anton Steblina);ODS All Auto;Synchronization;;Synchronization + пустая бизнес-роль
asteblina;Стеблина Антон Владимирович (Anton Steblina);ODS Read ARM4;Synchronization;;Synchronization + пустая бизнес-роль
asteblina;Стеблина Антон Владимирович (Anton Steblina);ODS Read Audatex;Synchronization;;Synchronization + пустая бизнес-роль
asteblina;Стеблина Антон Владимирович (Anton Steblina);ODS Read CC;Synchronization;;Synchronization + пустая бизнес-роль
asteblina;Стеблина Антон Владимирович (Anton Steblina);ODS Read EKIS;Synchronization;;Synchronization + пустая бизнес-роль
asteblina;Стеблина Антон Владимирович (Anton Steblina);ODS Read RGSSCC;Synchronization;;Synchronization + пустая бизнес-роль
asteblina;Стеблина Антон Владимирович (Anton Steblina);ODS Read Transdekra;Synchronization;;Synchronization + пустая бизнес-роль
asturdieva;Турдиева Анастасия Сергеевна (Anastasiya Turdieva);ART Данные поезд-1-94909927;Synchronization;;Synchronization + пустая бизнес-роль
aszhuravleva;Журавлева Алина Сергеевна (Alina Zhuravleva);EDW All RB;Synchronization;;Synchronization + пустая бизнес-роль
aszhuravleva;Журавлева Алина Сергеевна (Alina Zhuravleva);EDW Read Core;Synchronization;;Synchronization + пустая бизнес-роль
aszhuravleva;Журавлева Алина Сергеевна (Alina Zhuravleva);EDW Read Finance;Synchronization;;Synchronization + пустая бизнес-роль
aszhuravleva;Журавлева Алина Сергеевна (Alina Zhuravleva);EDW Unspec Analysis Out;Synchronization;;Synchronization + пустая бизнес-роль
aszhuravleva;Журавлева Алина Сергеевна (Alina Zhuravleva);ODS All RB;Synchronization;;Synchronization + пустая бизнес-роль
aszhuravleva;Журавлева Алина Сергеевна (Alina Zhuravleva);ODS Read ARM4;Synchronization;;Synchronization + пустая бизнес-роль
aszhuravleva;Журавлева Алина Сергеевна (Alina Zhuravleva);ODS Read BCAPP;Synchronization;;Synchronization + пустая бизнес-роль
aszhuravleva;Журавлева Алина Сергеевна (Alina Zhuravleva);ODS Read Boss 1;Synchronization;;Synchronization + пустая бизнес-роль
aszhuravleva;Журавлева Алина Сергеевна (Alina Zhuravleva);ODS Read CC;Synchronization;;Synchronization + пустая бизнес-роль
aszhuravleva;Журавлева Алина Сергеевна (Alina Zhuravleva);ODS Read EKIS;Synchronization;;Synchronization + пустая бизнес-роль
aszhuravleva;Журавлева Алина Сергеевна (Alina Zhuravleva);ODS Read Finance;Synchronization;;Synchronization + пустая бизнес-роль
aszhuravleva;Журавлева Алина Сергеевна (Alina Zhuravleva);ODS Read PCAPP;Synchronization;;Synchronization + пустая бизнес-роль
aszhuravleva;Журавлева Алина Сергеевна (Alina Zhuravleva);ODS Read Report;Synchronization;;Synchronization + пустая бизнес-роль
aszhuravleva;Журавлева Алина Сергеевна (Alina Zhuravleva);ODS Read RGSJ;Synchronization;;Synchronization + пустая бизнес-роль
aszhuravleva;Журавлева Алина Сергеевна (Alina Zhuravleva);ODS Read RGSSCC;Synchronization;;Synchronization + пустая бизнес-роль
aszhuravleva;Журавлева Алина Сергеевна (Alina Zhuravleva);ODS Read RI;Synchronization;;Synchronization + пустая бизнес-роль
aszhuravleva;Журавлева Алина Сергеевна (Alina Zhuravleva);ODS Read SAP;Synchronization;;Synchronization + пустая бизнес-роль
aszhuravleva;Журавлева Алина Сергеевна (Alina Zhuravleva);ODS Read VIRTU;Synchronization;;Synchronization + пустая бизнес-роль
aszhuravleva;Журавлева Алина Сергеевна (Alina Zhuravleva);ODS Unspec Analysis Out;Synchronization;;Synchronization + пустая бизнес-роль
atdadaev;Дадаев Александр Тимурович (Aleksandr Dadaev);EDW All CDI;Synchronization;;Synchronization + пустая бизнес-роль
atestov;Тестов Алексей Сергеевич (Aleksey Testov);ODS Read ARM4;Synchronization;;Synchronization + пустая бизнес-роль
atestov;Тестов Алексей Сергеевич (Aleksey Testov);ODS Read Auto;Synchronization;;Synchronization + пустая бизнес-роль
atestov;Тестов Алексей Сергеевич (Aleksey Testov);ODS Read CC;Synchronization;;Synchronization + пустая бизнес-роль
atestov;Тестов Алексей Сергеевич (Aleksey Testov);ODS Read EKIS;Synchronization;;Synchronization + пустая бизнес-роль
atestov;Тестов Алексей Сергеевич (Aleksey Testov);ODS Read RGSSCC;Synchronization;;Synchronization + пустая бизнес-роль
audio_report_user;audio_report_user;EDW All MLDEV72;Synchronization;;Synchronization + пустая бизнес-роль
audio_report_user;audio_report_user;EDW Read Core;Synchronization;;Synchronization + пустая бизнес-роль
autovisualiser;autovisualiser;ODS All Auto;Synchronization;;Synchronization + пустая бизнес-роль
autovisualiser;autovisualiser;ODS Read CC;Synchronization;;Synchronization + пустая бизнес-роль
autovisualiser;autovisualiser;ODS Read RGSSCC;Synchronization;;Synchronization + пустая бизнес-роль
avaglicheva;Агличева Алла Васильевна (Alla Aglicheva);ODS Read ARM4;Synchronization;;Synchronization + пустая бизнес-роль
avaglicheva;Агличева Алла Васильевна (Alla Aglicheva);ODS Read Auto;Synchronization;;Synchronization + пустая бизнес-роль
avaglicheva;Агличева Алла Васильевна (Alla Aglicheva);ODS Read CC;Synchronization;;Synchronization + пустая бизнес-роль
avaglicheva;Агличева Алла Васильевна (Alla Aglicheva);ODS Read EKIS;Synchronization;;Synchronization + пустая бизнес-роль
avanoshin;Аношин Андрей Владимирович (Andrey Anoshin);ODS All KIAS;Synchronization;;Synchronization + пустая бизнес-роль
avantepa;Антепа Александр Васильевич (Aleksandr Antepa);CBD AuditorInternal;Synchronization;;Synchronization + пустая бизнес-роль
avantepa;Антепа Александр Васильевич (Aleksandr Antepa);EDW AuditorInternal;Synchronization;;Synchronization + пустая бизнес-роль
avantepa;Антепа Александр Васильевич (Aleksandr Antepa);ODS AuditorInternal;Synchronization;;Synchronization + пустая бизнес-роль
avasmirnov;Смирнов Алексей Валерьевич (Aleksey Smirnov);ODS Read Splunk UFO;Synchronization;;Synchronization + пустая бизнес-роль
avasmirnov;Смирнов Алексей Валерьевич (Aleksey Smirnov);ODS Read UFO;Synchronization;;Synchronization + пустая бизнес-роль
avavetisyan;Аветисян Артур Варданович (Artur Avetisyan);EDW All CDI;Synchronization;;Synchronization + пустая бизнес-роль
avavetisyan;Аветисян Артур Варданович (Artur Avetisyan);EDW All CRM;Synchronization;;Synchronization + пустая бизнес-роль
avavetisyan;Аветисян Артур Варданович (Artur Avetisyan);EDW Read Core;Synchronization;;Synchronization + пустая бизнес-роль
avavetisyan;Аветисян Артур Варданович (Artur Avetisyan);EDW Read RB;Synchronization;;Synchronization + пустая бизнес-роль
avavetisyan;Аветисян Артур Варданович (Artur Avetisyan);ODS All Finance;Synchronization;;Synchronization + пустая бизнес-роль
avavetisyan;Аветисян Артур Варданович (Artur Avetisyan);ODS Read Auto;Synchronization;;Synchronization + пустая бизнес-роль
avavetisyan;Аветисян Артур Варданович (Artur Avetisyan);ODS Read LK;Synchronization;;Synchronization + пустая бизнес-роль
avavetisyan;Аветисян Артур Варданович (Artur Avetisyan);ODS Read PCAPP;Synchronization;;Synchronization + пустая бизнес-роль
avavetisyan;Аветисян Артур Варданович (Artur Avetisyan);ODS Read RGSJ;Synchronization;;Synchronization + пустая бизнес-роль
avavetisyan;Аветисян Артур Варданович (Artur Avetisyan);ODS Unspecified;Synchronization;;Synchronization + пустая бизнес-роль
avavolkov;Волков Александр Васильевич (Aleksandr Volkov);DWH Administrator;Synchronization;;Synchronization + пустая бизнес-роль
avbalashov;Балашов Александр Витальевич (Aleksandr Balashov);ODS Read BCAPP;Synchronization;;Synchronization + пустая бизнес-роль
avbalashov;Балашов Александр Витальевич (Aleksandr Balashov);ODS Read PCAPP;Synchronization;;Synchronization + пустая бизнес-роль
avbalashov;Балашов Александр Витальевич (Aleksandr Balashov);ODS Read SAP;Synchronization;;Synchronization + пустая бизнес-роль
avbobrov;Бобров Александр Владимирович (Aleksandr Bobrov);EDW Read Core;Synchronization;;Synchronization + пустая бизнес-роль
avbunina;Бунина Александра Витальевна (Aleksandra Bunina);ART Данные поезд-1-94909927;Synchronization;;Synchronization + пустая бизнес-роль
avchaplygina;Чаплыгина Алена Владимировна (Alena Chaplygina);EDW Read CDM;Synchronization;;Synchronization + пустая бизнес-роль
avchaplygina;Чаплыгина Алена Владимировна (Alena Chaplygina);EDW Read UAG;Synchronization;;Synchronization + пустая бизнес-роль
avchaplygina;Чаплыгина Алена Владимировна (Alena Chaplygina);EDW Unspec Actuary;Synchronization;;Synchronization + пустая бизнес-роль
avchaplygina;Чаплыгина Алена Владимировна (Alena Chaplygina);EDW Unspec Analysis;Synchronization;;Synchronization + пустая бизнес-роль
avchaplygina;Чаплыгина Алена Владимировна (Alena Chaplygina);EDW Unspec Analysis Out;Synchronization;;Synchronization + пустая бизнес-роль
avchaplygina;Чаплыгина Алена Владимировна (Alena Chaplygina);ODS Read ARM4;Synchronization;;Synchronization + пустая бизнес-роль
avchaplygina;Чаплыгина Алена Владимировна (Alena Chaplygina);ODS Read CC;Synchronization;;Synchronization + пустая бизнес-роль
avchaplygina;Чаплыгина Алена Владимировна (Alena Chaplygina);ODS Read EKIS;Synchronization;;Synchronization + пустая бизнес-роль
avchaplygina;Чаплыгина Алена Владимировна (Alena Chaplygina);ODS Unspec Actuary;Synchronization;;Synchronization + пустая бизнес-роль
avchaplygina;Чаплыгина Алена Владимировна (Alena Chaplygina);ODS Unspec Analysis;Synchronization;;Synchronization + пустая бизнес-роль
avchaplygina;Чаплыгина Алена Владимировна (Alena Chaplygina);ODS Unspec Analysis Out;Synchronization;;Synchronization + пустая бизнес-роль
avchubarov;Чубаров Андрей Викторович (Andrey Chubarov);ODS Read UKDZISP;Synchronization;;Synchronization + пустая бизнес-роль
avdombrovskiy;Домбровский Александр Владимирович (Aleksandr Dombrovskiy);ART Данные поезд-1-94909927;Synchronization;;Synchronization + пустая бизнес-роль
avdombrovskiy;Домбровский Александр Владимирович (Aleksandr Dombrovskiy);DWH User;Synchronization;;Synchronization + пустая бизнес-роль
avdombrovskiy;Домбровский Александр Владимирович (Aleksandr Dombrovskiy);ODS Read Insbridge;Synchronization;;Synchronization + пустая бизнес-роль
avdombrovskiy;Домбровский Александр Владимирович (Aleksandr Dombrovskiy);ODS Read KAU;Synchronization;;Synchronization + пустая бизнес-роль
avdombrovskiy;Домбровский Александр Владимирович (Aleksandr Dombrovskiy);ODS Read LK;Synchronization;;Synchronization + пустая бизнес-роль
avdombrovskiy;Домбровский Александр Владимирович (Aleksandr Dombrovskiy);ODS Read SAP;Synchronization;;Synchronization + пустая бизнес-роль
avdombrovskiy;Домбровский Александр Владимирович (Aleksandr Dombrovskiy);ODS Unspecified;Synchronization;;Synchronization + пустая бизнес-роль
avdulov;Дулов Александр Владимирович (Aleksandr Dulov);ART Partners. РГС PRO-1-1594249140;Synchronization;;Synchronization + пустая бизнес-роль
avelisabedashvili;Елисабедашвили Александр Викторович (Aleksandr Elisabedashvili);EDW Read Core;Synchronization;;Synchronization + пустая бизнес-роль
averokhov;Ерохов Артем Владимирович (Artem Erokhov);EDW Read RB;Synchronization;;Synchronization + пустая бизнес-роль
averokhov;Ерохов Артем Владимирович (Artem Erokhov);ODS All GURU Region;Synchronization;;Synchronization + пустая бизнес-роль
avfeskov;Феськов Алексей Вячеславович (Aleksey Feskov);ART Данные лид-11605388543;Synchronization;;Synchronization + пустая бизнес-роль
avfeskov;Феськов Алексей Вячеславович (Aleksey Feskov);ART Данные поезд-1-94909927;Synchronization;;Synchronization + пустая бизнес-роль
avfeskov;Феськов Алексей Вячеславович (Aleksey Feskov);DWH (RW);Synchronization;;Synchronization + пустая бизнес-роль
avfeskov;Феськов Алексей Вячеславович (Aleksey Feskov);DWH Developer;Synchronization;;Synchronization + пустая бизнес-роль
avfeskov;Феськов Алексей Вячеславович (Aleksey Feskov);DWH Replicator;Synchronization;;Synchronization + пустая бизнес-роль
avfeskov;Феськов Алексей Вячеславович (Aleksey Feskov);EDW Read Core;Synchronization;;Synchronization + пустая бизнес-роль
avfeskov;Феськов Алексей Вячеславович (Aleksey Feskov);ODS All ARCtrl;Synchronization;;Synchronization + пустая бизнес-роль
avfeskov;Феськов Алексей Вячеславович (Aleksey Feskov);ODS All Splunk Avtocod;Synchronization;;Synchronization + пустая бизнес-роль
avfeskov;Феськов Алексей Вячеславович (Aleksey Feskov);ODS Owner CDM;Synchronization;;Synchronization + пустая бизнес-роль
avfeskov;Феськов Алексей Вячеславович (Aleksey Feskov);ODS Read ARM4;Synchronization;;Synchronization + пустая бизнес-роль
avfeskov;Феськов Алексей Вячеславович (Aleksey Feskov);ODS Read Audatex;Synchronization;;Synchronization + пустая бизнес-роль
avfeskov;Феськов Алексей Вячеславович (Aleksey Feskov);ODS Read BCAPP;Synchronization;;Synchronization + пустая бизнес-роль
avfeskov;Феськов Алексей Вячеславович (Aleksey Feskov);ODS Read CC;Synchronization;;Synchronization + пустая бизнес-роль
avfeskov;Феськов Алексей Вячеславович (Aleksey Feskov);ODS Read DIAS;Synchronization;;Synchronization + пустая бизнес-роль
avfeskov;Феськов Алексей Вячеславович (Aleksey Feskov);ODS Read DMS;Synchronization;;Synchronization + пустая бизнес-роль
avfeskov;Феськов Алексей Вячеславович (Aleksey Feskov);ODS Read EKIS;Synchronization;;Synchronization + пустая бизнес-роль
avfeskov;Феськов Алексей Вячеславович (Aleksey Feskov);ODS Read Equifax;Synchronization;;Synchronization + пустая бизнес-роль
avfeskov;Феськов Алексей Вячеславович (Aleksey Feskov);ODS Read Finance;Synchronization;;Synchronization + пустая бизнес-роль
avfeskov;Феськов Алексей Вячеславович (Aleksey Feskov);ODS Read FOIV;Synchronization;;Synchronization + пустая бизнес-роль
avfeskov;Феськов Алексей Вячеславович (Aleksey Feskov);ODS Read KIAS;Synchronization;;Synchronization + пустая бизнес-роль
avfeskov;Феськов Алексей Вячеславович (Aleksey Feskov);ODS Read LK;Synchronization;;Synchronization + пустая бизнес-роль
avfeskov;Феськов Алексей Вячеславович (Aleksey Feskov);ODS Read Naumen;Synchronization;;Synchronization + пустая бизнес-роль
avfeskov;Феськов Алексей Вячеславович (Aleksey Feskov);ODS Read PCAPP;Synchronization;;Synchronization + пустая бизнес-роль
avfeskov;Феськов Алексей Вячеславович (Aleksey Feskov);ODS Read Report;Synchronization;;Synchronization + пустая бизнес-роль
avfeskov;Феськов Алексей Вячеславович (Aleksey Feskov);ODS Read RGSJ;Synchronization;;Synchronization + пустая бизнес-роль
avfeskov;Феськов Алексей Вячеславович (Aleksey Feskov);ODS Read RGSSCC;Synchronization;;Synchronization + пустая бизнес-роль
avfeskov;Феськов Алексей Вячеславович (Aleksey Feskov);ODS Read RSAKBM;Synchronization;;Synchronization + пустая бизнес-роль
avfeskov;Феськов Алексей Вячеславович (Aleksey Feskov);ODS Read SAP;Synchronization;;Synchronization + пустая бизнес-роль
avfeskov;Феськов Алексей Вячеславович (Aleksey Feskov);ODS Read SCR;Synchronization;;Synchronization + пустая бизнес-роль
avfeskov;Феськов Алексей Вячеславович (Aleksey Feskov);ODS Read Telematics;Synchronization;;Synchronization + пустая бизнес-роль
avfeskov;Феськов Алексей Вячеславович (Aleksey Feskov);ODS Read Transdekra;Synchronization;;Synchronization + пустая бизнес-роль
avfeskov;Феськов Алексей Вячеславович (Aleksey Feskov);ODS Read UFO;Synchronization;;Synchronization + пустая бизнес-роль
avgasanova;Гасанова Анастасия Владимировна (Anastasiya Gasanova);ART Данные лид-11605388543;Synchronization;;Synchronization + пустая бизнес-роль
avgasanova;Гасанова Анастасия Владимировна (Anastasiya Gasanova);ART Данные поезд-1-94909927;Synchronization;;Synchronization + пустая бизнес-роль
avgasanova;Гасанова Анастасия Владимировна (Anastasiya Gasanova);EDW All AISZHL;Synchronization;;Synchronization + пустая бизнес-роль
avgasanova;Гасанова Анастасия Владимировна (Anastasiya Gasanova);EDW All CCU;Synchronization;;Synchronization + пустая бизнес-роль
avgasanova;Гасанова Анастасия Владимировна (Anastasiya Gasanova);EDW Read CDI;Synchronization;;Synchronization + пустая бизнес-роль
avgasanova;Гасанова Анастасия Владимировна (Anastasiya Gasanova);EDW Read Core;Synchronization;;Synchronization + пустая бизнес-роль
avgasanova;Гасанова Анастасия Владимировна (Anastasiya Gasanova);ODS All Audatex;Synchronization;;Synchronization + пустая бизнес-роль
avgasanova;Гасанова Анастасия Владимировна (Anastasiya Gasanova);ODS All DoubleData;Synchronization;;Synchronization + пустая бизнес-роль
avgasanova;Гасанова Анастасия Владимировна (Anastasiya Gasanova);ODS All Equifax;Synchronization;;Synchronization + пустая бизнес-роль
avgasanova;Гасанова Анастасия Владимировна (Anastasiya Gasanova);ODS All FOIV;Synchronization;;Synchronization + пустая бизнес-роль
avgasanova;Гасанова Анастасия Владимировна (Anastasiya Gasanova);ODS All IA;Synchronization;;Synchronization + пустая бизнес-роль
avgasanova;Гасанова Анастасия Владимировна (Anastasiya Gasanova);ODS All Insbridge;Synchronization;;Synchronization + пустая бизнес-роль
avgasanova;Гасанова Анастасия Владимировна (Anastasiya Gasanova);ODS All MFMS;Synchronization;;Synchronization + пустая бизнес-роль
avgasanova;Гасанова Анастасия Владимировна (Anastasiya Gasanova);ODS All Mobile;Synchronization;;Synchronization + пустая бизнес-роль
avgasanova;Гасанова Анастасия Владимировна (Anastasiya Gasanova);ODS All NBKI;Synchronization;;Synchronization + пустая бизнес-роль
avgasanova;Гасанова Анастасия Владимировна (Anastasiya Gasanova);ODS All OpenBank;Synchronization;;Synchronization + пустая бизнес-роль
avgasanova;Гасанова Анастасия Владимировна (Anastasiya Gasanova);ODS All RSAKBM;Synchronization;;Synchronization + пустая бизнес-роль
avgasanova;Гасанова Анастасия Владимировна (Anastasiya Gasanova);ODS All SCOP;Synchronization;;Synchronization + пустая бизнес-роль
avgasanova;Гасанова Анастасия Владимировна (Anastasiya Gasanova);ODS All Telematics;Synchronization;;Synchronization + пустая бизнес-роль
avgasanova;Гасанова Анастасия Владимировна (Anastasiya Gasanova);ODS All Transdekra;Synchronization;;Synchronization + пустая бизнес-роль
avgasanova;Гасанова Анастасия Владимировна (Anastasiya Gasanova);ODS All UFO;Synchronization;;Synchronization + пустая бизнес-роль
avgasanova;Гасанова Анастасия Владимировна (Anastasiya Gasanova);ODS Read ARCtrl;Synchronization;;Synchronization + пустая бизнес-роль
avgasanova;Гасанова Анастасия Владимировна (Anastasiya Gasanova);ODS Read ARM4;Synchronization;;Synchronization + пустая бизнес-роль
avgasanova;Гасанова Анастасия Владимировна (Anastasiya Gasanova);ODS Read BCAPP;Synchronization;;Synchronization + пустая бизнес-роль
avgasanova;Гасанова Анастасия Владимировна (Anastasiya Gasanova);ODS Read CC;Synchronization;;Synchronization + пустая бизнес-роль
avgasanova;Гасанова Анастасия Владимировна (Anastasiya Gasanova);ODS Read DIAS;Synchronization;;Synchronization + пустая бизнес-роль
avgasanova;Гасанова Анастасия Владимировна (Anastasiya Gasanova);ODS Read EKIS;Synchronization;;Synchronization + пустая бизнес-роль
avgasanova;Гасанова Анастасия Владимировна (Anastasiya Gasanova);ODS Read KIAS;Synchronization;;Synchronization + пустая бизнес-роль
avgasanova;Гасанова Анастасия Владимировна (Anastasiya Gasanova);ODS Read Naumen;Synchronization;;Synchronization + пустая бизнес-роль
avgasanova;Гасанова Анастасия Владимировна (Anastasiya Gasanova);ODS Read PCAPP;Synchronization;;Synchronization + пустая бизнес-роль
avgasanova;Гасанова Анастасия Владимировна (Anastasiya Gasanova);ODS Read RGSSCC;Synchronization;;Synchronization + пустая бизнес-роль
avgasanova;Гасанова Анастасия Владимировна (Anastasiya Gasanova);ODS Read SAP;Synchronization;;Synchronization + пустая бизнес-роль
avgasanova;Гасанова Анастасия Владимировна (Anastasiya Gasanova);ODS Read UFO;Synchronization;;Synchronization + пустая бизнес-роль
avilyushin;Илюшин Антон Викторович (Anton Ilyushin);DWH Developer;Synchronization;;Synchronization + пустая бизнес-роль
avilyushin;Илюшин Антон Викторович (Anton Ilyushin);EDW All CDM;Synchronization;;Synchronization + пустая бизнес-роль
avilyushin;Илюшин Антон Викторович (Anton Ilyushin);EDW All Core;Synchronization;;Synchronization + пустая бизнес-роль
avilyushin;Илюшин Антон Викторович (Anton Ilyushin);EDW Read CCU;Synchronization;;Synchronization + пустая бизнес-роль
avilyushin;Илюшин Антон Викторович (Anton Ilyushin);EDW Read CDI;Synchronization;;Synchronization + пустая бизнес-роль
avilyushin;Илюшин Антон Викторович (Anton Ilyushin);EDW Read Core;Synchronization;;Synchronization + пустая бизнес-роль
avilyushin;Илюшин Антон Викторович (Anton Ilyushin);EDW Resource Administrator;Synchronization;;Synchronization + пустая бизнес-роль
avilyushin;Илюшин Антон Викторович (Anton Ilyushin);ODS All CDM;Synchronization;;Synchronization + пустая бизнес-роль
avilyushin;Илюшин Антон Викторович (Anton Ilyushin);ODS All Report;Synchronization;;Synchronization + пустая бизнес-роль
avilyushin;Илюшин Антон Викторович (Anton Ilyushin);ODS Owner CDM;Synchronization;;Synchronization + пустая бизнес-роль
avilyushin;Илюшин Антон Викторович (Anton Ilyushin);ODS Read ARCtrl;Synchronization;;Synchronization + пустая бизнес-роль
avilyushin;Илюшин Антон Викторович (Anton Ilyushin);ODS Read ARM4;Synchronization;;Synchronization + пустая бизнес-роль
avilyushin;Илюшин Антон Викторович (Anton Ilyushin);ODS Read BCAPP;Synchronization;;Synchronization + пустая бизнес-роль
avilyushin;Илюшин Антон Викторович (Anton Ilyushin);ODS Read CC;Synchronization;;Synchronization + пустая бизнес-роль
avilyushin;Илюшин Антон Викторович (Anton Ilyushin);ODS Read Cdm Analysis;Synchronization;;Synchronization + пустая бизнес-роль
avilyushin;Илюшин Антон Викторович (Anton Ilyushin);ODS Read DMS;Synchronization;;Synchronization + пустая бизнес-роль
avilyushin;Илюшин Антон Викторович (Anton Ilyushin);ODS Read EKIS;Synchronization;;Synchronization + пустая бизнес-роль
avilyushin;Илюшин Антон Викторович (Anton Ilyushin);ODS Read LK;Synchronization;;Synchronization + пустая бизнес-роль
avilyushin;Илюшин Антон Викторович (Anton Ilyushin);ODS Read Naumen;Synchronization;;Synchronization + пустая бизнес-роль
avilyushin;Илюшин Антон Викторович (Anton Ilyushin);ODS Read PCAPP;Synchronization;;Synchronization + пустая бизнес-роль
avilyushin;Илюшин Антон Викторович (Anton Ilyushin);ODS Read Report;Synchronization;;Synchronization + пустая бизнес-роль
avilyushin;Илюшин Антон Викторович (Anton Ilyushin);ODS Read RGSSCC;Synchronization;;Synchronization + пустая бизнес-роль
avilyushin;Илюшин Антон Викторович (Anton Ilyushin);ODS Resource Administrator;Synchronization;;Synchronization + пустая бизнес-роль
avkalashnikov;Калашников Антон Викторович (Anton Kalashnikov);ART Персонал (Весь поезд)art_hr@rgs.ru-12089312808;Synchronization;;Synchronization + пустая бизнес-роль
avkholyavin;Холявин Алексей Васильевич (Aleksey Kholyavin);ART Данные поезд-1-94909927;Synchronization;;Synchronization + пустая бизнес-роль
avkholyavin;Холявин Алексей Васильевич (Aleksey Kholyavin);CBD All Cdm Analysis Out;Synchronization;;Synchronization + пустая бизнес-роль
avkholyavin;Холявин Алексей Васильевич (Aleksey Kholyavin);EDW All Cdm Analysis Out;Synchronization;;Synchronization + пустая бизнес-роль
avkholyavin;Холявин Алексей Васильевич (Aleksey Kholyavin);ODS All Cdm Analysis Out;Synchronization;;Synchronization + пустая бизнес-роль
avkholyavin;Холявин Алексей Васильевич (Aleksey Kholyavin);ODS All fb781p;Synchronization;;Synchronization + пустая бизнес-роль
avkholyavin;Холявин Алексей Васильевич (Aleksey Kholyavin);ODS All hr1c;Synchronization;;Synchronization + пустая бизнес-роль
avkholyavin;Холявин Алексей Васильевич (Aleksey Kholyavin);ODS All Transdekra;Synchronization;;Synchronization + пустая бизнес-роль
avkholyavin;Холявин Алексей Васильевич (Aleksey Kholyavin);ODS Read Boss 1;Synchronization;;Synchronization + пустая бизнес-роль
avkokorin;Кокорин Александр Владимирович (Aleksandr Kokorin);ODS Read CC;Synchronization;;Synchronization + пустая бизнес-роль
avkorchemkin;Корчемкин Александр Владимирович (Aleksandr Korchemkin);EDW Read Operrep;Synchronization;;Synchronization + пустая бизнес-роль
avkrivosheev;Кривошеев Алексей Викторович (Aleksey Krivosheev);EDW All CCU;Synchronization;;Synchronization + пустая бизнес-роль
avkunitsyna;Куницына Анастасия Вадимовна (Anastasiya Kunitsyna);EDW All CRM;Synchronization;;Synchronization + пустая бизнес-роль
avkunitsyna;Куницына Анастасия Вадимовна (Anastasiya Kunitsyna);EDW All Finance;Synchronization;;Synchronization + пустая бизнес-роль
avkunitsyna;Куницына Анастасия Вадимовна (Anastasiya Kunitsyna);EDW Read CDI;Synchronization;;Synchronization + пустая бизнес-роль
avkunitsyna;Куницына Анастасия Вадимовна (Anastasiya Kunitsyna);ODS All Finance;Synchronization;;Synchronization + пустая бизнес-роль
avkurilkin;Курилкин Александр Владимирович (Aleksandr Kurilkin);ODS All Auto;Synchronization;;Synchronization + пустая бизнес-роль
avkurilkin;Курилкин Александр Владимирович (Aleksandr Kurilkin);ODS Read ARM4;Synchronization;;Synchronization + пустая бизнес-роль
avkurilkin;Курилкин Александр Владимирович (Aleksandr Kurilkin);ODS Read CC;Synchronization;;Synchronization + пустая бизнес-роль
avkurilkin;Курилкин Александр Владимирович (Aleksandr Kurilkin);ODS Read EKIS;Synchronization;;Synchronization + пустая бизнес-роль
avkurilkin;Курилкин Александр Владимирович (Aleksandr Kurilkin);ODS Read RGSSCC;Synchronization;;Synchronization + пустая бизнес-роль
avkurilkin;Курилкин Александр Владимирович (Aleksandr Kurilkin);ODS Read Splunk Avtocod;Synchronization;;Synchronization + пустая бизнес-роль
avkurilkin;Курилкин Александр Владимирович (Aleksandr Kurilkin);ODS Read Transdekra;Synchronization;;Synchronization + пустая бизнес-роль
avkurilkin;Курилкин Александр Владимирович (Aleksandr Kurilkin);ODS Unspecified;Synchronization;;Synchronization + пустая бизнес-роль
avkuzmin;Кузьмин Александр Владимирович (Aleksandr Kuzmin);ODS Read UFO;Synchronization;;Synchronization + пустая бизнес-роль
avlysov;Лысов Антон Владимирович (Anton Lysov);DWH User;Synchronization;;Synchronization + пустая бизнес-роль
avlysov;Лысов Антон Владимирович (Anton Lysov);EDW All RB;Synchronization;;Synchronization + пустая бизнес-роль
avlysov;Лысов Антон Владимирович (Anton Lysov);EDW Read CDI;Synchronization;;Synchronization + пустая бизнес-роль
avlysov;Лысов Антон Владимирович (Anton Lysov);EDW Read Core;Synchronization;;Synchronization + пустая бизнес-роль
avlysov;Лысов Антон Владимирович (Anton Lysov);EDW Unspec Analysis;Synchronization;;Synchronization + пустая бизнес-роль
avlysov;Лысов Антон Владимирович (Anton Lysov);EDW Unspec Analysis Out;Synchronization;;Synchronization + пустая бизнес-роль
avlysov;Лысов Антон Владимирович (Anton Lysov);ODS Read ARM4;Synchronization;;Synchronization + пустая бизнес-роль
avlysov;Лысов Антон Владимирович (Anton Lysov);ODS Read BOSS;Synchronization;;Synchronization + пустая бизнес-роль
avlysov;Лысов Антон Владимирович (Anton Lysov);ODS Read Boss 1;Synchronization;;Synchronization + пустая бизнес-роль
avlysov;Лысов Антон Владимирович (Anton Lysov);ODS Read CC;Synchronization;;Synchronization + пустая бизнес-роль
avlysov;Лысов Антон Владимирович (Anton Lysov);ODS Read EKIS;Synchronization;;Synchronization + пустая бизнес-роль
avlysov;Лысов Антон Владимирович (Anton Lysov);ODS Read Finance;Synchronization;;Synchronization + пустая бизнес-роль
avlysov;Лысов Антон Владимирович (Anton Lysov);ODS Read Report;Synchronization;;Synchronization + пустая бизнес-роль
avlysov;Лысов Антон Владимирович (Anton Lysov);ODS Read RGSJ;Synchronization;;Synchronization + пустая бизнес-роль
avlysov;Лысов Антон Владимирович (Anton Lysov);ODS Read RGSSCC;Synchronization;;Synchronization + пустая бизнес-роль
avlysov;Лысов Антон Владимирович (Anton Lysov);ODS Read SAP;Synchronization;;Synchronization + пустая бизнес-роль
avlysov;Лысов Антон Владимирович (Anton Lysov);ODS Unspec Analysis;Synchronization;;Synchronization + пустая бизнес-роль
avlysov;Лысов Антон Владимирович (Anton Lysov);ODS Unspec Analysis Out;Synchronization;;Synchronization + пустая бизнес-роль
avlysov;Лысов Антон Владимирович (Anton Lysov);ODS Unspec Auto;Synchronization;;Synchronization + пустая бизнес-роль
avlysov;Лысов Антон Владимирович (Anton Lysov);ODS Unspec Property;Synchronization;;Synchronization + пустая бизнес-роль
avlysov;Лысов Антон Владимирович (Anton Lysov);ODS Unspecified;Synchronization;;Synchronization + пустая бизнес-роль
avlyulikov;Люликов Александр Владимирович (Aleksandr Lyulikov);EDW Read Core;Synchronization;;Synchronization + пустая бизнес-роль
avlyulikov;Люликов Александр Владимирович (Aleksandr Lyulikov);EDW Unspec Analysis;Synchronization;;Synchronization + пустая бизнес-роль
avlyulikov;Люликов Александр Владимирович (Aleksandr Lyulikov);EDW Unspec Analysis Out;Synchronization;;Synchronization + пустая бизнес-роль
avlyulikov;Люликов Александр Владимирович (Aleksandr Lyulikov);ODS All Finance;Synchronization;;Synchronization + пустая бизнес-роль
avlyulikov;Люликов Александр Владимирович (Aleksandr Lyulikov);ODS Read Cdm Analysis Out;Synchronization;;Synchronization + пустая бизнес-роль
avlyulikov;Люликов Александр Владимирович (Aleksandr Lyulikov);ODS Read Finance;Synchronization;;Synchronization + пустая бизнес-роль
avlyulikov;Люликов Александр Владимирович (Aleksandr Lyulikov);ODS Read Report;Synchronization;;Synchronization + пустая бизнес-роль
avlyulikov;Люликов Александр Владимирович (Aleksandr Lyulikov);ODS Read RGSSCC;Synchronization;;Synchronization + пустая бизнес-роль
avlyulikov;Люликов Александр Владимирович (Aleksandr Lyulikov);ODS Read SAP;Synchronization;;Synchronization + пустая бизнес-роль
avmityakin;Митякин Алексей Викторович (Aleksey Mityakin);EDW All RB;Synchronization;;Synchronization + пустая бизнес-роль
avmityakin;Митякин Алексей Викторович (Aleksey Mityakin);EDW Read CDI;Synchronization;;Synchronization + пустая бизнес-роль
avmityakin;Митякин Алексей Викторович (Aleksey Mityakin);EDW Read Core;Synchronization;;Synchronization + пустая бизнес-роль
avmityakin;Митякин Алексей Викторович (Aleksey Mityakin);ODS Read ARM4;Synchronization;;Synchronization + пустая бизнес-роль
avmityakin;Митякин Алексей Викторович (Aleksey Mityakin);ODS Read Auto;Synchronization;;Synchronization + пустая бизнес-роль
avmityakin;Митякин Алексей Викторович (Aleksey Mityakin);ODS Read BCAPP;Synchronization;;Synchronization + пустая бизнес-роль
avmityakin;Митякин Алексей Викторович (Aleksey Mityakin);ODS Read Boss 1;Synchronization;;Synchronization + пустая бизнес-роль
avmityakin;Митякин Алексей Викторович (Aleksey Mityakin);ODS Read CC;Synchronization;;Synchronization + пустая бизнес-роль
avmityakin;Митякин Алексей Викторович (Aleksey Mityakin);ODS Read EKIS;Synchronization;;Synchronization + пустая бизнес-роль
avmityakin;Митякин Алексей Викторович (Aleksey Mityakin);ODS Read PCAPP;Synchronization;;Synchronization + пустая бизнес-роль
avmityakin;Митякин Алексей Викторович (Aleksey Mityakin);ODS Read Report;Synchronization;;Synchronization + пустая бизнес-роль
avmityakin;Митякин Алексей Викторович (Aleksey Mityakin);ODS Read RGSSCC;Synchronization;;Synchronization + пустая бизнес-роль
avmityakin;Митякин Алексей Викторович (Aleksey Mityakin);ODS Read RI;Synchronization;;Synchronization + пустая бизнес-роль
avmityakin;Митякин Алексей Викторович (Aleksey Mityakin);ODS Read SAP;Synchronization;;Synchronization + пустая бизнес-роль
avmityakin;Митякин Алексей Викторович (Aleksey Mityakin);ODS Read VIRTU;Synchronization;;Synchronization + пустая бизнес-роль
avmoselkov;Моселков Алексей Вячеславович (Aleksey Moselkov);ART Данные поезд-1-94909927;Synchronization;;Synchronization + пустая бизнес-роль
avmoselkov;Моселков Алексей Вячеславович (Aleksey Moselkov);ODS Read ARCtrl;Synchronization;;Synchronization + пустая бизнес-роль
avmoselkov;Моселков Алексей Вячеславович (Aleksey Moselkov);ODS Read Insbridge;Synchronization;;Synchronization + пустая бизнес-роль
avmoselkov;Моселков Алексей Вячеславович (Aleksey Moselkov);ODS Read RI;Synchronization;;Synchronization + пустая бизнес-роль
avmoselkov;Моселков Алексей Вячеславович (Aleksey Moselkov);ODS Read SAP;Synchronization;;Synchronization + пустая бизнес-роль
avmoselkov;Моселков Алексей Вячеславович (Aleksey Moselkov);ODS Read VIRTU;Synchronization;;Synchronization + пустая бизнес-роль
avpirogov;Пирогов Алексей Валерьевич (Aleksey Pirogov);EDW Read Cdm Analysis;Synchronization;;Synchronization + пустая бизнес-роль
avrozhkov;Рожков Артём Владимирович (Artyom Rozhkov);DWH User;Synchronization;;Synchronization + пустая бизнес-роль
avrozhkov;Рожков Артём Владимирович (Artyom Rozhkov);EDW Administrator;Synchronization;;Synchronization + пустая бизнес-роль
avrozhkov;Рожков Артём Владимирович (Artyom Rozhkov);ODS Administrator;Synchronization;;Synchronization + пустая бизнес-роль
avsavinykh;Савиных Артем Владимирович (Artem Savinykh);EDW Read Operrep;Synchronization;;Synchronization + пустая бизнес-роль
avsavinykh;Савиных Артем Владимирович (Artem Savinykh);EDW Read SCOP;Synchronization;;Synchronization + пустая бизнес-роль
avseregin;Серегин Алексей Владимирович (Aleksey Seregin);EDW Read Cdm Analysis;Synchronization;;Synchronization + пустая бизнес-роль
avseregin;Серегин Алексей Владимирович (Aleksey Seregin);EDW Read Cdm Analysis Out;Synchronization;;Synchronization + пустая бизнес-роль
avseregin;Серегин Алексей Владимирович (Aleksey Seregin);EDW Read Core;Synchronization;;Synchronization + пустая бизнес-роль
avseregin;Серегин Алексей Владимирович (Aleksey Seregin);ODS All UKDZISP;Synchronization;;Synchronization + пустая бизнес-роль
avseregin;Серегин Алексей Владимирович (Aleksey Seregin);ODS Read ARM4;Synchronization;;Synchronization + пустая бизнес-роль
avseregin;Серегин Алексей Владимирович (Aleksey Seregin);ODS Read Auto;Synchronization;;Synchronization + пустая бизнес-роль
avseregin;Серегин Алексей Владимирович (Aleksey Seregin);ODS Read BCAPP;Synchronization;;Synchronization + пустая бизнес-роль
avseregin;Серегин Алексей Владимирович (Aleksey Seregin);ODS Read Boss 1;Synchronization;;Synchronization + пустая бизнес-роль
avseregin;Серегин Алексей Владимирович (Aleksey Seregin);ODS Read CC;Synchronization;;Synchronization + пустая бизнес-роль
avseregin;Серегин Алексей Владимирович (Aleksey Seregin);ODS Read Cdm Analysis;Synchronization;;Synchronization + пустая бизнес-роль
avseregin;Серегин Алексей Владимирович (Aleksey Seregin);ODS Read Cdm Analysis Out;Synchronization;;Synchronization + пустая бизнес-роль
avseregin;Серегин Алексей Владимирович (Aleksey Seregin);ODS Read EKIS;Synchronization;;Synchronization + пустая бизнес-роль
avseregin;Серегин Алексей Владимирович (Aleksey Seregin);ODS Read FOC;Synchronization;;Synchronization + пустая бизнес-роль
avseregin;Серегин Алексей Владимирович (Aleksey Seregin);ODS Read KIAS;Synchronization;;Synchronization + пустая бизнес-роль
avseregin;Серегин Алексей Владимирович (Aleksey Seregin);ODS Read Naumen;Synchronization;;Synchronization + пустая бизнес-роль
avseregin;Серегин Алексей Владимирович (Aleksey Seregin);ODS Read Operation;Synchronization;;Synchronization + пустая бизнес-роль
avseregin;Серегин Алексей Владимирович (Aleksey Seregin);ODS Read PCAPP;Synchronization;;Synchronization + пустая бизнес-роль
avseregin;Серегин Алексей Владимирович (Aleksey Seregin);ODS Read RGSSCC;Synchronization;;Synchronization + пустая бизнес-роль
avseregin;Серегин Алексей Владимирович (Aleksey Seregin);ODS Read SCR;Synchronization;;Synchronization + пустая бизнес-роль
avseregin;Серегин Алексей Владимирович (Aleksey Seregin);ODS Read Tessa;Synchronization;;Synchronization + пустая бизнес-роль
avseregin;Серегин Алексей Владимирович (Aleksey Seregin);ODS Read UFO;Synchronization;;Synchronization + пустая бизнес-роль
avshalimov;Шалимов Андрей Владиславович (Andrey Shalimov);EDW Read Core;Synchronization;;Synchronization + пустая бизнес-роль
avshalimov;Шалимов Андрей Владиславович (Andrey Shalimov);EDW Unspec Analysis Out;Synchronization;;Synchronization + пустая бизнес-роль
avshumejko;Шумейко Антон Владимирович (Anton Shumeyko);EDW Read Core;Synchronization;;Synchronization + пустая бизнес-роль
avshumejko;Шумейко Антон Владимирович (Anton Shumeyko);ODS Read ARM4;Synchronization;;Synchronization + пустая бизнес-роль
avshumejko;Шумейко Антон Владимирович (Anton Shumeyko);ODS Read BCAPP;Synchronization;;Synchronization + пустая бизнес-роль
avshumejko;Шумейко Антон Владимирович (Anton Shumeyko);ODS Read EKIS;Synchronization;;Synchronization + пустая бизнес-роль
avshumejko;Шумейко Антон Владимирович (Anton Shumeyko);ODS Read KIAS;Synchronization;;Synchronization + пустая бизнес-роль
avshumejko;Шумейко Антон Владимирович (Anton Shumeyko);ODS Read Operation;Synchronization;;Synchronization + пустая бизнес-роль
avshumejko;Шумейко Антон Владимирович (Anton Shumeyko);ODS Read PCAPP;Synchronization;;Synchronization + пустая бизнес-роль
avshumejko;Шумейко Антон Владимирович (Anton Shumeyko);ODS Read SCR;Synchronization;;Synchronization + пустая бизнес-роль
avshumejko;Шумейко Антон Владимирович (Anton Shumeyko);ODS Read Tessa;Synchronization;;Synchronization + пустая бизнес-роль
avshustikov;Шустиков Андрей Владимирович (Andrey Shustikov);ART Partners. РГС PRO-1-1594249140;Synchronization;;Synchronization + пустая бизнес-роль
avskorin;Скорин Александр Васильевич (Aleksandr Skorin);EDW Read Cdm Analysis;Synchronization;;Synchronization + пустая бизнес-роль
avskorin;Скорин Александр Васильевич (Aleksandr Skorin);EDW Read Cdm Analysis Out;Synchronization;;Synchronization + пустая бизнес-роль
avskorin;Скорин Александр Васильевич (Aleksandr Skorin);EDW Read Core;Synchronization;;Synchronization + пустая бизнес-роль
avskorin;Скорин Александр Васильевич (Aleksandr Skorin);EDW Read RB;Synchronization;;Synchronization + пустая бизнес-роль
avskorin;Скорин Александр Васильевич (Aleksandr Skorin);EDW Unspec Analysis;Synchronization;;Synchronization + пустая бизнес-роль
avskorin;Скорин Александр Васильевич (Aleksandr Skorin);EDW Unspec Analysis Out;Synchronization;;Synchronization + пустая бизнес-роль
avskorin;Скорин Александр Васильевич (Aleksandr Skorin);ODS All Operation;Synchronization;;Synchronization + пустая бизнес-роль
avskorin;Скорин Александр Васильевич (Aleksandr Skorin);ODS All UKDZISP;Synchronization;;Synchronization + пустая бизнес-роль
avskorin;Скорин Александр Васильевич (Aleksandr Skorin);ODS Read ARM4;Synchronization;;Synchronization + пустая бизнес-роль
avskorin;Скорин Александр Васильевич (Aleksandr Skorin);ODS Read BCAPP;Synchronization;;Synchronization + пустая бизнес-роль
avskorin;Скорин Александр Васильевич (Aleksandr Skorin);ODS Read Boss 1;Synchronization;;Synchronization + пустая бизнес-роль
avskorin;Скорин Александр Васильевич (Aleksandr Skorin);ODS Read CC;Synchronization;;Synchronization + пустая бизнес-роль
avskorin;Скорин Александр Васильевич (Aleksandr Skorin);ODS Read Cdm Analysis;Synchronization;;Synchronization + пустая бизнес-роль
avskorin;Скорин Александр Васильевич (Aleksandr Skorin);ODS Read Cdm Analysis Out;Synchronization;;Synchronization + пустая бизнес-роль
avskorin;Скорин Александр Васильевич (Aleksandr Skorin);ODS Read EKIS;Synchronization;;Synchronization + пустая бизнес-роль
avskorin;Скорин Александр Васильевич (Aleksandr Skorin);ODS Read FOC;Synchronization;;Synchronization + пустая бизнес-роль
avskorin;Скорин Александр Васильевич (Aleksandr Skorin);ODS Read KIAS;Synchronization;;Synchronization + пустая бизнес-роль
avskorin;Скорин Александр Васильевич (Aleksandr Skorin);ODS Read Naumen;Synchronization;;Synchronization + пустая бизнес-роль
avskorin;Скорин Александр Васильевич (Aleksandr Skorin);ODS Read PCAPP;Synchronization;;Synchronization + пустая бизнес-роль
avskorin;Скорин Александр Васильевич (Aleksandr Skorin);ODS Read Report;Synchronization;;Synchronization + пустая бизнес-роль
avskorin;Скорин Александр Васильевич (Aleksandr Skorin);ODS Read RGSSCC;Synchronization;;Synchronization + пустая бизнес-роль
avskorin;Скорин Александр Васильевич (Aleksandr Skorin);ODS Read SAP;Synchronization;;Synchronization + пустая бизнес-роль
avskorin;Скорин Александр Васильевич (Aleksandr Skorin);ODS Read SCR;Synchronization;;Synchronization + пустая бизнес-роль
avskorin;Скорин Александр Васильевич (Aleksandr Skorin);ODS Read Splunk UFO;Synchronization;;Synchronization + пустая бизнес-роль
avskorin;Скорин Александр Васильевич (Aleksandr Skorin);ODS Read Tessa;Synchronization;;Synchronization + пустая бизнес-роль
avskorin;Скорин Александр Васильевич (Aleksandr Skorin);ODS Read UFO;Synchronization;;Synchronization + пустая бизнес-роль
avskorin;Скорин Александр Васильевич (Aleksandr Skorin);ODS Unspec Analysis;Synchronization;;Synchronization + пустая бизнес-роль
avskorin;Скорин Александр Васильевич (Aleksandr Skorin);ODS Unspec Analysis Out;Synchronization;;Synchronization + пустая бизнес-роль
avskorin;Скорин Александр Васильевич (Aleksandr Skorin);ODS Unspec UKDZISP;Synchronization;;Synchronization + пустая бизнес-роль
avstryapko;Стряпко Алексей Вячеславович (Aleksey Stryapko);EDW Read Core;Synchronization;;Synchronization + пустая бизнес-роль
avstryapko;Стряпко Алексей Вячеславович (Aleksey Stryapko);ODS All Actuary;Synchronization;;Synchronization + пустая бизнес-роль
avstryapko;Стряпко Алексей Вячеславович (Aleksey Stryapko);ODS All Auto;Synchronization;;Synchronization + пустая бизнес-роль
avstryapko;Стряпко Алексей Вячеславович (Aleksey Stryapko);ODS Read EKIS;Synchronization;;Synchronization + пустая бизнес-роль
avstryapko;Стряпко Алексей Вячеславович (Aleksey Stryapko);ODS Read Report;Synchronization;;Synchronization + пустая бизнес-роль
avstryapko;Стряпко Алексей Вячеславович (Aleksey Stryapko);ODS Read RGSSCC;Synchronization;;Synchronization + пустая бизнес-роль
avstryapko;Стряпко Алексей Вячеславович (Aleksey Stryapko);ODS Read SAP;Synchronization;;Synchronization + пустая бизнес-роль
avtarasenko;Тарасенко Алексей Васильевич (Aleksey Tarasenko);EDW All DES;Synchronization;;Synchronization + пустая бизнес-роль
avtarasenko;Тарасенко Алексей Васильевич (Aleksey Tarasenko);EDW Read Core;Synchronization;;Synchronization + пустая бизнес-роль
avtarasenko;Тарасенко Алексей Васильевич (Aleksey Tarasenko);ODS All DES;Synchronization;;Synchronization + пустая бизнес-роль
avtarasenko;Тарасенко Алексей Васильевич (Aleksey Tarasenko);ODS Read ARM4;Synchronization;;Synchronization + пустая бизнес-роль
avtarasenko;Тарасенко Алексей Васильевич (Aleksey Tarasenko);ODS Read Audatex;Synchronization;;Synchronization + пустая бизнес-роль
avtarasenko;Тарасенко Алексей Васильевич (Aleksey Tarasenko);ODS Read BCAPP;Synchronization;;Synchronization + пустая бизнес-роль
avtarasenko;Тарасенко Алексей Васильевич (Aleksey Tarasenko);ODS Read CC;Synchronization;;Synchronization + пустая бизнес-роль
avtarasenko;Тарасенко Алексей Васильевич (Aleksey Tarasenko);ODS Read DoubleData;Synchronization;;Synchronization + пустая бизнес-роль
avtarasenko;Тарасенко Алексей Васильевич (Aleksey Tarasenko);ODS Read EKIS;Synchronization;;Synchronization + пустая бизнес-роль
avtarasenko;Тарасенко Алексей Васильевич (Aleksey Tarasenko);ODS Read Equifax;Synchronization;;Synchronization + пустая бизнес-роль
avtarasenko;Тарасенко Алексей Васильевич (Aleksey Tarasenko);ODS Read FOIV;Synchronization;;Synchronization + пустая бизнес-роль
avtarasenko;Тарасенко Алексей Васильевич (Aleksey Tarasenko);ODS Read IA;Synchronization;;Synchronization + пустая бизнес-роль
avtarasenko;Тарасенко Алексей Васильевич (Aleksey Tarasenko);ODS Read Insbridge;Synchronization;;Synchronization + пустая бизнес-роль
avtarasenko;Тарасенко Алексей Васильевич (Aleksey Tarasenko);ODS Read KIAS;Synchronization;;Synchronization + пустая бизнес-роль
avtarasenko;Тарасенко Алексей Васильевич (Aleksey Tarasenko);ODS Read MFMS;Synchronization;;Synchronization + пустая бизнес-роль
avtarasenko;Тарасенко Алексей Васильевич (Aleksey Tarasenko);ODS Read Mobile;Synchronization;;Synchronization + пустая бизнес-роль
avtarasenko;Тарасенко Алексей Васильевич (Aleksey Tarasenko);ODS Read Naumen;Synchronization;;Synchronization + пустая бизнес-роль
avtarasenko;Тарасенко Алексей Васильевич (Aleksey Tarasenko);ODS Read NBKI;Synchronization;;Synchronization + пустая бизнес-роль
avtarasenko;Тарасенко Алексей Васильевич (Aleksey Tarasenko);ODS Read OpenBank;Synchronization;;Synchronization + пустая бизнес-роль
avtarasenko;Тарасенко Алексей Васильевич (Aleksey Tarasenko);ODS Read PCAPP;Synchronization;;Synchronization + пустая бизнес-роль
avtarasenko;Тарасенко Алексей Васильевич (Aleksey Tarasenko);ODS Read RGSSCC;Synchronization;;Synchronization + пустая бизнес-роль
avtarasenko;Тарасенко Алексей Васильевич (Aleksey Tarasenko);ODS Read RI;Synchronization;;Synchronization + пустая бизнес-роль
avtarasenko;Тарасенко Алексей Васильевич (Aleksey Tarasenko);ODS Read RSAKBM;Synchronization;;Synchronization + пустая бизнес-роль
avtarasenko;Тарасенко Алексей Васильевич (Aleksey Tarasenko);ODS Read Splunk Avtocod;Synchronization;;Synchronization + пустая бизнес-роль
avtarasenko;Тарасенко Алексей Васильевич (Aleksey Tarasenko);ODS Read Splunk KBM;Synchronization;;Synchronization + пустая бизнес-роль
avtarasenko;Тарасенко Алексей Васильевич (Aleksey Tarasenko);ODS Read Splunk UFO;Synchronization;;Synchronization + пустая бизнес-роль
avtarasenko;Тарасенко Алексей Васильевич (Aleksey Tarasenko);ODS Read Telematics;Synchronization;;Synchronization + пустая бизнес-роль
avtarasenko;Тарасенко Алексей Васильевич (Aleksey Tarasenko);ODS Read Transdekra;Synchronization;;Synchronization + пустая бизнес-роль
avtarasenko;Тарасенко Алексей Васильевич (Aleksey Tarasenko);ODS Read UFO;Synchronization;;Synchronization + пустая бизнес-роль
avtarasenko;Тарасенко Алексей Васильевич (Aleksey Tarasenko);ODS Read VIRTU;Synchronization;;Synchronization + пустая бизнес-роль
avvyalov;Вялов Аркадий Валерьевич (Arkady Vyalov);ADB Write Dm msfo17;Synchronization;;Synchronization + пустая бизнес-роль
avvyalov;Вялов Аркадий Валерьевич (Arkady Vyalov);ADBT Write Dm msfo17;Synchronization;;Synchronization + пустая бизнес-роль
avyudkin;Юдкин Александр Вячеславович (Aleksandr Yudkin);EDW Read Core;Synchronization;;Synchronization + пустая бизнес-роль
avyudkin;Юдкин Александр Вячеславович (Aleksandr Yudkin);EDW Read RB;Synchronization;;Synchronization + пустая бизнес-роль
avyudkin;Юдкин Александр Вячеславович (Aleksandr Yudkin);ODS Read ARM4;Synchronization;;Synchronization + пустая бизнес-роль
avyudkin;Юдкин Александр Вячеславович (Aleksandr Yudkin);ODS Read EKIS;Synchronization;;Synchronization + пустая бизнес-роль
avyudkin;Юдкин Александр Вячеславович (Aleksandr Yudkin);ODS Read PCAPP;Synchronization;;Synchronization + пустая бизнес-роль
avyurin;Юрин Андрей Викторович (Andrey Yurin);EDW Read UAG;Synchronization;;Synchronization + пустая бизнес-роль
avyurin;Юрин Андрей Викторович (Andrey Yurin);EDW Unspec Analysis;Synchronization;;Synchronization + пустая бизнес-роль
avyurin;Юрин Андрей Викторович (Andrey Yurin);EDW Unspec Analysis Out;Synchronization;;Synchronization + пустая бизнес-роль
avyurin;Юрин Андрей Викторович (Andrey Yurin);ODS Unspec Analysis;Synchronization;;Synchronization + пустая бизнес-роль
avyurin;Юрин Андрей Викторович (Andrey Yurin);ODS Unspec Analysis Out;Synchronization;;Synchronization + пустая бизнес-роль
avzhuchkov;Жучков Алексей Валерьевич (Aleksey Zhuchkov);ODS Read UFO;Synchronization;;Synchronization + пустая бизнес-роль
ayadzhamyan;Аджамян Артур Юрьевич (Artur Adzhamyan);EDW All IAD;Synchronization;;Synchronization + пустая бизнес-роль
ayadzhamyan;Аджамян Артур Юрьевич (Artur Adzhamyan);EDW Read Actuary;Synchronization;;Synchronization + пустая бизнес-роль
ayadzhamyan;Аджамян Артур Юрьевич (Artur Adzhamyan);EDW Read Core;Synchronization;;Synchronization + пустая бизнес-роль
ayadzhamyan;Аджамян Артур Юрьевич (Artur Adzhamyan);ODS All IAD;Synchronization;;Synchronization + пустая бизнес-роль
ayadzhamyan;Аджамян Артур Юрьевич (Artur Adzhamyan);ODS Read Actuary;Synchronization;;Synchronization + пустая бизнес-роль
ayadzhamyan;Аджамян Артур Юрьевич (Artur Adzhamyan);ODS Read ARM4;Synchronization;;Synchronization + пустая бизнес-роль
ayadzhamyan;Аджамян Артур Юрьевич (Artur Adzhamyan);ODS Read Audatex;Synchronization;;Synchronization + пустая бизнес-роль
ayadzhamyan;Аджамян Артур Юрьевич (Artur Adzhamyan);ODS Read Auto;Synchronization;;Synchronization + пустая бизнес-роль
ayadzhamyan;Аджамян Артур Юрьевич (Artur Adzhamyan);ODS Read BCAPP;Synchronization;;Synchronization + пустая бизнес-роль
ayadzhamyan;Аджамян Артур Юрьевич (Artur Adzhamyan);ODS Read Boss 1;Synchronization;;Synchronization + пустая бизнес-роль
ayadzhamyan;Аджамян Артур Юрьевич (Artur Adzhamyan);ODS Read CC;Synchronization;;Synchronization + пустая бизнес-роль
ayadzhamyan;Аджамян Артур Юрьевич (Artur Adzhamyan);ODS Read DoubleData;Synchronization;;Synchronization + пустая бизнес-роль
ayadzhamyan;Аджамян Артур Юрьевич (Artur Adzhamyan);ODS Read EKIS;Synchronization;;Synchronization + пустая бизнес-роль
ayadzhamyan;Аджамян Артур Юрьевич (Artur Adzhamyan);ODS Read Equifax;Synchronization;;Synchronization + пустая бизнес-роль
ayadzhamyan;Аджамян Артур Юрьевич (Artur Adzhamyan);ODS Read FOIV;Synchronization;;Synchronization + пустая бизнес-роль
ayadzhamyan;Аджамян Артур Юрьевич (Artur Adzhamyan);ODS Read IA;Synchronization;;Synchronization + пустая бизнес-роль
ayadzhamyan;Аджамян Артур Юрьевич (Artur Adzhamyan);ODS Read Insbridge;Synchronization;;Synchronization + пустая бизнес-роль
ayadzhamyan;Аджамян Артур Юрьевич (Artur Adzhamyan);ODS Read KIAS;Synchronization;;Synchronization + пустая бизнес-роль
ayadzhamyan;Аджамян Артур Юрьевич (Artur Adzhamyan);ODS Read MFMS;Synchronization;;Synchronization + пустая бизнес-роль
ayadzhamyan;Аджамян Артур Юрьевич (Artur Adzhamyan);ODS Read Mobile;Synchronization;;Synchronization + пустая бизнес-роль
ayadzhamyan;Аджамян Артур Юрьевич (Artur Adzhamyan);ODS Read NBKI;Synchronization;;Synchronization + пустая бизнес-роль
ayadzhamyan;Аджамян Артур Юрьевич (Artur Adzhamyan);ODS Read OpenBank;Synchronization;;Synchronization + пустая бизнес-роль
ayadzhamyan;Аджамян Артур Юрьевич (Artur Adzhamyan);ODS Read PCAPP;Synchronization;;Synchronization + пустая бизнес-роль
ayadzhamyan;Аджамян Артур Юрьевич (Artur Adzhamyan);ODS Read RGSSCC;Synchronization;;Synchronization + пустая бизнес-роль
ayadzhamyan;Аджамян Артур Юрьевич (Artur Adzhamyan);ODS Read RSAKBM;Synchronization;;Synchronization + пустая бизнес-роль
ayadzhamyan;Аджамян Артур Юрьевич (Artur Adzhamyan);ODS Read RSAPRD;Synchronization;;Synchronization + пустая бизнес-роль
ayadzhamyan;Аджамян Артур Юрьевич (Artur Adzhamyan);ODS Read SAP;Synchronization;;Synchronization + пустая бизнес-роль
ayadzhamyan;Аджамян Артур Юрьевич (Artur Adzhamyan);ODS Read Splunk Avtocod;Synchronization;;Synchronization + пустая бизнес-роль
ayadzhamyan;Аджамян Артур Юрьевич (Artur Adzhamyan);ODS Read Splunk KBM;Synchronization;;Synchronization + пустая бизнес-роль
ayadzhamyan;Аджамян Артур Юрьевич (Artur Adzhamyan);ODS Read Splunk UFO;Synchronization;;Synchronization + пустая бизнес-роль
ayadzhamyan;Аджамян Артур Юрьевич (Artur Adzhamyan);ODS Read Telematics;Synchronization;;Synchronization + пустая бизнес-роль
ayadzhamyan;Аджамян Артур Юрьевич (Artur Adzhamyan);ODS Read Transdekra;Synchronization;;Synchronization + пустая бизнес-роль
ayadzhamyan;Аджамян Артур Юрьевич (Artur Adzhamyan);ODS Read UFO;Synchronization;;Synchronization + пустая бизнес-роль
aymnikitina;Никитина Айгуль Марселевна (Aygul Nikitina);EDW Read Core;Synchronization;;Synchronization + пустая бизнес-роль
aymnikitina;Никитина Айгуль Марселевна (Aygul Nikitina);EDW Unspec Analysis Out;Synchronization;;Synchronization + пустая бизнес-роль
aymnikitina;Никитина Айгуль Марселевна (Aygul Nikitina);ODS All Auto;Synchronization;;Synchronization + пустая бизнес-роль
aymnikitina;Никитина Айгуль Марселевна (Aygul Nikitina);ODS Read ARM4;Synchronization;;Synchronization + пустая бизнес-роль
aymnikitina;Никитина Айгуль Марселевна (Aygul Nikitina);ODS Read Audatex;Synchronization;;Synchronization + пустая бизнес-роль
aymnikitina;Никитина Айгуль Марселевна (Aygul Nikitina);ODS Read CC;Synchronization;;Synchronization + пустая бизнес-роль
aymnikitina;Никитина Айгуль Марселевна (Aygul Nikitina);ODS Read EKIS;Synchronization;;Synchronization + пустая бизнес-роль
aymnikitina;Никитина Айгуль Марселевна (Aygul Nikitina);ODS Read Equifax;Synchronization;;Synchronization + пустая бизнес-роль
aymnikitina;Никитина Айгуль Марселевна (Aygul Nikitina);ODS Read FOIV;Synchronization;;Synchronization + пустая бизнес-роль
aymnikitina;Никитина Айгуль Марселевна (Aygul Nikitina);ODS Read KIAS;Synchronization;;Synchronization + пустая бизнес-роль
aymnikitina;Никитина Айгуль Марселевна (Aygul Nikitina);ODS Read MFMS;Synchronization;;Synchronization + пустая бизнес-роль
aymnikitina;Никитина Айгуль Марселевна (Aygul Nikitina);ODS Read Mobile;Synchronization;;Synchronization + пустая бизнес-роль
aymnikitina;Никитина Айгуль Марселевна (Aygul Nikitina);ODS Read RGSSCC;Synchronization;;Synchronization + пустая бизнес-роль
aymnikitina;Никитина Айгуль Марселевна (Aygul Nikitina);ODS Read RSAKBM;Synchronization;;Synchronization + пустая бизнес-роль
aymnikitina;Никитина Айгуль Марселевна (Aygul Nikitina);ODS Read SAP;Synchronization;;Synchronization + пустая бизнес-роль
aymnikitina;Никитина Айгуль Марселевна (Aygul Nikitina);ODS Read Splunk Avtocod;Synchronization;;Synchronization + пустая бизнес-роль
aymnikitina;Никитина Айгуль Марселевна (Aygul Nikitina);ODS Read Splunk KBM;Synchronization;;Synchronization + пустая бизнес-роль
aymnikitina;Никитина Айгуль Марселевна (Aygul Nikitina);ODS Read Transdekra;Synchronization;;Synchronization + пустая бизнес-роль
aymnikitina;Никитина Айгуль Марселевна (Aygul Nikitina);ODS Unspec Analysis Out;Synchronization;;Synchronization + пустая бизнес-роль
aymnikitina;Никитина Айгуль Марселевна (Aygul Nikitina);ODS Unspec Auto;Synchronization;;Synchronization + пустая бизнес-роль
aymnikitina;Никитина Айгуль Марселевна (Aygul Nikitina);ODS Unspec Property;Synchronization;;Synchronization + пустая бизнес-роль
ayshamin;Шамин Александр Юрьевич (Aleksandr Shamin);ODS All Auto;Synchronization;;Synchronization + пустая бизнес-роль
ayshamin;Шамин Александр Юрьевич (Aleksandr Shamin);ODS Read ARM4;Synchronization;;Synchronization + пустая бизнес-роль
ayshamin;Шамин Александр Юрьевич (Aleksandr Shamin);ODS Read CC;Synchronization;;Synchronization + пустая бизнес-роль
ayshamin;Шамин Александр Юрьевич (Aleksandr Shamin);ODS Read EKIS;Synchronization;;Synchronization + пустая бизнес-роль
ayshamin;Шамин Александр Юрьевич (Aleksandr Shamin);ODS Read RGSSCC;Synchronization;;Synchronization + пустая бизнес-роль
ayshamin;Шамин Александр Юрьевич (Aleksandr Shamin);ODS Unspecified;Synchronization;;Synchronization + пустая бизнес-роль
ayupovesma;Повесьма Александр Юрьевич (Aleksandr Povesma);DWH Developer;Synchronization;;Synchronization + пустая бизнес-роль
ayzhukova;Жукова Анастасия Юрьевна (Anastasiya Zhukova);EDW All CDM;Synchronization;;Synchronization + пустая бизнес-роль
ayzhukova;Жукова Анастасия Юрьевна (Anastasiya Zhukova);EDW All MLDEV19;Synchronization;;Synchronization + пустая бизнес-роль
ayzhukova;Жукова Анастасия Юрьевна (Anastasiya Zhukova);EDW All MLDEV72;Synchronization;;Synchronization + пустая бизнес-роль
ayzhukova;Жукова Анастасия Юрьевна (Anastasiya Zhukova);EDW Read CDM;Synchronization;;Synchronization + пустая бизнес-роль
ayzhukova;Жукова Анастасия Юрьевна (Anastasiya Zhukova);EDW Unspec Analysis;Synchronization;;Synchronization + пустая бизнес-роль
ayzhukova;Жукова Анастасия Юрьевна (Anastasiya Zhukova);EDW Unspec Analysis Out;Synchronization;;Synchronization + пустая бизнес-роль
ayzhukova;Жукова Анастасия Юрьевна (Anastasiya Zhukova);ODS All Auto;Synchronization;;Synchronization + пустая бизнес-роль
ayzhukova;Жукова Анастасия Юрьевна (Anastasiya Zhukova);ODS All MLDEV19;Synchronization;;Synchronization + пустая бизнес-роль
ayzhukova;Жукова Анастасия Юрьевна (Anastasiya Zhukova);ODS All MLDEV72;Synchronization;;Synchronization + пустая бизнес-роль
ayzhukova;Жукова Анастасия Юрьевна (Anastasiya Zhukova);ODS Read DIAS;Synchronization;;Synchronization + пустая бизнес-роль
ayzhukova;Жукова Анастасия Юрьевна (Anastasiya Zhukova);ODS Unspec Analysis;Synchronization;;Synchronization + пустая бизнес-роль
ayzhukova;Жукова Анастасия Юрьевна (Anastasiya Zhukova);ODS Unspec Analysis Out;Synchronization;;Synchronization + пустая бизнес-роль
b1_graph;b1_graph;EDW Read Cdm Analysis Out;Synchronization;;Synchronization + пустая бизнес-роль
b1_graph;b1_graph;ODS All msfo17;Synchronization;;Synchronization + пустая бизнес-роль
bgdzhavadov;Джавадов Бахтияр Гудратович (Bakhtiyar Dzhavadov);EDW All CDM;Synchronization;;Synchronization + пустая бизнес-роль
bgdzhavadov;Джавадов Бахтияр Гудратович (Bakhtiyar Dzhavadov);EDW Read Core;Synchronization;;Synchronization + пустая бизнес-роль
brp_boss1;brp_boss1;ODS Read Boss 1;Synchronization;;Synchronization + пустая бизнес-роль
brp_boss1;brp_boss1;ODS Read WT;Synchronization;;Synchronization + пустая бизнес-роль
buu_dwh;buu_dwh;EDW All buu;Synchronization;;Synchronization + пустая бизнес-роль
buu_dwh;buu_dwh;EDW Read Core;Synchronization;;Synchronization + пустая бизнес-роль
buu_dwh;buu_dwh;ODS All buu;Synchronization;;Synchronization + пустая бизнес-роль
buu_dwh;buu_dwh;ODS Read ARM4;Synchronization;;Synchronization + пустая бизнес-роль
buu_dwh;buu_dwh;ODS Read Auto;Synchronization;;Synchronization + пустая бизнес-роль
buu_dwh;buu_dwh;ODS Read CC;Synchronization;;Synchronization + пустая бизнес-роль
buu_dwh;buu_dwh;ODS Read EKIS;Synchronization;;Synchronization + пустая бизнес-роль
buu_dwh;buu_dwh;ODS Read KIAS;Synchronization;;Synchronization + пустая бизнес-роль
buu_dwh;buu_dwh;ODS Read PCAPP;Synchronization;;Synchronization + пустая бизнес-роль
buu_dwh;buu_dwh;ODS Read RGSSCC;Synchronization;;Synchronization + пустая бизнес-роль
buu_dwh;buu_dwh;ODS Read UFO;Synchronization;;Synchronization + пустая бизнес-роль
bvshubchik;Шубчик Борис Валерьевич (Boris Shubchik);CBD All Cdm Analysis;Synchronization;;Synchronization + пустая бизнес-роль
bvshubchik;Шубчик Борис Валерьевич (Boris Shubchik);CBD Read Cdm Analysis Ou;Synchronization;;Synchronization + пустая бизнес-роль
bvshubchik;Шубчик Борис Валерьевич (Boris Shubchik);DWH Developer;Synchronization;;Synchronization + пустая бизнес-роль
bvshubchik;Шубчик Борис Валерьевич (Boris Shubchik);EDW All CDM;Synchronization;;Synchronization + пустая бизнес-роль
bvshubchik;Шубчик Борис Валерьевич (Boris Shubchik);EDW All Cdm Analysis;Synchronization;;Synchronization + пустая бизнес-роль
bvshubchik;Шубчик Борис Валерьевич (Boris Shubchik);EDW Read Cdm Analysis Out;Synchronization;;Synchronization + пустая бизнес-роль
bvshubchik;Шубчик Борис Валерьевич (Boris Shubchik);EDW Read Core;Synchronization;;Synchronization + пустая бизнес-роль
bvshubchik;Шубчик Борис Валерьевич (Boris Shubchik);ODS All CDM;Synchronization;;Synchronization + пустая бизнес-роль
bvshubchik;Шубчик Борис Валерьевич (Boris Shubchik);ODS All Cdm Analysis;Synchronization;;Synchronization + пустая бизнес-роль
bvshubchik;Шубчик Борис Валерьевич (Boris Shubchik);ODS All Report;Synchronization;;Synchronization + пустая бизнес-роль
bvshubchik;Шубчик Борис Валерьевич (Boris Shubchik);ODS Read ARM4;Synchronization;;Synchronization + пустая бизнес-роль
bvshubchik;Шубчик Борис Валерьевич (Boris Shubchik);ODS Read BCAPP;Synchronization;;Synchronization + пустая бизнес-роль
bvshubchik;Шубчик Борис Валерьевич (Boris Shubchik);ODS Read CC;Synchronization;;Synchronization + пустая бизнес-роль
bvshubchik;Шубчик Борис Валерьевич (Boris Shubchik);ODS Read Cdm Analysis Out;Synchronization;;Synchronization + пустая бизнес-роль
bvshubchik;Шубчик Борис Валерьевич (Boris Shubchik);ODS Read KIAS;Synchronization;;Synchronization + пустая бизнес-роль
bvshubchik;Шубчик Борис Валерьевич (Boris Shubchik);ODS Read PCAPP;Synchronization;;Synchronization + пустая бизнес-роль
bvshubchik;Шубчик Борис Валерьевич (Boris Shubchik);ODS Read RGSSCC;Synchronization;;Synchronization + пустая бизнес-роль
bvshubchik;Шубчик Борис Валерьевич (Boris Shubchik);ODS Read SAP;Synchronization;;Synchronization + пустая бизнес-роль
bvzvyagin;Звягин Борис Владимирович (Boris Zvyagin);ART Данные поезд-1-94909927;Synchronization;;Synchronization + пустая бизнес-роль
ca_qlik;ca_qlik;EDW Read buu;Synchronization;;Synchronization + пустая бизнес-роль
cakd_acrm_tech;cakd_acrm_tech;EDW All CCU;Synchronization;;Synchronization + пустая бизнес-роль
cakd_acrm_tech;cakd_acrm_tech;EDW Read CDI;Synchronization;;Synchronization + пустая бизнес-роль
cakd_acrm_tech;cakd_acrm_tech;EDW Read Core;Synchronization;;Synchronization + пустая бизнес-роль
cakd_acrm_tech;cakd_acrm_tech;EDW Read RB;Synchronization;;Synchronization + пустая бизнес-роль
cakd_acrm_tech;cakd_acrm_tech;EDW Unspec Analysis Out;Synchronization;;Synchronization + пустая бизнес-роль
cakd_acrm_tech;cakd_acrm_tech;ODS Read ARM4;Synchronization;;Synchronization + пустая бизнес-роль
cakd_acrm_tech;cakd_acrm_tech;ODS Read Auto;Synchronization;;Synchronization + пустая бизнес-роль
cakd_acrm_tech;cakd_acrm_tech;ODS Read Boss 1;Synchronization;;Synchronization + пустая бизнес-роль
cakd_acrm_tech;cakd_acrm_tech;ODS Read Boss 2;Synchronization;;Synchronization + пустая бизнес-роль
cakd_acrm_tech;cakd_acrm_tech;ODS Read CC;Synchronization;;Synchronization + пустая бизнес-роль
cakd_acrm_tech;cakd_acrm_tech;ODS Read DMS;Synchronization;;Synchronization + пустая бизнес-роль
cakd_acrm_tech;cakd_acrm_tech;ODS Read EKIS;Synchronization;;Synchronization + пустая бизнес-роль
cakd_acrm_tech;cakd_acrm_tech;ODS Read Finance;Synchronization;;Synchronization + пустая бизнес-роль
cakd_acrm_tech;cakd_acrm_tech;ODS Read LK;Synchronization;;Synchronization + пустая бизнес-роль
cakd_acrm_tech;cakd_acrm_tech;ODS Read Naumen;Synchronization;;Synchronization + пустая бизнес-роль
cakd_acrm_tech;cakd_acrm_tech;ODS Read PCAPP;Synchronization;;Synchronization + пустая бизнес-роль
cakd_acrm_tech;cakd_acrm_tech;ODS Read Report;Synchronization;;Synchronization + пустая бизнес-роль
cakd_acrm_tech;cakd_acrm_tech;ODS Read RGSSCC;Synchronization;;Synchronization + пустая бизнес-роль
cakd_acrm_tech;cakd_acrm_tech;ODS Unspec Analysis Out;Synchronization;;Synchronization + пустая бизнес-роль
cakd_acrm_tech;cakd_acrm_tech;ODS Unspec Auto;Synchronization;;Synchronization + пустая бизнес-роль
cdi_ek;cdi_ek;ODS Read RGSSCC;Synchronization;;Synchronization + пустая бизнес-роль
checker_user;checker_user;EDW Read MLDEV72;Synchronization;;Synchronization + пустая бизнес-роль
claimsclient;ClaimsClient;EDW Read Core;Synchronization;;Synchronization + пустая бизнес-роль
claimsclient;ClaimsClient;ODS All Auto;Synchronization;;Synchronization + пустая бизнес-роль
claimsclient;ClaimsClient;ODS Read CC;Synchronization;;Synchronization + пустая бизнес-роль
claimsclient;ClaimsClient;ODS Read RGSSCC;Synchronization;;Synchronization + пустая бизнес-роль
client_analysts;client_analysts;EDW All CCU;Synchronization;;Synchronization + пустая бизнес-роль
client_analysts;client_analysts;EDW Read BZK;Synchronization;;Synchronization + пустая бизнес-роль
corpportal;corpportal;EDW Read Core;Synchronization;;Synchronization + пустая бизнес-роль
corpportal;corpportal;EDW Read RB;Synchronization;;Synchronization + пустая бизнес-роль
da_molyanov;Молянов Дмитрий Андреевич (Dmitriy Molyanov);DWH Developer;Synchronization;;Synchronization + пустая бизнес-роль
daakimov;Акимов Дмитрий Алексеевич (Dmitriy Akimov);EDW All CDI;Synchronization;;Synchronization + пустая бизнес-роль
daakimov;Акимов Дмитрий Алексеевич (Dmitriy Akimov);EDW All CRM;Synchronization;;Synchronization + пустая бизнес-роль
daakimov;Акимов Дмитрий Алексеевич (Dmitriy Akimov);EDW Read Core;Synchronization;;Synchronization + пустая бизнес-роль
daakimov;Акимов Дмитрий Алексеевич (Dmitriy Akimov);EDW Read RB;Synchronization;;Synchronization + пустая бизнес-роль
daakimov;Акимов Дмитрий Алексеевич (Dmitriy Akimov);ODS All Finance;Synchronization;;Synchronization + пустая бизнес-роль
daakimov;Акимов Дмитрий Алексеевич (Dmitriy Akimov);ODS Read Audatex;Synchronization;;Synchronization + пустая бизнес-роль
daakimov;Акимов Дмитрий Алексеевич (Dmitriy Akimov);ODS Read Auto;Synchronization;;Synchronization + пустая бизнес-роль
daakimov;Акимов Дмитрий Алексеевич (Dmitriy Akimov);ODS Read FOIV;Synchronization;;Synchronization + пустая бизнес-роль
daakimov;Акимов Дмитрий Алексеевич (Dmitriy Akimov);ODS Read LK;Synchronization;;Synchronization + пустая бизнес-роль
daakimov;Акимов Дмитрий Алексеевич (Dmitriy Akimov);ODS Read MFMS;Synchronization;;Synchronization + пустая бизнес-роль
daakimov;Акимов Дмитрий Алексеевич (Dmitriy Akimov);ODS Read Mobile;Synchronization;;Synchronization + пустая бизнес-роль
daakimov;Акимов Дмитрий Алексеевич (Dmitriy Akimov);ODS Read PCAPP;Synchronization;;Synchronization + пустая бизнес-роль
daakimov;Акимов Дмитрий Алексеевич (Dmitriy Akimov);ODS Read RGSJ;Synchronization;;Synchronization + пустая бизнес-роль
daakimov;Акимов Дмитрий Алексеевич (Dmitriy Akimov);ODS Read Splunk Avtocod;Synchronization;;Synchronization + пустая бизнес-роль
daakimov;Акимов Дмитрий Алексеевич (Dmitriy Akimov);ODS Read Transdekra;Synchronization;;Synchronization + пустая бизнес-роль
daakimov;Акимов Дмитрий Алексеевич (Dmitriy Akimov);ODS Unspec UKDZISP;Synchronization;;Synchronization + пустая бизнес-роль
daakimov;Акимов Дмитрий Алексеевич (Dmitriy Akimov);ODS Unspecified;Synchronization;;Synchronization + пустая бизнес-роль
daalferova;Алфёрова Дарья Анатольевна (Darya Alferova);EDW Read Core;Synchronization;;Synchronization + пустая бизнес-роль
daalferova;Алфёрова Дарья Анатольевна (Darya Alferova);ODS Read CC;Synchronization;;Synchronization + пустая бизнес-роль
daanstepanova;Степанова Дарья Андреевна (Darya Stepanova);EDW All RB;Synchronization;;Synchronization + пустая бизнес-роль
dabelkin;Белкин Дмитрий Александрович (Dmitry Belkin);ODS Read Finance;Synchronization;;Synchronization + пустая бизнес-роль
dabelkin;Белкин Дмитрий Александрович (Dmitry Belkin);ODS Read Report;Synchronization;;Synchronization + пустая бизнес-роль
dabelkin;Белкин Дмитрий Александрович (Dmitry Belkin);ODS Read RGSSCC;Synchronization;;Synchronization + пустая бизнес-роль
dabuynovskiy;Буйновский Дмитрий Александрович (Dmitriy Buynovskiy);EDW All Finance;Synchronization;;Synchronization + пустая бизнес-роль
dabuynovskiy;Буйновский Дмитрий Александрович (Dmitriy Buynovskiy);EDW Read RB;Synchronization;;Synchronization + пустая бизнес-роль
dabuynovskiy;Буйновский Дмитрий Александрович (Dmitriy Buynovskiy);EDW Unspec Analysis;Synchronization;;Synchronization + пустая бизнес-роль
dabuynovskiy;Буйновский Дмитрий Александрович (Dmitriy Buynovskiy);EDW Unspec Analysis Out;Synchronization;;Synchronization + пустая бизнес-роль
dabuynovskiy;Буйновский Дмитрий Александрович (Dmitriy Buynovskiy);ODS All Finance;Synchronization;;Synchronization + пустая бизнес-роль
dabuynovskiy;Буйновский Дмитрий Александрович (Dmitriy Buynovskiy);ODS Read Cdm Analysis Out;Synchronization;;Synchronization + пустая бизнес-роль
dabuynovskiy;Буйновский Дмитрий Александрович (Dmitriy Buynovskiy);ODS Unspecified;Synchronization;;Synchronization + пустая бизнес-роль
dadanilkevich;Данилькевич Денис Анатольевич (Denis Danilkevich);ART Данные лид-11605388543;Synchronization;;Synchronization + пустая бизнес-роль
dadanilkevich;Данилькевич Денис Анатольевич (Denis Danilkevich);ART Данные поезд-1-94909927;Synchronization;;Synchronization + пустая бизнес-роль
dadanilkevich;Данилькевич Денис Анатольевич (Denis Danilkevich);ODS All Auto;Synchronization;;Synchronization + пустая бизнес-роль
dadanilkevich;Данилькевич Денис Анатольевич (Denis Danilkevich);ODS Read ARCtrl;Synchronization;;Synchronization + пустая бизнес-роль
dadanilkevich;Данилькевич Денис Анатольевич (Denis Danilkevich);ODS Read Auto;Synchronization;;Synchronization + пустая бизнес-роль
dadanilkevich;Данилькевич Денис Анатольевич (Denis Danilkevich);ODS Read Property;Synchronization;;Synchronization + пустая бизнес-роль
dagevorkov;Геворков Дмитрий Арсенович (Dmitriy Gevorkov);ODS Read Auto;Synchronization;;Synchronization + пустая бизнес-роль
dagevorkov;Геворков Дмитрий Арсенович (Dmitriy Gevorkov);ODS Read CC;Synchronization;;Synchronization + пустая бизнес-роль
dakaplunov;Каплунов Дмитрий Александрович (Dmitriy Kaplunov);ART Partners. ЦПП API-11272902660;Synchronization;;Synchronization + пустая бизнес-роль
dakarasev;Карасёв Дмитрий Анатольевич (Dmitry Karasev);ADB Owner Dm msfo17;Synchronization;;Synchronization + пустая бизнес-роль
dakarasev;Карасёв Дмитрий Анатольевич (Dmitry Karasev);ADB Write Dm msfo17;Synchronization;;Synchronization + пустая бизнес-роль
dakarasev;Карасёв Дмитрий Анатольевич (Dmitry Karasev);ADBT Owner Dm msfo17;Synchronization;;Synchronization + пустая бизнес-роль
dakarasev;Карасёв Дмитрий Анатольевич (Dmitry Karasev);ADBT Write Dm msfo17;Synchronization;;Synchronization + пустая бизнес-роль
dakarasev;Карасёв Дмитрий Анатольевич (Dmitry Karasev);EDW Read CDM;Synchronization;;Synchronization + пустая бизнес-роль
dakarasev;Карасёв Дмитрий Анатольевич (Dmitry Karasev);EDW Read Cdm Analysis Out;Synchronization;;Synchronization + пустая бизнес-роль
dakarasev;Карасёв Дмитрий Анатольевич (Dmitry Karasev);ODS Read CDM;Synchronization;;Synchronization + пустая бизнес-роль
dakarasev;Карасёв Дмитрий Анатольевич (Dmitry Karasev);ODS Read Cdm Analysis Out;Synchronization;;Synchronization + пустая бизнес-роль
dakarasev;Карасёв Дмитрий Анатольевич (Dmitry Karasev);ODS Read Report;Synchronization;;Synchronization + пустая бизнес-роль
dakozlovtsev;Козловцев Дмитрий Александрович (Dmitriy Kozlovtsev);ODS All BMI;Synchronization;;Synchronization + пустая бизнес-роль
dakozlovtsev;Козловцев Дмитрий Александрович (Dmitriy Kozlovtsev);ODS Read DMS;Synchronization;;Synchronization + пустая бизнес-роль
dakudryavtsev;Кудрявцев Дмитрий Александрович (Dmitriy Kudryavtsev);EDW Read Operrep;Synchronization;;Synchronization + пустая бизнес-роль
dakudryavtsev;Кудрявцев Дмитрий Александрович (Dmitriy Kudryavtsev);EDW Read SCOP;Synchronization;;Synchronization + пустая бизнес-роль
dapolunin;Полунин Дмитрий Александрович (Dmitriy Polunin);ODS Read UFO;Synchronization;;Synchronization + пустая бизнес-роль
daporvatov;Порватов Дмитрий Алексеевич (Dmitriy Porvatov);ODS Read ITAM;Synchronization;;Synchronization + пустая бизнес-роль
daporvatov;Порватов Дмитрий Алексеевич (Dmitriy Porvatov);ODS Read JIRA;Synchronization;;Synchronization + пустая бизнес-роль
daporvatov;Порватов Дмитрий Алексеевич (Dmitriy Porvatov);ODS Read Naumen;Synchronization;;Synchronization + пустая бизнес-роль
dasavelev;Савельев Денис Александрович (Denis Savelev);ODS Read MFMS;Synchronization;;Synchronization + пустая бизнес-роль
dasubbotin;Субботин Дмитрий Андреевич (Dmitriy Subbotin);ART Данные поезд-1-94909927;Synchronization;;Synchronization + пустая бизнес-роль
dataapi;DataApi;DWHT ODS All Auto;Synchronization;;Synchronization + пустая бизнес-роль
dataapi;DataApi;ODS All Auto;Synchronization;;Synchronization + пустая бизнес-роль
dataapi;DataApi;ODS Read Auto;Synchronization;;Synchronization + пустая бизнес-роль
dazakhartsov;Захарцов Дмитрий Александрович (Dmitriy Zakhartsov);CBD All Cdm Analysis;Synchronization;;Synchronization + пустая бизнес-роль
dazakhartsov;Захарцов Дмитрий Александрович (Dmitriy Zakhartsov);CBD Read Cdm Analysis Ou;Synchronization;;Synchronization + пустая бизнес-роль
dazakhartsov;Захарцов Дмитрий Александрович (Dmitriy Zakhartsov);DWH Developer;Synchronization;;Synchronization + пустая бизнес-роль
dazakhartsov;Захарцов Дмитрий Александрович (Dmitriy Zakhartsov);EDW All CDI;Synchronization;;Synchronization + пустая бизнес-роль
dazakhartsov;Захарцов Дмитрий Александрович (Dmitriy Zakhartsov);EDW All CDM;Synchronization;;Synchronization + пустая бизнес-роль
dazakhartsov;Захарцов Дмитрий Александрович (Dmitriy Zakhartsov);EDW All Cdm Analysis;Synchronization;;Synchronization + пустая бизнес-роль
dazakhartsov;Захарцов Дмитрий Александрович (Dmitriy Zakhartsov);EDW All Cdm Analysis Out;Synchronization;;Synchronization + пустая бизнес-роль
dazakhartsov;Захарцов Дмитрий Александрович (Dmitriy Zakhartsov);EDW All MLDEV19;Synchronization;;Synchronization + пустая бизнес-роль
dazakhartsov;Захарцов Дмитрий Александрович (Dmitriy Zakhartsov);EDW All MLDEV72;Synchronization;;Synchronization + пустая бизнес-роль
dazakhartsov;Захарцов Дмитрий Александрович (Dmitriy Zakhartsov);EDW Read Core;Synchronization;;Synchronization + пустая бизнес-роль
dazakhartsov;Захарцов Дмитрий Александрович (Dmitriy Zakhartsov);EDW Read RB;Synchronization;;Synchronization + пустая бизнес-роль
dazakhartsov;Захарцов Дмитрий Александрович (Dmitriy Zakhartsov);ODS All Audatex;Synchronization;;Synchronization + пустая бизнес-роль
dazakhartsov;Захарцов Дмитрий Александрович (Dmitriy Zakhartsov);ODS All CDM;Synchronization;;Synchronization + пустая бизнес-роль
dazakhartsov;Захарцов Дмитрий Александрович (Dmitriy Zakhartsov);ODS All Cdm Analysis;Synchronization;;Synchronization + пустая бизнес-роль
dazakhartsov;Захарцов Дмитрий Александрович (Dmitriy Zakhartsov);ODS All Cdm Analysis Out;Synchronization;;Synchronization + пустая бизнес-роль
dazakhartsov;Захарцов Дмитрий Александрович (Dmitriy Zakhartsov);ODS All MLDEV19;Synchronization;;Synchronization + пустая бизнес-роль
dazakhartsov;Захарцов Дмитрий Александрович (Dmitriy Zakhartsov);ODS All MLDEV72;Synchronization;;Synchronization + пустая бизнес-роль
dazakhartsov;Захарцов Дмитрий Александрович (Dmitriy Zakhartsov);ODS All Mobile;Synchronization;;Synchronization + пустая бизнес-роль
dazakhartsov;Захарцов Дмитрий Александрович (Dmitriy Zakhartsov);ODS All SAP;Synchronization;;Synchronization + пустая бизнес-роль
dazakhartsov;Захарцов Дмитрий Александрович (Dmitriy Zakhartsov);ODS All Splunk Avtocod;Synchronization;;Synchronization + пустая бизнес-роль
dazakhartsov;Захарцов Дмитрий Александрович (Dmitriy Zakhartsov);ODS All Transdekra;Synchronization;;Synchronization + пустая бизнес-роль
dazakhartsov;Захарцов Дмитрий Александрович (Dmitriy Zakhartsov);ODS Owner CDM;Synchronization;;Synchronization + пустая бизнес-роль
dazakhartsov;Захарцов Дмитрий Александрович (Dmitriy Zakhartsov);ODS Read ARM4;Synchronization;;Synchronization + пустая бизнес-роль
dazakhartsov;Захарцов Дмитрий Александрович (Dmitriy Zakhartsov);ODS Read Auto;Synchronization;;Synchronization + пустая бизнес-роль
dazakhartsov;Захарцов Дмитрий Александрович (Dmitriy Zakhartsov);ODS Read BCAPP;Synchronization;;Synchronization + пустая бизнес-роль
dazakhartsov;Захарцов Дмитрий Александрович (Dmitriy Zakhartsov);ODS Read Boss 1;Synchronization;;Synchronization + пустая бизнес-роль
dazakhartsov;Захарцов Дмитрий Александрович (Dmitriy Zakhartsov);ODS Read CC;Synchronization;;Synchronization + пустая бизнес-роль
dazakhartsov;Захарцов Дмитрий Александрович (Dmitriy Zakhartsov);ODS Read EKIS;Synchronization;;Synchronization + пустая бизнес-роль
dazakhartsov;Захарцов Дмитрий Александрович (Dmitriy Zakhartsov);ODS Read PCAPP;Synchronization;;Synchronization + пустая бизнес-роль
dazakhartsov;Захарцов Дмитрий Александрович (Dmitriy Zakhartsov);ODS Read Property;Synchronization;;Synchronization + пустая бизнес-роль
dazakhartsov;Захарцов Дмитрий Александрович (Dmitriy Zakhartsov);ODS Read Report;Synchronization;;Synchronization + пустая бизнес-роль
dazakhartsov;Захарцов Дмитрий Александрович (Dmitriy Zakhartsov);ODS Read RGSSCC;Synchronization;;Synchronization + пустая бизнес-роль
dazakhartsov;Захарцов Дмитрий Александрович (Dmitriy Zakhartsov);ODS Read WT;Synchronization;;Synchronization + пустая бизнес-роль
dazharkov;Жарков Дмитрий Алексеевич (Dmitry Zharkov);EDW All BCI;Synchronization;;Synchronization + пустая бизнес-роль
dazharkov;Жарков Дмитрий Алексеевич (Dmitry Zharkov);EDW All Cdm Analysis Out;Synchronization;;Synchronization + пустая бизнес-роль
dazharkov;Жарков Дмитрий Алексеевич (Dmitry Zharkov);EDW Read BCI;Synchronization;;Synchronization + пустая бизнес-роль
dazharkov;Жарков Дмитрий Алексеевич (Dmitry Zharkov);EDW Read Core;Synchronization;;Synchronization + пустая бизнес-роль
dazharkov;Жарков Дмитрий Алексеевич (Dmitry Zharkov);EDW Unspec CDI;Synchronization;;Synchronization + пустая бизнес-роль
dazharkov;Жарков Дмитрий Алексеевич (Dmitry Zharkov);ODS All BCI;Synchronization;;Synchronization + пустая бизнес-роль
dazharkov;Жарков Дмитрий Алексеевич (Dmitry Zharkov);ODS Read ARM4;Synchronization;;Synchronization + пустая бизнес-роль
dazharkov;Жарков Дмитрий Алексеевич (Dmitry Zharkov);ODS Read BCI;Synchronization;;Synchronization + пустая бизнес-роль
dazharkov;Жарков Дмитрий Алексеевич (Dmitry Zharkov);ODS Read CC;Synchronization;;Synchronization + пустая бизнес-роль
dazharkov;Жарков Дмитрий Алексеевич (Dmitry Zharkov);ODS Read DIAS;Synchronization;;Synchronization + пустая бизнес-роль
dazharkov;Жарков Дмитрий Алексеевич (Dmitry Zharkov);ODS Read EKIS;Synchronization;;Synchronization + пустая бизнес-роль
dazharkov;Жарков Дмитрий Алексеевич (Dmitry Zharkov);ODS Read KIAS;Synchronization;;Synchronization + пустая бизнес-роль
dazharkov;Жарков Дмитрий Алексеевич (Dmitry Zharkov);ODS Read RGSSCC;Synchronization;;Synchronization + пустая бизнес-роль
dazharkov;Жарков Дмитрий Алексеевич (Dmitry Zharkov);ODS Read SAP;Synchronization;;Synchronization + пустая бизнес-роль
dazharkov;Жарков Дмитрий Алексеевич (Dmitry Zharkov);ODS Unspec Analysis Out;Synchronization;;Synchronization + пустая бизнес-роль
ddzemtsov;Земцов Денис Дмитриевич (Denis Zemtsov);EDW All MLDEV19;Synchronization;;Synchronization + пустая бизнес-роль
ddzemtsov;Земцов Денис Дмитриевич (Denis Zemtsov);ODS All MLDEV19;Synchronization;;Synchronization + пустая бизнес-роль
ddzemtsov;Земцов Денис Дмитриевич (Denis Zemtsov);ODS Read Audatex;Synchronization;;Synchronization + пустая бизнес-роль
ddzemtsov;Земцов Денис Дмитриевич (Denis Zemtsov);ODS Read Auto;Synchronization;;Synchronization + пустая бизнес-роль
ddzemtsov;Земцов Денис Дмитриевич (Denis Zemtsov);ODS Read Property;Synchronization;;Synchronization + пустая бизнес-роль
ddzemtsov;Земцов Денис Дмитриевич (Denis Zemtsov);ODS Read RSAKBM;Synchronization;;Synchronization + пустая бизнес-роль
ddzemtsov;Земцов Денис Дмитриевич (Denis Zemtsov);ODS Read Transdekra;Synchronization;;Synchronization + пустая бизнес-роль
degretsky;Грецкий Дмитрий Евгеньевич (Dmitry Gretsky);EDW All CCU;Synchronization;;Synchronization + пустая бизнес-роль
degretsky;Грецкий Дмитрий Евгеньевич (Dmitry Gretsky);EDW All RB;Synchronization;;Synchronization + пустая бизнес-роль
degretsky;Грецкий Дмитрий Евгеньевич (Dmitry Gretsky);EDW Read CDI;Synchronization;;Synchronization + пустая бизнес-роль
degretsky;Грецкий Дмитрий Евгеньевич (Dmitry Gretsky);EDW Read Core;Synchronization;;Synchronization + пустая бизнес-роль
degretsky;Грецкий Дмитрий Евгеньевич (Dmitry Gretsky);ODS Read ARM4;Synchronization;;Synchronization + пустая бизнес-роль
degretsky;Грецкий Дмитрий Евгеньевич (Dmitry Gretsky);ODS Read Auto;Synchronization;;Synchronization + пустая бизнес-роль
degretsky;Грецкий Дмитрий Евгеньевич (Dmitry Gretsky);ODS Read Boss 1;Synchronization;;Synchronization + пустая бизнес-роль
degretsky;Грецкий Дмитрий Евгеньевич (Dmitry Gretsky);ODS Read CC;Synchronization;;Synchronization + пустая бизнес-роль
degretsky;Грецкий Дмитрий Евгеньевич (Dmitry Gretsky);ODS Read DMS;Synchronization;;Synchronization + пустая бизнес-роль
degretsky;Грецкий Дмитрий Евгеньевич (Dmitry Gretsky);ODS Read EKIS;Synchronization;;Synchronization + пустая бизнес-роль
degretsky;Грецкий Дмитрий Евгеньевич (Dmitry Gretsky);ODS Read Finance;Synchronization;;Synchronization + пустая бизнес-роль
degretsky;Грецкий Дмитрий Евгеньевич (Dmitry Gretsky);ODS Read LK;Synchronization;;Synchronization + пустая бизнес-роль
degretsky;Грецкий Дмитрий Евгеньевич (Dmitry Gretsky);ODS Read Naumen;Synchronization;;Synchronization + пустая бизнес-роль
degretsky;Грецкий Дмитрий Евгеньевич (Dmitry Gretsky);ODS Read PCAPP;Synchronization;;Synchronization + пустая бизнес-роль
degretsky;Грецкий Дмитрий Евгеньевич (Dmitry Gretsky);ODS Read Report;Synchronization;;Synchronization + пустая бизнес-роль
degretsky;Грецкий Дмитрий Евгеньевич (Dmitry Gretsky);ODS Read RGSSCC;Synchronization;;Synchronization + пустая бизнес-роль
desukhoveev;Суховеев Дмитрий Евгеньевич (Dmitry Sukhoveev);ART Данные поезд-1-94909927;Synchronization;;Synchronization + пустая бизнес-роль
digarifulin;Гарифулин Дмитрий Исмагильевич (Dmitriy Garifulin);ART Данные лид-11605388543;Synchronization;;Synchronization + пустая бизнес-роль
digarifulin;Гарифулин Дмитрий Исмагильевич (Dmitriy Garifulin);ART Данные поезд-1-94909927;Synchronization;;Synchronization + пустая бизнес-роль
digarifulin;Гарифулин Дмитрий Исмагильевич (Dmitriy Garifulin);DWH User;Synchronization;;Synchronization + пустая бизнес-роль
digarifulin;Гарифулин Дмитрий Исмагильевич (Dmitriy Garifulin);EDW Read MLDEV19;Synchronization;;Synchronization + пустая бизнес-роль
digarifulin;Гарифулин Дмитрий Исмагильевич (Dmitriy Garifulin);EDW Unspec Property;Synchronization;;Synchronization + пустая бизнес-роль
digarifulin;Гарифулин Дмитрий Исмагильевич (Dmitriy Garifulin);ODS Owner Auto;Synchronization;;Synchronization + пустая бизнес-роль
digarifulin;Гарифулин Дмитрий Исмагильевич (Dmitriy Garifulin);ODS Read ARCtrl;Synchronization;;Synchronization + пустая бизнес-роль
digarifulin;Гарифулин Дмитрий Исмагильевич (Dmitriy Garifulin);ODS Read CDM;Synchronization;;Synchronization + пустая бизнес-роль
digarifulin;Гарифулин Дмитрий Исмагильевич (Dmitriy Garifulin);ODS Read SAP;Synchronization;;Synchronization + пустая бизнес-роль
digarifulin;Гарифулин Дмитрий Исмагильевич (Dmitriy Garifulin);ODS Unspec Auto;Synchronization;;Synchronization + пустая бизнес-роль
digarifulin;Гарифулин Дмитрий Исмагильевич (Dmitriy Garifulin);ODS Unspecified;Synchronization;;Synchronization + пустая бизнес-роль
digomankov;Гоманков Дмитрий Игоревич (Dmitriy Gomankov);ODS All UKDZISP;Synchronization;;Synchronization + пустая бизнес-роль
digomankov;Гоманков Дмитрий Игоревич (Dmitriy Gomankov);ODS Read CC;Synchronization;;Synchronization + пустая бизнес-роль
digomankov;Гоманков Дмитрий Игоревич (Dmitriy Gomankov);ODS Read Finance;Synchronization;;Synchronization + пустая бизнес-роль
digomankov;Гоманков Дмитрий Игоревич (Dmitriy Gomankov);ODS Read KIAS;Synchronization;;Synchronization + пустая бизнес-роль
digomankov;Гоманков Дмитрий Игоревич (Dmitriy Gomankov);ODS Read Naumen;Synchronization;;Synchronization + пустая бизнес-роль
digomankov;Гоманков Дмитрий Игоревич (Dmitriy Gomankov);ODS Read SCR;Synchronization;;Synchronization + пустая бизнес-роль
digomankov;Гоманков Дмитрий Игоревич (Dmitriy Gomankov);ODS Read Tessa;Synchronization;;Synchronization + пустая бизнес-роль
dkormshchikov;Кормщиков Дмитрий Витальевич (Dmitriy Kormshchikov);EDW Read Core;Synchronization;;Synchronization + пустая бизнес-роль
dlmartynenko;Мартыненко Диана Леонидовна (Diana Martynenko);ART Данные поезд-1-94909927;Synchronization;;Synchronization + пустая бизнес-роль
dnikostev;Костев Дмитрий Николаевич (Dmitry Kostev);ART Partners. ЦПП API-11272902660;Synchronization;;Synchronization + пустая бизнес-роль
dnmagometa;Магомета Дарья Николаевна (Darya Magometa);EDW Read Mortgage;Synchronization;;Synchronization + пустая бизнес-роль
dnrodkin;Родькин Дмитрий Николаевич (Dmitry Rodkin);ART Partners. РГС PRO-1-1594249140;Synchronization;;Synchronization + пустая бизнес-роль
dofirsov;Фирсов Дмитрий Олегович (Dmitriy Firsov);ODS Read Auto;Synchronization;;Synchronization + пустая бизнес-роль
dokharitonov;Харитонов Денис Олегович (Denis Kharitonov);EDW All MLDEV19;Synchronization;;Synchronization + пустая бизнес-роль
dokharitonov;Харитонов Денис Олегович (Denis Kharitonov);EDW All MLDEV72;Synchronization;;Synchronization + пустая бизнес-роль
dokharitonov;Харитонов Денис Олегович (Denis Kharitonov);ODS All MLDEV19;Synchronization;;Synchronization + пустая бизнес-роль
dokharitonov;Харитонов Денис Олегович (Denis Kharitonov);ODS All MLDEV72;Synchronization;;Synchronization + пустая бизнес-роль
doprischepov;Прищепов Дмитрий Олегович (Dmitriy Prischepov);EDW All RB;Synchronization;;Synchronization + пустая бизнес-роль
doprischepov;Прищепов Дмитрий Олегович (Dmitriy Prischepov);EDW Read Core;Synchronization;;Synchronization + пустая бизнес-роль
doprischepov;Прищепов Дмитрий Олегович (Dmitriy Prischepov);ODS Read ARM4;Synchronization;;Synchronization + пустая бизнес-роль
doprischepov;Прищепов Дмитрий Олегович (Dmitriy Prischepov);ODS Read CC;Synchronization;;Synchronization + пустая бизнес-роль
doprischepov;Прищепов Дмитрий Олегович (Dmitriy Prischepov);ODS Read EKIS;Synchronization;;Synchronization + пустая бизнес-роль
doprischepov;Прищепов Дмитрий Олегович (Dmitriy Prischepov);ODS Read RGSSCC;Synchronization;;Synchronization + пустая бизнес-роль
doprischepov;Прищепов Дмитрий Олегович (Dmitriy Prischepov);ODS Read SAP;Synchronization;;Synchronization + пустая бизнес-роль
doyusina;Юсина Дарья Олеговна (Darya Yusina);ART Partners. Business Development-1-1758448165;Synchronization;;Synchronization + пустая бизнес-роль
dpozdnev;Позднев Денис Михайлович (Denis Pozdnev);ART Данные поезд-1-94909927;Synchronization;;Synchronization + пустая бизнес-роль
dqc;dqc;EDW All DQ;Synchronization;;Synchronization + пустая бизнес-роль
dqc;dqc;EDW Read BZK;Synchronization;;Synchronization + пустая бизнес-роль
dqc;dqc;EDW Read CCU;Synchronization;;Synchronization + пустая бизнес-роль
dqc;dqc;EDW Read CDI;Synchronization;;Synchronization + пустая бизнес-роль
dqc;dqc;EDW Read Cdm Analysis;Synchronization;;Synchronization + пустая бизнес-роль
dqc;dqc;EDW Read Cdm Analysis Out;Synchronization;;Synchronization + пустая бизнес-роль
dqc;dqc;EDW Read Core;Synchronization;;Synchronization + пустая бизнес-роль
dqc;dqc;EDW Read RB;Synchronization;;Synchronization + пустая бизнес-роль
dqc;dqc;ODS All DQ;Synchronization;;Synchronization + пустая бизнес-роль
dqc;dqc;ODS Read ARM4;Synchronization;;Synchronization + пустая бизнес-роль
dqc;dqc;ODS Read Auto;Synchronization;;Synchronization + пустая бизнес-роль
dqc;dqc;ODS Read BCAPP;Synchronization;;Synchronization + пустая бизнес-роль
dqc;dqc;ODS Read CC;Synchronization;;Synchronization + пустая бизнес-роль
dqc;dqc;ODS Read Cdm Analysis;Synchronization;;Synchronization + пустая бизнес-роль
dqc;dqc;ODS Read Cdm Analysis Out;Synchronization;;Synchronization + пустая бизнес-роль
dqc;dqc;ODS Read DMS;Synchronization;;Synchronization + пустая бизнес-роль
dqc;dqc;ODS Read EKIS;Synchronization;;Synchronization + пустая бизнес-роль
dqc;dqc;ODS Read KIAS;Synchronization;;Synchronization + пустая бизнес-роль
dqc;dqc;ODS Read Naumen;Synchronization;;Synchronization + пустая бизнес-роль
dqc;dqc;ODS Read PCAPP;Synchronization;;Synchronization + пустая бизнес-роль
dqc;dqc;ODS Read Report;Synchronization;;Synchronization + пустая бизнес-роль
dqc;dqc;ODS Read RGSSCC;Synchronization;;Synchronization + пустая бизнес-роль
dqc;dqc;ODS Read RI;Synchronization;;Synchronization + пустая бизнес-роль
dqc;dqc;ODS Read RSAPRD;Synchronization;;Synchronization + пустая бизнес-роль
dqc;dqc;ODS Read SAP;Synchronization;;Synchronization + пустая бизнес-роль
dqc;dqc;ODS Read Splunk UFO;Synchronization;;Synchronization + пустая бизнес-роль
dqc;dqc;ODS Read Thesis;Synchronization;;Synchronization + пустая бизнес-роль
dqc;dqc;ODS Read UFO;Synchronization;;Synchronization + пустая бизнес-роль
dqc;dqc;ODS Read VIRTU;Synchronization;;Synchronization + пустая бизнес-роль
drudov;Рудов Дмитрий Владимирович (Dmitry Rudov);ART Partners. ЦПП API-11272902660;Synchronization;;Synchronization + пустая бизнес-роль
dsa_dwh;dsa_dwh;ODS All DSA;Synchronization;;Synchronization + пустая бизнес-роль
dsa_dwh;dsa_dwh;ODS Owner DSA;Synchronization;;Synchronization + пустая бизнес-роль
dsa_dwh;dsa_dwh;ODS Read CC;Synchronization;;Synchronization + пустая бизнес-роль
dsklyukina;Клюкина Дарья Сергеевна (Darya Klyukina);ART Данные лид-11605388543;Synchronization;;Synchronization + пустая бизнес-роль
dsklyukina;Клюкина Дарья Сергеевна (Darya Klyukina);ART Данные поезд-1-94909927;Synchronization;;Synchronization + пустая бизнес-роль
dsplohuta;Плохута Дмитрий Сергеевич (Dmitriy Plokhuta);ART Данные поезд-1-94909927;Synchronization;;Synchronization + пустая бизнес-роль
dsplohuta;Плохута Дмитрий Сергеевич (Dmitriy Plokhuta);EDW Read Cdm Analysis Out;Synchronization;;Synchronization + пустая бизнес-роль
dsplohuta;Плохута Дмитрий Сергеевич (Dmitriy Plokhuta);ODS Read Cdm Analysis Out;Synchronization;;Synchronization + пустая бизнес-роль
dsplohuta;Плохута Дмитрий Сергеевич (Dmitriy Plokhuta);ODS Read Report;Synchronization;;Synchronization + пустая бизнес-роль
dsprokhorov;Прохоров Даниил Сергеевич (Daniil Prokhorov);EDW Read CCU;Synchronization;;Synchronization + пустая бизнес-роль
dsprokhorov;Прохоров Даниил Сергеевич (Daniil Prokhorov);EDW Read Cdm Analysis;Synchronization;;Synchronization + пустая бизнес-роль
dsprokhorov;Прохоров Даниил Сергеевич (Daniil Prokhorov);EDW Read Cdm Analysis Out;Synchronization;;Synchronization + пустая бизнес-роль
dsprokhorov;Прохоров Даниил Сергеевич (Daniil Prokhorov);EDW Read Core;Synchronization;;Synchronization + пустая бизнес-роль
dsprokhorov;Прохоров Даниил Сергеевич (Daniil Prokhorov);EDW Read MLDEV72;Synchronization;;Synchronization + пустая бизнес-роль
dsprokhorov;Прохоров Даниил Сергеевич (Daniil Prokhorov);ODS Read Auto;Synchronization;;Synchronization + пустая бизнес-роль
dsprokhorov;Прохоров Даниил Сергеевич (Daniil Prokhorov);ODS Read CDM;Synchronization;;Synchronization + пустая бизнес-роль
dsprokhorov;Прохоров Даниил Сергеевич (Daniil Prokhorov);ODS Read Cdm Analysis;Synchronization;;Synchronization + пустая бизнес-роль
dsprokhorov;Прохоров Даниил Сергеевич (Daniil Prokhorov);ODS Read Cdm Analysis Out;Synchronization;;Synchronization + пустая бизнес-роль
dsprokhorov;Прохоров Даниил Сергеевич (Daniil Prokhorov);ODS Read Report;Synchronization;;Synchronization + пустая бизнес-роль
dsprokhorov;Прохоров Даниил Сергеевич (Daniil Prokhorov);ODS Read RGSSCC;Synchronization;;Synchronization + пустая бизнес-роль
dsscheglova;Щеглова Дарина Сергеевна (Darina Scheglova);ART Персонал (Весь поезд)art_hr@rgs.ru-12089312808;Synchronization;;Synchronization + пустая бизнес-роль
dsshashkov;Шашков Дмитрий Сергеевич (Dmitry Shashkov);ODS Read Auto;Synchronization;;Synchronization + пустая бизнес-роль
dsshashkov;Шашков Дмитрий Сергеевич (Dmitry Shashkov);ODS Read CC;Synchronization;;Synchronization + пустая бизнес-роль
dstretyakov;Третьяков Дмитрий Сергеевич;EDW All UAG;Synchronization;;Synchronization + пустая бизнес-роль
dstretyakov;Третьяков Дмитрий Сергеевич;EDW Read Core;Synchronization;;Synchronization + пустая бизнес-роль
dszhukova;Жукова Дарья Сергеевна (Darya Zhukova);EDW All Cdm Analysis;Synchronization;;Synchronization + пустая бизнес-роль
dszhukova;Жукова Дарья Сергеевна (Darya Zhukova);EDW Read CCU;Synchronization;;Synchronization + пустая бизнес-роль
dszhukova;Жукова Дарья Сергеевна (Darya Zhukova);EDW Read Cdm Analysis;Synchronization;;Synchronization + пустая бизнес-роль
dszhukova;Жукова Дарья Сергеевна (Darya Zhukova);EDW Read Cdm Analysis Out;Synchronization;;Synchronization + пустая бизнес-роль
dszhukova;Жукова Дарья Сергеевна (Darya Zhukova);EDW Read Core;Synchronization;;Synchronization + пустая бизнес-роль
dszhukova;Жукова Дарья Сергеевна (Darya Zhukova);ODS Read BCAPP;Synchronization;;Synchronization + пустая бизнес-роль
dszhukova;Жукова Дарья Сергеевна (Darya Zhukova);ODS Read Cdm Analysis;Synchronization;;Synchronization + пустая бизнес-роль
dszhukova;Жукова Дарья Сергеевна (Darya Zhukova);ODS Read Cdm Analysis Out;Synchronization;;Synchronization + пустая бизнес-роль
dszhukova;Жукова Дарья Сергеевна (Darya Zhukova);ODS Read PCAPP;Synchronization;;Synchronization + пустая бизнес-роль
dszhukova;Жукова Дарья Сергеевна (Darya Zhukova);ODS Read Report;Synchronization;;Synchronization + пустая бизнес-роль
dszhukova;Жукова Дарья Сергеевна (Darya Zhukova);ODS Read RGSSCC;Synchronization;;Synchronization + пустая бизнес-роль
dszhukova;Жукова Дарья Сергеевна (Darya Zhukova);ODS Read SAP;Synchronization;;Synchronization + пустая бизнес-роль
dszhukova;Жукова Дарья Сергеевна (Darya Zhukova);ODS Read UKDZISP;Synchronization;;Synchronization + пустая бизнес-роль
dtarasov;Тарасов Дмитрий Алексеевич (Dmitriy Tarasov);ODS All UKDZISP;Synchronization;;Synchronization + пустая бизнес-роль
dtarasov;Тарасов Дмитрий Алексеевич (Dmitriy Tarasov);ODS Read RGSSCC;Synchronization;;Synchronization + пустая бизнес-роль
dukhayretdinov;Хайретдинов Дамир Умярович (Damir Khayretdinov);ODS Read Auto;Synchronization;;Synchronization + пустая бизнес-роль
dukhayretdinov;Хайретдинов Дамир Умярович (Damir Khayretdinov);ODS Read PCAPP;Synchronization;;Synchronization + пустая бизнес-роль
dva_dwh;DVA_DWH;ODS Read Boss 1;Synchronization;;Synchronization + пустая бизнес-роль
dvbezrukov;Безруков Дмитрий Владимирович (Dmitriy Bezrukov);EDW Read Mortgage;Synchronization;;Synchronization + пустая бизнес-роль
dvburkin;Буркин Дмитрий Владимирович (Dmitriy Burkin);EDW All RB;Synchronization;;Synchronization + пустая бизнес-роль
dvburkin;Буркин Дмитрий Владимирович (Dmitriy Burkin);EDW Read Core;Synchronization;;Synchronization + пустая бизнес-роль
dvburkin;Буркин Дмитрий Владимирович (Dmitriy Burkin);EDW Read RB;Synchronization;;Synchronization + пустая бизнес-роль
dvdanileyko;Данилейко Дмитрий Владимирович (Dmitriy Danileyko);DWH User;Synchronization;;Synchronization + пустая бизнес-роль
dvdanileyko;Данилейко Дмитрий Владимирович (Dmitriy Danileyko);EDW Read Core;Synchronization;;Synchronization + пустая бизнес-роль
dvdanileyko;Данилейко Дмитрий Владимирович (Dmitriy Danileyko);ODS Read BCAPP;Synchronization;;Synchronization + пустая бизнес-роль
dvdanileyko;Данилейко Дмитрий Владимирович (Dmitriy Danileyko);ODS Read KIAS;Synchronization;;Synchronization + пустая бизнес-роль
dvdanileyko;Данилейко Дмитрий Владимирович (Dmitriy Danileyko);ODS Read Naumen;Synchronization;;Synchronization + пустая бизнес-роль
dvdanileyko;Данилейко Дмитрий Владимирович (Dmitriy Danileyko);ODS Read PCAPP;Synchronization;;Synchronization + пустая бизнес-роль
dvdanileyko;Данилейко Дмитрий Владимирович (Dmitriy Danileyko);ODS Read SAP;Synchronization;;Synchronization + пустая бизнес-роль
dveremeev;Еремеев Дмитрий Валерьевич (Dmitriy Eremeev);ART Данные лид-11605388543;Synchronization;;Synchronization + пустая бизнес-роль
dveremeev;Еремеев Дмитрий Валерьевич (Dmitriy Eremeev);ART Данные поезд-1-94909927;Synchronization;;Synchronization + пустая бизнес-роль
dveremeev;Еремеев Дмитрий Валерьевич (Dmitriy Eremeev);EDW All MLDEV19;Synchronization;;Synchronization + пустая бизнес-роль
dveremeev;Еремеев Дмитрий Валерьевич (Dmitriy Eremeev);EDW All MLDEV72;Synchronization;;Synchronization + пустая бизнес-роль
dveremeev;Еремеев Дмитрий Валерьевич (Dmitriy Eremeev);EDW Read CDI;Synchronization;;Synchronization + пустая бизнес-роль
dveremeev;Еремеев Дмитрий Валерьевич (Dmitriy Eremeev);EDW Read Core;Synchronization;;Synchronization + пустая бизнес-роль
dveremeev;Еремеев Дмитрий Валерьевич (Dmitriy Eremeev);ODS All Auto;Synchronization;;Synchronization + пустая бизнес-роль
dveremeev;Еремеев Дмитрий Валерьевич (Dmitriy Eremeev);ODS All MLDEV19;Synchronization;;Synchronization + пустая бизнес-роль
dveremeev;Еремеев Дмитрий Валерьевич (Dmitriy Eremeev);ODS All MLDEV72;Synchronization;;Synchronization + пустая бизнес-роль
dveremeev;Еремеев Дмитрий Валерьевич (Dmitriy Eremeev);ODS Read ARM4;Synchronization;;Synchronization + пустая бизнес-роль
dveremeev;Еремеев Дмитрий Валерьевич (Dmitriy Eremeev);ODS Read Audatex;Synchronization;;Synchronization + пустая бизнес-роль
dveremeev;Еремеев Дмитрий Валерьевич (Dmitriy Eremeev);ODS Read CC;Synchronization;;Synchronization + пустая бизнес-роль
dveremeev;Еремеев Дмитрий Валерьевич (Dmitriy Eremeev);ODS Read EKIS;Synchronization;;Synchronization + пустая бизнес-роль
dveremeev;Еремеев Дмитрий Валерьевич (Dmitriy Eremeev);ODS Read Equifax;Synchronization;;Synchronization + пустая бизнес-роль
dveremeev;Еремеев Дмитрий Валерьевич (Dmitriy Eremeev);ODS Read FOIV;Synchronization;;Synchronization + пустая бизнес-роль
dveremeev;Еремеев Дмитрий Валерьевич (Dmitriy Eremeev);ODS Read Insbridge;Synchronization;;Synchronization + пустая бизнес-роль
dveremeev;Еремеев Дмитрий Валерьевич (Dmitriy Eremeev);ODS Read LK;Synchronization;;Synchronization + пустая бизнес-роль
dveremeev;Еремеев Дмитрий Валерьевич (Dmitriy Eremeev);ODS Read MFMS;Synchronization;;Synchronization + пустая бизнес-роль
dveremeev;Еремеев Дмитрий Валерьевич (Dmitriy Eremeev);ODS Read Mobile;Synchronization;;Synchronization + пустая бизнес-роль
dveremeev;Еремеев Дмитрий Валерьевич (Dmitriy Eremeev);ODS Read Property;Synchronization;;Synchronization + пустая бизнес-роль
dveremeev;Еремеев Дмитрий Валерьевич (Dmitriy Eremeev);ODS Read RGSSCC;Synchronization;;Synchronization + пустая бизнес-роль
dveremeev;Еремеев Дмитрий Валерьевич (Dmitriy Eremeev);ODS Read RSAKBM;Synchronization;;Synchronization + пустая бизнес-роль
dveremeev;Еремеев Дмитрий Валерьевич (Dmitriy Eremeev);ODS Read Splunk Avtocod;Synchronization;;Synchronization + пустая бизнес-роль
dveremeev;Еремеев Дмитрий Валерьевич (Dmitriy Eremeev);ODS Read Splunk KBM;Synchronization;;Synchronization + пустая бизнес-роль
dveremeev;Еремеев Дмитрий Валерьевич (Dmitriy Eremeev);ODS Read Transdekra;Synchronization;;Synchronization + пустая бизнес-роль
dveremeev;Еремеев Дмитрий Валерьевич (Dmitriy Eremeev);ODS Unspec Auto;Synchronization;;Synchronization + пустая бизнес-роль
dvkhramov;Храмов Дмитрий Викторович (Dmitriy Khramov);DWH Developer;Synchronization;;Synchronization + пустая бизнес-роль
dvkhramov;Храмов Дмитрий Викторович (Dmitriy Khramov);EDW All CDM;Synchronization;;Synchronization + пустая бизнес-роль
dvkhramov;Храмов Дмитрий Викторович (Dmitriy Khramov);EDW Read Cdm Analysis;Synchronization;;Synchronization + пустая бизнес-роль
dvkhramov;Храмов Дмитрий Викторович (Dmitriy Khramov);EDW Read Cdm Analysis Out;Synchronization;;Synchronization + пустая бизнес-роль
dvkhramov;Храмов Дмитрий Викторович (Dmitriy Khramov);EDW Read Core;Synchronization;;Synchronization + пустая бизнес-роль
dvkhramov;Храмов Дмитрий Викторович (Dmitriy Khramov);ODS All CDM;Synchronization;;Synchronization + пустая бизнес-роль
dvkhramov;Храмов Дмитрий Викторович (Dmitriy Khramov);ODS Read ARM4;Synchronization;;Synchronization + пустая бизнес-роль
dvkhramov;Храмов Дмитрий Викторович (Dmitriy Khramov);ODS Read BCAPP;Synchronization;;Synchronization + пустая бизнес-роль
dvkhramov;Храмов Дмитрий Викторович (Dmitriy Khramov);ODS Read CC;Synchronization;;Synchronization + пустая бизнес-роль
dvkhramov;Храмов Дмитрий Викторович (Dmitriy Khramov);ODS Read Cdm Analysis;Synchronization;;Synchronization + пустая бизнес-роль
dvkhramov;Храмов Дмитрий Викторович (Dmitriy Khramov);ODS Read Cdm Analysis Out;Synchronization;;Synchronization + пустая бизнес-роль
dvkhramov;Храмов Дмитрий Викторович (Dmitriy Khramov);ODS Read DIAS;Synchronization;;Synchronization + пустая бизнес-роль
dvkhramov;Храмов Дмитрий Викторович (Dmitriy Khramov);ODS Read EKIS;Synchronization;;Synchronization + пустая бизнес-роль
dvkhramov;Храмов Дмитрий Викторович (Dmitriy Khramov);ODS Read KIAS;Synchronization;;Synchronization + пустая бизнес-роль
dvkhramov;Храмов Дмитрий Викторович (Dmitriy Khramov);ODS Read PCAPP;Synchronization;;Synchronization + пустая бизнес-роль
dvkhramov;Храмов Дмитрий Викторович (Dmitriy Khramov);ODS Read Report;Synchronization;;Synchronization + пустая бизнес-роль
dvkhramov;Храмов Дмитрий Викторович (Dmitriy Khramov);ODS Read RGSSCC;Synchronization;;Synchronization + пустая бизнес-роль
dvkhramov;Храмов Дмитрий Викторович (Dmitriy Khramov);ODS Read SAP;Synchronization;;Synchronization + пустая бизнес-роль
dvkhramov;Храмов Дмитрий Викторович (Dmitriy Khramov);ODS Read XBRL;Synchronization;;Synchronization + пустая бизнес-роль
dvklepikov;Клепиков Денис Владимирович (Denis Klepikov);ADB Write Dm msfo17;Synchronization;;Synchronization + пустая бизнес-роль
dvklepikov;Клепиков Денис Владимирович (Denis Klepikov);ADBT Write Dm msfo17;Synchronization;;Synchronization + пустая бизнес-роль
dvklimachev;Климачев Денис Вадимович;EDW All UAG;Synchronization;;Synchronization + пустая бизнес-роль
dvklimachev;Климачев Денис Вадимович;EDW Read Core;Synchronization;;Synchronization + пустая бизнес-роль
dvkuular;Куулар Денис Викторович (Denis Kuular);EDW Read Core;Synchronization;;Synchronization + пустая бизнес-роль
dvkuular;Куулар Денис Викторович (Denis Kuular);ODS All Actuary;Synchronization;;Synchronization + пустая бизнес-роль
dvkuular;Куулар Денис Викторович (Denis Kuular);ODS All Auto;Synchronization;;Synchronization + пустая бизнес-роль
dvkuular;Куулар Денис Викторович (Denis Kuular);ODS Read EKIS;Synchronization;;Synchronization + пустая бизнес-роль
dvkuular;Куулар Денис Викторович (Denis Kuular);ODS Read Report;Synchronization;;Synchronization + пустая бизнес-роль
dvkuular;Куулар Денис Викторович (Denis Kuular);ODS Read RGSSCC;Synchronization;;Synchronization + пустая бизнес-роль
dvkuular;Куулар Денис Викторович (Denis Kuular);ODS Read SAP;Synchronization;;Synchronization + пустая бизнес-роль
dvshakhova;Шахова Дарья Викторовна (Darya Shakhova);ART Персонал (Весь поезд)art_hr@rgs.ru-12089312808;Synchronization;;Synchronization + пустая бизнес-роль
dvshakhova;Шахова Дарья Викторовна (Darya Shakhova);ART Персонал (Менеджмент поезда)-11742115441;Synchronization;;Synchronization + пустая бизнес-роль
dvskorokhodov;Скороходов Даниил Владимирович (Daniil Skorokhodov);ART Данные поезд-1-94909927;Synchronization;;Synchronization + пустая бизнес-роль
dvskorokhodov;Скороходов Даниил Владимирович (Daniil Skorokhodov);CBD Read Cdm Analysis;Synchronization;;Synchronization + пустая бизнес-роль
dvskorokhodov;Скороходов Даниил Владимирович (Daniil Skorokhodov);EDW All CRM;Synchronization;;Synchronization + пустая бизнес-роль
dvskorokhodov;Скороходов Даниил Владимирович (Daniil Skorokhodov);EDW Read CDI;Synchronization;;Synchronization + пустая бизнес-роль
dvskorokhodov;Скороходов Даниил Владимирович (Daniil Skorokhodov);EDW Read Cdm Analysis;Synchronization;;Synchronization + пустая бизнес-роль
dvskorokhodov;Скороходов Даниил Владимирович (Daniil Skorokhodov);EDW Read MLDEV19;Synchronization;;Synchronization + пустая бизнес-роль
dvskorokhodov;Скороходов Даниил Владимирович (Daniil Skorokhodov);EDW Read MLDEV72;Synchronization;;Synchronization + пустая бизнес-роль
dvskorokhodov;Скороходов Даниил Владимирович (Daniil Skorokhodov);ODS All CC;Synchronization;;Synchronization + пустая бизнес-роль
dvskorokhodov;Скороходов Даниил Владимирович (Daniil Skorokhodov);ODS Read LK;Synchronization;;Synchronization + пустая бизнес-роль
dvskorokhodov;Скороходов Даниил Владимирович (Daniil Skorokhodov);ODS Read MLDEV19;Synchronization;;Synchronization + пустая бизнес-роль
dvskorokhodov;Скороходов Даниил Владимирович (Daniil Skorokhodov);ODS Read MLDEV72;Synchronization;;Synchronization + пустая бизнес-роль
dvskorokhodov;Скороходов Даниил Владимирович (Daniil Skorokhodov);ODS Read RI;Synchronization;;Synchronization + пустая бизнес-роль
dvskorokhodov;Скороходов Даниил Владимирович (Daniil Skorokhodov);ODS Unspec Auto;Synchronization;;Synchronization + пустая бизнес-роль
dvtatkova;Татькова Дарья Васильевна (Darya Tatkova);ODS Read UFO;Synchronization;;Synchronization + пустая бизнес-роль
dvzhikharev;Жихарев Дмитрий Владимирович (Dmitriy Zhikharev);DWH User;Synchronization;;Synchronization + пустая бизнес-роль
dwh_monitor;dwh_monitor;CBD Read Pg Monitor;Synchronization;;Synchronization + пустая бизнес-роль
dwh_monitor;dwh_monitor;EDW Read Pg Monitor;Synchronization;;Synchronization + пустая бизнес-роль
dwh_monitor;dwh_monitor;ODS Read Pg Monitor;Synchronization;;Synchronization + пустая бизнес-роль
dwh_to_sbldb;dwh_to_sbldb;ODS Unspec Analysis;Synchronization;;Synchronization + пустая бизнес-роль
dwh_to_sbldb;dwh_to_sbldb;ODS Unspec Analysis Out;Synchronization;;Synchronization + пустая бизнес-роль
dwhdepers;dwhdepers;DWHT Edw Read Core;Synchronization;;Synchronization + пустая бизнес-роль
dwhkafka;dwhkafka;ODS All RI;Synchronization;;Synchronization + пустая бизнес-роль
dyukhalangot;Халангот Даниил Юрьевич (Daniil Khalangot);EDW All RB;Synchronization;;Synchronization + пустая бизнес-роль
dyukhalangot;Халангот Даниил Юрьевич (Daniil Khalangot);EDW Owner RB;Synchronization;;Synchronization + пустая бизнес-роль
dyukhalangot;Халангот Даниил Юрьевич (Daniil Khalangot);EDW Read Core;Synchronization;;Synchronization + пустая бизнес-роль
dyukhalangot;Халангот Даниил Юрьевич (Daniil Khalangot);EDW Unspec Analysis;Synchronization;;Synchronization + пустая бизнес-роль
dyukhalangot;Халангот Даниил Юрьевич (Daniil Khalangot);EDW Unspec Analysis Out;Synchronization;;Synchronization + пустая бизнес-роль
dyukhalangot;Халангот Даниил Юрьевич (Daniil Khalangot);ODS Read ARM4;Synchronization;;Synchronization + пустая бизнес-роль
dyukhalangot;Халангот Даниил Юрьевич (Daniil Khalangot);ODS Read EKIS;Synchronization;;Synchronization + пустая бизнес-роль
dyukhalangot;Халангот Даниил Юрьевич (Daniil Khalangot);ODS Read KIAS;Synchronization;;Synchronization + пустая бизнес-роль
dyukhalangot;Халангот Даниил Юрьевич (Daniil Khalangot);ODS Read Report;Synchronization;;Synchronization + пустая бизнес-роль
dyukhalangot;Халангот Даниил Юрьевич (Daniil Khalangot);ODS Read RGSJ;Synchronization;;Synchronization + пустая бизнес-роль
dyukhalangot;Халангот Даниил Юрьевич (Daniil Khalangot);ODS Read SAP;Synchronization;;Synchronization + пустая бизнес-роль
dyukhalangot;Халангот Даниил Юрьевич (Daniil Khalangot);ODS Unspec Analysis;Synchronization;;Synchronization + пустая бизнес-роль
dyukhalangot;Халангот Даниил Юрьевич (Daniil Khalangot);ODS Unspec Analysis Out;Synchronization;;Synchronization + пустая бизнес-роль
dyukhalangot;Халангот Даниил Юрьевич (Daniil Khalangot);ODS Unspec Auto;Synchronization;;Synchronization + пустая бизнес-роль
dyukhalangot;Халангот Даниил Юрьевич (Daniil Khalangot);ODS Unspec Property;Synchronization;;Synchronization + пустая бизнес-роль
dyunogtev;Ногтев Денис Юрьевич (Denis Nogtev);EDW All DBTRN;Synchronization;;Synchronization + пустая бизнес-роль
dyunogtev;Ногтев Денис Юрьевич (Denis Nogtev);EDW Owner DBTRN;Synchronization;;Synchronization + пустая бизнес-роль
dyunogtev;Ногтев Денис Юрьевич (Denis Nogtev);EDW Read Core;Synchronization;;Synchronization + пустая бизнес-роль
dyunogtev;Ногтев Денис Юрьевич (Denis Nogtev);EDW Read RB;Synchronization;;Synchronization + пустая бизнес-роль
dyunogtev;Ногтев Денис Юрьевич (Denis Nogtev);ODS Read BOSS;Synchronization;;Synchronization + пустая бизнес-роль
dyunogtev;Ногтев Денис Юрьевич (Denis Nogtev);ODS Read Boss 1;Synchronization;;Synchronization + пустая бизнес-роль
dyunogtev;Ногтев Денис Юрьевич (Denis Nogtev);ODS Read Report;Synchronization;;Synchronization + пустая бизнес-роль
dyunogtev;Ногтев Денис Юрьевич (Denis Nogtev);ODS Read RGSSCC;Synchronization;;Synchronization + пустая бизнес-роль
dyuponomarev;Пономарев Дмитрий Юрьевич (Dmitriy Ponomarev);CBD Administrator;Synchronization;;Synchronization + пустая бизнес-роль
dyuponomarev;Пономарев Дмитрий Юрьевич (Dmitriy Ponomarev);DWH Administrator;Synchronization;;Synchronization + пустая бизнес-роль
dyuponomarev;Пономарев Дмитрий Юрьевич (Dmitriy Ponomarev);EDW Administrator;Synchronization;;Synchronization + пустая бизнес-роль
dyuponomarev;Пономарев Дмитрий Юрьевич (Dmitriy Ponomarev);ODS Administrator;Synchronization;;Synchronization + пустая бизнес-роль
dyuponomarev;Пономарев Дмитрий Юрьевич (Dmitriy Ponomarev);ODS All ARCtrl;Synchronization;;Synchronization + пустая бизнес-роль
eaashurkov;Ашурков Евгений Александрович (Evgeniy Ashurkov);DWH Developer;Synchronization;;Synchronization + пустая бизнес-роль
eaashurkov;Ашурков Евгений Александрович (Evgeniy Ashurkov);EDW All BZK;Synchronization;;Synchronization + пустая бизнес-роль
eaashurkov;Ашурков Евгений Александрович (Evgeniy Ashurkov);EDW Read CCU;Synchronization;;Synchronization + пустая бизнес-роль
eaashurkov;Ашурков Евгений Александрович (Evgeniy Ashurkov);EDW Read CDM;Synchronization;;Synchronization + пустая бизнес-роль
eaashurkov;Ашурков Евгений Александрович (Evgeniy Ashurkov);EDW Read Core;Synchronization;;Synchronization + пустая бизнес-роль
eaashurkov;Ашурков Евгений Александрович (Evgeniy Ashurkov);EDW Read RB;Synchronization;;Synchronization + пустая бизнес-роль
eaashurkov;Ашурков Евгений Александрович (Evgeniy Ashurkov);EDW Unspec Analysis Out;Synchronization;;Synchronization + пустая бизнес-роль
eaashurkov;Ашурков Евгений Александрович (Evgeniy Ashurkov);ODS Read BCAPP;Synchronization;;Synchronization + пустая бизнес-роль
eaashurkov;Ашурков Евгений Александрович (Evgeniy Ashurkov);ODS Read Cdm Analysis Out;Synchronization;;Synchronization + пустая бизнес-роль
eaashurkov;Ашурков Евгений Александрович (Evgeniy Ashurkov);ODS Read PCAPP;Synchronization;;Synchronization + пустая бизнес-роль
eaashurkov;Ашурков Евгений Александрович (Evgeniy Ashurkov);ODS Read Property;Synchronization;;Synchronization + пустая бизнес-роль
eaashurkov;Ашурков Евгений Александрович (Evgeniy Ashurkov);ODS Read RGSSCC;Synchronization;;Synchronization + пустая бизнес-роль
eaashurkov;Ашурков Евгений Александрович (Evgeniy Ashurkov);ODS Unspec Analysis Out;Synchronization;;Synchronization + пустая бизнес-роль
eadelova;Делова Елизавета Александровна (Elizaveta Delova);EDW All MLDEV19;Synchronization;;Synchronization + пустая бизнес-роль
eadelova;Делова Елизавета Александровна (Elizaveta Delova);EDW All MLDEV72;Synchronization;;Synchronization + пустая бизнес-роль
eadelova;Делова Елизавета Александровна (Elizaveta Delova);EDW All Property;Synchronization;;Synchronization + пустая бизнес-роль
eadelova;Делова Елизавета Александровна (Elizaveta Delova);EDW Read Core;Synchronization;;Synchronization + пустая бизнес-роль
eadelova;Делова Елизавета Александровна (Elizaveta Delova);EDW Read RB;Synchronization;;Synchronization + пустая бизнес-роль
eadelova;Делова Елизавета Александровна (Elizaveta Delova);EDW Unspec Analysis;Synchronization;;Synchronization + пустая бизнес-роль
eadelova;Делова Елизавета Александровна (Elizaveta Delova);EDW Unspec Analysis Out;Synchronization;;Synchronization + пустая бизнес-роль
eadelova;Делова Елизавета Александровна (Elizaveta Delova);EDW Unspec RB;Synchronization;;Synchronization + пустая бизнес-роль
eadelova;Делова Елизавета Александровна (Elizaveta Delova);ODS All Auto;Synchronization;;Synchronization + пустая бизнес-роль
eadelova;Делова Елизавета Александровна (Elizaveta Delova);ODS All MLDEV19;Synchronization;;Synchronization + пустая бизнес-роль
eadelova;Делова Елизавета Александровна (Elizaveta Delova);ODS All MLDEV72;Synchronization;;Synchronization + пустая бизнес-роль
eadelova;Делова Елизавета Александровна (Elizaveta Delova);ODS All Property;Synchronization;;Synchronization + пустая бизнес-роль
eadelova;Делова Елизавета Александровна (Elizaveta Delova);ODS Read ARM4;Synchronization;;Synchronization + пустая бизнес-роль
eadelova;Делова Елизавета Александровна (Elizaveta Delova);ODS Read Audatex;Synchronization;;Synchronization + пустая бизнес-роль
eadelova;Делова Елизавета Александровна (Elizaveta Delova);ODS Read BCAPP;Synchronization;;Synchronization + пустая бизнес-роль
eadelova;Делова Елизавета Александровна (Elizaveta Delova);ODS Read EKIS;Synchronization;;Synchronization + пустая бизнес-роль
eadelova;Делова Елизавета Александровна (Elizaveta Delova);ODS Read Equifax;Synchronization;;Synchronization + пустая бизнес-роль
eadelova;Делова Елизавета Александровна (Elizaveta Delova);ODS Read Mobile;Synchronization;;Synchronization + пустая бизнес-роль
eadelova;Делова Елизавета Александровна (Elizaveta Delova);ODS Read PCAPP;Synchronization;;Synchronization + пустая бизнес-роль
eadelova;Делова Елизавета Александровна (Elizaveta Delova);ODS Read RGSSCC;Synchronization;;Synchronization + пустая бизнес-роль
eadelova;Делова Елизавета Александровна (Elizaveta Delova);ODS Read Splunk Avtocod;Synchronization;;Synchronization + пустая бизнес-роль
eadelova;Делова Елизавета Александровна (Elizaveta Delova);ODS Unspec Analysis Out;Synchronization;;Synchronization + пустая бизнес-роль
eailin;Ильин Евгений Александрович (Evgeniy Ilin);EDW All Finance;Synchronization;;Synchronization + пустая бизнес-роль
eailin;Ильин Евгений Александрович (Evgeniy Ilin);EDW Read Core;Synchronization;;Synchronization + пустая бизнес-роль
eailin;Ильин Евгений Александрович (Evgeniy Ilin);ODS All Finance;Synchronization;;Synchronization + пустая бизнес-роль
eailin;Ильин Евгений Александрович (Evgeniy Ilin);ODS Read BCAPP;Synchronization;;Synchronization + пустая бизнес-роль
eailin;Ильин Евгений Александрович (Evgeniy Ilin);ODS Read PCAPP;Synchronization;;Synchronization + пустая бизнес-роль
eakalyuzhnyy;Калюжный Евгений Анатольевич (Evgeniy Kalyuzhnyy);CBD Read Cdm Analysis;Synchronization;;Synchronization + пустая бизнес-роль
eakalyuzhnyy;Калюжный Евгений Анатольевич (Evgeniy Kalyuzhnyy);CBD Read Cdm Analysis Ou;Synchronization;;Synchronization + пустая бизнес-роль
eakalyuzhnyy;Калюжный Евгений Анатольевич (Evgeniy Kalyuzhnyy);EDW All Finance;Synchronization;;Synchronization + пустая бизнес-роль
eakalyuzhnyy;Калюжный Евгений Анатольевич (Evgeniy Kalyuzhnyy);EDW Read Core;Synchronization;;Synchronization + пустая бизнес-роль
eakalyuzhnyy;Калюжный Евгений Анатольевич (Evgeniy Kalyuzhnyy);EDW Read RB;Synchronization;;Synchronization + пустая бизнес-роль
eakalyuzhnyy;Калюжный Евгений Анатольевич (Evgeniy Kalyuzhnyy);EDW Read UAG;Synchronization;;Synchronization + пустая бизнес-роль
eakalyuzhnyy;Калюжный Евгений Анатольевич (Evgeniy Kalyuzhnyy);EDW Unspec Actuary;Synchronization;;Synchronization + пустая бизнес-роль
eakalyuzhnyy;Калюжный Евгений Анатольевич (Evgeniy Kalyuzhnyy);EDW Unspec Analysis;Synchronization;;Synchronization + пустая бизнес-роль
eakalyuzhnyy;Калюжный Евгений Анатольевич (Evgeniy Kalyuzhnyy);EDW Unspec Analysis Out;Synchronization;;Synchronization + пустая бизнес-роль
eakalyuzhnyy;Калюжный Евгений Анатольевич (Evgeniy Kalyuzhnyy);ODS All Finance;Synchronization;;Synchronization + пустая бизнес-роль
eakalyuzhnyy;Калюжный Евгений Анатольевич (Evgeniy Kalyuzhnyy);ODS Read Boss 1;Synchronization;;Synchronization + пустая бизнес-роль
eakalyuzhnyy;Калюжный Евгений Анатольевич (Evgeniy Kalyuzhnyy);ODS Read DIAS;Synchronization;;Synchronization + пустая бизнес-роль
eakalyuzhnyy;Калюжный Евгений Анатольевич (Evgeniy Kalyuzhnyy);ODS Read ESTAFF;Synchronization;;Synchronization + пустая бизнес-роль
eakalyuzhnyy;Калюжный Евгений Анатольевич (Evgeniy Kalyuzhnyy);ODS Read Naumen;Synchronization;;Synchronization + пустая бизнес-роль
eakalyuzhnyy;Калюжный Евгений Анатольевич (Evgeniy Kalyuzhnyy);ODS Read Report;Synchronization;;Synchronization + пустая бизнес-роль
eakalyuzhnyy;Калюжный Евгений Анатольевич (Evgeniy Kalyuzhnyy);ODS Read RGSSCC;Synchronization;;Synchronization + пустая бизнес-роль
eakalyuzhnyy;Калюжный Евгений Анатольевич (Evgeniy Kalyuzhnyy);ODS Read SAP;Synchronization;;Synchronization + пустая бизнес-роль
eakalyuzhnyy;Калюжный Евгений Анатольевич (Evgeniy Kalyuzhnyy);ODS Read WT;Synchronization;;Synchronization + пустая бизнес-роль
eakalyuzhnyy;Калюжный Евгений Анатольевич (Evgeniy Kalyuzhnyy);ODS Read XBRL;Synchronization;;Synchronization + пустая бизнес-роль
eakalyuzhnyy;Калюжный Евгений Анатольевич (Evgeniy Kalyuzhnyy);ODS Unspec Actuary;Synchronization;;Synchronization + пустая бизнес-роль
eakalyuzhnyy;Калюжный Евгений Анатольевич (Evgeniy Kalyuzhnyy);ODS Unspec Analysis;Synchronization;;Synchronization + пустая бизнес-роль
eakalyuzhnyy;Калюжный Евгений Анатольевич (Evgeniy Kalyuzhnyy);ODS Unspec Analysis Out;Synchronization;;Synchronization + пустая бизнес-роль
eakazantseva;Казанцева Екатерина Александровна (Ekaterina Kazantseva);ART Partners. ЦПП API-11272902660;Synchronization;;Synchronization + пустая бизнес-роль
eakorobeynikov;Коробейников Егор Андреевич (Egor Korobeynikov);EDW Read Cdm Analysis Out;Synchronization;;Synchronization + пустая бизнес-роль
eakorobeynikov;Коробейников Егор Андреевич (Egor Korobeynikov);EDW Read RB;Synchronization;;Synchronization + пустая бизнес-роль
eakorobeynikov;Коробейников Егор Андреевич (Egor Korobeynikov);ODS All XBRL;Synchronization;;Synchronization + пустая бизнес-роль
eakorobeynikov;Коробейников Егор Андреевич (Egor Korobeynikov);ODS Read Auto;Synchronization;;Synchronization + пустая бизнес-роль
eakorobeynikov;Коробейников Егор Андреевич (Egor Korobeynikov);ODS Read Cdm Analysis Out;Synchronization;;Synchronization + пустая бизнес-роль
ealarina;Ларина Екатерина Андреевна (Ekaterina Larina);ART Данные лид-11605388543;Synchronization;;Synchronization + пустая бизнес-роль
ealarina;Ларина Екатерина Андреевна (Ekaterina Larina);ART Данные поезд-1-94909927;Synchronization;;Synchronization + пустая бизнес-роль
ealarina;Ларина Екатерина Андреевна (Ekaterina Larina);ODS All Auto;Synchronization;;Synchronization + пустая бизнес-роль
ealarina;Ларина Екатерина Андреевна (Ekaterina Larina);ODS Read ARCtrl;Synchronization;;Synchronization + пустая бизнес-роль
ealarina;Ларина Екатерина Андреевна (Ekaterina Larina);ODS Read ARM4;Synchronization;;Synchronization + пустая бизнес-роль
ealarina;Ларина Екатерина Андреевна (Ekaterina Larina);ODS Read CC;Synchronization;;Synchronization + пустая бизнес-роль
ealarina;Ларина Екатерина Андреевна (Ekaterina Larina);ODS Read EKIS;Synchronization;;Synchronization + пустая бизнес-роль
ealarina;Ларина Екатерина Андреевна (Ekaterina Larina);ODS Read RGSSCC;Synchronization;;Synchronization + пустая бизнес-роль
ealarina;Ларина Екатерина Андреевна (Ekaterina Larina);ODS Unspecified;Synchronization;;Synchronization + пустая бизнес-роль
ealazutina;Лазутина Елена Александровна (Elena Lazutina);ART Персонал (Весь поезд)art_hr@rgs.ru-12089312808;Synchronization;;Synchronization + пустая бизнес-роль
ealazutina;Лазутина Елена Александровна (Elena Lazutina);ART Персонал (Менеджмент поезда)-11742115441;Synchronization;;Synchronization + пустая бизнес-роль
ealimanskaya;Лиманская Елена Аркадьевна (Elena Limanskaya);EDW Read Core;Synchronization;;Synchronization + пустая бизнес-роль
ealimanskaya;Лиманская Елена Аркадьевна (Elena Limanskaya);ODS All Auto;Synchronization;;Synchronization + пустая бизнес-роль
ealimanskaya;Лиманская Елена Аркадьевна (Elena Limanskaya);ODS Read ARM4;Synchronization;;Synchronization + пустая бизнес-роль
ealimanskaya;Лиманская Елена Аркадьевна (Elena Limanskaya);ODS Read CC;Synchronization;;Synchronization + пустая бизнес-роль
ealimanskaya;Лиманская Елена Аркадьевна (Elena Limanskaya);ODS Read EKIS;Synchronization;;Synchronization + пустая бизнес-роль
ealimanskaya;Лиманская Елена Аркадьевна (Elena Limanskaya);ODS Read Report;Synchronization;;Synchronization + пустая бизнес-роль
ealimanskaya;Лиманская Елена Аркадьевна (Elena Limanskaya);ODS Read RGSSCC;Synchronization;;Synchronization + пустая бизнес-роль
ealimanskaya;Лиманская Елена Аркадьевна (Elena Limanskaya);ODS Read SAP;Synchronization;;Synchronization + пустая бизнес-роль
eamatsola;Мацола Екатерина Анатольевна (Ekaterina Matsola);ART Данные поезд-1-94909927;Synchronization;;Synchronization + пустая бизнес-роль
eamukharaev;Мухараев Евгений Александрович (Evgeniy Mukharaev);ODS Read ARM4;Synchronization;;Synchronization + пустая бизнес-роль
eamukharaev;Мухараев Евгений Александрович (Evgeniy Mukharaev);ODS Read CC;Synchronization;;Synchronization + пустая бизнес-роль
eamukharaev;Мухараев Евгений Александрович (Evgeniy Mukharaev);ODS Read EKIS;Synchronization;;Synchronization + пустая бизнес-роль
eamukharaev;Мухараев Евгений Александрович (Evgeniy Mukharaev);ODS Read RGSSCC;Synchronization;;Synchronization + пустая бизнес-роль
eanechaeva;Нечаева Елена Александровна (Elena Nechaeva);ODS Read Finance;Synchronization;;Synchronization + пустая бизнес-роль
eanechaeva;Нечаева Елена Александровна (Elena Nechaeva);ODS Read Report;Synchronization;;Synchronization + пустая бизнес-роль
eaonopko;Онопко Елена Александровна (Elena Onopko);ODS Read UFO;Synchronization;;Synchronization + пустая бизнес-роль
eapikalov;Пикалов Евгений Александрович (Evgeniy Pikalov);ART Данные поезд-1-94909927;Synchronization;;Synchronization + пустая бизнес-роль
eapopov;Попов Егор Александрович (Egor Popov);DWH Developer;Synchronization;;Synchronization + пустая бизнес-роль
eapopov;Попов Егор Александрович (Egor Popov);ODS All CDM;Synchronization;;Synchronization + пустая бизнес-роль
eaproskuryakov;Проскуряков Егор Александрович (Egor Proskuryakov);EDW All CRM;Synchronization;;Synchronization + пустая бизнес-роль
easalakhetdinova;Салахетдинова Елена Абдулкаюмовна (Elena Salakhetdinova);EDW Read Core;Synchronization;;Synchronization + пустая бизнес-роль
eashtoyko;Штойко Евгения Андреевна (Evgeniya Shtoyko);EDW All Cdm Analysis;Synchronization;;Synchronization + пустая бизнес-роль
eashtoyko;Штойко Евгения Андреевна (Evgeniya Shtoyko);EDW Read CCU;Synchronization;;Synchronization + пустая бизнес-роль
eashtoyko;Штойко Евгения Андреевна (Evgeniya Shtoyko);EDW Read Cdm Analysis;Synchronization;;Synchronization + пустая бизнес-роль
eashtoyko;Штойко Евгения Андреевна (Evgeniya Shtoyko);EDW Read Cdm Analysis Out;Synchronization;;Synchronization + пустая бизнес-роль
eashtoyko;Штойко Евгения Андреевна (Evgeniya Shtoyko);EDW Read Core;Synchronization;;Synchronization + пустая бизнес-роль
eashtoyko;Штойко Евгения Андреевна (Evgeniya Shtoyko);ODS Read BCAPP;Synchronization;;Synchronization + пустая бизнес-роль
eashtoyko;Штойко Евгения Андреевна (Evgeniya Shtoyko);ODS Read Cdm Analysis;Synchronization;;Synchronization + пустая бизнес-роль
eashtoyko;Штойко Евгения Андреевна (Evgeniya Shtoyko);ODS Read Cdm Analysis Out;Synchronization;;Synchronization + пустая бизнес-роль
eashtoyko;Штойко Евгения Андреевна (Evgeniya Shtoyko);ODS Read PCAPP;Synchronization;;Synchronization + пустая бизнес-роль
eashtoyko;Штойко Евгения Андреевна (Evgeniya Shtoyko);ODS Read Report;Synchronization;;Synchronization + пустая бизнес-роль
eashtoyko;Штойко Евгения Андреевна (Evgeniya Shtoyko);ODS Read RGSSCC;Synchronization;;Synchronization + пустая бизнес-роль
eashtoyko;Штойко Евгения Андреевна (Evgeniya Shtoyko);ODS Read SAP;Synchronization;;Synchronization + пустая бизнес-роль
eashtoyko;Штойко Евгения Андреевна (Evgeniya Shtoyko);ODS Read UKDZISP;Synchronization;;Synchronization + пустая бизнес-роль
easmetanin;Сметанин Егор Александрович (Egor Smetanin);ART Данные лид-11605388543;Synchronization;;Synchronization + пустая бизнес-роль
easmetanin;Сметанин Егор Александрович (Egor Smetanin);ART Данные поезд-1-94909927;Synchronization;;Synchronization + пустая бизнес-роль
easymon;Сымон Екатерина Антоновна (Ekaterina Symon);EDW All CCU;Synchronization;;Synchronization + пустая бизнес-роль
easymon;Сымон Екатерина Антоновна (Ekaterina Symon);EDW Read CDI;Synchronization;;Synchronization + пустая бизнес-роль
easymon;Сымон Екатерина Антоновна (Ekaterina Symon);EDW Read Core;Synchronization;;Synchronization + пустая бизнес-роль
easymon;Сымон Екатерина Антоновна (Ekaterina Symon);EDW Read RB;Synchronization;;Synchronization + пустая бизнес-роль
easymon;Сымон Екатерина Антоновна (Ekaterina Symon);ODS Read ARM4;Synchronization;;Synchronization + пустая бизнес-роль
easymon;Сымон Екатерина Антоновна (Ekaterina Symon);ODS Read Boss 1;Synchronization;;Synchronization + пустая бизнес-роль
easymon;Сымон Екатерина Антоновна (Ekaterina Symon);ODS Read CC;Synchronization;;Synchronization + пустая бизнес-роль
easymon;Сымон Екатерина Антоновна (Ekaterina Symon);ODS Read DMS;Synchronization;;Synchronization + пустая бизнес-роль
easymon;Сымон Екатерина Антоновна (Ekaterina Symon);ODS Read EKIS;Synchronization;;Synchronization + пустая бизнес-роль
easymon;Сымон Екатерина Антоновна (Ekaterina Symon);ODS Read Finance;Synchronization;;Synchronization + пустая бизнес-роль
easymon;Сымон Екатерина Антоновна (Ekaterina Symon);ODS Read LK;Synchronization;;Synchronization + пустая бизнес-роль
easymon;Сымон Екатерина Антоновна (Ekaterina Symon);ODS Read Naumen;Synchronization;;Synchronization + пустая бизнес-роль
easymon;Сымон Екатерина Антоновна (Ekaterina Symon);ODS Read PCAPP;Synchronization;;Synchronization + пустая бизнес-роль
easymon;Сымон Екатерина Антоновна (Ekaterina Symon);ODS Read Report;Synchronization;;Synchronization + пустая бизнес-роль
easymon;Сымон Екатерина Антоновна (Ekaterina Symon);ODS Read RGSSCC;Synchronization;;Synchronization + пустая бизнес-роль
easymon;Сымон Екатерина Антоновна (Ekaterina Symon);ODS Unspec Auto;Synchronization;;Synchronization + пустая бизнес-роль
eatsypunova;Цыпунова Елизавета Александровна (Elizaveta Tsypunova);ART Данные поезд-1-94909927;Synchronization;;Synchronization + пустая бизнес-роль
eatsypunova;Цыпунова Елизавета Александровна (Elizaveta Tsypunova);ODS All Auto;Synchronization;;Synchronization + пустая бизнес-роль
eatsypunova;Цыпунова Елизавета Александровна (Elizaveta Tsypunova);ODS Read ARM4;Synchronization;;Synchronization + пустая бизнес-роль
eatsypunova;Цыпунова Елизавета Александровна (Elizaveta Tsypunova);ODS Read CC;Synchronization;;Synchronization + пустая бизнес-роль
eatsypunova;Цыпунова Елизавета Александровна (Elizaveta Tsypunova);ODS Read EKIS;Synchronization;;Synchronization + пустая бизнес-роль
eatsypunova;Цыпунова Елизавета Александровна (Elizaveta Tsypunova);ODS Read RGSSCC;Synchronization;;Synchronization + пустая бизнес-роль
eatsypunova;Цыпунова Елизавета Александровна (Elizaveta Tsypunova);ODS Unspecified;Synchronization;;Synchronization + пустая бизнес-роль
eazemlyanskaya;Землянская Екатерина Андреевна (Ekaterina Zemlyanskaya);ART Данные поезд-1-94909927;Synchronization;;Synchronization + пустая бизнес-роль
eazemlyanskaya;Землянская Екатерина Андреевна (Ekaterina Zemlyanskaya);CBD AuditorInternal;Synchronization;;Synchronization + пустая бизнес-роль
eazemlyanskaya;Землянская Екатерина Андреевна (Ekaterina Zemlyanskaya);EDW AuditorInternal;Synchronization;;Synchronization + пустая бизнес-роль
eazemlyanskaya;Землянская Екатерина Андреевна (Ekaterina Zemlyanskaya);ODS AuditorInternal;Synchronization;;Synchronization + пустая бизнес-роль
edkhokhrina;Хохрина Элеонора Дмитриевна (Eleonora Khokhrina);ART Данные лид-11605388543;Synchronization;;Synchronization + пустая бизнес-роль
edkhokhrina;Хохрина Элеонора Дмитриевна (Eleonora Khokhrina);ART Данные поезд-1-94909927;Synchronization;;Synchronization + пустая бизнес-роль
edkhokhrina;Хохрина Элеонора Дмитриевна (Eleonora Khokhrina);EDW All CCU;Synchronization;;Synchronization + пустая бизнес-роль
edkhokhrina;Хохрина Элеонора Дмитриевна (Eleonora Khokhrina);EDW Read CDI;Synchronization;;Synchronization + пустая бизнес-роль
edkhokhrina;Хохрина Элеонора Дмитриевна (Eleonora Khokhrina);ODS All CCU;Synchronization;;Synchronization + пустая бизнес-роль
edkurguzova;Кургузова Екатерина Дмитриевна (Ekaterina Kurguzova);ODS All Auto;Synchronization;;Synchronization + пустая бизнес-роль
edkurguzova;Кургузова Екатерина Дмитриевна (Ekaterina Kurguzova);ODS Read ARM4;Synchronization;;Synchronization + пустая бизнес-роль
edkurguzova;Кургузова Екатерина Дмитриевна (Ekaterina Kurguzova);ODS Read CC;Synchronization;;Synchronization + пустая бизнес-роль
edkurguzova;Кургузова Екатерина Дмитриевна (Ekaterina Kurguzova);ODS Read EKIS;Synchronization;;Synchronization + пустая бизнес-роль
edkurguzova;Кургузова Екатерина Дмитриевна (Ekaterina Kurguzova);ODS Read RGSSCC;Synchronization;;Synchronization + пустая бизнес-роль
edkurguzova;Кургузова Екатерина Дмитриевна (Ekaterina Kurguzova);ODS Read Splunk KBM;Synchronization;;Synchronization + пустая бизнес-роль
edkurguzova;Кургузова Екатерина Дмитриевна (Ekaterina Kurguzova);ODS Unspecified;Synchronization;;Synchronization + пустая бизнес-роль
eekaminskiy;Каминский Евгений Эдуардович (Evgeniy Kaminskiy);EDW All MLDEV19;Synchronization;;Synchronization + пустая бизнес-роль
eekaminskiy;Каминский Евгений Эдуардович (Evgeniy Kaminskiy);EDW All MLDEV72;Synchronization;;Synchronization + пустая бизнес-роль
eekaminskiy;Каминский Евгений Эдуардович (Evgeniy Kaminskiy);EDW Read CDI;Synchronization;;Synchronization + пустая бизнес-роль
eekaminskiy;Каминский Евгений Эдуардович (Evgeniy Kaminskiy);EDW Read Core;Synchronization;;Synchronization + пустая бизнес-роль
eekaminskiy;Каминский Евгений Эдуардович (Evgeniy Kaminskiy);ODS All Auto;Synchronization;;Synchronization + пустая бизнес-роль
eekaminskiy;Каминский Евгений Эдуардович (Evgeniy Kaminskiy);ODS All MLDEV19;Synchronization;;Synchronization + пустая бизнес-роль
eekaminskiy;Каминский Евгений Эдуардович (Evgeniy Kaminskiy);ODS All MLDEV72;Synchronization;;Synchronization + пустая бизнес-роль
eekaminskiy;Каминский Евгений Эдуардович (Evgeniy Kaminskiy);ODS Read ARM4;Synchronization;;Synchronization + пустая бизнес-роль
eekaminskiy;Каминский Евгений Эдуардович (Evgeniy Kaminskiy);ODS Read Audatex;Synchronization;;Synchronization + пустая бизнес-роль
eekaminskiy;Каминский Евгений Эдуардович (Evgeniy Kaminskiy);ODS Read CC;Synchronization;;Synchronization + пустая бизнес-роль
eekaminskiy;Каминский Евгений Эдуардович (Evgeniy Kaminskiy);ODS Read EKIS;Synchronization;;Synchronization + пустая бизнес-роль
eekaminskiy;Каминский Евгений Эдуардович (Evgeniy Kaminskiy);ODS Read Equifax;Synchronization;;Synchronization + пустая бизнес-роль
eekaminskiy;Каминский Евгений Эдуардович (Evgeniy Kaminskiy);ODS Read FOIV;Synchronization;;Synchronization + пустая бизнес-роль
eekaminskiy;Каминский Евгений Эдуардович (Evgeniy Kaminskiy);ODS Read Insbridge;Synchronization;;Synchronization + пустая бизнес-роль
eekaminskiy;Каминский Евгений Эдуардович (Evgeniy Kaminskiy);ODS Read LK;Synchronization;;Synchronization + пустая бизнес-роль
eekaminskiy;Каминский Евгений Эдуардович (Evgeniy Kaminskiy);ODS Read MFMS;Synchronization;;Synchronization + пустая бизнес-роль
eekaminskiy;Каминский Евгений Эдуардович (Evgeniy Kaminskiy);ODS Read Mobile;Synchronization;;Synchronization + пустая бизнес-роль
eekaminskiy;Каминский Евгений Эдуардович (Evgeniy Kaminskiy);ODS Read Property;Synchronization;;Synchronization + пустая бизнес-роль
eekaminskiy;Каминский Евгений Эдуардович (Evgeniy Kaminskiy);ODS Read RGSSCC;Synchronization;;Synchronization + пустая бизнес-роль
eekaminskiy;Каминский Евгений Эдуардович (Evgeniy Kaminskiy);ODS Read RSAKBM;Synchronization;;Synchronization + пустая бизнес-роль
eekaminskiy;Каминский Евгений Эдуардович (Evgeniy Kaminskiy);ODS Read Splunk Avtocod;Synchronization;;Synchronization + пустая бизнес-роль
eekaminskiy;Каминский Евгений Эдуардович (Evgeniy Kaminskiy);ODS Read Splunk KBM;Synchronization;;Synchronization + пустая бизнес-роль
eekaminskiy;Каминский Евгений Эдуардович (Evgeniy Kaminskiy);ODS Read Transdekra;Synchronization;;Synchronization + пустая бизнес-роль
eekaminskiy;Каминский Евгений Эдуардович (Evgeniy Kaminskiy);ODS Unspec Analysis;Synchronization;;Synchronization + пустая бизнес-роль
eekaminskiy;Каминский Евгений Эдуардович (Evgeniy Kaminskiy);ODS Unspec Auto;Synchronization;;Synchronization + пустая бизнес-роль
eekaminskiy;Каминский Евгений Эдуардович (Evgeniy Kaminskiy);ODS Unspecified;Synchronization;;Synchronization + пустая бизнес-роль
eevseeva;Евсеева Евгения Владимировна (Evgeniya Evseeva);CBD AuditorInternal;Synchronization;;Synchronization + пустая бизнес-роль
eevseeva;Евсеева Евгения Владимировна (Evgeniya Evseeva);EDW AuditorInternal;Synchronization;;Synchronization + пустая бизнес-роль
eevseeva;Евсеева Евгения Владимировна (Evgeniya Evseeva);EDW Read Core;Synchronization;;Synchronization + пустая бизнес-роль
eevseeva;Евсеева Евгения Владимировна (Evgeniya Evseeva);ODS AuditorInternal;Synchronization;;Synchronization + пустая бизнес-роль
eevseeva;Евсеева Евгения Владимировна (Evgeniya Evseeva);ODS Read DMS;Synchronization;;Synchronization + пустая бизнес-роль
eevseeva;Евсеева Евгения Владимировна (Evgeniya Evseeva);ODS Read XBRL;Synchronization;;Synchronization + пустая бизнес-роль
eglyashuk;Ляшук Елизавета Георгиевна (Elizaveta Lyashuk);ART Данные поезд-1-94909927;Synchronization;;Synchronization + пустая бизнес-роль
egmedvedeva;Медведева Екатерина Геннадьевна (Ekaterina Medvedeva);ODS Read Naumen;Synchronization;;Synchronization + пустая бизнес-роль
egudkova;Гудкова Елена Сергеевна (Elena Gudkova);ART Данные поезд-1-94909927;Synchronization;;Synchronization + пустая бизнес-роль
eibaburina;Бабурина Евгения Игоревна (Evgeniya Baburina);EDW Read Core;Synchronization;;Synchronization + пустая бизнес-роль
eibaburina;Бабурина Евгения Игоревна (Evgeniya Baburina);ODS All Actuary;Synchronization;;Synchronization + пустая бизнес-роль
eibaburina;Бабурина Евгения Игоревна (Evgeniya Baburina);ODS All Auto;Synchronization;;Synchronization + пустая бизнес-роль
eibaburina;Бабурина Евгения Игоревна (Evgeniya Baburina);ODS Read EKIS;Synchronization;;Synchronization + пустая бизнес-роль
eibaburina;Бабурина Евгения Игоревна (Evgeniya Baburina);ODS Read Report;Synchronization;;Synchronization + пустая бизнес-роль
eibaburina;Бабурина Евгения Игоревна (Evgeniya Baburina);ODS Read RGSSCC;Synchronization;;Synchronization + пустая бизнес-роль
eibaburina;Бабурина Евгения Игоревна (Evgeniya Baburina);ODS Read SAP;Synchronization;;Synchronization + пустая бизнес-роль
eidorozhkina;Дорожкина Екатерина Ивановна (Ekaterina Dorozhkina);ODS Read KIAS;Synchronization;;Synchronization + пустая бизнес-роль
eidorozhkina;Дорожкина Екатерина Ивановна (Ekaterina Dorozhkina);ODS Read RGSSCC;Synchronization;;Synchronization + пустая бизнес-роль
eizhdanova;Жданова Екатерина Игоревна (Ekaterina Zhdanova);ODS Read Auto;Synchronization;;Synchronization + пустая бизнес-роль
ekalsokolova;Соколова Екатерина Александровна (Ekaterina Sokolova);EDW All BCI;Synchronization;;Synchronization + пустая бизнес-роль
ekalsokolova;Соколова Екатерина Александровна (Ekaterina Sokolova);EDW Read Core;Synchronization;;Synchronization + пустая бизнес-роль
ekalsokolova;Соколова Екатерина Александровна (Ekaterina Sokolova);ODS All BCI;Synchronization;;Synchronization + пустая бизнес-роль
ekalsokolova;Соколова Екатерина Александровна (Ekaterina Sokolova);ODS Read ARM4;Synchronization;;Synchronization + пустая бизнес-роль
ekalsokolova;Соколова Екатерина Александровна (Ekaterina Sokolova);ODS Read CC;Synchronization;;Synchronization + пустая бизнес-роль
ekalsokolova;Соколова Екатерина Александровна (Ekaterina Sokolova);ODS Read DIAS;Synchronization;;Synchronization + пустая бизнес-роль
ekalsokolova;Соколова Екатерина Александровна (Ekaterina Sokolova);ODS Read EKIS;Synchronization;;Synchronization + пустая бизнес-роль
ekalsokolova;Соколова Екатерина Александровна (Ekaterina Sokolova);ODS Read RGSSCC;Synchronization;;Synchronization + пустая бизнес-роль
ekalsokolova;Соколова Екатерина Александровна (Ekaterina Sokolova);ODS Read SAP;Synchronization;;Synchronization + пустая бизнес-роль
ekorotkih;Коротких Екатерина Александровна (Ekaterina Korotkikh);EDW Read CDM;Synchronization;;Synchronization + пустая бизнес-роль
ekorotkih;Коротких Екатерина Александровна (Ekaterina Korotkikh);EDW Read UAG;Synchronization;;Synchronization + пустая бизнес-роль
ekorotkih;Коротких Екатерина Александровна (Ekaterina Korotkikh);EDW Unspec Analysis Out;Synchronization;;Synchronization + пустая бизнес-роль
ekorotkih;Коротких Екатерина Александровна (Ekaterina Korotkikh);ODS All Auto;Synchronization;;Synchronization + пустая бизнес-роль
ekorotkih;Коротких Екатерина Александровна (Ekaterina Korotkikh);ODS Read DIAS;Synchronization;;Synchronization + пустая бизнес-роль
ekvaromanova;Романова Екатерина Васильевна (Ekaterina Romanova);EDW All Property;Synchronization;;Synchronization + пустая бизнес-роль
ekvaromanova;Романова Екатерина Васильевна (Ekaterina Romanova);EDW Unspec Analysis Out;Synchronization;;Synchronization + пустая бизнес-роль
ekvaromanova;Романова Екатерина Васильевна (Ekaterina Romanova);ODS All Auto;Synchronization;;Synchronization + пустая бизнес-роль
ekvaromanova;Романова Екатерина Васильевна (Ekaterina Romanova);ODS All Property;Synchronization;;Synchronization + пустая бизнес-роль
ekvaromanova;Романова Екатерина Васильевна (Ekaterina Romanova);ODS Read ARM4;Synchronization;;Synchronization + пустая бизнес-роль
ekvaromanova;Романова Екатерина Васильевна (Ekaterina Romanova);ODS Read Audatex;Synchronization;;Synchronization + пустая бизнес-роль
ekvaromanova;Романова Екатерина Васильевна (Ekaterina Romanova);ODS Read CC;Synchronization;;Synchronization + пустая бизнес-роль
ekvaromanova;Романова Екатерина Васильевна (Ekaterina Romanova);ODS Read DoubleData;Synchronization;;Synchronization + пустая бизнес-роль
ekvaromanova;Романова Екатерина Васильевна (Ekaterina Romanova);ODS Read EKIS;Synchronization;;Synchronization + пустая бизнес-роль
ekvaromanova;Романова Екатерина Васильевна (Ekaterina Romanova);ODS Read Equifax;Synchronization;;Synchronization + пустая бизнес-роль
ekvaromanova;Романова Екатерина Васильевна (Ekaterina Romanova);ODS Read FOIV;Synchronization;;Synchronization + пустая бизнес-роль
ekvaromanova;Романова Екатерина Васильевна (Ekaterina Romanova);ODS Read MFMS;Synchronization;;Synchronization + пустая бизнес-роль
ekvaromanova;Романова Екатерина Васильевна (Ekaterina Romanova);ODS Read Mobile;Synchronization;;Synchronization + пустая бизнес-роль
ekvaromanova;Романова Екатерина Васильевна (Ekaterina Romanova);ODS Read RGSSCC;Synchronization;;Synchronization + пустая бизнес-роль
ekvaromanova;Романова Екатерина Васильевна (Ekaterina Romanova);ODS Read RSAKBM;Synchronization;;Synchronization + пустая бизнес-роль
ekvaromanova;Романова Екатерина Васильевна (Ekaterina Romanova);ODS Read Splunk KBM;Synchronization;;Synchronization + пустая бизнес-роль
ekvaromanova;Романова Екатерина Васильевна (Ekaterina Romanova);ODS Read Transdekra;Synchronization;;Synchronization + пустая бизнес-роль
elgusakov;Гусаков Евгений Леонидович (Evgeniy Gusakov);EDW Read Core;Synchronization;;Synchronization + пустая бизнес-роль
elifedorova;Федорова Елена Игоревна (Elena Fedorova);ODS Read ARM4;Synchronization;;Synchronization + пустая бизнес-роль
elifedorova;Федорова Елена Игоревна (Elena Fedorova);ODS Read Auto;Synchronization;;Synchronization + пустая бизнес-роль
elifedorova;Федорова Елена Игоревна (Elena Fedorova);ODS Read BCAPP;Synchronization;;Synchronization + пустая бизнес-роль
elifedorova;Федорова Елена Игоревна (Elena Fedorova);ODS Read CC;Synchronization;;Synchronization + пустая бизнес-роль
elifedorova;Федорова Елена Игоревна (Elena Fedorova);ODS Read EKIS;Synchronization;;Synchronization + пустая бизнес-роль
elifedorova;Федорова Елена Игоревна (Elena Fedorova);ODS Read PCAPP;Synchronization;;Synchronization + пустая бизнес-роль
elifedorova;Федорова Елена Игоревна (Elena Fedorova);ODS Read RGSSCC;Synchronization;;Synchronization + пустая бизнес-роль
emlisnenko;Лисненко Елена Михайловна (Elena Lisnenko);ODS All RB Market;Synchronization;;Synchronization + пустая бизнес-роль
emskryt;Скрыт Евгений Михайлович (Evgeniy Skryt);EDW Read RB;Synchronization;;Synchronization + пустая бизнес-роль
enatroschenko;Атрощенко Евгений Николаевич (Evgeniy Atroschenko);ART Данные поезд-1-94909927;Synchronization;;Synchronization + пустая бизнес-роль
enatroschenko;Атрощенко Евгений Николаевич (Evgeniy Atroschenko);EDW All Finance;Synchronization;;Synchronization + пустая бизнес-роль
enatroschenko;Атрощенко Евгений Николаевич (Evgeniy Atroschenko);ODS Read Finance;Synchronization;;Synchronization + пустая бизнес-роль
enatroschenko;Атрощенко Евгений Николаевич (Evgeniy Atroschenko);ODS Read RB Market;Synchronization;;Synchronization + пустая бизнес-роль
enatroschenko;Атрощенко Евгений Николаевич (Evgeniy Atroschenko);ODS Read Report;Synchronization;;Synchronization + пустая бизнес-роль
eoshengeliya;Шенгелия Елена Олеговна (Elena Shengeliya);EDW Read Core;Synchronization;;Synchronization + пустая бизнес-роль
esarduanova;Ардуанова Элина Салаватовна (Elina Arduanova);EDW Read Cdm Analysis Out;Synchronization;;Synchronization + пустая бизнес-роль
esarduanova;Ардуанова Элина Салаватовна (Elina Arduanova);EDW Read Core;Synchronization;;Synchronization + пустая бизнес-роль
esb_edw_stage;esb_edw_stage;EDW All Mortgage;Synchronization;;Synchronization + пустая бизнес-роль
esb_edw_stage;esb_edw_stage;EDW All Mortgage Test;Synchronization;;Synchronization + пустая бизнес-роль
esb_edw_stage;esb_edw_stage;EDW Read Core;Synchronization;;Synchronization + пустая бизнес-роль
esb_ods_stage;esb_ods_stage;ODS Read ARM4;Synchronization;;Synchronization + пустая бизнес-роль
esb_ods_stage;esb_ods_stage;ODS Read EKIS;Synchronization;;Synchronization + пустая бизнес-роль
esdemkin;Демкин Евгений Сергеевич (Evgeniy Demkin);ODS Read BCAPP;Synchronization;;Synchronization + пустая бизнес-роль
esdemkin;Демкин Евгений Сергеевич (Evgeniy Demkin);ODS Read PCAPP;Synchronization;;Synchronization + пустая бизнес-роль
esdemkin;Демкин Евгений Сергеевич (Evgeniy Demkin);ODS Read SAP;Synchronization;;Synchronization + пустая бизнес-роль
esdzhavadov;Джавадов Эмиль Сагиб оглы (Emil Dzhavadov);ART Персонал (PO команд)-11991781086;Synchronization;;Synchronization + пустая бизнес-роль
esdzhavadov;Джавадов Эмиль Сагиб оглы (Emil Dzhavadov);ART Персонал (Весь поезд)art_hr@rgs.ru-12089312808;Synchronization;;Synchronization + пустая бизнес-роль
esdzhavadov;Джавадов Эмиль Сагиб оглы (Emil Dzhavadov);ART Персонал (Менеджмент поезда)-11742115441;Synchronization;;Synchronization + пустая бизнес-роль
esdzikovitskiy;Дзиковицкий Евгений Сергеевич (Evgeniy Dzikovitskiy);ODS Read ARM4;Synchronization;;Synchronization + пустая бизнес-роль
esdzikovitskiy;Дзиковицкий Евгений Сергеевич (Evgeniy Dzikovitskiy);ODS Read CC;Synchronization;;Synchronization + пустая бизнес-роль
esdzikovitskiy;Дзиковицкий Евгений Сергеевич (Evgeniy Dzikovitskiy);ODS Read EKIS;Synchronization;;Synchronization + пустая бизнес-роль
eskorobkova;Коробкова Елена Сергеевна (Elena Korobkova);EDW Unspec Analysis Out;Synchronization;;Synchronization + пустая бизнес-роль
espetrov;Петров Евгений Станиславич (Evgeniy Petrov);ADB Unspec Core;Synchronization;;Synchronization + пустая бизнес-роль
espetrov;Петров Евгений Станиславич (Evgeniy Petrov);ADBT Unspec Core;Synchronization;;Synchronization + пустая бизнес-роль
espetrov;Петров Евгений Станиславич (Evgeniy Petrov);ART Данные лид-11605388543;Synchronization;;Synchronization + пустая бизнес-роль
espetrov;Петров Евгений Станиславич (Evgeniy Petrov);ART Данные поезд-1-94909927;Synchronization;;Synchronization + пустая бизнес-роль
espilipchuk;Пилипчук Елена Сергеевна (Elena Pilipchuk);ODS Read fb781p;Synchronization;;Synchronization + пустая бизнес-роль
estimacheva;Тимачева Эльвира Сергеевна (Elvira Timacheva);ART Partners. ЦПП API-11272902660;Synchronization;;Synchronization + пустая бизнес-роль
evadunin;Дунин Евгений Анатольевич (Evgeniy Dunin);ART Данные поезд-1-94909927;Synchronization;;Synchronization + пустая бизнес-роль
evbereza;Берёза Екатерина Владимировна (Ekaterina Beryoza);EDW Read Core;Synchronization;;Synchronization + пустая бизнес-роль
evbereza;Берёза Екатерина Владимировна (Ekaterina Beryoza);EDW Unspec Analysis;Synchronization;;Synchronization + пустая бизнес-роль
evbereza;Берёза Екатерина Владимировна (Ekaterina Beryoza);EDW Unspec Analysis Out;Synchronization;;Synchronization + пустая бизнес-роль
evbereza;Берёза Екатерина Владимировна (Ekaterina Beryoza);ODS All Operation;Synchronization;;Synchronization + пустая бизнес-роль
evbereza;Берёза Екатерина Владимировна (Ekaterina Beryoza);ODS All UKDZISP;Synchronization;;Synchronization + пустая бизнес-роль
evbereza;Берёза Екатерина Владимировна (Ekaterina Beryoza);ODS Read ARM4;Synchronization;;Synchronization + пустая бизнес-роль
evbereza;Берёза Екатерина Владимировна (Ekaterina Beryoza);ODS Read BCAPP;Synchronization;;Synchronization + пустая бизнес-роль
evbereza;Берёза Екатерина Владимировна (Ekaterina Beryoza);ODS Read EKIS;Synchronization;;Synchronization + пустая бизнес-роль
evbereza;Берёза Екатерина Владимировна (Ekaterina Beryoza);ODS Read KIAS;Synchronization;;Synchronization + пустая бизнес-роль
evbereza;Берёза Екатерина Владимировна (Ekaterina Beryoza);ODS Read Naumen;Synchronization;;Synchronization + пустая бизнес-роль
evbereza;Берёза Екатерина Владимировна (Ekaterina Beryoza);ODS Read PCAPP;Synchronization;;Synchronization + пустая бизнес-роль
evbereza;Берёза Екатерина Владимировна (Ekaterina Beryoza);ODS Read RGSSCC;Synchronization;;Synchronization + пустая бизнес-роль
evbereza;Берёза Екатерина Владимировна (Ekaterina Beryoza);ODS Read SAP;Synchronization;;Synchronization + пустая бизнес-роль
evbereza;Берёза Екатерина Владимировна (Ekaterina Beryoza);ODS Read Tessa;Synchronization;;Synchronization + пустая бизнес-роль
evbereza;Берёза Екатерина Владимировна (Ekaterina Beryoza);ODS Unspec Analysis;Synchronization;;Synchronization + пустая бизнес-роль
evbereza;Берёза Екатерина Владимировна (Ekaterina Beryoza);ODS Unspec Analysis Out;Synchronization;;Synchronization + пустая бизнес-роль
evdyachenko;Дьяченко Екатерина Владимировна (Ekaterina Dyachenko);ART Partners. РГС PRO-1-1594249140;Synchronization;;Synchronization + пустая бизнес-роль
evezhukov;Жуков Евгений Евгеньевич (Evgeniy Zhukov);ODS Read ARM4;Synchronization;;Synchronization + пустая бизнес-роль
evezhukov;Жуков Евгений Евгеньевич (Evgeniy Zhukov);ODS Read BCAPP;Synchronization;;Synchronization + пустая бизнес-роль
evezhukov;Жуков Евгений Евгеньевич (Evgeniy Zhukov);ODS Read Boss 1;Synchronization;;Synchronization + пустая бизнес-роль
evezhukov;Жуков Евгений Евгеньевич (Evgeniy Zhukov);ODS Read EKIS;Synchronization;;Synchronization + пустая бизнес-роль
evezhukov;Жуков Евгений Евгеньевич (Evgeniy Zhukov);ODS Read KIAS;Synchronization;;Synchronization + пустая бизнес-роль
evezhukov;Жуков Евгений Евгеньевич (Evgeniy Zhukov);ODS Read PCAPP;Synchronization;;Synchronization + пустая бизнес-роль
evezhukov;Жуков Евгений Евгеньевич (Evgeniy Zhukov);ODS Read SAP;Synchronization;;Synchronization + пустая бизнес-роль
evezhukov;Жуков Евгений Евгеньевич (Evgeniy Zhukov);ODS Read Tessa;Synchronization;;Synchronization + пустая бизнес-роль
evfedyushin;Федюшин Евгений Валерьевич (Evgeniy Fedyushin);EDW Read Cdm Analysis;Synchronization;;Synchronization + пустая бизнес-роль
evfedyushin;Федюшин Евгений Валерьевич (Evgeniy Fedyushin);EDW Read Cdm Analysis Out;Synchronization;;Synchronization + пустая бизнес-роль
evkarpov;Карпов Евгений Викторович (Evgeniy Karpov);ODS All DSA;Synchronization;;Synchronization + пустая бизнес-роль
evkarpov;Карпов Евгений Викторович (Evgeniy Karpov);ODS Read ARM4;Synchronization;;Synchronization + пустая бизнес-роль
evkarpov;Карпов Евгений Викторович (Evgeniy Karpov);ODS Read CC;Synchronization;;Synchronization + пустая бизнес-роль
evkarpov;Карпов Евгений Викторович (Evgeniy Karpov);ODS Read EKIS;Synchronization;;Synchronization + пустая бизнес-роль
evkarpov;Карпов Евгений Викторович (Evgeniy Karpov);ODS Read RGSSCC;Synchronization;;Synchronization + пустая бизнес-роль
evkivilev;Кивилев Евгений Владимирович (Evgeny Kivilev);ART Данные поезд-1-94909927;Synchronization;;Synchronization + пустая бизнес-роль
evlekomtsev;Лекомцев Евгений Вадимович (Evgeniy Lekomtsev);EDW Read Operrep;Synchronization;;Synchronization + пустая бизнес-роль
evlekomtsev;Лекомцев Евгений Вадимович (Evgeniy Lekomtsev);EDW Read SCOP;Synchronization;;Synchronization + пустая бизнес-роль
evsavkin;Савкин Евгений Викторович (Evgeniy Savkin);ART Данные поезд-1-94909927;Synchronization;;Synchronization + пустая бизнес-роль
evsavkin;Савкин Евгений Викторович (Evgeniy Savkin);ODS Read Splunk Avtocod;Synchronization;;Synchronization + пустая бизнес-роль
evsavkin;Савкин Евгений Викторович (Evgeniy Savkin);ODS Unspecified;Synchronization;;Synchronization + пустая бизнес-роль
evsavostikov;Савостиков Евгений Владимирович (Evgeniy Savostikov);ODS Read UFO;Synchronization;;Synchronization + пустая бизнес-роль
evsvetlov;Светлов Егор Валерьевич (Egor Svetlov);ODS Read Splunk Avtocod;Synchronization;;Synchronization + пустая бизнес-роль
evsvetlov;Светлов Егор Валерьевич (Egor Svetlov);ODS Read Splunk KBM;Synchronization;;Synchronization + пустая бизнес-роль
evsvetlov;Светлов Егор Валерьевич (Egor Svetlov);ODS Read Transdekra;Synchronization;;Synchronization + пустая бизнес-роль
evzubkov;Зубков Евгений Валентинович (Evgeniy Zubkov);ADB Write Core;Synchronization;;Synchronization + пустая бизнес-роль
evzubkov;Зубков Евгений Валентинович (Evgeniy Zubkov);ART Данные поезд-1-94909927;Synchronization;;Synchronization + пустая бизнес-роль
evzubkov;Зубков Евгений Валентинович (Evgeniy Zubkov);DWH Developer;Synchronization;;Synchronization + пустая бизнес-роль
evzubkov;Зубков Евгений Валентинович (Evgeniy Zubkov);DWH Replicator;Synchronization;;Synchronization + пустая бизнес-роль
evzubkov;Зубков Евгений Валентинович (Evgeniy Zubkov);EDW Administrator;Synchronization;;Synchronization + пустая бизнес-роль
evzubkov;Зубков Евгений Валентинович (Evgeniy Zubkov);ODS Administrator;Synchronization;;Synchronization + пустая бизнес-роль
evzubkov;Зубков Евгений Валентинович (Evgeniy Zubkov);ODS Owner CDM;Synchronization;;Synchronization + пустая бизнес-роль
evzubkov;Зубков Евгений Валентинович (Evgeniy Zubkov);ODS Read EKIS;Synchronization;;Synchronization + пустая бизнес-роль
eybaygachev;Байгачев Егор Юрьевич (Egor Baygachev);ODS Read RGSSCC;Synchronization;;Synchronization + пустая бизнес-роль
eyukazanov;Казанов Евгений Юрьевич (Evgeniy Kazanov);ODS Unspec Analysis;Synchronization;;Synchronization + пустая бизнес-роль
fasmirnov;Смирнов Федор Андреевич (Fedor Smirnov);ODS All UPP;Synchronization;;Synchronization + пустая бизнес-роль
fasmirnov;Смирнов Федор Андреевич (Fedor Smirnov);ODS Read EKIS;Synchronization;;Synchronization + пустая бизнес-роль
fasmirnov;Смирнов Федор Андреевич (Fedor Smirnov);ODS Read JIRA;Synchronization;;Synchronization + пустая бизнес-роль
fasmirnov;Смирнов Федор Андреевич (Fedor Smirnov);ODS Read Naumen;Synchronization;;Synchronization + пустая бизнес-роль
fasmirnov;Смирнов Федор Андреевич (Fedor Smirnov);ODS Read RI;Synchronization;;Synchronization + пустая бизнес-роль
fasmirnov;Смирнов Федор Андреевич (Fedor Smirnov);ODS Read UFO;Synchronization;;Synchronization + пустая бизнес-роль
fasmirnov;Смирнов Федор Андреевич (Fedor Smirnov);ODS Read UPP;Synchronization;;Synchronization + пустая бизнес-роль
fayakovlev;Яковлев Фёдор Алексеевич (Fyodor Yakovlev);EDW All MLDEV19;Synchronization;;Synchronization + пустая бизнес-роль
fayakovlev;Яковлев Фёдор Алексеевич (Fyodor Yakovlev);EDW All MLDEV72;Synchronization;;Synchronization + пустая бизнес-роль
fayakovlev;Яковлев Фёдор Алексеевич (Fyodor Yakovlev);ODS All MLDEV19;Synchronization;;Synchronization + пустая бизнес-роль
fayakovlev;Яковлев Фёдор Алексеевич (Fyodor Yakovlev);ODS All MLDEV72;Synchronization;;Synchronization + пустая бизнес-роль
fikulabukhov;Кулабухов Федор Иванович (Fedor Kulabukhov);ART Данные поезд-1-94909927;Synchronization;;Synchronization + пустая бизнес-роль
foshikhaliev;Шихалиев Фрэнк Олегович (Frenk Shikhaliev);ART Данные лид-11605388543;Synchronization;;Synchronization + пустая бизнес-роль
foshikhaliev;Шихалиев Фрэнк Олегович (Frenk Shikhaliev);ART Данные поезд-1-94909927;Synchronization;;Synchronization + пустая бизнес-роль
foshikhaliev;Шихалиев Фрэнк Олегович (Frenk Shikhaliev);DWH Developer;Synchronization;;Synchronization + пустая бизнес-роль
foshikhaliev;Шихалиев Фрэнк Олегович (Frenk Shikhaliev);DWH User;Synchronization;;Synchronization + пустая бизнес-роль
foshikhaliev;Шихалиев Фрэнк Олегович (Frenk Shikhaliev);DWH Zeppelin;Synchronization;;Synchronization + пустая бизнес-роль
foshikhaliev;Шихалиев Фрэнк Олегович (Frenk Shikhaliev);EDW All MLDEV19;Synchronization;;Synchronization + пустая бизнес-роль
foshikhaliev;Шихалиев Фрэнк Олегович (Frenk Shikhaliev);EDW All MLDEV72;Synchronization;;Synchronization + пустая бизнес-роль
foshikhaliev;Шихалиев Фрэнк Олегович (Frenk Shikhaliev);EDW Read CDI;Synchronization;;Synchronization + пустая бизнес-роль
foshikhaliev;Шихалиев Фрэнк Олегович (Frenk Shikhaliev);ODS All Auto;Synchronization;;Synchronization + пустая бизнес-роль
foshikhaliev;Шихалиев Фрэнк Олегович (Frenk Shikhaliev);ODS All MLDEV19;Synchronization;;Synchronization + пустая бизнес-роль
foshikhaliev;Шихалиев Фрэнк Олегович (Frenk Shikhaliev);ODS All MLDEV72;Synchronization;;Synchronization + пустая бизнес-роль
foshikhaliev;Шихалиев Фрэнк Олегович (Frenk Shikhaliev);ODS Read Audatex;Synchronization;;Synchronization + пустая бизнес-роль
foshikhaliev;Шихалиев Фрэнк Олегович (Frenk Shikhaliev);ODS Read DoubleData;Synchronization;;Synchronization + пустая бизнес-роль
foshikhaliev;Шихалиев Фрэнк Олегович (Frenk Shikhaliev);ODS Read Equifax;Synchronization;;Synchronization + пустая бизнес-роль
foshikhaliev;Шихалиев Фрэнк Олегович (Frenk Shikhaliev);ODS Read FOIV;Synchronization;;Synchronization + пустая бизнес-роль
foshikhaliev;Шихалиев Фрэнк Олегович (Frenk Shikhaliev);ODS Read IA;Synchronization;;Synchronization + пустая бизнес-роль
foshikhaliev;Шихалиев Фрэнк Олегович (Frenk Shikhaliev);ODS Read Insbridge;Synchronization;;Synchronization + пустая бизнес-роль
foshikhaliev;Шихалиев Фрэнк Олегович (Frenk Shikhaliev);ODS Read KIAS;Synchronization;;Synchronization + пустая бизнес-роль
foshikhaliev;Шихалиев Фрэнк Олегович (Frenk Shikhaliev);ODS Read MFMS;Synchronization;;Synchronization + пустая бизнес-роль
foshikhaliev;Шихалиев Фрэнк Олегович (Frenk Shikhaliev);ODS Read Mobile;Synchronization;;Synchronization + пустая бизнес-роль
foshikhaliev;Шихалиев Фрэнк Олегович (Frenk Shikhaliev);ODS Read NBKI;Synchronization;;Synchronization + пустая бизнес-роль
foshikhaliev;Шихалиев Фрэнк Олегович (Frenk Shikhaliev);ODS Read OpenBank;Synchronization;;Synchronization + пустая бизнес-роль
foshikhaliev;Шихалиев Фрэнк Олегович (Frenk Shikhaliev);ODS Read RSAKBM;Synchronization;;Synchronization + пустая бизнес-роль
foshikhaliev;Шихалиев Фрэнк Олегович (Frenk Shikhaliev);ODS Read Splunk Avtocod;Synchronization;;Synchronization + пустая бизнес-роль
foshikhaliev;Шихалиев Фрэнк Олегович (Frenk Shikhaliev);ODS Read Splunk KBM;Synchronization;;Synchronization + пустая бизнес-роль
foshikhaliev;Шихалиев Фрэнк Олегович (Frenk Shikhaliev);ODS Read Telematics;Synchronization;;Synchronization + пустая бизнес-роль
foshikhaliev;Шихалиев Фрэнк Олегович (Frenk Shikhaliev);ODS Read Transdekra;Synchronization;;Synchronization + пустая бизнес-роль
foshikhaliev;Шихалиев Фрэнк Олегович (Frenk Shikhaliev);ODS Read UFO;Synchronization;;Synchronization + пустая бизнес-роль
foshikhaliev;Шихалиев Фрэнк Олегович (Frenk Shikhaliev);ODS Unspec Analysis Out;Synchronization;;Synchronization + пустая бизнес-роль
foshikhaliev;Шихалиев Фрэнк Олегович (Frenk Shikhaliev);ODS Unspec Auto;Synchronization;;Synchronization + пустая бизнес-роль
foshikhaliev;Шихалиев Фрэнк Олегович (Frenk Shikhaliev);ODS Unspec Property;Synchronization;;Synchronization + пустая бизнес-роль
foshikhaliev;Шихалиев Фрэнк Олегович (Frenk Shikhaliev);ODS Unspecified;Synchronization;;Synchronization + пустая бизнес-роль
gakovalenko;Коваленко Галина Александровна (Galina Kovalenko);EDW All RB;Synchronization;;Synchronization + пустая бизнес-роль
gakovalenko;Коваленко Галина Александровна (Galina Kovalenko);EDW Read Core;Synchronization;;Synchronization + пустая бизнес-роль
gakovalenko;Коваленко Галина Александровна (Galina Kovalenko);ODS Read ARM4;Synchronization;;Synchronization + пустая бизнес-роль
gakovalenko;Коваленко Галина Александровна (Galina Kovalenko);ODS Read EKIS;Synchronization;;Synchronization + пустая бизнес-роль
gakovalenko;Коваленко Галина Александровна (Galina Kovalenko);ODS Unspec Property;Synchronization;;Synchronization + пустая бизнес-роль
gaschetinin;Щетинин Григорий Андреевич (Grigoriy Schetinin);EDW All RB;Synchronization;;Synchronization + пустая бизнес-роль
gaschetinin;Щетинин Григорий Андреевич (Grigoriy Schetinin);EDW Read BZK;Synchronization;;Synchronization + пустая бизнес-роль
gaschetinin;Щетинин Григорий Андреевич (Grigoriy Schetinin);EDW Read Core;Synchronization;;Synchronization + пустая бизнес-роль
gaschetinin;Щетинин Григорий Андреевич (Grigoriy Schetinin);EDW Unspec CCU;Synchronization;;Synchronization + пустая бизнес-роль
gaschetinin;Щетинин Григорий Андреевич (Grigoriy Schetinin);ODS Read ARM4;Synchronization;;Synchronization + пустая бизнес-роль
gaschetinin;Щетинин Григорий Андреевич (Grigoriy Schetinin);ODS Read Auto;Synchronization;;Synchronization + пустая бизнес-роль
gaschetinin;Щетинин Григорий Андреевич (Grigoriy Schetinin);ODS Read Boss 1;Synchronization;;Synchronization + пустая бизнес-роль
gaschetinin;Щетинин Григорий Андреевич (Grigoriy Schetinin);ODS Read CC;Synchronization;;Synchronization + пустая бизнес-роль
gaschetinin;Щетинин Григорий Андреевич (Grigoriy Schetinin);ODS Read CDM;Synchronization;;Synchronization + пустая бизнес-роль
gaschetinin;Щетинин Григорий Андреевич (Grigoriy Schetinin);ODS Read Cdm Analysis;Synchronization;;Synchronization + пустая бизнес-роль
gaschetinin;Щетинин Григорий Андреевич (Grigoriy Schetinin);ODS Read Cdm Analysis Out;Synchronization;;Synchronization + пустая бизнес-роль
gaschetinin;Щетинин Григорий Андреевич (Grigoriy Schetinin);ODS Read EKIS;Synchronization;;Synchronization + пустая бизнес-роль
gaschetinin;Щетинин Григорий Андреевич (Grigoriy Schetinin);ODS Read Finance;Synchronization;;Synchronization + пустая бизнес-роль
gaschetinin;Щетинин Григорий Андреевич (Grigoriy Schetinin);ODS Read KIAS;Synchronization;;Synchronization + пустая бизнес-роль
gaschetinin;Щетинин Григорий Андреевич (Grigoriy Schetinin);ODS Read PCAPP;Synchronization;;Synchronization + пустая бизнес-роль
gaschetinin;Щетинин Григорий Андреевич (Grigoriy Schetinin);ODS Read Report;Synchronization;;Synchronization + пустая бизнес-роль
gaschetinin;Щетинин Григорий Андреевич (Grigoriy Schetinin);ODS Read RGSJ;Synchronization;;Synchronization + пустая бизнес-роль
gaschetinin;Щетинин Григорий Андреевич (Grigoriy Schetinin);ODS Read RGSSCC;Synchronization;;Synchronization + пустая бизнес-роль
gaschetinin;Щетинин Григорий Андреевич (Grigoriy Schetinin);ODS Read RSAPRD;Synchronization;;Synchronization + пустая бизнес-роль
gaschetinin;Щетинин Григорий Андреевич (Grigoriy Schetinin);ODS Read SAP;Synchronization;;Synchronization + пустая бизнес-роль
gaschetinin;Щетинин Григорий Андреевич (Grigoriy Schetinin);ODS Unspec Analysis Out;Synchronization;;Synchronization + пустая бизнес-роль
gaschetinin;Щетинин Григорий Андреевич (Grigoriy Schetinin);ODS Unspec Auto;Synchronization;;Synchronization + пустая бизнес-роль
gaschetinin;Щетинин Григорий Андреевич (Grigoriy Schetinin);ODS Unspec Property;Synchronization;;Synchronization + пустая бизнес-роль
gezakharin;Захарин Глеб Евгеньевич (Gleb Zakharin);CBD Read Actuary;Synchronization;;Synchronization + пустая бизнес-роль
gezakharin;Захарин Глеб Евгеньевич (Gleb Zakharin);CBD Read Cdm Analysis;Synchronization;;Synchronization + пустая бизнес-роль
gezakharin;Захарин Глеб Евгеньевич (Gleb Zakharin);CBD Read Cdm Analysis Ou;Synchronization;;Synchronization + пустая бизнес-роль
gezakharin;Захарин Глеб Евгеньевич (Gleb Zakharin);DWHT Edw Read Cdm Analysis Out;Synchronization;;Synchronization + пустая бизнес-роль
gezakharin;Захарин Глеб Евгеньевич (Gleb Zakharin);DWHT Edw Read Core;Synchronization;;Synchronization + пустая бизнес-роль
gezakharin;Захарин Глеб Евгеньевич (Gleb Zakharin);DWHT Ods Read Cdm Analysis Out;Synchronization;;Synchronization + пустая бизнес-роль
gezakharin;Захарин Глеб Евгеньевич (Gleb Zakharin);DWHT Ods Read Rep;Synchronization;;Synchronization + пустая бизнес-роль
gezakharin;Захарин Глеб Евгеньевич (Gleb Zakharin);EDW All Actuary;Synchronization;;Synchronization + пустая бизнес-роль
gezakharin;Захарин Глеб Евгеньевич (Gleb Zakharin);EDW Read Actuary;Synchronization;;Synchronization + пустая бизнес-роль
gezakharin;Захарин Глеб Евгеньевич (Gleb Zakharin);EDW Read Cdm Analysis;Synchronization;;Synchronization + пустая бизнес-роль
gezakharin;Захарин Глеб Евгеньевич (Gleb Zakharin);EDW Read Cdm Analysis Out;Synchronization;;Synchronization + пустая бизнес-роль
gezakharin;Захарин Глеб Евгеньевич (Gleb Zakharin);EDW Read Core;Synchronization;;Synchronization + пустая бизнес-роль
gezakharin;Захарин Глеб Евгеньевич (Gleb Zakharin);EDW Read Finance;Synchronization;;Synchronization + пустая бизнес-роль
gezakharin;Захарин Глеб Евгеньевич (Gleb Zakharin);EDW Unspec Analysis;Synchronization;;Synchronization + пустая бизнес-роль
gezakharin;Захарин Глеб Евгеньевич (Gleb Zakharin);EDW Unspec Analysis Out;Synchronization;;Synchronization + пустая бизнес-роль
gezakharin;Захарин Глеб Евгеньевич (Gleb Zakharin);ODS All Actuary;Synchronization;;Synchronization + пустая бизнес-роль
gezakharin;Захарин Глеб Евгеньевич (Gleb Zakharin);ODS Read Actuary;Synchronization;;Synchronization + пустая бизнес-роль
gezakharin;Захарин Глеб Евгеньевич (Gleb Zakharin);ODS Read ARM4;Synchronization;;Synchronization + пустая бизнес-роль
gezakharin;Захарин Глеб Евгеньевич (Gleb Zakharin);ODS Read Auto;Synchronization;;Synchronization + пустая бизнес-роль
gezakharin;Захарин Глеб Евгеньевич (Gleb Zakharin);ODS Read CC;Synchronization;;Synchronization + пустая бизнес-роль
gezakharin;Захарин Глеб Евгеньевич (Gleb Zakharin);ODS Read Cdm Analysis;Synchronization;;Synchronization + пустая бизнес-роль
gezakharin;Захарин Глеб Евгеньевич (Gleb Zakharin);ODS Read Cdm Analysis Out;Synchronization;;Synchronization + пустая бизнес-роль
gezakharin;Захарин Глеб Евгеньевич (Gleb Zakharin);ODS Read EKIS;Synchronization;;Synchronization + пустая бизнес-роль
gezakharin;Захарин Глеб Евгеньевич (Gleb Zakharin);ODS Read FB_REG;Synchronization;;Synchronization + пустая бизнес-роль
gezakharin;Захарин Глеб Евгеньевич (Gleb Zakharin);ODS Read fb781p;Synchronization;;Synchronization + пустая бизнес-роль
gezakharin;Захарин Глеб Евгеньевич (Gleb Zakharin);ODS Read Finance;Synchronization;;Synchronization + пустая бизнес-роль
gezakharin;Захарин Глеб Евгеньевич (Gleb Zakharin);ODS Read KIAS;Synchronization;;Synchronization + пустая бизнес-роль
gezakharin;Захарин Глеб Евгеньевич (Gleb Zakharin);ODS Read msfo17;Synchronization;;Synchronization + пустая бизнес-роль
gezakharin;Захарин Глеб Евгеньевич (Gleb Zakharin);ODS Read PCAPP;Synchronization;;Synchronization + пустая бизнес-роль
gezakharin;Захарин Глеб Евгеньевич (Gleb Zakharin);ODS Read Report;Synchronization;;Synchronization + пустая бизнес-роль
gezakharin;Захарин Глеб Евгеньевич (Gleb Zakharin);ODS Read RGSSCC;Synchronization;;Synchronization + пустая бизнес-роль
gezakharin;Захарин Глеб Евгеньевич (Gleb Zakharin);ODS Read SAP;Synchronization;;Synchronization + пустая бизнес-роль
gezakharin;Захарин Глеб Евгеньевич (Gleb Zakharin);ODS Read XBRL;Synchronization;;Synchronization + пустая бизнес-роль
gezakharin;Захарин Глеб Евгеньевич (Gleb Zakharin);ODS Unspec Analysis;Synchronization;;Synchronization + пустая бизнес-роль
gezakharin;Захарин Глеб Евгеньевич (Gleb Zakharin);ODS Unspec Analysis Out;Synchronization;;Synchronization + пустая бизнес-роль
ggtsvetkov;Цветков Григорий Геннадьевич (Grigoriy Tsvetkov);EDW All Finance;Synchronization;;Synchronization + пустая бизнес-роль
ggtsvetkov;Цветков Григорий Геннадьевич (Grigoriy Tsvetkov);EDW Read RB;Synchronization;;Synchronization + пустая бизнес-роль
ggtsvetkov;Цветков Григорий Геннадьевич (Grigoriy Tsvetkov);EDW Unspec Analysis Out;Synchronization;;Synchronization + пустая бизнес-роль
ggtsvetkov;Цветков Григорий Геннадьевич (Grigoriy Tsvetkov);ODS All Finance;Synchronization;;Synchronization + пустая бизнес-роль
ggtsvetkov;Цветков Григорий Геннадьевич (Grigoriy Tsvetkov);ODS Read Report;Synchronization;;Synchronization + пустая бизнес-роль
ggtsvetkov;Цветков Григорий Геннадьевич (Grigoriy Tsvetkov);ODS Read RGSSCC;Synchronization;;Synchronization + пустая бизнес-роль
ggtsvetkov;Цветков Григорий Геннадьевич (Grigoriy Tsvetkov);ODS Unspec Analysis Out;Synchronization;;Synchronization + пустая бизнес-роль
gkhlidzhieva;Лиджиева Гилян Хонгоровна (Gilyan Lidzhieva);EDW All IAD;Synchronization;;Synchronization + пустая бизнес-роль
gkhlidzhieva;Лиджиева Гилян Хонгоровна (Gilyan Lidzhieva);ODS All IAD;Synchronization;;Synchronization + пустая бизнес-роль
gkhlidzhieva;Лиджиева Гилян Хонгоровна (Gilyan Lidzhieva);ODS Read ARM4;Synchronization;;Synchronization + пустая бизнес-роль
gkhlidzhieva;Лиджиева Гилян Хонгоровна (Gilyan Lidzhieva);ODS Read Audatex;Synchronization;;Synchronization + пустая бизнес-роль
gkhlidzhieva;Лиджиева Гилян Хонгоровна (Gilyan Lidzhieva);ODS Read Auto;Synchronization;;Synchronization + пустая бизнес-роль
gkhlidzhieva;Лиджиева Гилян Хонгоровна (Gilyan Lidzhieva);ODS Read CC;Synchronization;;Synchronization + пустая бизнес-роль
gkhlidzhieva;Лиджиева Гилян Хонгоровна (Gilyan Lidzhieva);ODS Read DoubleData;Synchronization;;Synchronization + пустая бизнес-роль
gkhlidzhieva;Лиджиева Гилян Хонгоровна (Gilyan Lidzhieva);ODS Read EKIS;Synchronization;;Synchronization + пустая бизнес-роль
gkhlidzhieva;Лиджиева Гилян Хонгоровна (Gilyan Lidzhieva);ODS Read Equifax;Synchronization;;Synchronization + пустая бизнес-роль
gkhlidzhieva;Лиджиева Гилян Хонгоровна (Gilyan Lidzhieva);ODS Read FOIV;Synchronization;;Synchronization + пустая бизнес-роль
gkhlidzhieva;Лиджиева Гилян Хонгоровна (Gilyan Lidzhieva);ODS Read IA;Synchronization;;Synchronization + пустая бизнес-роль
gkhlidzhieva;Лиджиева Гилян Хонгоровна (Gilyan Lidzhieva);ODS Read Insbridge;Synchronization;;Synchronization + пустая бизнес-роль
gkhlidzhieva;Лиджиева Гилян Хонгоровна (Gilyan Lidzhieva);ODS Read KIAS;Synchronization;;Synchronization + пустая бизнес-роль
gkhlidzhieva;Лиджиева Гилян Хонгоровна (Gilyan Lidzhieva);ODS Read MFMS;Synchronization;;Synchronization + пустая бизнес-роль
gkhlidzhieva;Лиджиева Гилян Хонгоровна (Gilyan Lidzhieva);ODS Read Mobile;Synchronization;;Synchronization + пустая бизнес-роль
gkhlidzhieva;Лиджиева Гилян Хонгоровна (Gilyan Lidzhieva);ODS Read NBKI;Synchronization;;Synchronization + пустая бизнес-роль
gkhlidzhieva;Лиджиева Гилян Хонгоровна (Gilyan Lidzhieva);ODS Read OpenBank;Synchronization;;Synchronization + пустая бизнес-роль
gkhlidzhieva;Лиджиева Гилян Хонгоровна (Gilyan Lidzhieva);ODS Read PCAPP;Synchronization;;Synchronization + пустая бизнес-роль
gkhlidzhieva;Лиджиева Гилян Хонгоровна (Gilyan Lidzhieva);ODS Read RGSSCC;Synchronization;;Synchronization + пустая бизнес-роль
gkhlidzhieva;Лиджиева Гилян Хонгоровна (Gilyan Lidzhieva);ODS Read RSAKBM;Synchronization;;Synchronization + пустая бизнес-роль
gkhlidzhieva;Лиджиева Гилян Хонгоровна (Gilyan Lidzhieva);ODS Read RSAPRD;Synchronization;;Synchronization + пустая бизнес-роль
gkhlidzhieva;Лиджиева Гилян Хонгоровна (Gilyan Lidzhieva);ODS Read SAP;Synchronization;;Synchronization + пустая бизнес-роль
gkhlidzhieva;Лиджиева Гилян Хонгоровна (Gilyan Lidzhieva);ODS Read Splunk Avtocod;Synchronization;;Synchronization + пустая бизнес-роль
gkhlidzhieva;Лиджиева Гилян Хонгоровна (Gilyan Lidzhieva);ODS Read Splunk KBM;Synchronization;;Synchronization + пустая бизнес-роль
gkhlidzhieva;Лиджиева Гилян Хонгоровна (Gilyan Lidzhieva);ODS Read Splunk UFO;Synchronization;;Synchronization + пустая бизнес-роль
gkhlidzhieva;Лиджиева Гилян Хонгоровна (Gilyan Lidzhieva);ODS Read Telematics;Synchronization;;Synchronization + пустая бизнес-роль
gkhlidzhieva;Лиджиева Гилян Хонгоровна (Gilyan Lidzhieva);ODS Read Transdekra;Synchronization;;Synchronization + пустая бизнес-роль
gkhlidzhieva;Лиджиева Гилян Хонгоровна (Gilyan Lidzhieva);ODS Read UFO;Synchronization;;Synchronization + пустая бизнес-роль
gmindrupskaya;Индрупская Галина Михайловна (Galina Indrupskaya);EDW All Finance;Synchronization;;Synchronization + пустая бизнес-роль
gmindrupskaya;Индрупская Галина Михайловна (Galina Indrupskaya);EDW All UAG;Synchronization;;Synchronization + пустая бизнес-роль
gmindrupskaya;Индрупская Галина Михайловна (Galina Indrupskaya);EDW Read CDM;Synchronization;;Synchronization + пустая бизнес-роль
gmindrupskaya;Индрупская Галина Михайловна (Galina Indrupskaya);EDW Read UAG;Synchronization;;Synchronization + пустая бизнес-роль
gmindrupskaya;Индрупская Галина Михайловна (Galina Indrupskaya);EDW Unspec Analysis;Synchronization;;Synchronization + пустая бизнес-роль
gmindrupskaya;Индрупская Галина Михайловна (Galina Indrupskaya);EDW Unspec Analysis Out;Synchronization;;Synchronization + пустая бизнес-роль
gmindrupskaya;Индрупская Галина Михайловна (Galina Indrupskaya);ODS All Auto;Synchronization;;Synchronization + пустая бизнес-роль
gmindrupskaya;Индрупская Галина Михайловна (Galina Indrupskaya);ODS Read CDM;Synchronization;;Synchronization + пустая бизнес-роль
gmindrupskaya;Индрупская Галина Михайловна (Galina Indrupskaya);ODS Read DIAS;Synchronization;;Synchronization + пустая бизнес-роль
gmindrupskaya;Индрупская Галина Михайловна (Galina Indrupskaya);ODS Unspec Analysis;Synchronization;;Synchronization + пустая бизнес-роль
gmindrupskaya;Индрупская Галина Михайловна (Galina Indrupskaya);ODS Unspec Analysis Out;Synchronization;;Synchronization + пустая бизнес-роль
gmvargaftik;Варгафтик Григорий Михайлович (Grigoriy Vargaftik);ART Данные поезд-1-94909927;Synchronization;;Synchronization + пустая бизнес-роль
gmvargaftik;Варгафтик Григорий Михайлович (Grigoriy Vargaftik);ODS Read LK;Synchronization;;Synchronization + пустая бизнес-роль
gmvargaftik;Варгафтик Григорий Михайлович (Grigoriy Vargaftik);ODS Read MLDEV19;Synchronization;;Synchronization + пустая бизнес-роль
gmvargaftik;Варгафтик Григорий Михайлович (Grigoriy Vargaftik);ODS Read Property;Synchronization;;Synchronization + пустая бизнес-роль
gmvargaftik;Варгафтик Григорий Михайлович (Grigoriy Vargaftik);ODS Unspec Auto;Synchronization;;Synchronization + пустая бизнес-роль
gmvargaftik;Варгафтик Григорий Михайлович (Grigoriy Vargaftik);ODS Unspecified;Synchronization;;Synchronization + пустая бизнес-роль
grneretin;Неретин Гордей Романович (Gordey Neretin);ART Данные поезд-1-94909927;Synchronization;;Synchronization + пустая бизнес-роль
gskashtanov;Каштанов Григорий Сергеевич (Grigoriy Kashtanov);EDW All Cdm Analysis;Synchronization;;Synchronization + пустая бизнес-роль
gskashtanov;Каштанов Григорий Сергеевич (Grigoriy Kashtanov);EDW Read CCU;Synchronization;;Synchronization + пустая бизнес-роль
gskashtanov;Каштанов Григорий Сергеевич (Grigoriy Kashtanov);EDW Read Cdm Analysis;Synchronization;;Synchronization + пустая бизнес-роль
gskashtanov;Каштанов Григорий Сергеевич (Grigoriy Kashtanov);EDW Read Cdm Analysis Out;Synchronization;;Synchronization + пустая бизнес-роль
gskashtanov;Каштанов Григорий Сергеевич (Grigoriy Kashtanov);EDW Read Core;Synchronization;;Synchronization + пустая бизнес-роль
gskashtanov;Каштанов Григорий Сергеевич (Grigoriy Kashtanov);ODS Read BCAPP;Synchronization;;Synchronization + пустая бизнес-роль
gskashtanov;Каштанов Григорий Сергеевич (Grigoriy Kashtanov);ODS Read Cdm Analysis;Synchronization;;Synchronization + пустая бизнес-роль
gskashtanov;Каштанов Григорий Сергеевич (Grigoriy Kashtanov);ODS Read Cdm Analysis Out;Synchronization;;Synchronization + пустая бизнес-роль
gskashtanov;Каштанов Григорий Сергеевич (Grigoriy Kashtanov);ODS Read PCAPP;Synchronization;;Synchronization + пустая бизнес-роль
gskashtanov;Каштанов Григорий Сергеевич (Grigoriy Kashtanov);ODS Read Report;Synchronization;;Synchronization + пустая бизнес-роль
gskashtanov;Каштанов Григорий Сергеевич (Grigoriy Kashtanov);ODS Read RGSSCC;Synchronization;;Synchronization + пустая бизнес-роль
gskashtanov;Каштанов Григорий Сергеевич (Grigoriy Kashtanov);ODS Read SAP;Synchronization;;Synchronization + пустая бизнес-роль
gskashtanov;Каштанов Григорий Сергеевич (Grigoriy Kashtanov);ODS Read UKDZISP;Synchronization;;Synchronization + пустая бизнес-роль
guru_dwh;guru_dwh;ODS Read EKIS;Synchronization;;Synchronization + пустая бизнес-роль
gvsokolov;Соколов Георгий Вячеславович (Georgiy Sokolov);EDW All UAG;Synchronization;;Synchronization + пустая бизнес-роль
gvsokolov;Соколов Георгий Вячеславович (Georgiy Sokolov);EDW Read Core;Synchronization;;Synchronization + пустая бизнес-роль
iaalnikov;Альников Игорь Александрович (Igor Alnikov);DWH Developer;Synchronization;;Synchronization + пустая бизнес-роль
iaalnikov;Альников Игорь Александрович (Igor Alnikov);EDW All Cdm Analysis;Synchronization;;Synchronization + пустая бизнес-роль
iaalnikov;Альников Игорь Александрович (Igor Alnikov);EDW Read Cdm Analysis Out;Synchronization;;Synchronization + пустая бизнес-роль
iaalnikov;Альников Игорь Александрович (Igor Alnikov);EDW Read Core;Synchronization;;Synchronization + пустая бизнес-роль
iaalnikov;Альников Игорь Александрович (Igor Alnikov);ODS All Auto;Synchronization;;Synchronization + пустая бизнес-роль
iaalnikov;Альников Игорь Александрович (Igor Alnikov);ODS All Cdm Analysis;Synchronization;;Synchronization + пустая бизнес-роль
iaalnikov;Альников Игорь Александрович (Igor Alnikov);ODS Read ARM4;Synchronization;;Synchronization + пустая бизнес-роль
iaalnikov;Альников Игорь Александрович (Igor Alnikov);ODS Read CC;Synchronization;;Synchronization + пустая бизнес-роль
iaalnikov;Альников Игорь Александрович (Igor Alnikov);ODS Read Cdm Analysis Out;Synchronization;;Synchronization + пустая бизнес-роль
iaalnikov;Альников Игорь Александрович (Igor Alnikov);ODS Read EKIS;Synchronization;;Synchronization + пустая бизнес-роль
iaalnikov;Альников Игорь Александрович (Igor Alnikov);ODS Read Report;Synchronization;;Synchronization + пустая бизнес-роль
iaalnikov;Альников Игорь Александрович (Igor Alnikov);ODS Read RGSSCC;Synchronization;;Synchronization + пустая бизнес-роль
iaalnikov;Альников Игорь Александрович (Igor Alnikov);ODS Read SAP;Synchronization;;Synchronization + пустая бизнес-роль
iaalnikov;Альников Игорь Александрович (Igor Alnikov);ODS Read UFO;Synchronization;;Synchronization + пустая бизнес-роль
iabratkova;Браткова Ирина Александровна (Irina Bratkova);ODS Read Splunk UFO;Synchronization;;Synchronization + пустая бизнес-роль
iabratkova;Браткова Ирина Александровна (Irina Bratkova);ODS Read UFO;Synchronization;;Synchronization + пустая бизнес-роль
iabukina;Букина Ирина Александровна (Irina Bukina);ODS Read Finance;Synchronization;;Synchronization + пустая бизнес-роль
iabukina;Букина Ирина Александровна (Irina Bukina);ODS Read Report;Synchronization;;Synchronization + пустая бизнес-роль
iabushmin;Бушмин Игорь Алексеевич (Igor Bushmin);ART Данные лид-11605388543;Synchronization;;Synchronization + пустая бизнес-роль
iabushmin;Бушмин Игорь Алексеевич (Igor Bushmin);ART Данные поезд-1-94909927;Synchronization;;Synchronization + пустая бизнес-роль
iadegteva;Дегтева Ирина Анатольевна (Irina Degteva);ODS Read ARM4;Synchronization;;Synchronization + пустая бизнес-роль
iadegteva;Дегтева Ирина Анатольевна (Irina Degteva);ODS Read EKIS;Synchronization;;Synchronization + пустая бизнес-роль
iadegteva;Дегтева Ирина Анатольевна (Irina Degteva);ODS Unspec Property;Synchronization;;Synchronization + пустая бизнес-роль
iafeschuk;Фещук Ирина Анатольевна (Irina Feschuk);EDW All BCI;Synchronization;;Synchronization + пустая бизнес-роль
iafeschuk;Фещук Ирина Анатольевна (Irina Feschuk);EDW Read Core;Synchronization;;Synchronization + пустая бизнес-роль
iafeschuk;Фещук Ирина Анатольевна (Irina Feschuk);EDW Unspec Analysis Out;Synchronization;;Synchronization + пустая бизнес-роль
iafeschuk;Фещук Ирина Анатольевна (Irina Feschuk);ODS All BCI;Synchronization;;Synchronization + пустая бизнес-роль
iafeschuk;Фещук Ирина Анатольевна (Irina Feschuk);ODS Read ARM4;Synchronization;;Synchronization + пустая бизнес-роль
iafeschuk;Фещук Ирина Анатольевна (Irina Feschuk);ODS Read CC;Synchronization;;Synchronization + пустая бизнес-роль
iafeschuk;Фещук Ирина Анатольевна (Irina Feschuk);ODS Read DIAS;Synchronization;;Synchronization + пустая бизнес-роль
iafeschuk;Фещук Ирина Анатольевна (Irina Feschuk);ODS Read EKIS;Synchronization;;Synchronization + пустая бизнес-роль
iafeschuk;Фещук Ирина Анатольевна (Irina Feschuk);ODS Read RGSSCC;Synchronization;;Synchronization + пустая бизнес-роль
iafeschuk;Фещук Ирина Анатольевна (Irina Feschuk);ODS Read SAP;Synchronization;;Synchronization + пустая бизнес-роль
iagruzdev;Груздев Иван Александрович (Ivan Gruzdev);EDW Read Core;Synchronization;;Synchronization + пустая бизнес-роль
iamerkulov;Меркулов Игорь Александрович (Igor Merkulov);ODS All msfo17;Synchronization;;Synchronization + пустая бизнес-роль
iamerkulov;Меркулов Игорь Александрович (Igor Merkulov);ODS Read Report;Synchronization;;Synchronization + пустая бизнес-роль
ianazarov;Назаров Иван Андреевич (Ivan Nazarov);ODS All DSA;Synchronization;;Synchronization + пустая бизнес-роль
ianazarov;Назаров Иван Андреевич (Ivan Nazarov);ODS Read ARM4;Synchronization;;Synchronization + пустая бизнес-роль
ianazarov;Назаров Иван Андреевич (Ivan Nazarov);ODS Read CC;Synchronization;;Synchronization + пустая бизнес-роль
ianazarov;Назаров Иван Андреевич (Ivan Nazarov);ODS Read EKIS;Synchronization;;Synchronization + пустая бизнес-роль
ianazarov;Назаров Иван Андреевич (Ivan Nazarov);ODS Read RGSSCC;Synchronization;;Synchronization + пустая бизнес-роль
iaozerov;Озеров Иван Александрович (Ivan Ozerov);ODS Read Splunk UFO;Synchronization;;Synchronization + пустая бизнес-роль
iaozerov;Озеров Иван Александрович (Ivan Ozerov);ODS Read UFO;Synchronization;;Synchronization + пустая бизнес-роль
iapogodin;Погодин Иван Александрович (Ivan Pogodin);ART Данные поезд-1-94909927;Synchronization;;Synchronization + пустая бизнес-роль
iapokusin;Покусин Илья Александрович (Ilya Pokusin);ART Partners. ЦПП API-11272902660;Synchronization;;Synchronization + пустая бизнес-роль
iasubbotin;Субботин Илья Андреевич (Ilya Subbotin);EDW All CRM;Synchronization;;Synchronization + пустая бизнес-роль
iasubbotin;Субботин Илья Андреевич (Ilya Subbotin);EDW All MLDEV19;Synchronization;;Synchronization + пустая бизнес-роль
iasubbotin;Субботин Илья Андреевич (Ilya Subbotin);EDW All MLDEV72;Synchronization;;Synchronization + пустая бизнес-роль
iasubbotin;Субботин Илья Андреевич (Ilya Subbotin);EDW Read CDI;Synchronization;;Synchronization + пустая бизнес-роль
iasubbotin;Субботин Илья Андреевич (Ilya Subbotin);EDW Read Core;Synchronization;;Synchronization + пустая бизнес-роль
iasubbotin;Субботин Илья Андреевич (Ilya Subbotin);ODS All MLDEV19;Synchronization;;Synchronization + пустая бизнес-роль
iasubbotin;Субботин Илья Андреевич (Ilya Subbotin);ODS All MLDEV72;Synchronization;;Synchronization + пустая бизнес-роль
iasubbotin;Субботин Илья Андреевич (Ilya Subbotin);ODS Read Audatex;Synchronization;;Synchronization + пустая бизнес-роль
iasubbotin;Субботин Илья Андреевич (Ilya Subbotin);ODS Read DoubleData;Synchronization;;Synchronization + пустая бизнес-роль
iasubbotin;Субботин Илья Андреевич (Ilya Subbotin);ODS Read Equifax;Synchronization;;Synchronization + пустая бизнес-роль
iasubbotin;Субботин Илья Андреевич (Ilya Subbotin);ODS Read FOIV;Synchronization;;Synchronization + пустая бизнес-роль
iasubbotin;Субботин Илья Андреевич (Ilya Subbotin);ODS Read IA;Synchronization;;Synchronization + пустая бизнес-роль
iasubbotin;Субботин Илья Андреевич (Ilya Subbotin);ODS Read Insbridge;Synchronization;;Synchronization + пустая бизнес-роль
iasubbotin;Субботин Илья Андреевич (Ilya Subbotin);ODS Read MFMS;Synchronization;;Synchronization + пустая бизнес-роль
iasubbotin;Субботин Илья Андреевич (Ilya Subbotin);ODS Read Mobile;Synchronization;;Synchronization + пустая бизнес-роль
iasubbotin;Субботин Илья Андреевич (Ilya Subbotin);ODS Read NBKI;Synchronization;;Synchronization + пустая бизнес-роль
iasubbotin;Субботин Илья Андреевич (Ilya Subbotin);ODS Read OpenBank;Synchronization;;Synchronization + пустая бизнес-роль
iasubbotin;Субботин Илья Андреевич (Ilya Subbotin);ODS Read RGSJ;Synchronization;;Synchronization + пустая бизнес-роль
iasubbotin;Субботин Илья Андреевич (Ilya Subbotin);ODS Read RGSSCC;Synchronization;;Synchronization + пустая бизнес-роль
iasubbotin;Субботин Илья Андреевич (Ilya Subbotin);ODS Read RI;Synchronization;;Synchronization + пустая бизнес-роль
iasubbotin;Субботин Илья Андреевич (Ilya Subbotin);ODS Read RSAKBM;Synchronization;;Synchronization + пустая бизнес-роль
iasubbotin;Субботин Илья Андреевич (Ilya Subbotin);ODS Read Splunk Avtocod;Synchronization;;Synchronization + пустая бизнес-роль
iasubbotin;Субботин Илья Андреевич (Ilya Subbotin);ODS Read Splunk KBM;Synchronization;;Synchronization + пустая бизнес-роль
iasubbotin;Субботин Илья Андреевич (Ilya Subbotin);ODS Read Splunk UFO;Synchronization;;Synchronization + пустая бизнес-роль
iasubbotin;Субботин Илья Андреевич (Ilya Subbotin);ODS Read Telematics;Synchronization;;Synchronization + пустая бизнес-роль
iasubbotin;Субботин Илья Андреевич (Ilya Subbotin);ODS Read Transdekra;Synchronization;;Synchronization + пустая бизнес-роль
iasubbotin;Субботин Илья Андреевич (Ilya Subbotin);ODS Read UFO;Synchronization;;Synchronization + пустая бизнес-роль
iaustinov;Устинов Игорь Андреевич (Igor Ustinov);ODS All Auto;Synchronization;;Synchronization + пустая бизнес-роль
ibscherbakov;Щербаков Игорь Борисович (Igor Scherbakov);DWH Developer;Synchronization;;Synchronization + пустая бизнес-роль
ibscherbakov;Щербаков Игорь Борисович (Igor Scherbakov);EDW All CDM;Synchronization;;Synchronization + пустая бизнес-роль
ibscherbakov;Щербаков Игорь Борисович (Igor Scherbakov);EDW All Cdm Analysis;Synchronization;;Synchronization + пустая бизнес-роль
ibscherbakov;Щербаков Игорь Борисович (Igor Scherbakov);EDW Read Cdm Analysis Out;Synchronization;;Synchronization + пустая бизнес-роль
ibscherbakov;Щербаков Игорь Борисович (Igor Scherbakov);EDW Read Core;Synchronization;;Synchronization + пустая бизнес-роль
ibscherbakov;Щербаков Игорь Борисович (Igor Scherbakov);EDW Read RB;Synchronization;;Synchronization + пустая бизнес-роль
ibscherbakov;Щербаков Игорь Борисович (Igor Scherbakov);ODS All CDM;Synchronization;;Synchronization + пустая бизнес-роль
ibscherbakov;Щербаков Игорь Борисович (Igor Scherbakov);ODS All Cdm Analysis;Synchronization;;Synchronization + пустая бизнес-роль
ibscherbakov;Щербаков Игорь Борисович (Igor Scherbakov);ODS Read ARCtrl;Synchronization;;Synchronization + пустая бизнес-роль
ibscherbakov;Щербаков Игорь Борисович (Igor Scherbakov);ODS Read ARM4;Synchronization;;Synchronization + пустая бизнес-роль
ibscherbakov;Щербаков Игорь Борисович (Igor Scherbakov);ODS Read BCAPP;Synchronization;;Synchronization + пустая бизнес-роль
ibscherbakov;Щербаков Игорь Борисович (Igor Scherbakov);ODS Read CC;Synchronization;;Synchronization + пустая бизнес-роль
ibscherbakov;Щербаков Игорь Борисович (Igor Scherbakov);ODS Read Cdm Analysis Out;Synchronization;;Synchronization + пустая бизнес-роль
ibscherbakov;Щербаков Игорь Борисович (Igor Scherbakov);ODS Read DIAS;Synchronization;;Synchronization + пустая бизнес-роль
ibscherbakov;Щербаков Игорь Борисович (Igor Scherbakov);ODS Read EKIS;Synchronization;;Synchronization + пустая бизнес-роль
ibscherbakov;Щербаков Игорь Борисович (Igor Scherbakov);ODS Read KIAS;Synchronization;;Synchronization + пустая бизнес-роль
ibscherbakov;Щербаков Игорь Борисович (Igor Scherbakov);ODS Read PCAPP;Synchronization;;Synchronization + пустая бизнес-роль
ibscherbakov;Щербаков Игорь Борисович (Igor Scherbakov);ODS Read Report;Synchronization;;Synchronization + пустая бизнес-роль
ibscherbakov;Щербаков Игорь Борисович (Igor Scherbakov);ODS Read RGSSCC;Synchronization;;Synchronization + пустая бизнес-роль
ibscherbakov;Щербаков Игорь Борисович (Igor Scherbakov);ODS Read Splunk UFO;Synchronization;;Synchronization + пустая бизнес-роль
ibscherbakov;Щербаков Игорь Борисович (Igor Scherbakov);ODS Read UFO;Synchronization;;Synchronization + пустая бизнес-роль
ibscherbakov;Щербаков Игорь Борисович (Igor Scherbakov);ODS Read WT;Synchronization;;Synchronization + пустая бизнес-роль
iirodin;Родин Илья Игоревич (Ilya Rodin);ADB Write Dm msfo17;Synchronization;;Synchronization + пустая бизнес-роль
iirodin;Родин Илья Игоревич (Ilya Rodin);ADBT Write Dm msfo17;Synchronization;;Synchronization + пустая бизнес-роль
iishelukhina;Шелухина Инна Игоревна (Inna Shelukhina);ODS Unspec Auto;Synchronization;;Synchronization + пустая бизнес-роль
iitanin;Танин Илья Игоревич (Ilya Tanin);EDW Read Cdm Analysis;Synchronization;;Synchronization + пустая бизнес-роль
ikskorokhodova;Скороходова Илона Константиновна (Ilona Skorokhodova);EDW All DES;Synchronization;;Synchronization + пустая бизнес-роль
ikskorokhodova;Скороходова Илона Константиновна (Ilona Skorokhodova);EDW Read CDI;Synchronization;;Synchronization + пустая бизнес-роль
ikskorokhodova;Скороходова Илона Константиновна (Ilona Skorokhodova);EDW Read Core;Synchronization;;Synchronization + пустая бизнес-роль
ikskorokhodova;Скороходова Илона Константиновна (Ilona Skorokhodova);ODS All DES;Synchronization;;Synchronization + пустая бизнес-роль
ikskorokhodova;Скороходова Илона Константиновна (Ilona Skorokhodova);ODS Read ARM4;Synchronization;;Synchronization + пустая бизнес-роль
ikskorokhodova;Скороходова Илона Константиновна (Ilona Skorokhodova);ODS Read BCAPP;Synchronization;;Synchronization + пустая бизнес-роль
ikskorokhodova;Скороходова Илона Константиновна (Ilona Skorokhodova);ODS Read Boss 1;Synchronization;;Synchronization + пустая бизнес-роль
ikskorokhodova;Скороходова Илона Константиновна (Ilona Skorokhodova);ODS Read CC;Synchronization;;Synchronization + пустая бизнес-роль
ikskorokhodova;Скороходова Илона Константиновна (Ilona Skorokhodova);ODS Read DMS;Synchronization;;Synchronization + пустая бизнес-роль
ikskorokhodova;Скороходова Илона Константиновна (Ilona Skorokhodova);ODS Read EKIS;Synchronization;;Synchronization + пустая бизнес-роль
ikskorokhodova;Скороходова Илона Константиновна (Ilona Skorokhodova);ODS Read KIAS;Synchronization;;Synchronization + пустая бизнес-роль
ikskorokhodova;Скороходова Илона Константиновна (Ilona Skorokhodova);ODS Read Naumen;Synchronization;;Synchronization + пустая бизнес-роль
ikskorokhodova;Скороходова Илона Константиновна (Ilona Skorokhodova);ODS Read PCAPP;Synchronization;;Synchronization + пустая бизнес-роль
ikskorokhodova;Скороходова Илона Константиновна (Ilona Skorokhodova);ODS Read RGSSCC;Synchronization;;Synchronization + пустая бизнес-роль
ikskorokhodova;Скороходова Илона Константиновна (Ilona Skorokhodova);ODS Read SCR;Synchronization;;Synchronization + пустая бизнес-роль
ikskorokhodova;Скороходова Илона Константиновна (Ilona Skorokhodova);ODS Read Tessa;Synchronization;;Synchronization + пустая бизнес-роль
ikskorokhodova;Скороходова Илона Константиновна (Ilona Skorokhodova);ODS Read UFO;Synchronization;;Synchronization + пустая бизнес-роль
ikskorokhodova;Скороходова Илона Константиновна (Ilona Skorokhodova);ODS Read VIRTU;Synchronization;;Synchronization + пустая бизнес-роль
ilazarev;Лазарев Иван (Ivan Lazarev);ART Данные поезд-1-94909927;Synchronization;;Synchronization + пустая бизнес-роль
ilazarev;Лазарев Иван (Ivan Lazarev);DWH Administrator;Synchronization;;Synchronization + пустая бизнес-роль
ilutsenko;Луценко Иван Владиславович (Ivan Lutsenko);EDW Read Core;Synchronization;;Synchronization + пустая бизнес-роль
ilutsenko;Луценко Иван Владиславович (Ivan Lutsenko);ODS All Auto;Synchronization;;Synchronization + пустая бизнес-роль
ilutsenko;Луценко Иван Владиславович (Ivan Lutsenko);ODS All RGSSCC;Synchronization;;Synchronization + пустая бизнес-роль
imboyko;Бойко Иван Михайлович (Ivan Boyko);EDW All CCU;Synchronization;;Synchronization + пустая бизнес-роль
imboyko;Бойко Иван Михайлович (Ivan Boyko);EDW All MLDEV19;Synchronization;;Synchronization + пустая бизнес-роль
imboyko;Бойко Иван Михайлович (Ivan Boyko);EDW All MLDEV72;Synchronization;;Synchronization + пустая бизнес-роль
imboyko;Бойко Иван Михайлович (Ivan Boyko);EDW Owner CCU;Synchronization;;Synchronization + пустая бизнес-роль
imboyko;Бойко Иван Михайлович (Ivan Boyko);EDW Read CDI;Synchronization;;Synchronization + пустая бизнес-роль
imboyko;Бойко Иван Михайлович (Ivan Boyko);EDW Read Core;Synchronization;;Synchronization + пустая бизнес-роль
imboyko;Бойко Иван Михайлович (Ivan Boyko);EDW Read RB;Synchronization;;Synchronization + пустая бизнес-роль
imboyko;Бойко Иван Михайлович (Ivan Boyko);ODS All MLDEV19;Synchronization;;Synchronization + пустая бизнес-роль
imboyko;Бойко Иван Михайлович (Ivan Boyko);ODS All MLDEV72;Synchronization;;Synchronization + пустая бизнес-роль
imboyko;Бойко Иван Михайлович (Ivan Boyko);ODS Owner CCU;Synchronization;;Synchronization + пустая бизнес-роль
imboyko;Бойко Иван Михайлович (Ivan Boyko);ODS Read Auto;Synchronization;;Synchronization + пустая бизнес-роль
imboyko;Бойко Иван Михайлович (Ivan Boyko);ODS Read BOSS;Synchronization;;Synchronization + пустая бизнес-роль
imboyko;Бойко Иван Михайлович (Ivan Boyko);ODS Read Boss 1;Synchronization;;Synchronization + пустая бизнес-роль
imboyko;Бойко Иван Михайлович (Ivan Boyko);ODS Read Cdm Analysis Out;Synchronization;;Synchronization + пустая бизнес-роль
imboyko;Бойко Иван Михайлович (Ivan Boyko);ODS Read DMS;Synchronization;;Synchronization + пустая бизнес-роль
imboyko;Бойко Иван Михайлович (Ivan Boyko);ODS Read Finance;Synchronization;;Synchronization + пустая бизнес-роль
imboyko;Бойко Иван Михайлович (Ivan Boyko);ODS Read LK;Synchronization;;Synchronization + пустая бизнес-роль
imboyko;Бойко Иван Михайлович (Ivan Boyko);ODS Read Naumen;Synchronization;;Synchronization + пустая бизнес-роль
imboyko;Бойко Иван Михайлович (Ivan Boyko);ODS Read RGSSCC;Synchronization;;Synchronization + пустая бизнес-роль
imboyko;Бойко Иван Михайлович (Ivan Boyko);ODS Unspec Analysis;Synchronization;;Synchronization + пустая бизнес-роль
imfoygel;Фойгель Игорь Михайлович (Igor Foygel);ODS Read BCAPP;Synchronization;;Synchronization + пустая бизнес-роль
imfoygel;Фойгель Игорь Михайлович (Igor Foygel);ODS Read PCAPP;Synchronization;;Synchronization + пустая бизнес-роль
impaladwh;ImpalaDWH;DWH Developer;Synchronization;;Synchronization + пустая бизнес-роль
impaladwh;ImpalaDWH;EDW All Cdm Analysis;Synchronization;;Synchronization + пустая бизнес-роль
impaladwh;ImpalaDWH;EDW All Cdm Analysis Out;Synchronization;;Synchronization + пустая бизнес-роль
impaladwh;ImpalaDWH;EDW All Core;Synchronization;;Synchronization + пустая бизнес-роль
impaladwh;ImpalaDWH;EDW Read Core;Synchronization;;Synchronization + пустая бизнес-роль
impaladwh;ImpalaDWH;ODS All Audatex;Synchronization;;Synchronization + пустая бизнес-роль
impaladwh;ImpalaDWH;ODS All Mobile;Synchronization;;Synchronization + пустая бизнес-роль
impaladwh;ImpalaDWH;ODS All Splunk Avtocod;Synchronization;;Synchronization + пустая бизнес-роль
impaladwh;ImpalaDWH;ODS All Splunk KBM;Synchronization;;Synchronization + пустая бизнес-роль
impaladwh;ImpalaDWH;ODS All Transdekra;Synchronization;;Synchronization + пустая бизнес-роль
impaladwh;ImpalaDWH;ODS Read ARM4;Synchronization;;Synchronization + пустая бизнес-роль
impaladwh;ImpalaDWH;ODS Read EKIS;Synchronization;;Synchronization + пустая бизнес-роль
impuudevuser;ImpUUDevUser;DWHT Ods Read msfo17;Synchronization;;Synchronization + пустая бизнес-роль
impuutestuser;ImpUUTestUser;DWHT Ods Read msfo17;Synchronization;;Synchronization + пустая бизнес-роль
imtkach;Ткач Иван Михайлович (Ivan Tkach);ODS Read CC;Synchronization;;Synchronization + пустая бизнес-роль
ipbeloborodov;Белобородов Иван Павлович (Ivan Beloborodov);EDW Read Core;Synchronization;;Synchronization + пустая бизнес-роль
ipbeloborodov;Белобородов Иван Павлович (Ivan Beloborodov);ODS All Auto;Synchronization;;Synchronization + пустая бизнес-роль
ipbeloborodov;Белобородов Иван Павлович (Ivan Beloborodov);ODS Read ARM4;Synchronization;;Synchronization + пустая бизнес-роль
ipbeloborodov;Белобородов Иван Павлович (Ivan Beloborodov);ODS Read EKIS;Synchronization;;Synchronization + пустая бизнес-роль
ipbeloborodov;Белобородов Иван Павлович (Ivan Beloborodov);ODS Read Report;Synchronization;;Synchronization + пустая бизнес-роль
ipbeloborodov;Белобородов Иван Павлович (Ivan Beloborodov);ODS Unspec Property;Synchronization;;Synchronization + пустая бизнес-роль
ipbeloborodov;Белобородов Иван Павлович (Ivan Beloborodov);ODS Unspecified;Synchronization;;Synchronization + пустая бизнес-роль
irsiukaeva;Сиукаева Инесса Рудольфовна (Inessa Siukaeva);ODS Read CC;Synchronization;;Synchronization + пустая бизнес-роль
isberezovskiy;Березовский Иван Сергеевич (Ivan Berezovskiy);EDW Read CCU;Synchronization;;Synchronization + пустая бизнес-роль
isberezovskiy;Березовский Иван Сергеевич (Ivan Berezovskiy);EDW Read Cdm Analysis;Synchronization;;Synchronization + пустая бизнес-роль
isberezovskiy;Березовский Иван Сергеевич (Ivan Berezovskiy);EDW Read Cdm Analysis Out;Synchronization;;Synchronization + пустая бизнес-роль
isberezovskiy;Березовский Иван Сергеевич (Ivan Berezovskiy);EDW Read Core;Synchronization;;Synchronization + пустая бизнес-роль
isberezovskiy;Березовский Иван Сергеевич (Ivan Berezovskiy);ODS Read Auto;Synchronization;;Synchronization + пустая бизнес-роль
isberezovskiy;Березовский Иван Сергеевич (Ivan Berezovskiy);ODS Read CDM;Synchronization;;Synchronization + пустая бизнес-роль
isberezovskiy;Березовский Иван Сергеевич (Ivan Berezovskiy);ODS Read Cdm Analysis;Synchronization;;Synchronization + пустая бизнес-роль
isberezovskiy;Березовский Иван Сергеевич (Ivan Berezovskiy);ODS Read Cdm Analysis Out;Synchronization;;Synchronization + пустая бизнес-роль
isberezovskiy;Березовский Иван Сергеевич (Ivan Berezovskiy);ODS Read Report;Synchronization;;Synchronization + пустая бизнес-роль
isberezovskiy;Березовский Иван Сергеевич (Ivan Berezovskiy);ODS Read RGSSCC;Synchronization;;Synchronization + пустая бизнес-роль
isbulatov;Булатов Искандер Шамилевич (Iskander Bulatov);EDW Read Actuary;Synchronization;;Synchronization + пустая бизнес-роль
isbulatov;Булатов Искандер Шамилевич (Iskander Bulatov);EDW Read Core;Synchronization;;Synchronization + пустая бизнес-роль
isbulatov;Булатов Искандер Шамилевич (Iskander Bulatov);EDW Unspec Analysis;Synchronization;;Synchronization + пустая бизнес-роль
isbulatov;Булатов Искандер Шамилевич (Iskander Bulatov);EDW Unspec Analysis Out;Synchronization;;Synchronization + пустая бизнес-роль
isbulatov;Булатов Искандер Шамилевич (Iskander Bulatov);ODS Read Actuary;Synchronization;;Synchronization + пустая бизнес-роль
isbulatov;Булатов Искандер Шамилевич (Iskander Bulatov);ODS Read fb781p;Synchronization;;Synchronization + пустая бизнес-роль
isbulatov;Булатов Искандер Шамилевич (Iskander Bulatov);ODS Read Report;Synchronization;;Synchronization + пустая бизнес-роль
isbulatov;Булатов Искандер Шамилевич (Iskander Bulatov);ODS Read RGSSCC;Synchronization;;Synchronization + пустая бизнес-роль
isbulatov;Булатов Искандер Шамилевич (Iskander Bulatov);ODS Read XBRL;Synchronization;;Synchronization + пустая бизнес-роль
isbulatov;Булатов Искандер Шамилевич (Iskander Bulatov);ODS Unspec Analysis;Synchronization;;Synchronization + пустая бизнес-роль
isbulatov;Булатов Искандер Шамилевич (Iskander Bulatov);ODS Unspec Analysis Out;Synchronization;;Synchronization + пустая бизнес-роль
iselina;Елина Ирина Сергеевна (Irina Elina);ART Персонал (Весь поезд)art_hr@rgs.ru-12089312808;Synchronization;;Synchronization + пустая бизнес-роль
iselina;Елина Ирина Сергеевна (Irina Elina);ART Персонал (Менеджмент поезда)-11742115441;Synchronization;;Synchronization + пустая бизнес-роль
iskonstantinov;Константинов Илья Сергеевич (Ilya Konstantinov);EDW Read Actuary;Synchronization;;Synchronization + пустая бизнес-роль
iskonstantinov;Константинов Илья Сергеевич (Ilya Konstantinov);EDW Unspec Analysis Out;Synchronization;;Synchronization + пустая бизнес-роль
iskonstantinov;Константинов Илья Сергеевич (Ilya Konstantinov);ODS All fb781p;Synchronization;;Synchronization + пустая бизнес-роль
iskonstantinov;Константинов Илья Сергеевич (Ilya Konstantinov);ODS Read Actuary;Synchronization;;Synchronization + пустая бизнес-роль
iskonstantinov;Константинов Илья Сергеевич (Ilya Konstantinov);ODS Unspec Analysis Out;Synchronization;;Synchronization + пустая бизнес-роль
issmirnov;Смирнов Илья Сергеевич (Ilya Smirnov);ART Partners. РГС PRO-1-1594249140;Synchronization;;Synchronization + пустая бизнес-роль
istulin;Тулин Иван Сергеевич (Ivan Tulin);ART Данные поезд-1-94909927;Synchronization;;Synchronization + пустая бизнес-роль
itop;itop;EDW Administrator;Synchronization;;Synchronization + пустая бизнес-роль
itop;itop;ODS Administrator;Synchronization;;Synchronization + пустая бизнес-роль
iv_tikhonov;Тихонов Игорь Владимирович (Igor Tikhonov);DWH Administrator;Synchronization;;Synchronization + пустая бизнес-роль
iv_tikhonov;Тихонов Игорь Владимирович (Igor Tikhonov);DWH Developer;Synchronization;;Synchronization + пустая бизнес-роль
ivfilin;Филин Игорь Валерьевич (Igor Filin);ART Данные поезд-1-94909927;Synchronization;;Synchronization + пустая бизнес-роль
ivfilin;Филин Игорь Валерьевич (Igor Filin);EDW All AISZHL;Synchronization;;Synchronization + пустая бизнес-роль
ivfilin;Филин Игорь Валерьевич (Igor Filin);EDW All CCU;Synchronization;;Synchronization + пустая бизнес-роль
ivfilin;Филин Игорь Валерьевич (Igor Filin);EDW Read Cdm Analysis;Synchronization;;Synchronization + пустая бизнес-роль
ivfilin;Филин Игорь Валерьевич (Igor Filin);EDW Unspec Analysis Out;Synchronization;;Synchronization + пустая бизнес-роль
ivfilin;Филин Игорь Валерьевич (Igor Filin);ODS All Audatex;Synchronization;;Synchronization + пустая бизнес-роль
ivfilin;Филин Игорь Валерьевич (Igor Filin);ODS All DoubleData;Synchronization;;Synchronization + пустая бизнес-роль
ivfilin;Филин Игорь Валерьевич (Igor Filin);ODS All Equifax;Synchronization;;Synchronization + пустая бизнес-роль
ivfilin;Филин Игорь Валерьевич (Igor Filin);ODS All FOIV;Synchronization;;Synchronization + пустая бизнес-роль
ivfilin;Филин Игорь Валерьевич (Igor Filin);ODS All IA;Synchronization;;Synchronization + пустая бизнес-роль
ivfilin;Филин Игорь Валерьевич (Igor Filin);ODS All Insbridge;Synchronization;;Synchronization + пустая бизнес-роль
ivfilin;Филин Игорь Валерьевич (Igor Filin);ODS All MFMS;Synchronization;;Synchronization + пустая бизнес-роль
ivfilin;Филин Игорь Валерьевич (Igor Filin);ODS All Mobile;Synchronization;;Synchronization + пустая бизнес-роль
ivfilin;Филин Игорь Валерьевич (Igor Filin);ODS All NBKI;Synchronization;;Synchronization + пустая бизнес-роль
ivfilin;Филин Игорь Валерьевич (Igor Filin);ODS All OpenBank;Synchronization;;Synchronization + пустая бизнес-роль
ivfilin;Филин Игорь Валерьевич (Igor Filin);ODS All RSAKBM;Synchronization;;Synchronization + пустая бизнес-роль
ivfilin;Филин Игорь Валерьевич (Igor Filin);ODS All SCOP;Synchronization;;Synchronization + пустая бизнес-роль
ivfilin;Филин Игорь Валерьевич (Igor Filin);ODS All Splunk Avtocod;Synchronization;;Synchronization + пустая бизнес-роль
ivfilin;Филин Игорь Валерьевич (Igor Filin);ODS All Splunk KBM;Synchronization;;Synchronization + пустая бизнес-роль
ivfilin;Филин Игорь Валерьевич (Igor Filin);ODS All Splunk UFO;Synchronization;;Synchronization + пустая бизнес-роль
ivfilin;Филин Игорь Валерьевич (Igor Filin);ODS All Telematics;Synchronization;;Synchronization + пустая бизнес-роль
ivfilin;Филин Игорь Валерьевич (Igor Filin);ODS All Transdekra;Synchronization;;Synchronization + пустая бизнес-роль
ivfilin;Филин Игорь Валерьевич (Igor Filin);ODS Read Boss 1;Synchronization;;Synchronization + пустая бизнес-роль
ivfilin;Филин Игорь Валерьевич (Igor Filin);ODS Read VIRTU;Synchronization;;Synchronization + пустая бизнес-роль
ivfilin;Филин Игорь Валерьевич (Igor Filin);ODS Unspec Analysis Out;Synchronization;;Synchronization + пустая бизнес-роль
ivgeneralov;Генералов Игорь Викторович (Igor Generalov);EDW Read Core;Synchronization;;Synchronization + пустая бизнес-роль
ivgeneralov;Генералов Игорь Викторович (Igor Generalov);ODS Read Audatex;Synchronization;;Synchronization + пустая бизнес-роль
ivgeneralov;Генералов Игорь Викторович (Igor Generalov);ODS Read Mobile;Synchronization;;Synchronization + пустая бизнес-роль
ivgeneralov;Генералов Игорь Викторович (Igor Generalov);ODS Read Splunk Avtocod;Synchronization;;Synchronization + пустая бизнес-роль
ivgeneralov;Генералов Игорь Викторович (Igor Generalov);ODS Read Splunk KBM;Synchronization;;Synchronization + пустая бизнес-роль
ivgeneralov;Генералов Игорь Викторович (Igor Generalov);ODS Read Transdekra;Synchronization;;Synchronization + пустая бизнес-роль
ivgrebennikov;Гребенников Игорь Владиславович (Igor Grebennikov);EDW All CCU;Synchronization;;Synchronization + пустая бизнес-роль
ivgrebennikov;Гребенников Игорь Владиславович (Igor Grebennikov);EDW Read CDI;Synchronization;;Synchronization + пустая бизнес-роль
ivgrebennikov;Гребенников Игорь Владиславович (Igor Grebennikov);EDW Read Core;Synchronization;;Synchronization + пустая бизнес-роль
ivgrebennikov;Гребенников Игорь Владиславович (Igor Grebennikov);EDW Read RB;Synchronization;;Synchronization + пустая бизнес-роль
ivgrebennikov;Гребенников Игорь Владиславович (Igor Grebennikov);EDW Unspec Analysis Out;Synchronization;;Synchronization + пустая бизнес-роль
ivgrebennikov;Гребенников Игорь Владиславович (Igor Grebennikov);ODS Read ARM4;Synchronization;;Synchronization + пустая бизнес-роль
ivgrebennikov;Гребенников Игорь Владиславович (Igor Grebennikov);ODS Read Auto;Synchronization;;Synchronization + пустая бизнес-роль
ivgrebennikov;Гребенников Игорь Владиславович (Igor Grebennikov);ODS Read Boss 1;Synchronization;;Synchronization + пустая бизнес-роль
ivgrebennikov;Гребенников Игорь Владиславович (Igor Grebennikov);ODS Read CC;Synchronization;;Synchronization + пустая бизнес-роль
ivgrebennikov;Гребенников Игорь Владиславович (Igor Grebennikov);ODS Read DMS;Synchronization;;Synchronization + пустая бизнес-роль
ivgrebennikov;Гребенников Игорь Владиславович (Igor Grebennikov);ODS Read EKIS;Synchronization;;Synchronization + пустая бизнес-роль
ivgrebennikov;Гребенников Игорь Владиславович (Igor Grebennikov);ODS Read Finance;Synchronization;;Synchronization + пустая бизнес-роль
ivgrebennikov;Гребенников Игорь Владиславович (Igor Grebennikov);ODS Read LK;Synchronization;;Synchronization + пустая бизнес-роль
ivgrebennikov;Гребенников Игорь Владиславович (Igor Grebennikov);ODS Read Naumen;Synchronization;;Synchronization + пустая бизнес-роль
ivgrebennikov;Гребенников Игорь Владиславович (Igor Grebennikov);ODS Read PCAPP;Synchronization;;Synchronization + пустая бизнес-роль
ivgrebennikov;Гребенников Игорь Владиславович (Igor Grebennikov);ODS Read Report;Synchronization;;Synchronization + пустая бизнес-роль
ivgrebennikov;Гребенников Игорь Владиславович (Igor Grebennikov);ODS Read RGSSCC;Synchronization;;Synchronization + пустая бизнес-роль
ivgrebennikov;Гребенников Игорь Владиславович (Igor Grebennikov);ODS Unspec Analysis Out;Synchronization;;Synchronization + пустая бизнес-роль
ivgrebennikov;Гребенников Игорь Владиславович (Igor Grebennikov);ODS Unspec Auto;Synchronization;;Synchronization + пустая бизнес-роль
ivkarandin;Карандин Иван Валерьевич (Ivan Karandin);EDW Read CDI;Synchronization;;Synchronization + пустая бизнес-роль
ivkarandin;Карандин Иван Валерьевич (Ivan Karandin);EDW Read Core;Synchronization;;Synchronization + пустая бизнес-роль
ivkarandin;Карандин Иван Валерьевич (Ivan Karandin);ODS All DES;Synchronization;;Synchronization + пустая бизнес-роль
ivkarandin;Карандин Иван Валерьевич (Ivan Karandin);ODS Read ARM4;Synchronization;;Synchronization + пустая бизнес-роль
ivkarandin;Карандин Иван Валерьевич (Ivan Karandin);ODS Read BCAPP;Synchronization;;Synchronization + пустая бизнес-роль
ivkarandin;Карандин Иван Валерьевич (Ivan Karandin);ODS Read Boss 1;Synchronization;;Synchronization + пустая бизнес-роль
ivkarandin;Карандин Иван Валерьевич (Ivan Karandin);ODS Read CC;Synchronization;;Synchronization + пустая бизнес-роль
ivkarandin;Карандин Иван Валерьевич (Ivan Karandin);ODS Read DMS;Synchronization;;Synchronization + пустая бизнес-роль
ivkarandin;Карандин Иван Валерьевич (Ivan Karandin);ODS Read EKIS;Synchronization;;Synchronization + пустая бизнес-роль
ivkarandin;Карандин Иван Валерьевич (Ivan Karandin);ODS Read KIAS;Synchronization;;Synchronization + пустая бизнес-роль
ivkarandin;Карандин Иван Валерьевич (Ivan Karandin);ODS Read Naumen;Synchronization;;Synchronization + пустая бизнес-роль
ivkarandin;Карандин Иван Валерьевич (Ivan Karandin);ODS Read PCAPP;Synchronization;;Synchronization + пустая бизнес-роль
ivkarandin;Карандин Иван Валерьевич (Ivan Karandin);ODS Read RGSSCC;Synchronization;;Synchronization + пустая бизнес-роль
ivkarandin;Карандин Иван Валерьевич (Ivan Karandin);ODS Read SCR;Synchronization;;Synchronization + пустая бизнес-роль
ivkarandin;Карандин Иван Валерьевич (Ivan Karandin);ODS Read Splunk UFO;Synchronization;;Synchronization + пустая бизнес-роль
ivkarandin;Карандин Иван Валерьевич (Ivan Karandin);ODS Read Tessa;Synchronization;;Synchronization + пустая бизнес-роль
ivkarandin;Карандин Иван Валерьевич (Ivan Karandin);ODS Read UFO;Synchronization;;Synchronization + пустая бизнес-роль
ivkarandin;Карандин Иван Валерьевич (Ivan Karandin);ODS Read VIRTU;Synchronization;;Synchronization + пустая бизнес-роль
ivsolomatin;Соломатин Игорь Владимирович (Igor Solomatin);ODS Read Auto;Synchronization;;Synchronization + пустая бизнес-роль
ivsolomatin;Соломатин Игорь Владимирович (Igor Solomatin);ODS Read CC;Synchronization;;Synchronization + пустая бизнес-роль
ivsolomatin;Соломатин Игорь Владимирович (Igor Solomatin);ODS Read PCAPP;Synchronization;;Synchronization + пустая бизнес-роль
ivsolomatin;Соломатин Игорь Владимирович (Igor Solomatin);ODS Read UFO;Synchronization;;Synchronization + пустая бизнес-роль
ivtokarev;Токарев Илья Владимирович (Ilya Tokarev);EDW Read RB;Synchronization;;Synchronization + пустая бизнес-роль
ivtokarev;Токарев Илья Владимирович (Ilya Tokarev);ODS All Auto;Synchronization;;Synchronization + пустая бизнес-роль
ivtokarev;Токарев Илья Владимирович (Ilya Tokarev);ODS Read SCR;Synchronization;;Synchronization + пустая бизнес-роль
ivzakharova;Захарова Ирина Валентиновна (Irina Zakharova);EDW Read SCOP;Synchronization;;Synchronization + пустая бизнес-роль
iyuzemskov;Земсков Иван Юрьевич (Ivan Zemskov);ART Данные лид-11605388543;Synchronization;;Synchronization + пустая бизнес-роль
iyuzemskov;Земсков Иван Юрьевич (Ivan Zemskov);ART Данные поезд-1-94909927;Synchronization;;Synchronization + пустая бизнес-роль
iyuzemskov;Земсков Иван Юрьевич (Ivan Zemskov);EDW All Finance;Synchronization;;Synchronization + пустая бизнес-роль
iyuzemskov;Земсков Иван Юрьевич (Ivan Zemskov);EDW Read AISZHL;Synchronization;;Synchronization + пустая бизнес-роль
iyuzemskov;Земсков Иван Юрьевич (Ivan Zemskov);EDW Read Operrep;Synchronization;;Synchronization + пустая бизнес-роль
iyuzemskov;Земсков Иван Юрьевич (Ivan Zemskov);EDW Read RB;Synchronization;;Synchronization + пустая бизнес-роль
iyuzemskov;Земсков Иван Юрьевич (Ivan Zemskov);ODS All Finance;Synchronization;;Synchronization + пустая бизнес-роль
iyuzemskov;Земсков Иван Юрьевич (Ivan Zemskov);ODS All Qlik;Synchronization;;Synchronization + пустая бизнес-роль
iyuzemskov;Земсков Иван Юрьевич (Ivan Zemskov);ODS Read ARM4;Synchronization;;Synchronization + пустая бизнес-роль
iyuzemskov;Земсков Иван Юрьевич (Ivan Zemskov);ODS Read CC;Synchronization;;Synchronization + пустая бизнес-роль
iyuzemskov;Земсков Иван Юрьевич (Ivan Zemskov);ODS Read EKIS;Synchronization;;Synchronization + пустая бизнес-роль
iyuzemskov;Земсков Иван Юрьевич (Ivan Zemskov);ODS Read Finance;Synchronization;;Synchronization + пустая бизнес-роль
iyuzemskov;Земсков Иван Юрьевич (Ivan Zemskov);ODS Read KIAS;Synchronization;;Synchronization + пустая бизнес-роль
iyuzemskov;Земсков Иван Юрьевич (Ivan Zemskov);ODS Read msfo17;Synchronization;;Synchronization + пустая бизнес-роль
iyuzemskov;Земсков Иван Юрьевич (Ivan Zemskov);ODS Read Report;Synchronization;;Synchronization + пустая бизнес-роль
iyuzemskov;Земсков Иван Юрьевич (Ivan Zemskov);ODS Read RGSSCC;Synchronization;;Synchronization + пустая бизнес-роль
iyuzemskov;Земсков Иван Юрьевич (Ivan Zemskov);ODS Read RI;Synchronization;;Synchronization + пустая бизнес-роль
iyuzemskov;Земсков Иван Юрьевич (Ivan Zemskov);ODS Read RSAPRD;Synchronization;;Synchronization + пустая бизнес-роль
iyuzemskov;Земсков Иван Юрьевич (Ivan Zemskov);ODS Read SAP;Synchronization;;Synchronization + пустая бизнес-роль
iyuzemskov;Земсков Иван Юрьевич (Ivan Zemskov);ODS Read Splunk UFO;Synchronization;;Synchronization + пустая бизнес-роль
iyuzemskov;Земсков Иван Юрьевич (Ivan Zemskov);ODS Read Tessa;Synchronization;;Synchronization + пустая бизнес-роль
iyuzemskov;Земсков Иван Юрьевич (Ivan Zemskov);ODS Read VIRTU;Synchronization;;Synchronization + пустая бизнес-роль
iyuzemskov;Земсков Иван Юрьевич (Ivan Zemskov);ODS Unspec Analysis;Synchronization;;Synchronization + пустая бизнес-роль
iyuzemskov;Земсков Иван Юрьевич (Ivan Zemskov);ODS Unspec Analysis Out;Synchronization;;Synchronization + пустая бизнес-роль
jdbc-adapter-dwh;jdbc-adapter-dwh;EDW All Mortgage;Synchronization;;Synchronization + пустая бизнес-роль
jdbc-adapter-dwh;jdbc-adapter-dwh;EDW Read Core;Synchronization;;Synchronization + пустая бизнес-роль
jdbcadapterdwht;jdbcadapterdwht;DWHT Edw Read Core;Synchronization;;Synchronization + пустая бизнес-роль
jdbcadapterdwht;jdbcadapterdwht;DWHT Ods Read Source;Synchronization;;Synchronization + пустая бизнес-роль
jdbc-adapter-edw;jdbc-adapter-edw;EDW All Mortgage;Synchronization;;Synchronization + пустая бизнес-роль
jdbc-adapter-edw;jdbc-adapter-edw;EDW Read Core;Synchronization;;Synchronization + пустая бизнес-роль
jdbc-adapter-ods;jdbc-adapter-ods;ODS Read ARM4;Synchronization;;Synchronization + пустая бизнес-роль
jdbc-adapter-ods;jdbc-adapter-ods;ODS Read EKIS;Synchronization;;Synchronization + пустая бизнес-роль
kabelyaev;Беляев Кирилл Алексеевич (Kirill Belyaev);EDW All BCI;Synchronization;;Synchronization + пустая бизнес-роль
kabelyaev;Беляев Кирилл Алексеевич (Kirill Belyaev);EDW Read Core;Synchronization;;Synchronization + пустая бизнес-роль
kabelyaev;Беляев Кирилл Алексеевич (Kirill Belyaev);ODS All BCI;Synchronization;;Synchronization + пустая бизнес-роль
kabelyaev;Беляев Кирилл Алексеевич (Kirill Belyaev);ODS Read ARM4;Synchronization;;Synchronization + пустая бизнес-роль
kabelyaev;Беляев Кирилл Алексеевич (Kirill Belyaev);ODS Read CC;Synchronization;;Synchronization + пустая бизнес-роль
kabelyaev;Беляев Кирилл Алексеевич (Kirill Belyaev);ODS Read DIAS;Synchronization;;Synchronization + пустая бизнес-роль
kabelyaev;Беляев Кирилл Алексеевич (Kirill Belyaev);ODS Read EKIS;Synchronization;;Synchronization + пустая бизнес-роль
kabelyaev;Беляев Кирилл Алексеевич (Kirill Belyaev);ODS Read RGSSCC;Synchronization;;Synchronization + пустая бизнес-роль
kabelyaev;Беляев Кирилл Алексеевич (Kirill Belyaev);ODS Read SAP;Synchronization;;Synchronization + пустая бизнес-роль
kabubnov;Бубнов Кирилл Андреевич (Kirill Bubnov);ODS All GURU Region;Synchronization;;Synchronization + пустая бизнес-роль
kabubnov;Бубнов Кирилл Андреевич (Kirill Bubnov);ODS Read CC;Synchronization;;Synchronization + пустая бизнес-роль
kamanakova;Манакова Ксения Алексеевна (Kseniya Manakova);ADB Write Dm msfo17;Synchronization;;Synchronization + пустая бизнес-роль
kamanakova;Манакова Ксения Алексеевна (Kseniya Manakova);ADBT Write Dm msfo17;Synchronization;;Synchronization + пустая бизнес-роль
kau_system;kau_system;ODS Unspec Property;Synchronization;;Synchronization + пустая бизнес-роль
kaurvantsev;Урванцев Константин Александрович (Konstantin Urvantsev);EDW Read SCOP;Synchronization;;Synchronization + пустая бизнес-роль
kazavyalov;Завьялов Кирилл Алексеевич (Kirill Zavyalov);ART Данные поезд-1-94909927;Synchronization;;Synchronization + пустая бизнес-роль
kbm_user;kbm_user;EDW All MLDEV72;Synchronization;;Synchronization + пустая бизнес-роль
kbm_user;kbm_user;EDW Read CDI;Synchronization;;Synchronization + пустая бизнес-роль
kbm_user;kbm_user;EDW Read Core;Synchronization;;Synchronization + пустая бизнес-роль
kbm_user;kbm_user;ODS All MLDEV72;Synchronization;;Synchronization + пустая бизнес-роль
kbm_user;kbm_user;ODS Read Audatex;Synchronization;;Synchronization + пустая бизнес-роль
kbm_user;kbm_user;ODS Read CC;Synchronization;;Synchronization + пустая бизнес-роль
kbm_user;kbm_user;ODS Read Equifax;Synchronization;;Synchronization + пустая бизнес-роль
kbm_user;kbm_user;ODS Read FOIV;Synchronization;;Synchronization + пустая бизнес-роль
kbm_user;kbm_user;ODS Read Insbridge;Synchronization;;Synchronization + пустая бизнес-роль
kbm_user;kbm_user;ODS Read LK;Synchronization;;Synchronization + пустая бизнес-роль
kbm_user;kbm_user;ODS Read RSAKBM;Synchronization;;Synchronization + пустая бизнес-роль
kbm_user;kbm_user;ODS Read Splunk KBM;Synchronization;;Synchronization + пустая бизнес-роль
kbm_user;kbm_user;ODS Read Transdekra;Synchronization;;Synchronization + пустая бизнес-роль
kbm_user;kbm_user;ODS Unspec Auto;Synchronization;;Synchronization + пустая бизнес-роль
kbm_user;kbm_user;ODS Unspec Property;Synchronization;;Synchronization + пустая бизнес-роль
kbsedova;Седова Кристина Борисовна (Kristina Sedova);ART Данные поезд-1-94909927;Synchronization;;Synchronization + пустая бизнес-роль
kdmorozova;Морозова Кристина Дмитриевна (Kristina Morozova);ART Данные поезд-1-94909927;Synchronization;;Synchronization + пустая бизнес-роль
kepegasheva;Пегашева Ксения Евгеньевна (Kseniya Pegasheva);ODS All Auto;Synchronization;;Synchronization + пустая бизнес-роль
kepegasheva;Пегашева Ксения Евгеньевна (Kseniya Pegasheva);ODS Read ARM4;Synchronization;;Synchronization + пустая бизнес-роль
kepegasheva;Пегашева Ксения Евгеньевна (Kseniya Pegasheva);ODS Read CC;Synchronization;;Synchronization + пустая бизнес-роль
kepegasheva;Пегашева Ксения Евгеньевна (Kseniya Pegasheva);ODS Read EKIS;Synchronization;;Synchronization + пустая бизнес-роль
kepegasheva;Пегашева Ксения Евгеньевна (Kseniya Pegasheva);ODS Read RGSSCC;Synchronization;;Synchronization + пустая бизнес-роль
kepegasheva;Пегашева Ксения Евгеньевна (Kseniya Pegasheva);ODS Unspecified;Synchronization;;Synchronization + пустая бизнес-роль
knkorotkov;Коротков Константин Николаевич (Konstantin Korotkov);ODS All Qlik;Synchronization;;Synchronization + пустая бизнес-роль
knkorotkov;Коротков Константин Николаевич (Konstantin Korotkov);ODS Read Qlik;Synchronization;;Synchronization + пустая бизнес-роль
ksdyatlov;Дятлов Константин Сергеевич (Konstantin Dyatlov);DWH User;Synchronization;;Synchronization + пустая бизнес-роль
ksdyatlov;Дятлов Константин Сергеевич (Konstantin Dyatlov);EDW All RB;Synchronization;;Synchronization + пустая бизнес-роль
ksdyatlov;Дятлов Константин Сергеевич (Konstantin Dyatlov);EDW Read Core;Synchronization;;Synchronization + пустая бизнес-роль
ksdyatlov;Дятлов Константин Сергеевич (Konstantin Dyatlov);ODS All Actuary;Synchronization;;Synchronization + пустая бизнес-роль
ksdyatlov;Дятлов Константин Сергеевич (Konstantin Dyatlov);ODS Read ARM4;Synchronization;;Synchronization + пустая бизнес-роль
ksdyatlov;Дятлов Константин Сергеевич (Konstantin Dyatlov);ODS Read BOSS;Synchronization;;Synchronization + пустая бизнес-роль
ksdyatlov;Дятлов Константин Сергеевич (Konstantin Dyatlov);ODS Read Boss 1;Synchronization;;Synchronization + пустая бизнес-роль
ksdyatlov;Дятлов Константин Сергеевич (Konstantin Dyatlov);ODS Read CC;Synchronization;;Synchronization + пустая бизнес-роль
ksdyatlov;Дятлов Константин Сергеевич (Konstantin Dyatlov);ODS Read EKIS;Synchronization;;Synchronization + пустая бизнес-роль
ksdyatlov;Дятлов Константин Сергеевич (Konstantin Dyatlov);ODS Read Finance;Synchronization;;Synchronization + пустая бизнес-роль
ksdyatlov;Дятлов Константин Сергеевич (Konstantin Dyatlov);ODS Read Report;Synchronization;;Synchronization + пустая бизнес-роль
ksdyatlov;Дятлов Константин Сергеевич (Konstantin Dyatlov);ODS Read RGSJ;Synchronization;;Synchronization + пустая бизнес-роль
ksdyatlov;Дятлов Константин Сергеевич (Konstantin Dyatlov);ODS Read RGSSCC;Synchronization;;Synchronization + пустая бизнес-роль
ksdyatlov;Дятлов Константин Сергеевич (Konstantin Dyatlov);ODS Read SAP;Synchronization;;Synchronization + пустая бизнес-роль
ksdyatlov;Дятлов Константин Сергеевич (Konstantin Dyatlov);ODS Unspec Auto;Synchronization;;Synchronization + пустая бизнес-роль
ksdyatlov;Дятлов Константин Сергеевич (Konstantin Dyatlov);ODS Unspec Property;Synchronization;;Synchronization + пустая бизнес-роль
kskorneev;Корнеев Константин Сергеевич (Konstantin Korneev);ODS Read RSAPRD;Synchronization;;Synchronization + пустая бизнес-роль
kspeshin;Пешин Кирилл Сергеевич (Kirill Peshin);EDW All Mortgage;Synchronization;;Synchronization + пустая бизнес-роль
kspeshin;Пешин Кирилл Сергеевич (Kirill Peshin);EDW Read Core;Synchronization;;Synchronization + пустая бизнес-роль
kssolyanov;Солянов Кирилл Сергеевич (Kirill Solyanov);EDW All Cdm Analysis;Synchronization;;Synchronization + пустая бизнес-роль
kssolyanov;Солянов Кирилл Сергеевич (Kirill Solyanov);EDW Read CCU;Synchronization;;Synchronization + пустая бизнес-роль
kssolyanov;Солянов Кирилл Сергеевич (Kirill Solyanov);EDW Read Cdm Analysis;Synchronization;;Synchronization + пустая бизнес-роль
kssolyanov;Солянов Кирилл Сергеевич (Kirill Solyanov);EDW Read Cdm Analysis Out;Synchronization;;Synchronization + пустая бизнес-роль
kssolyanov;Солянов Кирилл Сергеевич (Kirill Solyanov);EDW Read Core;Synchronization;;Synchronization + пустая бизнес-роль
kssolyanov;Солянов Кирилл Сергеевич (Kirill Solyanov);ODS Read Auto;Synchronization;;Synchronization + пустая бизнес-роль
kssolyanov;Солянов Кирилл Сергеевич (Kirill Solyanov);ODS Read BCAPP;Synchronization;;Synchronization + пустая бизнес-роль
kssolyanov;Солянов Кирилл Сергеевич (Kirill Solyanov);ODS Read CCU;Synchronization;;Synchronization + пустая бизнес-роль
kssolyanov;Солянов Кирилл Сергеевич (Kirill Solyanov);ODS Read Cdm Analysis;Synchronization;;Synchronization + пустая бизнес-роль
kssolyanov;Солянов Кирилл Сергеевич (Kirill Solyanov);ODS Read Cdm Analysis Out;Synchronization;;Synchronization + пустая бизнес-роль
kssolyanov;Солянов Кирилл Сергеевич (Kirill Solyanov);ODS Read PCAPP;Synchronization;;Synchronization + пустая бизнес-роль
kssolyanov;Солянов Кирилл Сергеевич (Kirill Solyanov);ODS Read Report;Synchronization;;Synchronization + пустая бизнес-роль
kssolyanov;Солянов Кирилл Сергеевич (Kirill Solyanov);ODS Read RGSSCC;Synchronization;;Synchronization + пустая бизнес-роль
kssolyanov;Солянов Кирилл Сергеевич (Kirill Solyanov);ODS Read SAP;Synchronization;;Synchronization + пустая бизнес-роль
kssolyanov;Солянов Кирилл Сергеевич (Kirill Solyanov);ODS Read UKDZISP;Synchronization;;Synchronization + пустая бизнес-роль
kvbulanov;Буланов Кирилл Владимирович (Kirill Bulanov);DWH Developer;Synchronization;;Synchronization + пустая бизнес-роль
kvbulanov;Буланов Кирилл Владимирович (Kirill Bulanov);EDW All CDI;Synchronization;;Synchronization + пустая бизнес-роль
kvbulanov;Буланов Кирилл Владимирович (Kirill Bulanov);EDW All CDM;Synchronization;;Synchronization + пустая бизнес-роль
kvbulanov;Буланов Кирилл Владимирович (Kirill Bulanov);EDW All Core;Synchronization;;Synchronization + пустая бизнес-роль
kvbulanov;Буланов Кирилл Владимирович (Kirill Bulanov);EDW All CRM;Synchronization;;Synchronization + пустая бизнес-роль
kvbulanov;Буланов Кирилл Владимирович (Kirill Bulanov);EDW Read CCU;Synchronization;;Synchronization + пустая бизнес-роль
kvbulanov;Буланов Кирилл Владимирович (Kirill Bulanov);EDW Read Cdm Analysis;Synchronization;;Synchronization + пустая бизнес-роль
kvbulanov;Буланов Кирилл Владимирович (Kirill Bulanov);EDW Read Cdm Analysis Out;Synchronization;;Synchronization + пустая бизнес-роль
kvbulanov;Буланов Кирилл Владимирович (Kirill Bulanov);EDW Read RB;Synchronization;;Synchronization + пустая бизнес-роль
kvbulanov;Буланов Кирилл Владимирович (Kirill Bulanov);EDW Resource Administrator;Synchronization;;Synchronization + пустая бизнес-роль
kvbulanov;Буланов Кирилл Владимирович (Kirill Bulanov);ODS All ARCtrl;Synchronization;;Synchronization + пустая бизнес-роль
kvbulanov;Буланов Кирилл Владимирович (Kirill Bulanov);ODS All ARM4;Synchronization;;Synchronization + пустая бизнес-роль
kvbulanov;Буланов Кирилл Владимирович (Kirill Bulanov);ODS All Auto;Synchronization;;Synchronization + пустая бизнес-роль
kvbulanov;Буланов Кирилл Владимирович (Kirill Bulanov);ODS All CC;Synchronization;;Synchronization + пустая бизнес-роль
kvbulanov;Буланов Кирилл Владимирович (Kirill Bulanov);ODS All CDM;Synchronization;;Synchronization + пустая бизнес-роль
kvbulanov;Буланов Кирилл Владимирович (Kirill Bulanov);ODS All EKIS;Synchronization;;Synchronization + пустая бизнес-роль
kvbulanov;Буланов Кирилл Владимирович (Kirill Bulanov);ODS All LK;Synchronization;;Synchronization + пустая бизнес-роль
kvbulanov;Буланов Кирилл Владимирович (Kirill Bulanov);ODS All MFMS;Synchronization;;Synchronization + пустая бизнес-роль
kvbulanov;Буланов Кирилл Владимирович (Kirill Bulanov);ODS All Naumen;Synchronization;;Synchronization + пустая бизнес-роль
kvbulanov;Буланов Кирилл Владимирович (Kirill Bulanov);ODS All PCAPP;Synchronization;;Synchronization + пустая бизнес-роль
kvbulanov;Буланов Кирилл Владимирович (Kirill Bulanov);ODS All RGSSCC;Synchronization;;Synchronization + пустая бизнес-роль
kvbulanov;Буланов Кирилл Владимирович (Kirill Bulanov);ODS All RSAKBM;Synchronization;;Synchronization + пустая бизнес-роль
kvbulanov;Буланов Кирилл Владимирович (Kirill Bulanov);ODS All Splunk KBM;Synchronization;;Synchronization + пустая бизнес-роль
kvbulanov;Буланов Кирилл Владимирович (Kirill Bulanov);ODS All Splunk UFO;Synchronization;;Synchronization + пустая бизнес-роль
kvbulanov;Буланов Кирилл Владимирович (Kirill Bulanov);ODS Owner CDM;Synchronization;;Synchronization + пустая бизнес-роль
kvbulanov;Буланов Кирилл Владимирович (Kirill Bulanov);ODS Read Actuary;Synchronization;;Synchronization + пустая бизнес-роль
kvbulanov;Буланов Кирилл Владимирович (Kirill Bulanov);ODS Read Boss 1;Synchronization;;Synchronization + пустая бизнес-роль
kvbulanov;Буланов Кирилл Владимирович (Kirill Bulanov);ODS Read CCU;Synchronization;;Synchronization + пустая бизнес-роль
kvbulanov;Буланов Кирилл Владимирович (Kirill Bulanov);ODS Read Cdm Analysis;Synchronization;;Synchronization + пустая бизнес-роль
kvbulanov;Буланов Кирилл Владимирович (Kirill Bulanov);ODS Read Cdm Analysis Out;Synchronization;;Synchronization + пустая бизнес-роль
kvbulanov;Буланов Кирилл Владимирович (Kirill Bulanov);ODS Read Finance;Synchronization;;Synchronization + пустая бизнес-роль
kvbulanov;Буланов Кирилл Владимирович (Kirill Bulanov);ODS Read Naumen;Synchronization;;Synchronization + пустая бизнес-роль
kvbulanov;Буланов Кирилл Владимирович (Kirill Bulanov);ODS Read UFO;Synchronization;;Synchronization + пустая бизнес-роль
kvbulanov;Буланов Кирилл Владимирович (Kirill Bulanov);ODS Resource Administrator;Synchronization;;Synchronization + пустая бизнес-роль
kvbulanov;Буланов Кирилл Владимирович (Kirill Bulanov);ODS Unspec Auto;Synchronization;;Synchronization + пустая бизнес-роль
kvgutsenko;Гуценко Константин Васильевич (Konstantin Gutsenko);ODS Read RSAPRD;Synchronization;;Synchronization + пустая бизнес-роль
kvlarkov;Ларьков Кирилл Владимирович (Kirill Larkov);ART Partners. ЦПП API-11272902660;Synchronization;;Synchronization + пустая бизнес-роль
kvnikitina;Никитина Ксения Владимировна (Kseniya Nikitina);ODS Read UFO;Synchronization;;Synchronization + пустая бизнес-роль
kvozhiganov;Ожиганов Константин Васильевич;EDW All UAG;Synchronization;;Synchronization + пустая бизнес-роль
kvozhiganov;Ожиганов Константин Васильевич;EDW Read Core;Synchronization;;Synchronization + пустая бизнес-роль
kvponomarenko;Пономаренко Кирилл Владимирович (Kirill Ponomarenko);ODS Read UFO;Synchronization;;Synchronization + пустая бизнес-роль
kvsokolov;Соколов Кирилл Витальевич (Kirill Sokolov);EDW All RB;Synchronization;;Synchronization + пустая бизнес-роль
kvsokolov;Соколов Кирилл Витальевич (Kirill Sokolov);EDW Read Core;Synchronization;;Synchronization + пустая бизнес-роль
kvsokolov;Соколов Кирилл Витальевич (Kirill Sokolov);ODS All Actuary;Synchronization;;Synchronization + пустая бизнес-роль
kvsokolov;Соколов Кирилл Витальевич (Kirill Sokolov);ODS Read ARM4;Synchronization;;Synchronization + пустая бизнес-роль
kvsokolov;Соколов Кирилл Витальевич (Kirill Sokolov);ODS Read CC;Synchronization;;Synchronization + пустая бизнес-роль
kvsokolov;Соколов Кирилл Витальевич (Kirill Sokolov);ODS Read EKIS;Synchronization;;Synchronization + пустая бизнес-роль
kvsokolov;Соколов Кирилл Витальевич (Kirill Sokolov);ODS Read Finance;Synchronization;;Synchronization + пустая бизнес-роль
kvsokolov;Соколов Кирилл Витальевич (Kirill Sokolov);ODS Read RGSSCC;Synchronization;;Synchronization + пустая бизнес-роль
kvsokolov;Соколов Кирилл Витальевич (Kirill Sokolov);ODS Read SAP;Synchronization;;Synchronization + пустая бизнес-роль
kystepanov;Степанов Константин Юрьевич (Stepanov Konstantin);EDW All CDI;Synchronization;;Synchronization + пустая бизнес-роль
lagalimov;Галимов Линар Алмазович (Linar Galimov);EDW All Actuary;Synchronization;;Synchronization + пустая бизнес-роль
lagalimov;Галимов Линар Алмазович (Linar Galimov);EDW All MLDEV19;Synchronization;;Synchronization + пустая бизнес-роль
lagalimov;Галимов Линар Алмазович (Linar Galimov);EDW All MLDEV72;Synchronization;;Synchronization + пустая бизнес-роль
lagalimov;Галимов Линар Алмазович (Linar Galimov);EDW Read CDM;Synchronization;;Synchronization + пустая бизнес-роль
lagalimov;Галимов Линар Алмазович (Linar Galimov);EDW Read Core;Synchronization;;Synchronization + пустая бизнес-роль
lagalimov;Галимов Линар Алмазович (Linar Galimov);EDW Read UAG;Synchronization;;Synchronization + пустая бизнес-роль
lagalimov;Галимов Линар Алмазович (Linar Galimov);EDW Unspec Analysis;Synchronization;;Synchronization + пустая бизнес-роль
lagalimov;Галимов Линар Алмазович (Linar Galimov);EDW Unspec Analysis Out;Synchronization;;Synchronization + пустая бизнес-роль
lagalimov;Галимов Линар Алмазович (Linar Galimov);ODS All Actuary;Synchronization;;Synchronization + пустая бизнес-роль
lagalimov;Галимов Линар Алмазович (Linar Galimov);ODS All Auto;Synchronization;;Synchronization + пустая бизнес-роль
lagalimov;Галимов Линар Алмазович (Linar Galimov);ODS All MLDEV19;Synchronization;;Synchronization + пустая бизнес-роль
lagalimov;Галимов Линар Алмазович (Linar Galimov);ODS All MLDEV72;Synchronization;;Synchronization + пустая бизнес-роль
lagalimov;Галимов Линар Алмазович (Linar Galimov);ODS Read ARM4;Synchronization;;Synchronization + пустая бизнес-роль
lagalimov;Галимов Линар Алмазович (Linar Galimov);ODS Read CC;Synchronization;;Synchronization + пустая бизнес-роль
lagalimov;Галимов Линар Алмазович (Linar Galimov);ODS Read DIAS;Synchronization;;Synchronization + пустая бизнес-роль
lagalimov;Галимов Линар Алмазович (Linar Galimov);ODS Read EKIS;Synchronization;;Synchronization + пустая бизнес-роль
lagalimov;Галимов Линар Алмазович (Linar Galimov);ODS Read Report;Synchronization;;Synchronization + пустая бизнес-роль
lagalimov;Галимов Линар Алмазович (Linar Galimov);ODS Read RGSSCC;Synchronization;;Synchronization + пустая бизнес-роль
lagalimov;Галимов Линар Алмазович (Linar Galimov);ODS Read SAP;Synchronization;;Synchronization + пустая бизнес-роль
lagalimov;Галимов Линар Алмазович (Linar Galimov);ODS Unspec Analysis;Synchronization;;Synchronization + пустая бизнес-роль
lagalimov;Галимов Линар Алмазович (Linar Galimov);ODS Unspec Analysis Out;Synchronization;;Synchronization + пустая бизнес-роль
libelousova;Белоусова Лиана Ильдаровна (Liana Belousova);ART Данные поезд-1-94909927;Synchronization;;Synchronization + пустая бизнес-роль
lnivanov;Иванов Лев Николаевич (Lev Ivanov);ART Данные поезд-1-94909927;Synchronization;;Synchronization + пустая бизнес-роль
lnivanov;Иванов Лев Николаевич (Lev Ivanov);CBD Read Cdm Analysis Ou;Synchronization;;Synchronization + пустая бизнес-роль
lnivanov;Иванов Лев Николаевич (Lev Ivanov);EDW Read Cdm Analysis Out;Synchronization;;Synchronization + пустая бизнес-роль
lnivanov;Иванов Лев Николаевич (Lev Ivanov);EDW Read RB;Synchronization;;Synchronization + пустая бизнес-роль
lnivanov;Иванов Лев Николаевич (Lev Ivanov);EDW Read UAG;Synchronization;;Synchronization + пустая бизнес-роль
lnivanov;Иванов Лев Николаевич (Lev Ivanov);ODS All XBRL;Synchronization;;Synchronization + пустая бизнес-роль
lnivanov;Иванов Лев Николаевич (Lev Ivanov);ODS Read Cdm Analysis Out;Synchronization;;Synchronization + пустая бизнес-роль
lnivanov;Иванов Лев Николаевич (Lev Ivanov);ODS Read Report;Synchronization;;Synchronization + пустая бизнес-роль
lvastakhov;Астахов Леонид Викторович (Leonid Astakhov);ODS All Auto;Synchronization;;Synchronization + пустая бизнес-роль
lvastakhov;Астахов Леонид Викторович (Leonid Astakhov);ODS Read ARM4;Synchronization;;Synchronization + пустая бизнес-роль
lvastakhov;Астахов Леонид Викторович (Leonid Astakhov);ODS Read CC;Synchronization;;Synchronization + пустая бизнес-роль
lvastakhov;Астахов Леонид Викторович (Leonid Astakhov);ODS Read EKIS;Synchronization;;Synchronization + пустая бизнес-роль
lvastakhov;Астахов Леонид Викторович (Leonid Astakhov);ODS Read RGSSCC;Synchronization;;Synchronization + пустая бизнес-роль
lvfeoktistova;Феоктистова Людмила Владимировна (Lyudmila Feoktistova);EDW Read Core;Synchronization;;Synchronization + пустая бизнес-роль
lvfeoktistova;Феоктистова Людмила Владимировна (Lyudmila Feoktistova);ODS All Actuary;Synchronization;;Synchronization + пустая бизнес-роль
lvfeoktistova;Феоктистова Людмила Владимировна (Lyudmila Feoktistova);ODS All Auto;Synchronization;;Synchronization + пустая бизнес-роль
lvfeoktistova;Феоктистова Людмила Владимировна (Lyudmila Feoktistova);ODS Read BCAPP;Synchronization;;Synchronization + пустая бизнес-роль
lvfeoktistova;Феоктистова Людмила Владимировна (Lyudmila Feoktistova);ODS Read Boss 1;Synchronization;;Synchronization + пустая бизнес-роль
lvfeoktistova;Феоктистова Людмила Владимировна (Lyudmila Feoktistova);ODS Read EKIS;Synchronization;;Synchronization + пустая бизнес-роль
lvfeoktistova;Феоктистова Людмила Владимировна (Lyudmila Feoktistova);ODS Read PCAPP;Synchronization;;Synchronization + пустая бизнес-роль
lvfeoktistova;Феоктистова Людмила Владимировна (Lyudmila Feoktistova);ODS Read Report;Synchronization;;Synchronization + пустая бизнес-роль
lvfeoktistova;Феоктистова Людмила Владимировна (Lyudmila Feoktistova);ODS Read RGSSCC;Synchronization;;Synchronization + пустая бизнес-роль
lvfeoktistova;Феоктистова Людмила Владимировна (Lyudmila Feoktistova);ODS Read SAP;Synchronization;;Synchronization + пустая бизнес-роль
lvpenyagina;Пенягина Людмила Викторовна (Lyudmila Penyagina);DWH Developer;Synchronization;;Synchronization + пустая бизнес-роль
lvpenyagina;Пенягина Людмила Викторовна (Lyudmila Penyagina);EDW All CDM;Synchronization;;Synchronization + пустая бизнес-роль
lvpenyagina;Пенягина Людмила Викторовна (Lyudmila Penyagina);EDW Read CCU;Synchronization;;Synchronization + пустая бизнес-роль
lvpenyagina;Пенягина Людмила Викторовна (Lyudmila Penyagina);EDW Read CDI;Synchronization;;Synchronization + пустая бизнес-роль
lvpenyagina;Пенягина Людмила Викторовна (Lyudmila Penyagina);EDW Read Core;Synchronization;;Synchronization + пустая бизнес-роль
lvpenyagina;Пенягина Людмила Викторовна (Lyudmila Penyagina);EDW Resource Administrator;Synchronization;;Synchronization + пустая бизнес-роль
lvpenyagina;Пенягина Людмила Викторовна (Lyudmila Penyagina);ODS All CDM;Synchronization;;Synchronization + пустая бизнес-роль
lvpenyagina;Пенягина Людмила Викторовна (Lyudmila Penyagina);ODS Owner CDM;Synchronization;;Synchronization + пустая бизнес-роль
lvpenyagina;Пенягина Людмила Викторовна (Lyudmila Penyagina);ODS Read ARM4;Synchronization;;Synchronization + пустая бизнес-роль
lvpenyagina;Пенягина Людмила Викторовна (Lyudmila Penyagina);ODS Read BCAPP;Synchronization;;Synchronization + пустая бизнес-роль
lvpenyagina;Пенягина Людмила Викторовна (Lyudmila Penyagina);ODS Read Boss 1;Synchronization;;Synchronization + пустая бизнес-роль
lvpenyagina;Пенягина Людмила Викторовна (Lyudmila Penyagina);ODS Read CC;Synchronization;;Synchronization + пустая бизнес-роль
lvpenyagina;Пенягина Людмила Викторовна (Lyudmila Penyagina);ODS Read DMS;Synchronization;;Synchronization + пустая бизнес-роль
lvpenyagina;Пенягина Людмила Викторовна (Lyudmila Penyagina);ODS Read EKIS;Synchronization;;Synchronization + пустая бизнес-роль
lvpenyagina;Пенягина Людмила Викторовна (Lyudmila Penyagina);ODS Read KIAS;Synchronization;;Synchronization + пустая бизнес-роль
lvpenyagina;Пенягина Людмила Викторовна (Lyudmila Penyagina);ODS Read LK;Synchronization;;Synchronization + пустая бизнес-роль
lvpenyagina;Пенягина Людмила Викторовна (Lyudmila Penyagina);ODS Read Naumen;Synchronization;;Synchronization + пустая бизнес-роль
lvpenyagina;Пенягина Людмила Викторовна (Lyudmila Penyagina);ODS Read PCAPP;Synchronization;;Synchronization + пустая бизнес-роль
lvpenyagina;Пенягина Людмила Викторовна (Lyudmila Penyagina);ODS Read RGSSCC;Synchronization;;Synchronization + пустая бизнес-роль
lvpenyagina;Пенягина Людмила Викторовна (Lyudmila Penyagina);ODS Read SAP;Synchronization;;Synchronization + пустая бизнес-роль
lvpenyagina;Пенягина Людмила Викторовна (Lyudmila Penyagina);ODS Read UFO;Synchronization;;Synchronization + пустая бизнес-роль
lvpenyagina;Пенягина Людмила Викторовна (Lyudmila Penyagina);ODS Resource Administrator;Synchronization;;Synchronization + пустая бизнес-роль
lvpenyagina;Пенягина Людмила Викторовна (Lyudmila Penyagina);ODS Unspec Auto;Synchronization;;Synchronization + пустая бизнес-роль
lvsmirnov;Смирнов Леонид Вячеславович (Leonid Smirnov);EDW All CDM;Synchronization;;Synchronization + пустая бизнес-роль
lvsmirnov;Смирнов Леонид Вячеславович (Leonid Smirnov);EDW All Cdm Analysis;Synchronization;;Synchronization + пустая бизнес-роль
lvsmirnov;Смирнов Леонид Вячеславович (Leonid Smirnov);EDW Read Cdm Analysis Out;Synchronization;;Synchronization + пустая бизнес-роль
lvsmirnov;Смирнов Леонид Вячеславович (Leonid Smirnov);EDW Read Core;Synchronization;;Synchronization + пустая бизнес-роль
lvsmirnov;Смирнов Леонид Вячеславович (Leonid Smirnov);EDW Read MLDEV72;Synchronization;;Synchronization + пустая бизнес-роль
lvsmirnov;Смирнов Леонид Вячеславович (Leonid Smirnov);ODS All CDM;Synchronization;;Synchronization + пустая бизнес-роль
lvsmirnov;Смирнов Леонид Вячеславович (Leonid Smirnov);ODS All Cdm Analysis;Synchronization;;Synchronization + пустая бизнес-роль
lvsmirnov;Смирнов Леонид Вячеславович (Leonid Smirnov);ODS All XBRL;Synchronization;;Synchronization + пустая бизнес-роль
lvsmirnov;Смирнов Леонид Вячеславович (Leonid Smirnov);ODS Read ARCtrl;Synchronization;;Synchronization + пустая бизнес-роль
lvsmirnov;Смирнов Леонид Вячеславович (Leonid Smirnov);ODS Read ARM4;Synchronization;;Synchronization + пустая бизнес-роль
lvsmirnov;Смирнов Леонид Вячеславович (Leonid Smirnov);ODS Read Auto;Synchronization;;Synchronization + пустая бизнес-роль
lvsmirnov;Смирнов Леонид Вячеславович (Leonid Smirnov);ODS Read BCAPP;Synchronization;;Synchronization + пустая бизнес-роль
lvsmirnov;Смирнов Леонид Вячеславович (Leonid Smirnov);ODS Read CC;Synchronization;;Synchronization + пустая бизнес-роль
lvsmirnov;Смирнов Леонид Вячеславович (Leonid Smirnov);ODS Read Cdm Analysis Out;Synchronization;;Synchronization + пустая бизнес-роль
lvsmirnov;Смирнов Леонид Вячеславович (Leonid Smirnov);ODS Read DIAS;Synchronization;;Synchronization + пустая бизнес-роль
lvsmirnov;Смирнов Леонид Вячеславович (Leonid Smirnov);ODS Read EKIS;Synchronization;;Synchronization + пустая бизнес-роль
lvsmirnov;Смирнов Леонид Вячеславович (Leonid Smirnov);ODS Read KIAS;Synchronization;;Synchronization + пустая бизнес-роль
lvsmirnov;Смирнов Леонид Вячеславович (Leonid Smirnov);ODS Read PCAPP;Synchronization;;Synchronization + пустая бизнес-роль
lvsmirnov;Смирнов Леонид Вячеславович (Leonid Smirnov);ODS Read Property;Synchronization;;Synchronization + пустая бизнес-роль
lvsmirnov;Смирнов Леонид Вячеславович (Leonid Smirnov);ODS Read Report;Synchronization;;Synchronization + пустая бизнес-роль
lvsmirnov;Смирнов Леонид Вячеславович (Leonid Smirnov);ODS Read RGSSCC;Synchronization;;Synchronization + пустая бизнес-роль
lvsmirnov;Смирнов Леонид Вячеславович (Leonid Smirnov);ODS Read SAP;Synchronization;;Synchronization + пустая бизнес-роль
lvsmirnov;Смирнов Леонид Вячеславович (Leonid Smirnov);ODS Read UFO;Synchronization;;Synchronization + пустая бизнес-роль
maaivanov;Иванов Максим Алексеевич (Maksim Ivanov);EDW Read MLDEV72;Synchronization;;Synchronization + пустая бизнес-роль
maaivanov;Иванов Максим Алексеевич (Maksim Ivanov);ODS Read MLDEV72;Synchronization;;Synchronization + пустая бизнес-роль
maandreev;Андреев Михаил Александрович (Mikhail Andreev);DWH User;Synchronization;;Synchronization + пустая бизнес-роль
maandreev;Андреев Михаил Александрович (Mikhail Andreev);ODS Read Actuary;Synchronization;;Synchronization + пустая бизнес-роль
maandreev;Андреев Михаил Александрович (Mikhail Andreev);ODS Read Auto;Synchronization;;Synchronization + пустая бизнес-роль
maandreeva;Андреева Мария Альбертовна (Mariya Andreeva);EDW Read Core;Synchronization;;Synchronization + пустая бизнес-роль
maandreeva;Андреева Мария Альбертовна (Mariya Andreeva);EDW Read FOIV;Synchronization;;Synchronization + пустая бизнес-роль
maandreeva;Андреева Мария Альбертовна (Mariya Andreeva);ODS All Auto;Synchronization;;Synchronization + пустая бизнес-роль
maandreeva;Андреева Мария Альбертовна (Mariya Andreeva);ODS Read ARM4;Synchronization;;Synchronization + пустая бизнес-роль
maandreeva;Андреева Мария Альбертовна (Mariya Andreeva);ODS Read CC;Synchronization;;Synchronization + пустая бизнес-роль
maandreeva;Андреева Мария Альбертовна (Mariya Andreeva);ODS Read DSA;Synchronization;;Synchronization + пустая бизнес-роль
maandreeva;Андреева Мария Альбертовна (Mariya Andreeva);ODS Read EKIS;Synchronization;;Synchronization + пустая бизнес-роль
maandreeva;Андреева Мария Альбертовна (Mariya Andreeva);ODS Read FOIV;Synchronization;;Synchronization + пустая бизнес-роль
maandreeva;Андреева Мария Альбертовна (Mariya Andreeva);ODS Read RGSSCC;Synchronization;;Synchronization + пустая бизнес-роль
maandreeva;Андреева Мария Альбертовна (Mariya Andreeva);ODS Read Splunk Avtocod;Synchronization;;Synchronization + пустая бизнес-роль
maandreeva;Андреева Мария Альбертовна (Mariya Andreeva);ODS Read Splunk KBM;Synchronization;;Synchronization + пустая бизнес-роль
maandreeva;Андреева Мария Альбертовна (Mariya Andreeva);ODS Read Splunk UFO;Synchronization;;Synchronization + пустая бизнес-роль
maandreeva;Андреева Мария Альбертовна (Mariya Andreeva);ODS Read Transdekra;Synchronization;;Synchronization + пустая бизнес-роль
maandreeva;Андреева Мария Альбертовна (Mariya Andreeva);ODS Read UFO;Synchronization;;Synchronization + пустая бизнес-роль
maandreeva;Андреева Мария Альбертовна (Mariya Andreeva);ODS Unspecified;Synchronization;;Synchronization + пустая бизнес-роль
maartamonov;Артамонов Максим Андреевич (Maksim Artamonov);DWH Administrator;Synchronization;;Synchronization + пустая бизнес-роль
maausatova;Усатова Марина Андреевна (Marina Usatova);EDW All Core;Synchronization;;Synchronization + пустая бизнес-роль
maausatova;Усатова Марина Андреевна (Marina Usatova);EDW Read Core;Synchronization;;Synchronization + пустая бизнес-роль
maausatova;Усатова Марина Андреевна (Marina Usatova);EDW Read Property;Synchronization;;Synchronization + пустая бизнес-роль
maausatova;Усатова Марина Андреевна (Marina Usatova);ODS Read Property;Synchronization;;Synchronization + пустая бизнес-роль
mabaykov;Байков Михаил Александрович (Mikhail Baykov);DWH Administrator;Synchronization;;Synchronization + пустая бизнес-роль
mabaykov;Байков Михаил Александрович (Mikhail Baykov);DWH Replicator;Synchronization;;Synchronization + пустая бизнес-роль
mabaykov;Байков Михаил Александрович (Mikhail Baykov);EDW Administrator;Synchronization;;Synchronization + пустая бизнес-роль
mabaykov;Байков Михаил Александрович (Mikhail Baykov);ODS Administrator;Synchronization;;Synchronization + пустая бизнес-роль
mabaykov;Байков Михаил Александрович (Mikhail Baykov);ODS All CDM;Synchronization;;Synchronization + пустая бизнес-роль
mademina;Дёмина Марина Азимовна (Marina Demina);ART Данные поезд-1-94909927;Synchronization;;Synchronization + пустая бизнес-роль
makruglov;Круглов Михаил Александрович (Mikhail Kruglov);ODS Read Tessa;Synchronization;;Synchronization + пустая бизнес-роль
maliev;Алиев Мурад Аллахвердиевич (Murad Aliev);EDW Administrator;Synchronization;;Synchronization + пустая бизнес-роль
maliev;Алиев Мурад Аллахвердиевич (Murad Aliev);ODS Administrator;Synchronization;;Synchronization + пустая бизнес-роль
mamarkelov;Маркелов Максим Андреевич (Maksim Markelov);EDW All MLDEV19;Synchronization;;Synchronization + пустая бизнес-роль
mamarkelov;Маркелов Максим Андреевич (Maksim Markelov);EDW All MLDEV72;Synchronization;;Synchronization + пустая бизнес-роль
mamarkelov;Маркелов Максим Андреевич (Maksim Markelov);EDW Read CDI;Synchronization;;Synchronization + пустая бизнес-роль
mamarkelov;Маркелов Максим Андреевич (Maksim Markelov);EDW Read Core;Synchronization;;Synchronization + пустая бизнес-роль
mamarkelov;Маркелов Максим Андреевич (Maksim Markelov);ODS All Auto;Synchronization;;Synchronization + пустая бизнес-роль
mamarkelov;Маркелов Максим Андреевич (Maksim Markelov);ODS All MLDEV19;Synchronization;;Synchronization + пустая бизнес-роль
mamarkelov;Маркелов Максим Андреевич (Maksim Markelov);ODS All MLDEV72;Synchronization;;Synchronization + пустая бизнес-роль
mamarkelov;Маркелов Максим Андреевич (Maksim Markelov);ODS Read ARM4;Synchronization;;Synchronization + пустая бизнес-роль
mamarkelov;Маркелов Максим Андреевич (Maksim Markelov);ODS Read Audatex;Synchronization;;Synchronization + пустая бизнес-роль
mamarkelov;Маркелов Максим Андреевич (Maksim Markelov);ODS Read CC;Synchronization;;Synchronization + пустая бизнес-роль
mamarkelov;Маркелов Максим Андреевич (Maksim Markelov);ODS Read EKIS;Synchronization;;Synchronization + пустая бизнес-роль
mamarkelov;Маркелов Максим Андреевич (Maksim Markelov);ODS Read Equifax;Synchronization;;Synchronization + пустая бизнес-роль
mamarkelov;Маркелов Максим Андреевич (Maksim Markelov);ODS Read FOIV;Synchronization;;Synchronization + пустая бизнес-роль
mamarkelov;Маркелов Максим Андреевич (Maksim Markelov);ODS Read Insbridge;Synchronization;;Synchronization + пустая бизнес-роль
mamarkelov;Маркелов Максим Андреевич (Maksim Markelov);ODS Read KIAS;Synchronization;;Synchronization + пустая бизнес-роль
mamarkelov;Маркелов Максим Андреевич (Maksim Markelov);ODS Read LK;Synchronization;;Synchronization + пустая бизнес-роль
mamarkelov;Маркелов Максим Андреевич (Maksim Markelov);ODS Read MFMS;Synchronization;;Synchronization + пустая бизнес-роль
mamarkelov;Маркелов Максим Андреевич (Maksim Markelov);ODS Read Mobile;Synchronization;;Synchronization + пустая бизнес-роль
mamarkelov;Маркелов Максим Андреевич (Maksim Markelov);ODS Read Property;Synchronization;;Synchronization + пустая бизнес-роль
mamarkelov;Маркелов Максим Андреевич (Maksim Markelov);ODS Read RGSSCC;Synchronization;;Synchronization + пустая бизнес-роль
mamarkelov;Маркелов Максим Андреевич (Maksim Markelov);ODS Read RSAKBM;Synchronization;;Synchronization + пустая бизнес-роль
mamarkelov;Маркелов Максим Андреевич (Maksim Markelov);ODS Read SAP;Synchronization;;Synchronization + пустая бизнес-роль
mamarkelov;Маркелов Максим Андреевич (Maksim Markelov);ODS Read Splunk Avtocod;Synchronization;;Synchronization + пустая бизнес-роль
mamarkelov;Маркелов Максим Андреевич (Maksim Markelov);ODS Read Splunk KBM;Synchronization;;Synchronization + пустая бизнес-роль
mamarkelov;Маркелов Максим Андреевич (Maksim Markelov);ODS Read Transdekra;Synchronization;;Synchronization + пустая бизнес-роль
mamarkelov;Маркелов Максим Андреевич (Maksim Markelov);ODS Unspec Analysis Out;Synchronization;;Synchronization + пустая бизнес-роль
mamarkelov;Маркелов Максим Андреевич (Maksim Markelov);ODS Unspec Auto;Synchronization;;Synchronization + пустая бизнес-роль
mamarkelov;Маркелов Максим Андреевич (Maksim Markelov);ODS Unspec Property;Synchronization;;Synchronization + пустая бизнес-роль
manpopova;Попова Мариами Нукриевна (Mariami Popova);ART Данные лид-11605388543;Synchronization;;Synchronization + пустая бизнес-роль
manpopova;Попова Мариами Нукриевна (Mariami Popova);ART Данные поезд-1-94909927;Synchronization;;Synchronization + пустая бизнес-роль
manpopova;Попова Мариами Нукриевна (Mariami Popova);EDW Read Core;Synchronization;;Synchronization + пустая бизнес-роль
manpopova;Попова Мариами Нукриевна (Mariami Popova);ODS All Auto;Synchronization;;Synchronization + пустая бизнес-роль
manpopova;Попова Мариами Нукриевна (Mariami Popova);ODS All Property;Synchronization;;Synchronization + пустая бизнес-роль
manpopova;Попова Мариами Нукриевна (Mariami Popova);ODS Read ARM4;Synchronization;;Synchronization + пустая бизнес-роль
manpopova;Попова Мариами Нукриевна (Mariami Popova);ODS Read CC;Synchronization;;Synchronization + пустая бизнес-роль
manpopova;Попова Мариами Нукриевна (Mariami Popova);ODS Read EKIS;Synchronization;;Synchronization + пустая бизнес-роль
manpopova;Попова Мариами Нукриевна (Mariami Popova);ODS Read PCAPP;Synchronization;;Synchronization + пустая бизнес-роль
manpopova;Попова Мариами Нукриевна (Mariami Popova);ODS Read RGSSCC;Synchronization;;Synchronization + пустая бизнес-роль
mapaskal;Паскаль Максим Андреевич (Maksim Paskal);EDW All Property;Synchronization;;Synchronization + пустая бизнес-роль
mapaskal;Паскаль Максим Андреевич (Maksim Paskal);EDW Read Core;Synchronization;;Synchronization + пустая бизнес-роль
mapaskal;Паскаль Максим Андреевич (Maksim Paskal);EDW Unspec Analysis;Synchronization;;Synchronization + пустая бизнес-роль
mapaskal;Паскаль Максим Андреевич (Maksim Paskal);EDW Unspec Analysis Out;Synchronization;;Synchronization + пустая бизнес-роль
mapaskal;Паскаль Максим Андреевич (Maksim Paskal);ODS All Auto;Synchronization;;Synchronization + пустая бизнес-роль
mapaskal;Паскаль Максим Андреевич (Maksim Paskal);ODS All Property;Synchronization;;Synchronization + пустая бизнес-роль
mapaskal;Паскаль Максим Андреевич (Maksim Paskal);ODS Read ARM4;Synchronization;;Synchronization + пустая бизнес-роль
mapaskal;Паскаль Максим Андреевич (Maksim Paskal);ODS Read Audatex;Synchronization;;Synchronization + пустая бизнес-роль
mapaskal;Паскаль Максим Андреевич (Maksim Paskal);ODS Read BCAPP;Synchronization;;Synchronization + пустая бизнес-роль
mapaskal;Паскаль Максим Андреевич (Maksim Paskal);ODS Read EKIS;Synchronization;;Synchronization + пустая бизнес-роль
mapaskal;Паскаль Максим Андреевич (Maksim Paskal);ODS Read Equifax;Synchronization;;Synchronization + пустая бизнес-роль
mapaskal;Паскаль Максим Андреевич (Maksim Paskal);ODS Read Mobile;Synchronization;;Synchronization + пустая бизнес-роль
mapaskal;Паскаль Максим Андреевич (Maksim Paskal);ODS Read PCAPP;Synchronization;;Synchronization + пустая бизнес-роль
mapaskal;Паскаль Максим Андреевич (Maksim Paskal);ODS Read RGSSCC;Synchronization;;Synchronization + пустая бизнес-роль
mapaskal;Паскаль Максим Андреевич (Maksim Paskal);ODS Read Splunk Avtocod;Synchronization;;Synchronization + пустая бизнес-роль
mapaskal;Паскаль Максим Андреевич (Maksim Paskal);ODS Unspec Analysis Out;Synchronization;;Synchronization + пустая бизнес-роль
mastarostin;Старостин Максим Александрович (Maksim Starostin);ART Partners. РГС PRO-1-1594249140;Synchronization;;Synchronization + пустая бизнес-роль
mavikharev;Вихарев Максим Алексеевич (Maksim Vikharev);EDW Read Core;Synchronization;;Synchronization + пустая бизнес-роль
mavikharev;Вихарев Максим Алексеевич (Maksim Vikharev);EDW Read SCOP;Synchronization;;Synchronization + пустая бизнес-роль
mavybornov;Выборнов Максим Александрович (Maksim Vybornov);ART Данные поезд-1-94909927;Synchronization;;Synchronization + пустая бизнес-роль
mbkalinin;Калинин Михаил Борисович (Mikhail Kalinin);ODS Read RB Market;Synchronization;;Synchronization + пустая бизнес-роль
md_dataprocessing;md_dataprocessing;EDW All MLDEV19;Synchronization;;Synchronization + пустая бизнес-роль
md_dataprocessing;md_dataprocessing;EDW All MLDEV72;Synchronization;;Synchronization + пустая бизнес-роль
md_dataprocessing;md_dataprocessing;EDW Read CDI;Synchronization;;Synchronization + пустая бизнес-роль
md_dataprocessing;md_dataprocessing;EDW Read Core;Synchronization;;Synchronization + пустая бизнес-роль
md_dataprocessing;md_dataprocessing;ODS All Audatex;Synchronization;;Synchronization + пустая бизнес-роль
md_dataprocessing;md_dataprocessing;ODS All Auto;Synchronization;;Synchronization + пустая бизнес-роль
md_dataprocessing;md_dataprocessing;ODS All MLDEV19;Synchronization;;Synchronization + пустая бизнес-роль
md_dataprocessing;md_dataprocessing;ODS All MLDEV72;Synchronization;;Synchronization + пустая бизнес-роль
md_dataprocessing;md_dataprocessing;ODS All Property;Synchronization;;Synchronization + пустая бизнес-роль
md_dataprocessing;md_dataprocessing;ODS All Splunk Avtocod;Synchronization;;Synchronization + пустая бизнес-роль
md_dataprocessing;md_dataprocessing;ODS Read ARM4;Synchronization;;Synchronization + пустая бизнес-роль
md_dataprocessing;md_dataprocessing;ODS Read Audatex;Synchronization;;Synchronization + пустая бизнес-роль
md_dataprocessing;md_dataprocessing;ODS Read CC;Synchronization;;Synchronization + пустая бизнес-роль
md_dataprocessing;md_dataprocessing;ODS Read DoubleData;Synchronization;;Synchronization + пустая бизнес-роль
md_dataprocessing;md_dataprocessing;ODS Read EKIS;Synchronization;;Synchronization + пустая бизнес-роль
md_dataprocessing;md_dataprocessing;ODS Read Equifax;Synchronization;;Synchronization + пустая бизнес-роль
md_dataprocessing;md_dataprocessing;ODS Read KIAS;Synchronization;;Synchronization + пустая бизнес-роль
md_dataprocessing;md_dataprocessing;ODS Read MFMS;Synchronization;;Synchronization + пустая бизнес-роль
md_dataprocessing;md_dataprocessing;ODS Read Mobile;Synchronization;;Synchronization + пустая бизнес-роль
md_dataprocessing;md_dataprocessing;ODS Read PCAPP;Synchronization;;Synchronization + пустая бизнес-роль
md_dataprocessing;md_dataprocessing;ODS Read RGSSCC;Synchronization;;Synchronization + пустая бизнес-роль
md_dataprocessing;md_dataprocessing;ODS Read RSAKBM;Synchronization;;Synchronization + пустая бизнес-роль
md_dataprocessing;md_dataprocessing;ODS Read Splunk KBM;Synchronization;;Synchronization + пустая бизнес-роль
md_dataprocessing;md_dataprocessing;ODS Read Transdekra;Synchronization;;Synchronization + пустая бизнес-роль
md_dataprocessing;md_dataprocessing;ODS Unspec Analysis Out;Synchronization;;Synchronization + пустая бизнес-роль
mdosipenko;Осипенко Мария Дмитриевна (Mariya Osipenko);EDW All CCU;Synchronization;;Synchronization + пустая бизнес-роль
meklychev;Клычев Михаил Евгеньевич (Mikhail Klychev);ART Персонал (Весь поезд)art_hr@rgs.ru-12089312808;Synchronization;;Synchronization + пустая бизнес-роль
meklychev;Клычев Михаил Евгеньевич (Mikhail Klychev);ART Персонал (Менеджмент поезда)-11742115441;Synchronization;;Synchronization + пустая бизнес-роль
meshadrin;Шадрин Максим Евгеньевич (Maksim Shadrin);ART Partners. РГС PRO-1-1594249140;Synchronization;;Synchronization + пустая бизнес-роль
meshvets;Швец Марина Евгеньевна (Marina Shvets);EDW All RB;Synchronization;;Synchronization + пустая бизнес-роль
meshvets;Швец Марина Евгеньевна (Marina Shvets);EDW Read CDI;Synchronization;;Synchronization + пустая бизнес-роль
meshvets;Швец Марина Евгеньевна (Marina Shvets);EDW Read Core;Synchronization;;Synchronization + пустая бизнес-роль
meshvets;Швец Марина Евгеньевна (Marina Shvets);ODS Read ARM4;Synchronization;;Synchronization + пустая бизнес-роль
meshvets;Швец Марина Евгеньевна (Marina Shvets);ODS Read BCAPP;Synchronization;;Synchronization + пустая бизнес-роль
meshvets;Швец Марина Евгеньевна (Marina Shvets);ODS Read Boss 1;Synchronization;;Synchronization + пустая бизнес-роль
meshvets;Швец Марина Евгеньевна (Marina Shvets);ODS Read CC;Synchronization;;Synchronization + пустая бизнес-роль
meshvets;Швец Марина Евгеньевна (Marina Shvets);ODS Read EKIS;Synchronization;;Synchronization + пустая бизнес-роль
meshvets;Швец Марина Евгеньевна (Marina Shvets);ODS Read PCAPP;Synchronization;;Synchronization + пустая бизнес-роль
meshvets;Швец Марина Евгеньевна (Marina Shvets);ODS Read Report;Synchronization;;Synchronization + пустая бизнес-роль
meshvets;Швец Марина Евгеньевна (Marina Shvets);ODS Read RGSJ;Synchronization;;Synchronization + пустая бизнес-роль
meshvets;Швец Марина Евгеньевна (Marina Shvets);ODS Read RGSSCC;Synchronization;;Synchronization + пустая бизнес-роль
meshvets;Швец Марина Евгеньевна (Marina Shvets);ODS Read RI;Synchronization;;Synchronization + пустая бизнес-роль
meshvets;Швец Марина Евгеньевна (Marina Shvets);ODS Read SAP;Synchronization;;Synchronization + пустая бизнес-роль
meshvets;Швец Марина Евгеньевна (Marina Shvets);ODS Read VIRTU;Synchronization;;Synchronization + пустая бизнес-роль
mfrolov;Фролов Михаил Викторович (Mikhail Frolov);ODS Read UFO;Synchronization;;Synchronization + пустая бизнес-роль
mfrolov;Фролов Михаил Викторович (Mikhail Frolov);ODS Read UPP;Synchronization;;Synchronization + пустая бизнес-роль
mgkurtsman;Курцман Михаил Геннадьевич (Mikhail Kurtsman);EDW All Mortgage;Synchronization;;Synchronization + пустая бизнес-роль
mgkurtsman;Курцман Михаил Геннадьевич (Mikhail Kurtsman);EDW Read Core;Synchronization;;Synchronization + пустая бизнес-роль
midoronichev;Дороничев Максим Игоревич (Maksim Doronichev);ODS All UKDZISP;Synchronization;;Synchronization + пустая бизнес-роль
mipolonetskiy;Полонецкий Михаил Ильич (Mikhail Polonetskiy);ART Персонал (Весь поезд)art_hr@rgs.ru-12089312808;Synchronization;;Synchronization + пустая бизнес-роль
mivaganova;Ваганова Мария Игоревна (Mariya Vaganova);EDW All IAD;Synchronization;;Synchronization + пустая бизнес-роль
mivaganova;Ваганова Мария Игоревна (Mariya Vaganova);EDW Read Actuary;Synchronization;;Synchronization + пустая бизнес-роль
mivaganova;Ваганова Мария Игоревна (Mariya Vaganova);EDW Read Core;Synchronization;;Synchronization + пустая бизнес-роль
mivaganova;Ваганова Мария Игоревна (Mariya Vaganova);EDW Unspec Analysis;Synchronization;;Synchronization + пустая бизнес-роль
mivaganova;Ваганова Мария Игоревна (Mariya Vaganova);EDW Unspec Analysis Out;Synchronization;;Synchronization + пустая бизнес-роль
mivaganova;Ваганова Мария Игоревна (Mariya Vaganova);ODS All IAD;Synchronization;;Synchronization + пустая бизнес-роль
mivaganova;Ваганова Мария Игоревна (Mariya Vaganova);ODS Read Actuary;Synchronization;;Synchronization + пустая бизнес-роль
mivaganova;Ваганова Мария Игоревна (Mariya Vaganova);ODS Read ARM4;Synchronization;;Synchronization + пустая бизнес-роль
mivaganova;Ваганова Мария Игоревна (Mariya Vaganova);ODS Read Audatex;Synchronization;;Synchronization + пустая бизнес-роль
mivaganova;Ваганова Мария Игоревна (Mariya Vaganova);ODS Read Auto;Synchronization;;Synchronization + пустая бизнес-роль
mivaganova;Ваганова Мария Игоревна (Mariya Vaganova);ODS Read BCAPP;Synchronization;;Synchronization + пустая бизнес-роль
mivaganova;Ваганова Мария Игоревна (Mariya Vaganova);ODS Read Boss 1;Synchronization;;Synchronization + пустая бизнес-роль
mivaganova;Ваганова Мария Игоревна (Mariya Vaganova);ODS Read CC;Synchronization;;Synchronization + пустая бизнес-роль
mivaganova;Ваганова Мария Игоревна (Mariya Vaganova);ODS Read DIAS;Synchronization;;Synchronization + пустая бизнес-роль
mivaganova;Ваганова Мария Игоревна (Mariya Vaganova);ODS Read DoubleData;Synchronization;;Synchronization + пустая бизнес-роль
mivaganova;Ваганова Мария Игоревна (Mariya Vaganova);ODS Read EKIS;Synchronization;;Synchronization + пустая бизнес-роль
mivaganova;Ваганова Мария Игоревна (Mariya Vaganova);ODS Read Equifax;Synchronization;;Synchronization + пустая бизнес-роль
mivaganova;Ваганова Мария Игоревна (Mariya Vaganova);ODS Read FOIV;Synchronization;;Synchronization + пустая бизнес-роль
mivaganova;Ваганова Мария Игоревна (Mariya Vaganova);ODS Read IA;Synchronization;;Synchronization + пустая бизнес-роль
mivaganova;Ваганова Мария Игоревна (Mariya Vaganova);ODS Read Insbridge;Synchronization;;Synchronization + пустая бизнес-роль
mivaganova;Ваганова Мария Игоревна (Mariya Vaganova);ODS Read KIAS;Synchronization;;Synchronization + пустая бизнес-роль
mivaganova;Ваганова Мария Игоревна (Mariya Vaganova);ODS Read MFMS;Synchronization;;Synchronization + пустая бизнес-роль
mivaganova;Ваганова Мария Игоревна (Mariya Vaganova);ODS Read Mobile;Synchronization;;Synchronization + пустая бизнес-роль
mivaganova;Ваганова Мария Игоревна (Mariya Vaganova);ODS Read Naumen;Synchronization;;Synchronization + пустая бизнес-роль
mivaganova;Ваганова Мария Игоревна (Mariya Vaganova);ODS Read NBKI;Synchronization;;Synchronization + пустая бизнес-роль
mivaganova;Ваганова Мария Игоревна (Mariya Vaganova);ODS Read OpenBank;Synchronization;;Synchronization + пустая бизнес-роль
mivaganova;Ваганова Мария Игоревна (Mariya Vaganova);ODS Read PCAPP;Synchronization;;Synchronization + пустая бизнес-роль
mivaganova;Ваганова Мария Игоревна (Mariya Vaganova);ODS Read Report;Synchronization;;Synchronization + пустая бизнес-роль
mivaganova;Ваганова Мария Игоревна (Mariya Vaganova);ODS Read RGSSCC;Synchronization;;Synchronization + пустая бизнес-роль
mivaganova;Ваганова Мария Игоревна (Mariya Vaganova);ODS Read RSAKBM;Synchronization;;Synchronization + пустая бизнес-роль
mivaganova;Ваганова Мария Игоревна (Mariya Vaganova);ODS Read RSAPRD;Synchronization;;Synchronization + пустая бизнес-роль
mivaganova;Ваганова Мария Игоревна (Mariya Vaganova);ODS Read SAP;Synchronization;;Synchronization + пустая бизнес-роль
mivaganova;Ваганова Мария Игоревна (Mariya Vaganova);ODS Read Splunk Avtocod;Synchronization;;Synchronization + пустая бизнес-роль
mivaganova;Ваганова Мария Игоревна (Mariya Vaganova);ODS Read Splunk KBM;Synchronization;;Synchronization + пустая бизнес-роль
mivaganova;Ваганова Мария Игоревна (Mariya Vaganova);ODS Read Splunk UFO;Synchronization;;Synchronization + пустая бизнес-роль
mivaganova;Ваганова Мария Игоревна (Mariya Vaganova);ODS Read Telematics;Synchronization;;Synchronization + пустая бизнес-роль
mivaganova;Ваганова Мария Игоревна (Mariya Vaganova);ODS Read Transdekra;Synchronization;;Synchronization + пустая бизнес-роль
mivaganova;Ваганова Мария Игоревна (Mariya Vaganova);ODS Read UFO;Synchronization;;Synchronization + пустая бизнес-роль
mivaganova;Ваганова Мария Игоревна (Mariya Vaganova);ODS Read UKDZISP;Synchronization;;Synchronization + пустая бизнес-роль
mivaganova;Ваганова Мария Игоревна (Mariya Vaganova);ODS Read XBRL;Synchronization;;Synchronization + пустая бизнес-роль
mivaganova;Ваганова Мария Игоревна (Mariya Vaganova);ODS Unspec Analysis Out;Synchronization;;Synchronization + пустая бизнес-роль
mivaganova;Ваганова Мария Игоревна (Mariya Vaganova);ODS Unspec Property;Synchronization;;Synchronization + пустая бизнес-роль
miyurkevich;Юркевич Михаил Игоревич (Mikhail Yurkevich);EDW Unspec Analysis;Synchronization;;Synchronization + пустая бизнес-роль
miyurkevich;Юркевич Михаил Игоревич (Mikhail Yurkevich);EDW Unspec Analysis Out;Synchronization;;Synchronization + пустая бизнес-роль
miyurkevich;Юркевич Михаил Игоревич (Mikhail Yurkevich);ODS All Auto;Synchronization;;Synchronization + пустая бизнес-роль
miyurkevich;Юркевич Михаил Игоревич (Mikhail Yurkevich);ODS All Property;Synchronization;;Synchronization + пустая бизнес-роль
miyurkevich;Юркевич Михаил Игоревич (Mikhail Yurkevich);ODS Read ARM4;Synchronization;;Synchronization + пустая бизнес-роль
miyurkevich;Юркевич Михаил Игоревич (Mikhail Yurkevich);ODS Read Audatex;Synchronization;;Synchronization + пустая бизнес-роль
miyurkevich;Юркевич Михаил Игоревич (Mikhail Yurkevich);ODS Read CC;Synchronization;;Synchronization + пустая бизнес-роль
miyurkevich;Юркевич Михаил Игоревич (Mikhail Yurkevich);ODS Read DoubleData;Synchronization;;Synchronization + пустая бизнес-роль
miyurkevich;Юркевич Михаил Игоревич (Mikhail Yurkevich);ODS Read EKIS;Synchronization;;Synchronization + пустая бизнес-роль
miyurkevich;Юркевич Михаил Игоревич (Mikhail Yurkevich);ODS Read Equifax;Synchronization;;Synchronization + пустая бизнес-роль
miyurkevich;Юркевич Михаил Игоревич (Mikhail Yurkevich);ODS Read FOIV;Synchronization;;Synchronization + пустая бизнес-роль
miyurkevich;Юркевич Михаил Игоревич (Mikhail Yurkevich);ODS Read MFMS;Synchronization;;Synchronization + пустая бизнес-роль
miyurkevich;Юркевич Михаил Игоревич (Mikhail Yurkevich);ODS Read Mobile;Synchronization;;Synchronization + пустая бизнес-роль
miyurkevich;Юркевич Михаил Игоревич (Mikhail Yurkevich);ODS Read RGSSCC;Synchronization;;Synchronization + пустая бизнес-роль
miyurkevich;Юркевич Михаил Игоревич (Mikhail Yurkevich);ODS Read RSAKBM;Synchronization;;Synchronization + пустая бизнес-роль
miyurkevich;Юркевич Михаил Игоревич (Mikhail Yurkevich);ODS Read Splunk Avtocod;Synchronization;;Synchronization + пустая бизнес-роль
miyurkevich;Юркевич Михаил Игоревич (Mikhail Yurkevich);ODS Read Splunk KBM;Synchronization;;Synchronization + пустая бизнес-роль
miyurkevich;Юркевич Михаил Игоревич (Mikhail Yurkevich);ODS Read Transdekra;Synchronization;;Synchronization + пустая бизнес-роль
mmborisov;Борисов Михаил Михайлович (Mikhail Borisov);ODS All Splunk Avtocod;Synchronization;;Synchronization + пустая бизнес-роль
mmborisov;Борисов Михаил Михайлович (Mikhail Borisov);ODS Read Splunk Avtocod;Synchronization;;Synchronization + пустая бизнес-роль
mmnovikov;Новиков Михаил Михайлович (Mikhail Novikov);EDW Owner SCOP;Synchronization;;Synchronization + пустая бизнес-роль
mmnovikov;Новиков Михаил Михайлович (Mikhail Novikov);EDW Read Core;Synchronization;;Synchronization + пустая бизнес-роль
mmnovikov;Новиков Михаил Михайлович (Mikhail Novikov);ODS Read ARM4;Synchronization;;Synchronization + пустая бизнес-роль
mmnovikov;Новиков Михаил Михайлович (Mikhail Novikov);ODS Read CC;Synchronization;;Synchronization + пустая бизнес-роль
mmnovikov;Новиков Михаил Михайлович (Mikhail Novikov);ODS Read EKIS;Synchronization;;Synchronization + пустая бизнес-роль
mmnovikov;Новиков Михаил Михайлович (Mikhail Novikov);ODS Read Report;Synchronization;;Synchronization + пустая бизнес-роль
mmnovikov;Новиков Михаил Михайлович (Mikhail Novikov);ODS Read RGSSCC;Synchronization;;Synchronization + пустая бизнес-роль
mnspichkin;Спичкин Максим Николаевич (Maksim Spichkin);ART Данные поезд-1-94909927;Synchronization;;Synchronization + пустая бизнес-роль
moli;Ли Мария Олеговна (Mariya Li);ART Персонал (Весь поезд)art_hr@rgs.ru-12089312808;Synchronization;;Synchronization + пустая бизнес-роль
moli;Ли Мария Олеговна (Mariya Li);ART Персонал (Менеджмент поезда)-11742115441;Synchronization;;Synchronization + пустая бизнес-роль
monitor;monitor;EDW All DES;Synchronization;;Synchronization + пустая бизнес-роль
monitor;monitor;EDW All DQ;Synchronization;;Synchronization + пустая бизнес-роль
monitor;monitor;ODS All Auto;Synchronization;;Synchronization + пустая бизнес-роль
mpanova;Панова Мария Владимировна (Mariya Panova);EDW All Mortgage;Synchronization;;Synchronization + пустая бизнес-роль
mpanova;Панова Мария Владимировна (Mariya Panova);EDW Read Core;Synchronization;;Synchronization + пустая бизнес-роль
mpmashin;Машин Максим Павлович (Maksim Mashin);ART Данные поезд-1-94909927;Synchronization;;Synchronization + пустая бизнес-роль
mpmashin;Машин Максим Павлович (Maksim Mashin);EDW All Cdm Analysis Out;Synchronization;;Synchronization + пустая бизнес-роль
mpmashin;Машин Максим Павлович (Maksim Mashin);EDW All Core;Synchronization;;Synchronization + пустая бизнес-роль
mpmashin;Машин Максим Павлович (Maksim Mashin);EDW Resource Administrator;Synchronization;;Synchronization + пустая бизнес-роль
mpmashin;Машин Максим Павлович (Maksim Mashin);ODS All BCAPP;Synchronization;;Synchronization + пустая бизнес-роль
mpmashin;Машин Максим Павлович (Maksim Mashin);ODS All CC;Synchronization;;Synchronization + пустая бизнес-роль
mpmashin;Машин Максим Павлович (Maksim Mashin);ODS All KIAS;Synchronization;;Synchronization + пустая бизнес-роль
mpmashin;Машин Максим Павлович (Maksim Mashin);ODS All PCAPP;Synchronization;;Synchronization + пустая бизнес-роль
mpmashin;Машин Максим Павлович (Maksim Mashin);ODS All RGSSCC;Synchronization;;Synchronization + пустая бизнес-роль
mpmashin;Машин Максим Павлович (Maksim Mashin);ODS Owner CDM;Synchronization;;Synchronization + пустая бизнес-роль
mpmashin;Машин Максим Павлович (Maksim Mashin);ODS Resource Administrator;Synchronization;;Synchronization + пустая бизнес-роль
mrkhokhlov;Хохлов Михаил Романович (Mikhail Khokhlov);EDW All MLDEV19;Synchronization;;Synchronization + пустая бизнес-роль
mrkhokhlov;Хохлов Михаил Романович (Mikhail Khokhlov);EDW All MLDEV72;Synchronization;;Synchronization + пустая бизнес-роль
mrkhokhlov;Хохлов Михаил Романович (Mikhail Khokhlov);EDW All Property;Synchronization;;Synchronization + пустая бизнес-роль
mrkhokhlov;Хохлов Михаил Романович (Mikhail Khokhlov);EDW Read Core;Synchronization;;Synchronization + пустая бизнес-роль
mrkhokhlov;Хохлов Михаил Романович (Mikhail Khokhlov);EDW Read RB;Synchronization;;Synchronization + пустая бизнес-роль
mrkhokhlov;Хохлов Михаил Романович (Mikhail Khokhlov);EDW Unspec Analysis;Synchronization;;Synchronization + пустая бизнес-роль
mrkhokhlov;Хохлов Михаил Романович (Mikhail Khokhlov);EDW Unspec Analysis Out;Synchronization;;Synchronization + пустая бизнес-роль
mrkhokhlov;Хохлов Михаил Романович (Mikhail Khokhlov);ODS All Auto;Synchronization;;Synchronization + пустая бизнес-роль
mrkhokhlov;Хохлов Михаил Романович (Mikhail Khokhlov);ODS All MLDEV19;Synchronization;;Synchronization + пустая бизнес-роль
mrkhokhlov;Хохлов Михаил Романович (Mikhail Khokhlov);ODS All MLDEV72;Synchronization;;Synchronization + пустая бизнес-роль
mrkhokhlov;Хохлов Михаил Романович (Mikhail Khokhlov);ODS All Property;Synchronization;;Synchronization + пустая бизнес-роль
mrkhokhlov;Хохлов Михаил Романович (Mikhail Khokhlov);ODS Read ARCtrl;Synchronization;;Synchronization + пустая бизнес-роль
mrkhokhlov;Хохлов Михаил Романович (Mikhail Khokhlov);ODS Read ARM4;Synchronization;;Synchronization + пустая бизнес-роль
mrkhokhlov;Хохлов Михаил Романович (Mikhail Khokhlov);ODS Read Audatex;Synchronization;;Synchronization + пустая бизнес-роль
mrkhokhlov;Хохлов Михаил Романович (Mikhail Khokhlov);ODS Read CC;Synchronization;;Synchronization + пустая бизнес-роль
mrkhokhlov;Хохлов Михаил Романович (Mikhail Khokhlov);ODS Read EKIS;Synchronization;;Synchronization + пустая бизнес-роль
mrkhokhlov;Хохлов Михаил Романович (Mikhail Khokhlov);ODS Read Equifax;Synchronization;;Synchronization + пустая бизнес-роль
mrkhokhlov;Хохлов Михаил Романович (Mikhail Khokhlov);ODS Read FOIV;Synchronization;;Synchronization + пустая бизнес-роль
mrkhokhlov;Хохлов Михаил Романович (Mikhail Khokhlov);ODS Read MFMS;Synchronization;;Synchronization + пустая бизнес-роль
mrkhokhlov;Хохлов Михаил Романович (Mikhail Khokhlov);ODS Read Mobile;Synchronization;;Synchronization + пустая бизнес-роль
mrkhokhlov;Хохлов Михаил Романович (Mikhail Khokhlov);ODS Read PCAPP;Synchronization;;Synchronization + пустая бизнес-роль
mrkhokhlov;Хохлов Михаил Романович (Mikhail Khokhlov);ODS Read RGSSCC;Synchronization;;Synchronization + пустая бизнес-роль
mrkhokhlov;Хохлов Михаил Романович (Mikhail Khokhlov);ODS Read Splunk Avtocod;Synchronization;;Synchronization + пустая бизнес-роль
mrkhokhlov;Хохлов Михаил Романович (Mikhail Khokhlov);ODS Read Transdekra;Synchronization;;Synchronization + пустая бизнес-роль
mrkhokhlov;Хохлов Михаил Романович (Mikhail Khokhlov);ODS Unspec Analysis;Synchronization;;Synchronization + пустая бизнес-роль
mrkhokhlov;Хохлов Михаил Романович (Mikhail Khokhlov);ODS Unspec Analysis Out;Synchronization;;Synchronization + пустая бизнес-роль
mrryabochkin;Рябочкин Максим Рудольфович (Maksim Ryabochkin);CBD Administrator;Synchronization;;Synchronization + пустая бизнес-роль
mrryabochkin;Рябочкин Максим Рудольфович (Maksim Ryabochkin);DWH Administrator;Synchronization;;Synchronization + пустая бизнес-роль
mrryabochkin;Рябочкин Максим Рудольфович (Maksim Ryabochkin);DWH Replicator;Synchronization;;Synchronization + пустая бизнес-роль
mrryabochkin;Рябочкин Максим Рудольфович (Maksim Ryabochkin);EDW Administrator;Synchronization;;Synchronization + пустая бизнес-роль
mrryabochkin;Рябочкин Максим Рудольфович (Maksim Ryabochkin);ODS Administrator;Synchronization;;Synchronization + пустая бизнес-роль
mrryabochkin;Рябочкин Максим Рудольфович (Maksim Ryabochkin);ODS All CDM;Synchronization;;Synchronization + пустая бизнес-роль
mrryabochkin;Рябочкин Максим Рудольфович (Maksim Ryabochkin);ODS Owner CDM;Synchronization;;Synchronization + пустая бизнес-роль
msborisov;Борисов Михаил Сергеевич (Mikhail Borisov);EDW Read Core;Synchronization;;Synchronization + пустая бизнес-роль
msfo_17;msfo_17;DWHT Edw Read Cdm Analysis Out;Synchronization;;Synchronization + пустая бизнес-роль
msfo_17;msfo_17;DWHT Edw Read Core;Synchronization;;Synchronization + пустая бизнес-роль
msfo_17;msfo_17;DWHT Ods All msfo17;Synchronization;;Synchronization + пустая бизнес-роль
msfo_17;msfo_17;DWHT Ods Read Cdm Analysis Out;Synchronization;;Synchronization + пустая бизнес-роль
msfo_17;msfo_17;DWHT Ods Read msfo17;Synchronization;;Synchronization + пустая бизнес-роль
msfo_17;msfo_17;DWHT Ods Read Source;Synchronization;;Synchronization + пустая бизнес-роль
msfo_17;msfo_17;EDW Read Cdm Analysis;Synchronization;;Synchronization + пустая бизнес-роль
msfo_17;msfo_17;EDW Read Cdm Analysis Out;Synchronization;;Synchronization + пустая бизнес-роль
msfo_17;msfo_17;EDW Read Core;Synchronization;;Synchronization + пустая бизнес-роль
msfo_17;msfo_17;ODS All msfo17;Synchronization;;Synchronization + пустая бизнес-роль
msfo_17;msfo_17;ODS Read Cdm Analysis;Synchronization;;Synchronization + пустая бизнес-роль
msfo_17;msfo_17;ODS Read Cdm Analysis Out;Synchronization;;Synchronization + пустая бизнес-роль
msfo_17;msfo_17;ODS Read KIAS;Synchronization;;Synchronization + пустая бизнес-роль
msfo_17_2ik;msfo_17_2ik;DWHT Ods All msfo17;Synchronization;;Synchronization + пустая бизнес-роль
msfo_17_2ik;msfo_17_2ik;DWHT Ods All Source;Synchronization;;Synchronization + пустая бизнес-роль
msfo_17_3ik;msfo_17_3ik;DWHT Ods All msfo17;Synchronization;;Synchronization + пустая бизнес-роль
msfo_17_3ik;msfo_17_3ik;DWHT Ods All Source;Synchronization;;Synchronization + пустая бизнес-роль
msfo_17_pre;msfo_17_pre;DWHT Ods All msfo17;Synchronization;;Synchronization + пустая бизнес-роль
msfo_17_pre;msfo_17_pre;DWHT Ods All Source;Synchronization;;Synchronization + пустая бизнес-роль
mshurygin;Шурыгин Максим Алексеевич (Maksim Shurygin);ART Partners. РГС PRO-1-1594249140;Synchronization;;Synchronization + пустая бизнес-роль
mskabaev;Кабаев Максим Сергеевич (Maksim Kabaev);ODS Read UFO;Synchronization;;Synchronization + пустая бизнес-роль
mskazakov;Казаков Максим Сергеевич (Maksim Kazakov);CBD All Actuary;Synchronization;;Synchronization + пустая бизнес-роль
mskazakov;Казаков Максим Сергеевич (Maksim Kazakov);DWH Developer;Synchronization;;Synchronization + пустая бизнес-роль
mskazakov;Казаков Максим Сергеевич (Maksim Kazakov);EDW All CDM;Synchronization;;Synchronization + пустая бизнес-роль
mskazakov;Казаков Максим Сергеевич (Maksim Kazakov);EDW All Cdm Analysis Out;Synchronization;;Synchronization + пустая бизнес-роль
mskazakov;Казаков Максим Сергеевич (Maksim Kazakov);EDW Owner Actuary;Synchronization;;Synchronization + пустая бизнес-роль
mskazakov;Казаков Максим Сергеевич (Maksim Kazakov);EDW Unspec Analysis;Synchronization;;Synchronization + пустая бизнес-роль
mskazakov;Казаков Максим Сергеевич (Maksim Kazakov);EDW Unspec Analysis Out;Synchronization;;Synchronization + пустая бизнес-роль
mskazakov;Казаков Максим Сергеевич (Maksim Kazakov);ODS All Auto;Synchronization;;Synchronization + пустая бизнес-роль
mskazakov;Казаков Максим Сергеевич (Maksim Kazakov);ODS Read DIAS;Synchronization;;Synchronization + пустая бизнес-роль
mskazakov;Казаков Максим Сергеевич (Maksim Kazakov);ODS Unspec Analysis;Synchronization;;Synchronization + пустая бизнес-роль
mskazakov;Казаков Максим Сергеевич (Maksim Kazakov);ODS Unspec Analysis Out;Synchronization;;Synchronization + пустая бизнес-роль
msklesch;Клещ Максим Сергеевич (Maksim Klesch);EDW Read Core;Synchronization;;Synchronization + пустая бизнес-роль
msklesch;Клещ Максим Сергеевич (Maksim Klesch);EDW Read RB;Synchronization;;Synchronization + пустая бизнес-роль
msklesch;Клещ Максим Сергеевич (Maksim Klesch);ODS Read ARM4;Synchronization;;Synchronization + пустая бизнес-роль
msklesch;Клещ Максим Сергеевич (Maksim Klesch);ODS Read EKIS;Synchronization;;Synchronization + пустая бизнес-роль
msklesch;Клещ Максим Сергеевич (Maksim Klesch);ODS Read PCAPP;Synchronization;;Synchronization + пустая бизнес-роль
mskolyshnitsyna;Колышницына Мария Сергеевна (Mariya Kolyshnitsyna);EDW Read Core;Synchronization;;Synchronization + пустая бизнес-роль
mskolyshnitsyna;Колышницына Мария Сергеевна (Mariya Kolyshnitsyna);EDW Read SCOP;Synchronization;;Synchronization + пустая бизнес-роль
msnarodovets;Народовец Мария Сергеевна (Mariya Narodovets);EDW Read CDI;Synchronization;;Synchronization + пустая бизнес-роль
msnarodovets;Народовец Мария Сергеевна (Mariya Narodovets);ODS All Splunk Avtocod;Synchronization;;Synchronization + пустая бизнес-роль
msnarodovets;Народовец Мария Сергеевна (Mariya Narodovets);ODS All Splunk KBM;Synchronization;;Synchronization + пустая бизнес-роль
msnarodovets;Народовец Мария Сергеевна (Mariya Narodovets);ODS All Splunk UFO;Synchronization;;Synchronization + пустая бизнес-роль
msnarodovets;Народовец Мария Сергеевна (Mariya Narodovets);ODS Read Boss 1;Synchronization;;Synchronization + пустая бизнес-роль
msnarodovets;Народовец Мария Сергеевна (Mariya Narodovets);ODS Read Splunk Avtocod;Synchronization;;Synchronization + пустая бизнес-роль
msnarodovets;Народовец Мария Сергеевна (Mariya Narodovets);ODS Read Splunk KBM;Synchronization;;Synchronization + пустая бизнес-роль
msnarodovets;Народовец Мария Сергеевна (Mariya Narodovets);ODS Read Splunk UFO;Synchronization;;Synchronization + пустая бизнес-роль
msnesterenko;Нестеренко Максим Сергеевич (Maksim Nesterenko);DWH User;Synchronization;;Synchronization + пустая бизнес-роль
msnesterenko;Нестеренко Максим Сергеевич (Maksim Nesterenko);EDW All MLDEV19;Synchronization;;Synchronization + пустая бизнес-роль
msnesterenko;Нестеренко Максим Сергеевич (Maksim Nesterenko);EDW All MLDEV72;Synchronization;;Synchronization + пустая бизнес-роль
msnesterenko;Нестеренко Максим Сергеевич (Maksim Nesterenko);ODS All DSA;Synchronization;;Synchronization + пустая бизнес-роль
msnesterenko;Нестеренко Максим Сергеевич (Maksim Nesterenko);ODS All MLDEV19;Synchronization;;Synchronization + пустая бизнес-роль
msnesterenko;Нестеренко Максим Сергеевич (Maksim Nesterenko);ODS All MLDEV72;Synchronization;;Synchronization + пустая бизнес-роль
msnesterenko;Нестеренко Максим Сергеевич (Maksim Nesterenko);ODS Read Actuary;Synchronization;;Synchronization + пустая бизнес-роль
msnesterenko;Нестеренко Максим Сергеевич (Maksim Nesterenko);ODS Read ARM4;Synchronization;;Synchronization + пустая бизнес-роль
msnesterenko;Нестеренко Максим Сергеевич (Maksim Nesterenko);ODS Read Auto;Synchronization;;Synchronization + пустая бизнес-роль
msnesterenko;Нестеренко Максим Сергеевич (Maksim Nesterenko);ODS Read CC;Synchronization;;Synchronization + пустая бизнес-роль
msnesterenko;Нестеренко Максим Сергеевич (Maksim Nesterenko);ODS Read EKIS;Synchronization;;Synchronization + пустая бизнес-роль
msnesterenko;Нестеренко Максим Сергеевич (Maksim Nesterenko);ODS Read RGSSCC;Synchronization;;Synchronization + пустая бизнес-роль
msognev;Огнев Михаил Сергеевич (Mikhail Ognev);ODS Read ARM4;Synchronization;;Synchronization + пустая бизнес-роль
msognev;Огнев Михаил Сергеевич (Mikhail Ognev);ODS Read Boss 1;Synchronization;;Synchronization + пустая бизнес-роль
msognev;Огнев Михаил Сергеевич (Mikhail Ognev);ODS Read CC;Synchronization;;Synchronization + пустая бизнес-роль
msognev;Огнев Михаил Сергеевич (Mikhail Ognev);ODS Read EKIS;Synchronization;;Synchronization + пустая бизнес-роль
msognev;Огнев Михаил Сергеевич (Mikhail Ognev);ODS Read RGSSCC;Synchronization;;Synchronization + пустая бизнес-роль
msognev;Огнев Михаил Сергеевич (Mikhail Ognev);ODS Read Splunk UFO;Synchronization;;Synchronization + пустая бизнес-роль
msognev;Огнев Михаил Сергеевич (Mikhail Ognev);ODS Unspec Auto;Synchronization;;Synchronization + пустая бизнес-роль
msvasilev;Васильев Максим Сергеевич (Maksim Vasilev);ART Данные лид-11605388543;Synchronization;;Synchronization + пустая бизнес-роль
msvasilev;Васильев Максим Сергеевич (Maksim Vasilev);ART Данные поезд-1-94909927;Synchronization;;Synchronization + пустая бизнес-роль
msznamenskaya;Знаменская Милалика Сергеевна (Milalika Znamenskaya);ART Partners. Business Development-1-1758448165;Synchronization;;Synchronization + пустая бизнес-роль
msznamenskaya;Знаменская Милалика Сергеевна (Milalika Znamenskaya);ART Partners. ЦПП API-11272902660;Synchronization;;Synchronization + пустая бизнес-роль
msznamenskaya;Знаменская Милалика Сергеевна (Milalika Znamenskaya);EDW Read RB;Synchronization;;Synchronization + пустая бизнес-роль
mtbasiev;Басиев Марат Тимурович (Marat Basiev);EDW Read CDI;Synchronization;;Synchronization + пустая бизнес-роль
mtbasiev;Басиев Марат Тимурович (Marat Basiev);EDW Read Cdm Analysis;Synchronization;;Synchronization + пустая бизнес-роль
mtbasiev;Басиев Марат Тимурович (Marat Basiev);EDW Read Cdm Analysis Out;Synchronization;;Synchronization + пустая бизнес-роль
mtbasiev;Басиев Марат Тимурович (Marat Basiev);EDW Read Core;Synchronization;;Synchronization + пустая бизнес-роль
mtbasiev;Басиев Марат Тимурович (Marat Basiev);ODS Read ARM4;Synchronization;;Synchronization + пустая бизнес-роль
mtbasiev;Басиев Марат Тимурович (Marat Basiev);ODS Read BCAPP;Synchronization;;Synchronization + пустая бизнес-роль
mtbasiev;Басиев Марат Тимурович (Marat Basiev);ODS Read CC;Synchronization;;Synchronization + пустая бизнес-роль
mtbasiev;Басиев Марат Тимурович (Marat Basiev);ODS Read Cdm Analysis Out;Synchronization;;Synchronization + пустая бизнес-роль
mtbasiev;Басиев Марат Тимурович (Marat Basiev);ODS Read EKIS;Synchronization;;Synchronization + пустая бизнес-роль
mtbasiev;Басиев Марат Тимурович (Marat Basiev);ODS Read KIAS;Synchronization;;Synchronization + пустая бизнес-роль
mtbasiev;Басиев Марат Тимурович (Marat Basiev);ODS Read LK;Synchronization;;Synchronization + пустая бизнес-роль
mtbasiev;Басиев Марат Тимурович (Marat Basiev);ODS Read PCAPP;Synchronization;;Synchronization + пустая бизнес-роль
mtbasiev;Басиев Марат Тимурович (Marat Basiev);ODS Read RI;Synchronization;;Synchronization + пустая бизнес-роль
mtbasiev;Басиев Марат Тимурович (Marat Basiev);ODS Read RSAPRD;Synchronization;;Synchronization + пустая бизнес-роль
mtbasiev;Басиев Марат Тимурович (Marat Basiev);ODS Read Tessa;Synchronization;;Synchronization + пустая бизнес-роль
mtbasiev;Басиев Марат Тимурович (Marat Basiev);ODS Read UFO;Synchronization;;Synchronization + пустая бизнес-роль
mtbasiev;Басиев Марат Тимурович (Marat Basiev);ODS Read UPP;Synchronization;;Synchronization + пустая бизнес-роль
mvbelyanchikova;Белянчикова Мария Валерьевна (Mariya Belyanchikova);ART Данные поезд-1-94909927;Synchronization;;Synchronization + пустая бизнес-роль
mvkretov;Кретов Михаил Викторович (Mikhail Kretov);EDW All DQM;Synchronization;;Synchronization + пустая бизнес-роль
mvkretov;Кретов Михаил Викторович (Mikhail Kretov);EDW Read BZK;Synchronization;;Synchronization + пустая бизнес-роль
mvkretov;Кретов Михаил Викторович (Mikhail Kretov);EDW Read Core;Synchronization;;Synchronization + пустая бизнес-роль
mvkretov;Кретов Михаил Викторович (Mikhail Kretov);EDW Unspec Analysis;Synchronization;;Synchronization + пустая бизнес-роль
mvkretov;Кретов Михаил Викторович (Mikhail Kretov);EDW Unspec Analysis Out;Synchronization;;Synchronization + пустая бизнес-роль
mvkretov;Кретов Михаил Викторович (Mikhail Kretov);ODS Read ARM4;Synchronization;;Synchronization + пустая бизнес-роль
mvkretov;Кретов Михаил Викторович (Mikhail Kretov);ODS Read BCAPP;Synchronization;;Synchronization + пустая бизнес-роль
mvkretov;Кретов Михаил Викторович (Mikhail Kretov);ODS Read Boss 1;Synchronization;;Synchronization + пустая бизнес-роль
mvkretov;Кретов Михаил Викторович (Mikhail Kretov);ODS Read BSO;Synchronization;;Synchronization + пустая бизнес-роль
mvkretov;Кретов Михаил Викторович (Mikhail Kretov);ODS Read CC;Synchronization;;Synchronization + пустая бизнес-роль
mvkretov;Кретов Михаил Викторович (Mikhail Kretov);ODS Read EKIS;Synchronization;;Synchronization + пустая бизнес-роль
mvkretov;Кретов Михаил Викторович (Mikhail Kretov);ODS Read Finance;Synchronization;;Synchronization + пустая бизнес-роль
mvkretov;Кретов Михаил Викторович (Mikhail Kretov);ODS Read KIAS;Synchronization;;Synchronization + пустая бизнес-роль
mvkretov;Кретов Михаил Викторович (Mikhail Kretov);ODS Read Naumen;Synchronization;;Synchronization + пустая бизнес-роль
mvkretov;Кретов Михаил Викторович (Mikhail Kretov);ODS Read PCAPP;Synchronization;;Synchronization + пустая бизнес-роль
mvkretov;Кретов Михаил Викторович (Mikhail Kretov);ODS Read Report;Synchronization;;Synchronization + пустая бизнес-роль
mvkretov;Кретов Михаил Викторович (Mikhail Kretov);ODS Read RGSSCC;Synchronization;;Synchronization + пустая бизнес-роль
mvkretov;Кретов Михаил Викторович (Mikhail Kretov);ODS Read SAP;Synchronization;;Synchronization + пустая бизнес-роль
mvkretov;Кретов Михаил Викторович (Mikhail Kretov);ODS Read XBRL;Synchronization;;Synchronization + пустая бизнес-роль
mvkretov;Кретов Михаил Викторович (Mikhail Kretov);ODS Unspec Analysis;Synchronization;;Synchronization + пустая бизнес-роль
mvkretov;Кретов Михаил Викторович (Mikhail Kretov);ODS Unspec Analysis Out;Synchronization;;Synchronization + пустая бизнес-роль
mvkreyderman;Крейдерман Мария Владимировна (Mariya Kreyderman);ART Данные поезд-1-94909927;Synchronization;;Synchronization + пустая бизнес-роль
mvkreyderman;Крейдерман Мария Владимировна (Mariya Kreyderman);EDW Read CCU;Synchronization;;Synchronization + пустая бизнес-роль
mvkreyderman;Крейдерман Мария Владимировна (Mariya Kreyderman);EDW Read CDI;Synchronization;;Synchronization + пустая бизнес-роль
mvkreyderman;Крейдерман Мария Владимировна (Mariya Kreyderman);EDW Read Core;Synchronization;;Synchronization + пустая бизнес-роль
mvkreyderman;Крейдерман Мария Владимировна (Mariya Kreyderman);EDW Unspec Analysis Out;Synchronization;;Synchronization + пустая бизнес-роль
mvkreyderman;Крейдерман Мария Владимировна (Mariya Kreyderman);ODS Read ARM4;Synchronization;;Synchronization + пустая бизнес-роль
mvkreyderman;Крейдерман Мария Владимировна (Mariya Kreyderman);ODS Read BCAPP;Synchronization;;Synchronization + пустая бизнес-роль
mvkreyderman;Крейдерман Мария Владимировна (Mariya Kreyderman);ODS Read CC;Synchronization;;Synchronization + пустая бизнес-роль
mvkreyderman;Крейдерман Мария Владимировна (Mariya Kreyderman);ODS Read EKIS;Synchronization;;Synchronization + пустая бизнес-роль
mvkreyderman;Крейдерман Мария Владимировна (Mariya Kreyderman);ODS Read KIAS;Synchronization;;Synchronization + пустая бизнес-роль
mvkreyderman;Крейдерман Мария Владимировна (Mariya Kreyderman);ODS Read PCAPP;Synchronization;;Synchronization + пустая бизнес-роль
mvkreyderman;Крейдерман Мария Владимировна (Mariya Kreyderman);ODS Read Qlik;Synchronization;;Synchronization + пустая бизнес-роль
mvkreyderman;Крейдерман Мария Владимировна (Mariya Kreyderman);ODS Read RGSSCC;Synchronization;;Synchronization + пустая бизнес-роль
mvkreyderman;Крейдерман Мария Владимировна (Mariya Kreyderman);ODS Unspec Analysis Out;Synchronization;;Synchronization + пустая бизнес-роль
mvonuchenko;Онученко Михаил Валерьевич (Mikhail Onuchenko);DWH Developer;Synchronization;;Synchronization + пустая бизнес-роль
mvonuchenko;Онученко Михаил Валерьевич (Mikhail Onuchenko);EDW All CDM;Synchronization;;Synchronization + пустая бизнес-роль
mvonuchenko;Онученко Михаил Валерьевич (Mikhail Onuchenko);EDW All Cdm Analysis;Synchronization;;Synchronization + пустая бизнес-роль
mvonuchenko;Онученко Михаил Валерьевич (Mikhail Onuchenko);EDW All Cdm Analysis Out;Synchronization;;Synchronization + пустая бизнес-роль
mvonuchenko;Онученко Михаил Валерьевич (Mikhail Onuchenko);EDW Read Core;Synchronization;;Synchronization + пустая бизнес-роль
mvonuchenko;Онученко Михаил Валерьевич (Mikhail Onuchenko);ODS All CDM;Synchronization;;Synchronization + пустая бизнес-роль
mvonuchenko;Онученко Михаил Валерьевич (Mikhail Onuchenko);ODS All Cdm Analysis;Synchronization;;Synchronization + пустая бизнес-роль
mvonuchenko;Онученко Михаил Валерьевич (Mikhail Onuchenko);ODS All Cdm Analysis Out;Synchronization;;Synchronization + пустая бизнес-роль
mvonuchenko;Онученко Михаил Валерьевич (Mikhail Onuchenko);ODS All XBRL;Synchronization;;Synchronization + пустая бизнес-роль
mvonuchenko;Онученко Михаил Валерьевич (Mikhail Onuchenko);ODS Read ARCtrl;Synchronization;;Synchronization + пустая бизнес-роль
mvonuchenko;Онученко Михаил Валерьевич (Mikhail Onuchenko);ODS Read ARM4;Synchronization;;Synchronization + пустая бизнес-роль
mvonuchenko;Онученко Михаил Валерьевич (Mikhail Onuchenko);ODS Read Auto;Synchronization;;Synchronization + пустая бизнес-роль
mvonuchenko;Онученко Михаил Валерьевич (Mikhail Onuchenko);ODS Read BCAPP;Synchronization;;Synchronization + пустая бизнес-роль
mvonuchenko;Онученко Михаил Валерьевич (Mikhail Onuchenko);ODS Read CC;Synchronization;;Synchronization + пустая бизнес-роль
mvonuchenko;Онученко Михаил Валерьевич (Mikhail Onuchenko);ODS Read DIAS;Synchronization;;Synchronization + пустая бизнес-роль
mvonuchenko;Онученко Михаил Валерьевич (Mikhail Onuchenko);ODS Read EKIS;Synchronization;;Synchronization + пустая бизнес-роль
mvonuchenko;Онученко Михаил Валерьевич (Mikhail Onuchenko);ODS Read PCAPP;Synchronization;;Synchronization + пустая бизнес-роль
mvonuchenko;Онученко Михаил Валерьевич (Mikhail Onuchenko);ODS Read Report;Synchronization;;Synchronization + пустая бизнес-роль
mvonuchenko;Онученко Михаил Валерьевич (Mikhail Onuchenko);ODS Read RGSSCC;Synchronization;;Synchronization + пустая бизнес-роль
mvonuchenko;Онученко Михаил Валерьевич (Mikhail Onuchenko);ODS Read SAP;Synchronization;;Synchronization + пустая бизнес-роль
mvonuchenko;Онученко Михаил Валерьевич (Mikhail Onuchenko);ODS Read UFO;Synchronization;;Synchronization + пустая бизнес-роль
mvsavenkov;Савенков Михаил Владиславович (Mikhail Savenkov);EDW All Mortgage;Synchronization;;Synchronization + пустая бизнес-роль
mvsavenkov;Савенков Михаил Владиславович (Mikhail Savenkov);EDW Read Core;Synchronization;;Synchronization + пустая бизнес-роль
mvvershinina;Вершинина Марина Валерьевна (Marina Vershinina);ART Персонал (Весь поезд)art_hr@rgs.ru-12089312808;Synchronization;;Synchronization + пустая бизнес-роль
mvzaytsev;Зайцев Михаил Владиславович (Mikhail Zaytsev);ART Partners. ЦПП API-11272902660;Synchronization;;Synchronization + пустая бизнес-роль
mvzhiganov;Жиганов Михаил Валерьевич (Mikhail Zhiganov);EDW Read RB;Synchronization;;Synchronization + пустая бизнес-роль
mypetrov;Петров Михаил Юрьевич (Mikhail Petrov);ART Данные поезд-1-94909927;Synchronization;;Synchronization + пустая бизнес-роль
myusorokina;Сорокина Мария Юрьевна (Mariya Sorokina);ODS All Auto;Synchronization;;Synchronization + пустая бизнес-роль
myusorokina;Сорокина Мария Юрьевна (Mariya Sorokina);ODS All Property;Synchronization;;Synchronization + пустая бизнес-роль
myusorokina;Сорокина Мария Юрьевна (Mariya Sorokina);ODS Read ARM4;Synchronization;;Synchronization + пустая бизнес-роль
myusorokina;Сорокина Мария Юрьевна (Mariya Sorokina);ODS Read Audatex;Synchronization;;Synchronization + пустая бизнес-роль
myusorokina;Сорокина Мария Юрьевна (Mariya Sorokina);ODS Read CC;Synchronization;;Synchronization + пустая бизнес-роль
myusorokina;Сорокина Мария Юрьевна (Mariya Sorokina);ODS Read EKIS;Synchronization;;Synchronization + пустая бизнес-роль
myusorokina;Сорокина Мария Юрьевна (Mariya Sorokina);ODS Read FOIV;Synchronization;;Synchronization + пустая бизнес-роль
myusorokina;Сорокина Мария Юрьевна (Mariya Sorokina);ODS Read MFMS;Synchronization;;Synchronization + пустая бизнес-роль
myusorokina;Сорокина Мария Юрьевна (Mariya Sorokina);ODS Read Mobile;Synchronization;;Synchronization + пустая бизнес-роль
myusorokina;Сорокина Мария Юрьевна (Mariya Sorokina);ODS Read RGSSCC;Synchronization;;Synchronization + пустая бизнес-роль
myusorokina;Сорокина Мария Юрьевна (Mariya Sorokina);ODS Read RSAKBM;Synchronization;;Synchronization + пустая бизнес-роль
myusorokina;Сорокина Мария Юрьевна (Mariya Sorokina);ODS Read Splunk Avtocod;Synchronization;;Synchronization + пустая бизнес-роль
myusorokina;Сорокина Мария Юрьевна (Mariya Sorokina);ODS Read Splunk KBM;Synchronization;;Synchronization + пустая бизнес-роль
myusorokina;Сорокина Мария Юрьевна (Mariya Sorokina);ODS Read Transdekra;Synchronization;;Synchronization + пустая бизнес-роль
myusorokina;Сорокина Мария Юрьевна (Mariya Sorokina);ODS Unspec Analysis;Synchronization;;Synchronization + пустая бизнес-роль
myusorokina;Сорокина Мария Юрьевна (Mariya Sorokina);ODS Unspec Auto;Synchronization;;Synchronization + пустая бизнес-роль
myvoronin;Воронин Михаил Яковлевич (Mikhail Voronin);ART Данные лид-11605388543;Synchronization;;Synchronization + пустая бизнес-роль
myvoronin;Воронин Михаил Яковлевич (Mikhail Voronin);ART Данные поезд-1-94909927;Synchronization;;Synchronization + пустая бизнес-роль
nabutov;Бутов Никита Алексеевич (Nikita Butov);ART Данные поезд-1-94909927;Synchronization;;Synchronization + пустая бизнес-роль
nakochemasova;Кочемасова Наталья Александровна (Natalya Kochemasova);ART Данные поезд-1-94909927;Synchronization;;Synchronization + пустая бизнес-роль
nakolotilina;Колотилина Наталья Александровна;EDW All UAG;Synchronization;;Synchronization + пустая бизнес-роль
nakolotilina;Колотилина Наталья Александровна;EDW Read Core;Synchronization;;Synchronization + пустая бизнес-роль
nakuzin;Кузин Николай Алексеевич (Nikolay Kuzin);EDW Read CDI;Synchronization;;Synchronization + пустая бизнес-роль
nakuzin;Кузин Николай Алексеевич (Nikolay Kuzin);EDW Read RB;Synchronization;;Synchronization + пустая бизнес-роль
namikheev;Михеев Николай Анатольевич (Nikolay Mikheev);ODS Read UFO;Synchronization;;Synchronization + пустая бизнес-роль
namullin;Муллин Николай Андреевич (Nikolay Mullin);ODS Read Naumen;Synchronization;;Synchronization + пустая бизнес-роль
ndbarsukov;Барсуков Николай Дмитриевич (Nikolay Barsukov);ART Partners. ЦПП API-11272902660;Synchronization;;Synchronization + пустая бизнес-роль
new_site;new_site;EDW Unspec Analysis;Synchronization;;Synchronization + пустая бизнес-роль
new_site;new_site;EDW Unspec Analysis Out;Synchronization;;Synchronization + пустая бизнес-роль
new_site;new_site;ODS Unspec Analysis;Synchronization;;Synchronization + пустая бизнес-роль
new_site;new_site;ODS Unspec Analysis Out;Synchronization;;Synchronization + пустая бизнес-роль
ngremiakova;Гремякова Наталья Викторовна (Natalya Gremyakova);EDW All RB;Synchronization;;Synchronization + пустая бизнес-роль
ngremiakova;Гремякова Наталья Викторовна (Natalya Gremyakova);EDW Read CDI;Synchronization;;Synchronization + пустая бизнес-роль
ngremiakova;Гремякова Наталья Викторовна (Natalya Gremyakova);EDW Read Core;Synchronization;;Synchronization + пустая бизнес-роль
ngremiakova;Гремякова Наталья Викторовна (Natalya Gremyakova);EDW Unspec Analysis;Synchronization;;Synchronization + пустая бизнес-роль
ngremiakova;Гремякова Наталья Викторовна (Natalya Gremyakova);EDW Unspec Analysis Out;Synchronization;;Synchronization + пустая бизнес-роль
ngremiakova;Гремякова Наталья Викторовна (Natalya Gremyakova);ODS All Actuary;Synchronization;;Synchronization + пустая бизнес-роль
ngremiakova;Гремякова Наталья Викторовна (Natalya Gremyakova);ODS Read ARM4;Synchronization;;Synchronization + пустая бизнес-роль
ngremiakova;Гремякова Наталья Викторовна (Natalya Gremyakova);ODS Read BCAPP;Synchronization;;Synchronization + пустая бизнес-роль
ngremiakova;Гремякова Наталья Викторовна (Natalya Gremyakova);ODS Read BOSS;Synchronization;;Synchronization + пустая бизнес-роль
ngremiakova;Гремякова Наталья Викторовна (Natalya Gremyakova);ODS Read Boss 1;Synchronization;;Synchronization + пустая бизнес-роль
ngremiakova;Гремякова Наталья Викторовна (Natalya Gremyakova);ODS Read CC;Synchronization;;Synchronization + пустая бизнес-роль
ngremiakova;Гремякова Наталья Викторовна (Natalya Gremyakova);ODS Read EKIS;Synchronization;;Synchronization + пустая бизнес-роль
ngremiakova;Гремякова Наталья Викторовна (Natalya Gremyakova);ODS Read Finance;Synchronization;;Synchronization + пустая бизнес-роль
ngremiakova;Гремякова Наталья Викторовна (Natalya Gremyakova);ODS Read PCAPP;Synchronization;;Synchronization + пустая бизнес-роль
ngremiakova;Гремякова Наталья Викторовна (Natalya Gremyakova);ODS Read Report;Synchronization;;Synchronization + пустая бизнес-роль
ngremiakova;Гремякова Наталья Викторовна (Natalya Gremyakova);ODS Read RGSJ;Synchronization;;Synchronization + пустая бизнес-роль
ngremiakova;Гремякова Наталья Викторовна (Natalya Gremyakova);ODS Read RGSSCC;Synchronization;;Synchronization + пустая бизнес-роль
ngremiakova;Гремякова Наталья Викторовна (Natalya Gremyakova);ODS Read RI;Synchronization;;Synchronization + пустая бизнес-роль
ngremiakova;Гремякова Наталья Викторовна (Natalya Gremyakova);ODS Read SAP;Synchronization;;Synchronization + пустая бизнес-роль
ngremiakova;Гремякова Наталья Викторовна (Natalya Gremyakova);ODS Read VIRTU;Synchronization;;Synchronization + пустая бизнес-роль
ngremiakova;Гремякова Наталья Викторовна (Natalya Gremyakova);ODS Unspec Analysis;Synchronization;;Synchronization + пустая бизнес-роль
ngremiakova;Гремякова Наталья Викторовна (Natalya Gremyakova);ODS Unspec Analysis Out;Synchronization;;Synchronization + пустая бизнес-роль
ngremiakova;Гремякова Наталья Викторовна (Natalya Gremyakova);ODS Unspec Auto;Synchronization;;Synchronization + пустая бизнес-роль
ngremiakova;Гремякова Наталья Викторовна (Natalya Gremyakova);ODS Unspec Property;Synchronization;;Synchronization + пустая бизнес-роль
nimironov;Миронов Никита Игоревич (Nikita Mironov);ART Персонал (Весь поезд)art_hr@rgs.ru-12089312808;Synchronization;;Synchronization + пустая бизнес-роль
nipashkova;Пашкова Наталья Игоревна (Natalya Pashkova);ART Данные лид-11605388543;Synchronization;;Synchronization + пустая бизнес-роль
nipashkova;Пашкова Наталья Игоревна (Natalya Pashkova);ART Данные поезд-1-94909927;Synchronization;;Synchronization + пустая бизнес-роль
nissuslova;Ника Суслова;EDW All CDI;Synchronization;;Synchronization + пустая бизнес-роль
nivanov;Иванов Николай Владимирович (Nikolay Ivanov);ODS Read Auto;Synchronization;;Synchronization + пустая бизнес-роль
nivanov;Иванов Николай Владимирович (Nikolay Ivanov);ODS Read CC;Synchronization;;Synchronization + пустая бизнес-роль
nlbessarabova;Бессарабова Наталия Леонидовна (Nataliya Bessarabova);ODS Read ARM4;Synchronization;;Synchronization + пустая бизнес-роль
nlbessarabova;Бессарабова Наталия Леонидовна (Nataliya Bessarabova);ODS Read CC;Synchronization;;Synchronization + пустая бизнес-роль
nlbessarabova;Бессарабова Наталия Леонидовна (Nataliya Bessarabova);ODS Read EKIS;Synchronization;;Synchronization + пустая бизнес-роль
nlbessarabova;Бессарабова Наталия Леонидовна (Nataliya Bessarabova);ODS Read Report;Synchronization;;Synchronization + пустая бизнес-роль
nlbessarabova;Бессарабова Наталия Леонидовна (Nataliya Bessarabova);ODS Read RGSSCC;Synchronization;;Synchronization + пустая бизнес-роль
nlbessarabova;Бессарабова Наталия Леонидовна (Nataliya Bessarabova);ODS Read SAP;Synchronization;;Synchronization + пустая бизнес-роль
nmazurin;Мазурин Николай Евгеньевич (Nikolay Mazurin);DWH Developer;Synchronization;;Synchronization + пустая бизнес-роль
nmazurin;Мазурин Николай Евгеньевич (Nikolay Mazurin);EDW All CDM;Synchronization;;Synchronization + пустая бизнес-роль
nmazurin;Мазурин Николай Евгеньевич (Nikolay Mazurin);EDW All RB;Synchronization;;Synchronization + пустая бизнес-роль
nmazurin;Мазурин Николай Евгеньевич (Nikolay Mazurin);EDW All SCOP;Synchronization;;Synchronization + пустая бизнес-роль
nmazurin;Мазурин Николай Евгеньевич (Nikolay Mazurin);EDW Owner SCOP;Synchronization;;Synchronization + пустая бизнес-роль
nmazurin;Мазурин Николай Евгеньевич (Nikolay Mazurin);EDW Read Core;Synchronization;;Synchronization + пустая бизнес-роль
nmazurin;Мазурин Николай Евгеньевич (Nikolay Mazurin);ODS All CDM;Synchronization;;Synchronization + пустая бизнес-роль
nmazurin;Мазурин Николай Евгеньевич (Nikolay Mazurin);ODS All Tessa;Synchronization;;Synchronization + пустая бизнес-роль
nmazurin;Мазурин Николай Евгеньевич (Nikolay Mazurin);ODS Owner CDM;Synchronization;;Synchronization + пустая бизнес-роль
nmazurin;Мазурин Николай Евгеньевич (Nikolay Mazurin);ODS Read ARCtrl;Synchronization;;Synchronization + пустая бизнес-роль
nmazurin;Мазурин Николай Евгеньевич (Nikolay Mazurin);ODS Read ARM4;Synchronization;;Synchronization + пустая бизнес-роль
nmazurin;Мазурин Николай Евгеньевич (Nikolay Mazurin);ODS Read BOSS;Synchronization;;Synchronization + пустая бизнес-роль
nmazurin;Мазурин Николай Евгеньевич (Nikolay Mazurin);ODS Read CC;Synchronization;;Synchronization + пустая бизнес-роль
nmazurin;Мазурин Николай Евгеньевич (Nikolay Mazurin);ODS Read EKIS;Synchronization;;Synchronization + пустая бизнес-роль
nmazurin;Мазурин Николай Евгеньевич (Nikolay Mazurin);ODS Read KIAS;Synchronization;;Synchronization + пустая бизнес-роль
nmazurin;Мазурин Николай Евгеньевич (Nikolay Mazurin);ODS Read SAP;Synchronization;;Synchronization + пустая бизнес-роль
nnfedyukina;Федюкина Надежда Николаевна (Nadezhda Fedyukina);ODS Read ARM4;Synchronization;;Synchronization + пустая бизнес-роль
nnfedyukina;Федюкина Надежда Николаевна (Nadezhda Fedyukina);ODS Read Auto;Synchronization;;Synchronization + пустая бизнес-роль
nnfedyukina;Федюкина Надежда Николаевна (Nadezhda Fedyukina);ODS Read CC;Synchronization;;Synchronization + пустая бизнес-роль
nnfedyukina;Федюкина Надежда Николаевна (Nadezhda Fedyukina);ODS Read EKIS;Synchronization;;Synchronization + пустая бизнес-роль
nnfedyukina;Федюкина Надежда Николаевна (Nadezhda Fedyukina);ODS Read RGSSCC;Synchronization;;Synchronization + пустая бизнес-роль
nnkalinin;Калинин Николай Николаевич (Nikolay Kalinin);EDW Unspec Analysis Out;Synchronization;;Synchronization + пустая бизнес-роль
nnkalinin;Калинин Николай Николаевич (Nikolay Kalinin);ODS Read RGSSCC;Synchronization;;Synchronization + пустая бизнес-роль
nnkalinin;Калинин Николай Николаевич (Nikolay Kalinin);ODS Unspec Analysis Out;Synchronization;;Synchronization + пустая бизнес-роль
nnnedostup;Недоступ Николай Николаевич (Nikolay Nedostup);ODS All Operation;Synchronization;;Synchronization + пустая бизнес-роль
nnnedostup;Недоступ Николай Николаевич (Nikolay Nedostup);ODS Read ARM4;Synchronization;;Synchronization + пустая бизнес-роль
nnnedostup;Недоступ Николай Николаевич (Nikolay Nedostup);ODS Read BCAPP;Synchronization;;Synchronization + пустая бизнес-роль
nnnedostup;Недоступ Николай Николаевич (Nikolay Nedostup);ODS Read EKIS;Synchronization;;Synchronization + пустая бизнес-роль
nnnedostup;Недоступ Николай Николаевич (Nikolay Nedostup);ODS Read KIAS;Synchronization;;Synchronization + пустая бизнес-роль
nnnedostup;Недоступ Николай Николаевич (Nikolay Nedostup);ODS Read Naumen;Synchronization;;Synchronization + пустая бизнес-роль
nnnedostup;Недоступ Николай Николаевич (Nikolay Nedostup);ODS Read PCAPP;Synchronization;;Synchronization + пустая бизнес-роль
nnnedostup;Недоступ Николай Николаевич (Nikolay Nedostup);ODS Read RGSSCC;Synchronization;;Synchronization + пустая бизнес-роль
nnnedostup;Недоступ Николай Николаевич (Nikolay Nedostup);ODS Read Tessa;Synchronization;;Synchronization + пустая бизнес-роль
nnponomarev;Пономарёв Николай Николаевич (Nikolay Ponomarev);EDW All Mortgage;Synchronization;;Synchronization + пустая бизнес-роль
nnponomarev;Пономарёв Николай Николаевич (Nikolay Ponomarev);EDW Read Core;Synchronization;;Synchronization + пустая бизнес-роль
nnponomarev;Пономарёв Николай Николаевич (Nikolay Ponomarev);ODS Read ARM4;Synchronization;;Synchronization + пустая бизнес-роль
nnponomarev;Пономарёв Николай Николаевич (Nikolay Ponomarev);ODS Read EKIS;Synchronization;;Synchronization + пустая бизнес-роль
nntrokhimchuk;Трохимчук Николай Николаевич (Nikolay Trokhimchuk);ART Partners. РГС PRO-1-1594249140;Synchronization;;Synchronization + пустая бизнес-роль
nnvshivtsev;Вшивцев Николай Николаевич;ART Partners. РГС PRO-1-1594249140;Synchronization;;Synchronization + пустая бизнес-роль
nonaumova;Наумова Найля Олеговна (Naylya Naumova);ART Персонал (Весь поезд)art_hr@rgs.ru-12089312808;Synchronization;;Synchronization + пустая бизнес-роль
npsherstyuk;Шерстюк Никита Петрович (Nikita Sherstyuk);ART Partners. РГС PRO-1-1594249140;Synchronization;;Synchronization + пустая бизнес-роль
ns_nazarov;Назаров Никита Сергеевич (Nikita Nazarov);EDW All CDI;Synchronization;;Synchronization + пустая бизнес-роль
ns_nazarov;Назаров Никита Сергеевич (Nikita Nazarov);EDW Read Core;Synchronization;;Synchronization + пустая бизнес-роль
ns_nazarov;Назаров Никита Сергеевич (Nikita Nazarov);ODS Read CDM;Synchronization;;Synchronization + пустая бизнес-роль
nsavzalov;Авзалов Николай Сергеевич (Nikolay Avzalov);ODS Read ARM4;Synchronization;;Synchronization + пустая бизнес-роль
nsavzalov;Авзалов Николай Сергеевич (Nikolay Avzalov);ODS Read BCAPP;Synchronization;;Synchronization + пустая бизнес-роль
nsavzalov;Авзалов Николай Сергеевич (Nikolay Avzalov);ODS Read EKIS;Synchronization;;Synchronization + пустая бизнес-роль
nsavzalov;Авзалов Николай Сергеевич (Nikolay Avzalov);ODS Read PCAPP;Synchronization;;Synchronization + пустая бизнес-роль
nsavzalov;Авзалов Николай Сергеевич (Nikolay Avzalov);ODS Read SAP;Synchronization;;Synchronization + пустая бизнес-роль
nsavzalov;Авзалов Николай Сергеевич (Nikolay Avzalov);ODS Read Splunk UFO;Synchronization;;Synchronization + пустая бизнес-роль
nsavzalov;Авзалов Николай Сергеевич (Nikolay Avzalov);ODS Read UFO;Synchronization;;Synchronization + пустая бизнес-роль
nsbuleyko;Булейко Никита Сергеевич (Nikita Buleyko);ODS Read ARM4;Synchronization;;Synchronization + пустая бизнес-роль
nsbuleyko;Булейко Никита Сергеевич (Nikita Buleyko);ODS Read BCAPP;Synchronization;;Synchronization + пустая бизнес-роль
nsbuleyko;Булейко Никита Сергеевич (Nikita Buleyko);ODS Read EKIS;Synchronization;;Synchronization + пустая бизнес-роль
nsbuleyko;Булейко Никита Сергеевич (Nikita Buleyko);ODS Read PCAPP;Synchronization;;Synchronization + пустая бизнес-роль
nsbuleyko;Булейко Никита Сергеевич (Nikita Buleyko);ODS Read UFO;Synchronization;;Synchronization + пустая бизнес-роль
nsbuleyko;Булейко Никита Сергеевич (Nikita Buleyko);ODS Read VIRTU;Synchronization;;Synchronization + пустая бизнес-роль
nsbuleyko;Булейко Никита Сергеевич (Nikita Buleyko);ODS Unspec Auto;Synchronization;;Synchronization + пустая бизнес-роль
nsbychkov;Бычков Николай Сергеевич (Nikolay Bychkov);ODS Read UFO;Synchronization;;Synchronization + пустая бизнес-роль
nslukovenko;Луковенко Никита Сергеевич (Nikita Lukovenko);ART Partners. Business Development-1-1758448165;Synchronization;;Synchronization + пустая бизнес-роль
nsmartiashvili;Мартиашвили Нона Шотовна (Nona Martiashvili);EDW Read RB;Synchronization;;Synchronization + пустая бизнес-роль
nsmaslova;Маслова Наталья Сергеевна (Natalya Maslova);ODS Read LK;Synchronization;;Synchronization + пустая бизнес-роль
nspodolyak;Подоляк Наталия Сергеевна (Nataliya Podolyak);ART Данные лид-11605388543;Synchronization;;Synchronization + пустая бизнес-роль
nspodolyak;Подоляк Наталия Сергеевна (Nataliya Podolyak);ART Данные поезд-1-94909927;Synchronization;;Synchronization + пустая бизнес-роль
nstrazanov;Тразанов Никита Сергеевич (Nikita Trazanov);DWH Developer;Synchronization;;Synchronization + пустая бизнес-роль
nstrazanov;Тразанов Никита Сергеевич (Nikita Trazanov);EDW All DQM;Synchronization;;Synchronization + пустая бизнес-роль
nstrazanov;Тразанов Никита Сергеевич (Nikita Trazanov);EDW Read CDM;Synchronization;;Synchronization + пустая бизнес-роль
nstrazanov;Тразанов Никита Сергеевич (Nikita Trazanov);EDW Read Cdm Analysis;Synchronization;;Synchronization + пустая бизнес-роль
nstrazanov;Тразанов Никита Сергеевич (Nikita Trazanov);EDW Read Cdm Analysis Out;Synchronization;;Synchronization + пустая бизнес-роль
nstrazanov;Тразанов Никита Сергеевич (Nikita Trazanov);EDW Read Core;Synchronization;;Synchronization + пустая бизнес-роль
nstrazanov;Тразанов Никита Сергеевич (Nikita Trazanov);ODS Read ARM4;Synchronization;;Synchronization + пустая бизнес-роль
nstrazanov;Тразанов Никита Сергеевич (Nikita Trazanov);ODS Read Auto;Synchronization;;Synchronization + пустая бизнес-роль
nstrazanov;Тразанов Никита Сергеевич (Nikita Trazanov);ODS Read BCAPP;Synchronization;;Synchronization + пустая бизнес-роль
nstrazanov;Тразанов Никита Сергеевич (Nikita Trazanov);ODS Read Boss 1;Synchronization;;Synchronization + пустая бизнес-роль
nstrazanov;Тразанов Никита Сергеевич (Nikita Trazanov);ODS Read CC;Synchronization;;Synchronization + пустая бизнес-роль
nstrazanov;Тразанов Никита Сергеевич (Nikita Trazanov);ODS Read EKIS;Synchronization;;Synchronization + пустая бизнес-роль
nstrazanov;Тразанов Никита Сергеевич (Nikita Trazanov);ODS Read KIAS;Synchronization;;Synchronization + пустая бизнес-роль
nstrazanov;Тразанов Никита Сергеевич (Nikita Trazanov);ODS Read Naumen;Synchronization;;Synchronization + пустая бизнес-роль
nstrazanov;Тразанов Никита Сергеевич (Nikita Trazanov);ODS Read PCAPP;Synchronization;;Synchronization + пустая бизнес-роль
nstrazanov;Тразанов Никита Сергеевич (Nikita Trazanov);ODS Read Property;Synchronization;;Synchronization + пустая бизнес-роль
nstrazanov;Тразанов Никита Сергеевич (Nikita Trazanov);ODS Read RGSSCC;Synchronization;;Synchronization + пустая бизнес-роль
nstrazanov;Тразанов Никита Сергеевич (Nikita Trazanov);ODS Read RSAPRD;Synchronization;;Synchronization + пустая бизнес-роль
nstrazanov;Тразанов Никита Сергеевич (Nikita Trazanov);ODS Read SAP;Synchronization;;Synchronization + пустая бизнес-роль
nstrazanov;Тразанов Никита Сергеевич (Nikita Trazanov);ODS Read UFO;Synchronization;;Synchronization + пустая бизнес-роль
nushakov;Ушаков Николай Николаевич (Nikolay Ushakov);EDW Read Cdm Analysis Out;Synchronization;;Synchronization + пустая бизнес-роль
nushakov;Ушаков Николай Николаевич (Nikolay Ushakov);EDW Read Core;Synchronization;;Synchronization + пустая бизнес-роль
nushakov;Ушаков Николай Николаевич (Nikolay Ushakov);ODS All Operation;Synchronization;;Synchronization + пустая бизнес-роль
nushakov;Ушаков Николай Николаевич (Nikolay Ushakov);ODS Owner Operation;Synchronization;;Synchronization + пустая бизнес-роль
nushakov;Ушаков Николай Николаевич (Nikolay Ushakov);ODS Read ARCtrl;Synchronization;;Synchronization + пустая бизнес-роль
nushakov;Ушаков Николай Николаевич (Nikolay Ushakov);ODS Read ARM4;Synchronization;;Synchronization + пустая бизнес-роль
nushakov;Ушаков Николай Николаевич (Nikolay Ushakov);ODS Read Auto;Synchronization;;Synchronization + пустая бизнес-роль
nushakov;Ушаков Николай Николаевич (Nikolay Ushakov);ODS Read BCAPP;Synchronization;;Synchronization + пустая бизнес-роль
nushakov;Ушаков Николай Николаевич (Nikolay Ushakov);ODS Read Boss 1;Synchronization;;Synchronization + пустая бизнес-роль
nushakov;Ушаков Николай Николаевич (Nikolay Ushakov);ODS Read CC;Synchronization;;Synchronization + пустая бизнес-роль
nushakov;Ушаков Николай Николаевич (Nikolay Ushakov);ODS Read EKIS;Synchronization;;Synchronization + пустая бизнес-роль
nushakov;Ушаков Николай Николаевич (Nikolay Ushakov);ODS Read FOC;Synchronization;;Synchronization + пустая бизнес-роль
nushakov;Ушаков Николай Николаевич (Nikolay Ushakov);ODS Read KIAS;Synchronization;;Synchronization + пустая бизнес-роль
nushakov;Ушаков Николай Николаевич (Nikolay Ushakov);ODS Read Naumen;Synchronization;;Synchronization + пустая бизнес-роль
nushakov;Ушаков Николай Николаевич (Nikolay Ushakov);ODS Read PCAPP;Synchronization;;Synchronization + пустая бизнес-роль
nushakov;Ушаков Николай Николаевич (Nikolay Ushakov);ODS Read Report;Synchronization;;Synchronization + пустая бизнес-роль
nushakov;Ушаков Николай Николаевич (Nikolay Ushakov);ODS Read RGSSCC;Synchronization;;Synchronization + пустая бизнес-роль
nushakov;Ушаков Николай Николаевич (Nikolay Ushakov);ODS Read RSAPRD;Synchronization;;Synchronization + пустая бизнес-роль
nushakov;Ушаков Николай Николаевич (Nikolay Ushakov);ODS Read SAP;Synchronization;;Synchronization + пустая бизнес-роль
nushakov;Ушаков Николай Николаевич (Nikolay Ushakov);ODS Read SCR;Synchronization;;Synchronization + пустая бизнес-роль
nushakov;Ушаков Николай Николаевич (Nikolay Ushakov);ODS Read Tessa;Synchronization;;Synchronization + пустая бизнес-роль
nushakov;Ушаков Николай Николаевич (Nikolay Ushakov);ODS Read UFO;Synchronization;;Synchronization + пустая бизнес-роль
nvkhramchikhin;Храмчихин Николай Викторович (Nikolay Khramchikhin);ODS Read ARM4;Synchronization;;Synchronization + пустая бизнес-роль
nvkhramchikhin;Храмчихин Николай Викторович (Nikolay Khramchikhin);ODS Read CC;Synchronization;;Synchronization + пустая бизнес-роль
nvkhramchikhin;Храмчихин Николай Викторович (Nikolay Khramchikhin);ODS Read EKIS;Synchronization;;Synchronization + пустая бизнес-роль
nvkhramchikhin;Храмчихин Николай Викторович (Nikolay Khramchikhin);ODS Read RGSSCC;Synchronization;;Synchronization + пустая бизнес-роль
nvkosinov;Косинов Никита Вячеславович (Nikita Kosinov);EDW All CDI;Synchronization;;Synchronization + пустая бизнес-роль
nvkosinov;Косинов Никита Вячеславович (Nikita Kosinov);EDW Read Core;Synchronization;;Synchronization + пустая бизнес-роль
nvkosinov;Косинов Никита Вячеславович (Nikita Kosinov);EDW Read RB;Synchronization;;Synchronization + пустая бизнес-роль
nvkosinov;Косинов Никита Вячеславович (Nikita Kosinov);ODS Read Auto;Synchronization;;Synchronization + пустая бизнес-роль
nvkosinov;Косинов Никита Вячеславович (Nikita Kosinov);ODS Read LK;Synchronization;;Synchronization + пустая бизнес-роль
nvkosinov;Косинов Никита Вячеславович (Nikita Kosinov);ODS Read RGSJ;Synchronization;;Synchronization + пустая бизнес-роль
nvkosinov;Косинов Никита Вячеславович (Nikita Kosinov);ODS Unspecified;Synchronization;;Synchronization + пустая бизнес-роль
nvmaksimovich;Максимович Никита Владиславович (Nikita Maksimovich);EDW All CCU;Synchronization;;Synchronization + пустая бизнес-роль
nvmaksimovich;Максимович Никита Владиславович (Nikita Maksimovich);EDW Read CDI;Synchronization;;Synchronization + пустая бизнес-роль
nvmaksimovich;Максимович Никита Владиславович (Nikita Maksimovich);EDW Read Core;Synchronization;;Synchronization + пустая бизнес-роль
nvmaksimovich;Максимович Никита Владиславович (Nikita Maksimovich);ODS Read Boss 1;Synchronization;;Synchronization + пустая бизнес-роль
nvmaksimovich;Максимович Никита Владиславович (Nikita Maksimovich);ODS Read Cdm Analysis Out;Synchronization;;Synchronization + пустая бизнес-роль
nvmaksimovich;Максимович Никита Владиславович (Nikita Maksimovich);ODS Read DMS;Synchronization;;Synchronization + пустая бизнес-роль
nvmaksimovich;Максимович Никита Владиславович (Nikita Maksimovich);ODS Read PCAPP;Synchronization;;Synchronization + пустая бизнес-роль
nvmaksimovich;Максимович Никита Владиславович (Nikita Maksimovich);ODS Read RGSSCC;Synchronization;;Synchronization + пустая бизнес-роль
nvmaksimovich;Максимович Никита Владиславович (Nikita Maksimovich);ODS Unspec Analysis;Synchronization;;Synchronization + пустая бизнес-роль
nvmaksimovich;Максимович Никита Владиславович (Nikita Maksimovich);ODS Unspec Property;Synchronization;;Synchronization + пустая бизнес-роль
oaaleksandrova;Александрова Ольга Анатольевна (Olga Aleksandrova);ART Данные поезд-1-94909927;Synchronization;;Synchronization + пустая бизнес-роль
oaantonova;Антонова Ольга Алексеевна (Olga Antonova);ART Персонал (Весь поезд)art_hr@rgs.ru-12089312808;Synchronization;;Synchronization + пустая бизнес-роль
oaantonova;Антонова Ольга Алексеевна (Olga Antonova);ART Персонал (Менеджмент поезда)-11742115441;Synchronization;;Synchronization + пустая бизнес-роль
oadyakov;Дьяков Олег Андреевич (Oleg Dyakov);ADB Write Dm msfo17;Synchronization;;Synchronization + пустая бизнес-роль
oadyakov;Дьяков Олег Андреевич (Oleg Dyakov);ADBT Write Dm msfo17;Synchronization;;Synchronization + пустая бизнес-роль
oakalyagina;Калягина Олеся Александровна (Olesya Kalyagina);EDW All Cdm Analysis Out;Synchronization;;Synchronization + пустая бизнес-роль
oakalyagina;Калягина Олеся Александровна (Olesya Kalyagina);EDW Unspec Analysis;Synchronization;;Synchronization + пустая бизнес-роль
oakalyagina;Калягина Олеся Александровна (Olesya Kalyagina);EDW Unspec Analysis Out;Synchronization;;Synchronization + пустая бизнес-роль
oakuksova;Куксова Ольга Александровна (Olga Kuksova);ART Персонал (Весь поезд)art_hr@rgs.ru-12089312808;Synchronization;;Synchronization + пустая бизнес-роль
oamalysheva;Малышева Оксана Алексеевна (Oksana Malysheva);CBD All Cdm Analysis;Synchronization;;Synchronization + пустая бизнес-роль
oamalysheva;Малышева Оксана Алексеевна (Oksana Malysheva);CBD Read Cdm Analysis Ou;Synchronization;;Synchronization + пустая бизнес-роль
oamalysheva;Малышева Оксана Алексеевна (Oksana Malysheva);EDW All CDM;Synchronization;;Synchronization + пустая бизнес-роль
oamalysheva;Малышева Оксана Алексеевна (Oksana Malysheva);EDW All Cdm Analysis;Synchronization;;Synchronization + пустая бизнес-роль
oamalysheva;Малышева Оксана Алексеевна (Oksana Malysheva);EDW Read Cdm Analysis Out;Synchronization;;Synchronization + пустая бизнес-роль
oamalysheva;Малышева Оксана Алексеевна (Oksana Malysheva);EDW Read Core;Synchronization;;Synchronization + пустая бизнес-роль
oamalysheva;Малышева Оксана Алексеевна (Oksana Malysheva);ODS All CDM;Synchronization;;Synchronization + пустая бизнес-роль
oamalysheva;Малышева Оксана Алексеевна (Oksana Malysheva);ODS All Cdm Analysis;Synchronization;;Synchronization + пустая бизнес-роль
oamalysheva;Малышева Оксана Алексеевна (Oksana Malysheva);ODS All Report;Synchronization;;Synchronization + пустая бизнес-роль
oamalysheva;Малышева Оксана Алексеевна (Oksana Malysheva);ODS Read Actuary;Synchronization;;Synchronization + пустая бизнес-роль
oamalysheva;Малышева Оксана Алексеевна (Oksana Malysheva);ODS Read ARM4;Synchronization;;Synchronization + пустая бизнес-роль
oamalysheva;Малышева Оксана Алексеевна (Oksana Malysheva);ODS Read BCAPP;Synchronization;;Synchronization + пустая бизнес-роль
oamalysheva;Малышева Оксана Алексеевна (Oksana Malysheva);ODS Read CC;Synchronization;;Synchronization + пустая бизнес-роль
oamalysheva;Малышева Оксана Алексеевна (Oksana Malysheva);ODS Read Cdm Analysis Out;Synchronization;;Synchronization + пустая бизнес-роль
oamalysheva;Малышева Оксана Алексеевна (Oksana Malysheva);ODS Read DMS;Synchronization;;Synchronization + пустая бизнес-роль
oamalysheva;Малышева Оксана Алексеевна (Oksana Malysheva);ODS Read EKIS;Synchronization;;Synchronization + пустая бизнес-роль
oamalysheva;Малышева Оксана Алексеевна (Oksana Malysheva);ODS Read KIAS;Synchronization;;Synchronization + пустая бизнес-роль
oamalysheva;Малышева Оксана Алексеевна (Oksana Malysheva);ODS Read PCAPP;Synchronization;;Synchronization + пустая бизнес-роль
oamalysheva;Малышева Оксана Алексеевна (Oksana Malysheva);ODS Read RGSSCC;Synchronization;;Synchronization + пустая бизнес-роль
oamalysheva;Малышева Оксана Алексеевна (Oksana Malysheva);ODS Read SAP;Synchronization;;Synchronization + пустая бизнес-роль
oamiterev;Митерев Олег Анатольевич (Oleg Miterev);ODS Unspec Property;Synchronization;;Synchronization + пустая бизнес-роль
oamiterev;Митерев Олег Анатольевич (Oleg Miterev);ODS Unspecified;Synchronization;;Synchronization + пустая бизнес-роль
oasazykina;Сазыкина Олеся Анатольевна (Olesya Sazykina);EDW All CDI;Synchronization;;Synchronization + пустая бизнес-роль
oasazykina;Сазыкина Олеся Анатольевна (Olesya Sazykina);EDW All CRM;Synchronization;;Synchronization + пустая бизнес-роль
oasazykina;Сазыкина Олеся Анатольевна (Olesya Sazykina);EDW All Finance;Synchronization;;Synchronization + пустая бизнес-роль
oasazykina;Сазыкина Олеся Анатольевна (Olesya Sazykina);EDW Read Core;Synchronization;;Synchronization + пустая бизнес-роль
oasazykina;Сазыкина Олеся Анатольевна (Olesya Sazykina);EDW Read RB;Synchronization;;Synchronization + пустая бизнес-роль
oasazykina;Сазыкина Олеся Анатольевна (Olesya Sazykina);ODS All Finance;Synchronization;;Synchronization + пустая бизнес-роль
oasazykina;Сазыкина Олеся Анатольевна (Olesya Sazykina);ODS Read Audatex;Synchronization;;Synchronization + пустая бизнес-роль
oasazykina;Сазыкина Олеся Анатольевна (Olesya Sazykina);ODS Read Auto;Synchronization;;Synchronization + пустая бизнес-роль
oasazykina;Сазыкина Олеся Анатольевна (Olesya Sazykina);ODS Read FOIV;Synchronization;;Synchronization + пустая бизнес-роль
oasazykina;Сазыкина Олеся Анатольевна (Olesya Sazykina);ODS Read LK;Synchronization;;Synchronization + пустая бизнес-роль
oasazykina;Сазыкина Олеся Анатольевна (Olesya Sazykina);ODS Read MFMS;Synchronization;;Synchronization + пустая бизнес-роль
oasazykina;Сазыкина Олеся Анатольевна (Olesya Sazykina);ODS Read PCAPP;Synchronization;;Synchronization + пустая бизнес-роль
oasazykina;Сазыкина Олеся Анатольевна (Olesya Sazykina);ODS Read Report;Synchronization;;Synchronization + пустая бизнес-роль
oasazykina;Сазыкина Олеся Анатольевна (Olesya Sazykina);ODS Read RGSJ;Synchronization;;Synchronization + пустая бизнес-роль
oasazykina;Сазыкина Олеся Анатольевна (Olesya Sazykina);ODS Read Transdekra;Synchronization;;Synchronization + пустая бизнес-роль
oasazykina;Сазыкина Олеся Анатольевна (Olesya Sazykina);ODS Unspec Property;Synchronization;;Synchronization + пустая бизнес-роль
oasazykina;Сазыкина Олеся Анатольевна (Olesya Sazykina);ODS Unspec UKDZISP;Synchronization;;Synchronization + пустая бизнес-роль
obmaslenikov;Маслеников Олег Борисович (Oleg Maslenikov);ART Данные поезд-1-94909927;Synchronization;;Synchronization + пустая бизнес-роль
obpanchenko;Панченко Ольга Борисовна (Olga Panchenko);ODS Read BOSS;Synchronization;;Synchronization + пустая бизнес-роль
obpanchenko;Панченко Ольга Борисовна (Olga Panchenko);ODS Read Boss 1;Synchronization;;Synchronization + пустая бизнес-роль
obpanchenko;Панченко Ольга Борисовна (Olga Panchenko);ODS Read KIAS;Synchronization;;Synchronization + пустая бизнес-роль
obpanchenko;Панченко Ольга Борисовна (Olga Panchenko);ODS Read RGSSCC;Synchronization;;Synchronization + пустая бизнес-роль
obpanchenko;Панченко Ольга Борисовна (Olga Panchenko);ODS Read SAP;Synchronization;;Synchronization + пустая бизнес-роль
oeberlin;Берлин Ольга Эдуардовна (Olga Berlin);ART Данные поезд-1-94909927;Synchronization;;Synchronization + пустая бизнес-роль
ofrms_dashboards;ofrms_dashboards;EDW Read Cdm Analysis;Synchronization;;Synchronization + пустая бизнес-роль
ofrms_dashboards;ofrms_dashboards;EDW Read Cdm Analysis Out;Synchronization;;Synchronization + пустая бизнес-роль
ogbykova;Быкова Ольга Геннадьевна (Olga Bykova);EDW All CDM;Synchronization;;Synchronization + пустая бизнес-роль
ogbykova;Быкова Ольга Геннадьевна (Olga Bykova);EDW Read CDM;Synchronization;;Synchronization + пустая бизнес-роль
ogbykova;Быкова Ольга Геннадьевна (Olga Bykova);EDW Read UAG;Synchronization;;Synchronization + пустая бизнес-роль
ogbykova;Быкова Ольга Геннадьевна (Olga Bykova);EDW Unspec Analysis;Synchronization;;Synchronization + пустая бизнес-роль
ogbykova;Быкова Ольга Геннадьевна (Olga Bykova);EDW Unspec Analysis Out;Synchronization;;Synchronization + пустая бизнес-роль
ogbykova;Быкова Ольга Геннадьевна (Olga Bykova);ODS All Auto;Synchronization;;Synchronization + пустая бизнес-роль
ogbykova;Быкова Ольга Геннадьевна (Olga Bykova);ODS Read CDM;Synchronization;;Synchronization + пустая бизнес-роль
ogbykova;Быкова Ольга Геннадьевна (Olga Bykova);ODS Read DIAS;Synchronization;;Synchronization + пустая бизнес-роль
ogbykova;Быкова Ольга Геннадьевна (Olga Bykova);ODS Unspec Analysis;Synchronization;;Synchronization + пустая бизнес-роль
ogbykova;Быкова Ольга Геннадьевна (Olga Bykova);ODS Unspec Analysis Out;Synchronization;;Synchronization + пустая бизнес-роль
ogmavrina;Маврина Ольга Григорьевна (Olga Mavrina);ART Partners. РГС PRO-1-1594249140;Synchronization;;Synchronization + пустая бизнес-роль
oifrolova;Фролова Ольга Ивановна (Olga Frolova);EDW All RB;Synchronization;;Synchronization + пустая бизнес-роль
oifrolova;Фролова Ольга Ивановна (Olga Frolova);EDW Read Core;Synchronization;;Synchronization + пустая бизнес-роль
oifrolova;Фролова Ольга Ивановна (Olga Frolova);EDW Read RB;Synchronization;;Synchronization + пустая бизнес-роль
oifrolova;Фролова Ольга Ивановна (Olga Frolova);ODS Read ARM4;Synchronization;;Synchronization + пустая бизнес-роль
oifrolova;Фролова Ольга Ивановна (Olga Frolova);ODS Read EKIS;Synchronization;;Synchronization + пустая бизнес-роль
oifrolova;Фролова Ольга Ивановна (Olga Frolova);ODS Unspec Property;Synchronization;;Synchronization + пустая бизнес-роль
oipyankova;Пьянкова Ольга Игоревна (Olga Pyankova);EDW All DQ;Synchronization;;Synchronization + пустая бизнес-роль
oipyankova;Пьянкова Ольга Игоревна (Olga Pyankova);EDW Read Cdm Analysis;Synchronization;;Synchronization + пустая бизнес-роль
oipyankova;Пьянкова Ольга Игоревна (Olga Pyankova);ODS All DQ;Synchronization;;Synchronization + пустая бизнес-роль
oipyankova;Пьянкова Ольга Игоревна (Olga Pyankova);ODS Read CC;Synchronization;;Synchronization + пустая бизнес-роль
oipyankova;Пьянкова Ольга Игоревна (Olga Pyankova);ODS Read Report;Synchronization;;Synchronization + пустая бизнес-роль
oipyankova;Пьянкова Ольга Игоревна (Olga Pyankova);ODS Read Splunk UFO;Synchronization;;Synchronization + пустая бизнес-роль
olvlpetrova;Петрова Ольга Владимировна (Olga Petrova);EDW Read CDI;Synchronization;;Synchronization + пустая бизнес-роль
olvlpetrova;Петрова Ольга Владимировна (Olga Petrova);EDW Read Core;Synchronization;;Synchronization + пустая бизнес-роль
olvlpetrova;Петрова Ольга Владимировна (Olga Petrova);ODS All DES;Synchronization;;Synchronization + пустая бизнес-роль
olvlpetrova;Петрова Ольга Владимировна (Olga Petrova);ODS Read ARM4;Synchronization;;Synchronization + пустая бизнес-роль
olvlpetrova;Петрова Ольга Владимировна (Olga Petrova);ODS Read BCAPP;Synchronization;;Synchronization + пустая бизнес-роль
olvlpetrova;Петрова Ольга Владимировна (Olga Petrova);ODS Read Boss 1;Synchronization;;Synchronization + пустая бизнес-роль
olvlpetrova;Петрова Ольга Владимировна (Olga Petrova);ODS Read CC;Synchronization;;Synchronization + пустая бизнес-роль
olvlpetrova;Петрова Ольга Владимировна (Olga Petrova);ODS Read DMS;Synchronization;;Synchronization + пустая бизнес-роль
olvlpetrova;Петрова Ольга Владимировна (Olga Petrova);ODS Read EKIS;Synchronization;;Synchronization + пустая бизнес-роль
olvlpetrova;Петрова Ольга Владимировна (Olga Petrova);ODS Read KIAS;Synchronization;;Synchronization + пустая бизнес-роль
olvlpetrova;Петрова Ольга Владимировна (Olga Petrova);ODS Read Naumen;Synchronization;;Synchronization + пустая бизнес-роль
olvlpetrova;Петрова Ольга Владимировна (Olga Petrova);ODS Read PCAPP;Synchronization;;Synchronization + пустая бизнес-роль
olvlpetrova;Петрова Ольга Владимировна (Olga Petrova);ODS Read RGSSCC;Synchronization;;Synchronization + пустая бизнес-роль
olvlpetrova;Петрова Ольга Владимировна (Olga Petrova);ODS Read SCR;Synchronization;;Synchronization + пустая бизнес-роль
olvlpetrova;Петрова Ольга Владимировна (Olga Petrova);ODS Read Splunk UFO;Synchronization;;Synchronization + пустая бизнес-роль
olvlpetrova;Петрова Ольга Владимировна (Olga Petrova);ODS Read Tessa;Synchronization;;Synchronization + пустая бизнес-роль
olvlpetrova;Петрова Ольга Владимировна (Olga Petrova);ODS Read UFO;Synchronization;;Synchronization + пустая бизнес-роль
olvlpetrova;Петрова Ольга Владимировна (Olga Petrova);ODS Read VIRTU;Synchronization;;Synchronization + пустая бизнес-роль
olvsmirnova;Смирнова Олеся Владимировна (Olesya Smirnova);EDW Read Core;Synchronization;;Synchronization + пустая бизнес-роль
olvsmirnova;Смирнова Олеся Владимировна (Olesya Smirnova);ODS All Auto;Synchronization;;Synchronization + пустая бизнес-роль
olvsmirnova;Смирнова Олеся Владимировна (Olesya Smirnova);ODS Read ARM4;Synchronization;;Synchronization + пустая бизнес-роль
olvsmirnova;Смирнова Олеся Владимировна (Olesya Smirnova);ODS Read CC;Synchronization;;Synchronization + пустая бизнес-роль
olvsmirnova;Смирнова Олеся Владимировна (Olesya Smirnova);ODS Read EKIS;Synchronization;;Synchronization + пустая бизнес-роль
olvsmirnova;Смирнова Олеся Владимировна (Olesya Smirnova);ODS Read Report;Synchronization;;Synchronization + пустая бизнес-роль
olvsmirnova;Смирнова Олеся Владимировна (Olesya Smirnova);ODS Read RGSSCC;Synchronization;;Synchronization + пустая бизнес-роль
olvsmirnova;Смирнова Олеся Владимировна (Olesya Smirnova);ODS Read SAP;Synchronization;;Synchronization + пустая бизнес-роль
omalakhova;Малахова Ольга Александровна (Olga Malakhova);ODS Read ARM4;Synchronization;;Synchronization + пустая бизнес-роль
omalakhova;Малахова Ольга Александровна (Olga Malakhova);ODS Read Auto;Synchronization;;Synchronization + пустая бизнес-роль
omalakhova;Малахова Ольга Александровна (Olga Malakhova);ODS Read CC;Synchronization;;Synchronization + пустая бизнес-роль
omalakhova;Малахова Ольга Александровна (Olga Malakhova);ODS Read EKIS;Synchronization;;Synchronization + пустая бизнес-роль
ondemyanchenko;Демьянченко Олег Николаевич (Oleg Demyanchenko);EDW All Finance;Synchronization;;Synchronization + пустая бизнес-роль
ondemyanchenko;Демьянченко Олег Николаевич (Oleg Demyanchenko);EDW Read RB;Synchronization;;Synchronization + пустая бизнес-роль
ondemyanchenko;Демьянченко Олег Николаевич (Oleg Demyanchenko);EDW Unspec Analysis;Synchronization;;Synchronization + пустая бизнес-роль
ondemyanchenko;Демьянченко Олег Николаевич (Oleg Demyanchenko);EDW Unspec Analysis Out;Synchronization;;Synchronization + пустая бизнес-роль
ondemyanchenko;Демьянченко Олег Николаевич (Oleg Demyanchenko);ODS All Finance;Synchronization;;Synchronization + пустая бизнес-роль
ondemyanchenko;Демьянченко Олег Николаевич (Oleg Demyanchenko);ODS Read Cdm Analysis Out;Synchronization;;Synchronization + пустая бизнес-роль
ondemyanchenko;Демьянченко Олег Николаевич (Oleg Demyanchenko);ODS Read KIAS;Synchronization;;Synchronization + пустая бизнес-роль
ondemyanchenko;Демьянченко Олег Николаевич (Oleg Demyanchenko);ODS Read Report;Synchronization;;Synchronization + пустая бизнес-роль
ondemyanchenko;Демьянченко Олег Николаевич (Oleg Demyanchenko);ODS Read RGSSCC;Synchronization;;Synchronization + пустая бизнес-роль
onemelyanova;Емельянова Ольга Николаевна (Olga Emelyanova);ART Данные поезд-1-94909927;Synchronization;;Synchronization + пустая бизнес-роль
onsinelnikova;Синельникова Оксана Николаевна (Oksana Sinelnikova);ODS Read ARM4;Synchronization;;Synchronization + пустая бизнес-роль
onsinelnikova;Синельникова Оксана Николаевна (Oksana Sinelnikova);ODS Read CC;Synchronization;;Synchronization + пустая бизнес-роль
onsinelnikova;Синельникова Оксана Николаевна (Oksana Sinelnikova);ODS Read EKIS;Synchronization;;Synchronization + пустая бизнес-роль
onsinelnikova;Синельникова Оксана Николаевна (Oksana Sinelnikova);ODS Read RGSSCC;Synchronization;;Synchronization + пустая бизнес-роль
osokolova;Соколова Ольга Александровна (Olga Sokolova);ODS Read UFO;Synchronization;;Synchronization + пустая бизнес-роль
ottaspanchik;Таспанчик Оксана Темировна (Oksana Taspanchik);ODS Read UFO;Synchronization;;Synchronization + пустая бизнес-роль
ovantipov;Антипов Олег Владимирович (Oleg Antipov);ODS Read ARM4;Synchronization;;Synchronization + пустая бизнес-роль
ovantipov;Антипов Олег Владимирович (Oleg Antipov);ODS Read Auto;Synchronization;;Synchronization + пустая бизнес-роль
ovantipov;Антипов Олег Владимирович (Oleg Antipov);ODS Read CC;Synchronization;;Synchronization + пустая бизнес-роль
ovantipov;Антипов Олег Владимирович (Oleg Antipov);ODS Read EKIS;Synchronization;;Synchronization + пустая бизнес-роль
ovantipov;Антипов Олег Владимирович (Oleg Antipov);ODS Read RGSSCC;Synchronization;;Synchronization + пустая бизнес-роль
ovisaeva;Исаева Ольга Викторовна (Olga Isaeva);ADB Owner Dm msfo17;Synchronization;;Synchronization + пустая бизнес-роль
ovisaeva;Исаева Ольга Викторовна (Olga Isaeva);ADB Write Dm msfo17;Synchronization;;Synchronization + пустая бизнес-роль
ovisaeva;Исаева Ольга Викторовна (Olga Isaeva);ADBT Owner Dm msfo17;Synchronization;;Synchronization + пустая бизнес-роль
ovisaeva;Исаева Ольга Викторовна (Olga Isaeva);ADBT Write Dm msfo17;Synchronization;;Synchronization + пустая бизнес-роль
ovisaeva;Исаева Ольга Викторовна (Olga Isaeva);CBD Read Cdm Analysis Ou;Synchronization;;Synchronization + пустая бизнес-роль
ovisaeva;Исаева Ольга Викторовна (Olga Isaeva);EDW Read Actuary;Synchronization;;Synchronization + пустая бизнес-роль
ovisaeva;Исаева Ольга Викторовна (Olga Isaeva);EDW Read Cdm Analysis Out;Synchronization;;Synchronization + пустая бизнес-роль
ovisaeva;Исаева Ольга Викторовна (Olga Isaeva);EDW Read RB;Synchronization;;Synchronization + пустая бизнес-роль
ovisaeva;Исаева Ольга Викторовна (Olga Isaeva);ODS All UKDZISP;Synchronization;;Synchronization + пустая бизнес-роль
ovisaeva;Исаева Ольга Викторовна (Olga Isaeva);ODS All XBRL;Synchronization;;Synchronization + пустая бизнес-роль
ovisaeva;Исаева Ольга Викторовна (Olga Isaeva);ODS Read Cdm Analysis Out;Synchronization;;Synchronization + пустая бизнес-роль
ovisaeva;Исаева Ольга Викторовна (Olga Isaeva);ODS Read fb781p;Synchronization;;Synchronization + пустая бизнес-роль
ovisaeva;Исаева Ольга Викторовна (Olga Isaeva);ODS Read Report;Synchronization;;Synchronization + пустая бизнес-роль
ovkislyakova;Кислякова Ольга Владимировна (Olga Kislyakova);EDW All Actuary;Synchronization;;Synchronization + пустая бизнес-роль
ovkislyakova;Кислякова Ольга Владимировна (Olga Kislyakova);EDW Read CDM;Synchronization;;Synchronization + пустая бизнес-роль
ovkislyakova;Кислякова Ольга Владимировна (Olga Kislyakova);EDW Read Core;Synchronization;;Synchronization + пустая бизнес-роль
ovkislyakova;Кислякова Ольга Владимировна (Olga Kislyakova);EDW Unspec Analysis;Synchronization;;Synchronization + пустая бизнес-роль
ovkislyakova;Кислякова Ольга Владимировна (Olga Kislyakova);EDW Unspec Analysis Out;Synchronization;;Synchronization + пустая бизнес-роль
ovkislyakova;Кислякова Ольга Владимировна (Olga Kislyakova);ODS All Actuary;Synchronization;;Synchronization + пустая бизнес-роль
ovkislyakova;Кислякова Ольга Владимировна (Olga Kislyakova);ODS All Auto;Synchronization;;Synchronization + пустая бизнес-роль
ovkislyakova;Кислякова Ольга Владимировна (Olga Kislyakova);ODS Read ARM4;Synchronization;;Synchronization + пустая бизнес-роль
ovkislyakova;Кислякова Ольга Владимировна (Olga Kislyakova);ODS Read CC;Synchronization;;Synchronization + пустая бизнес-роль
ovkislyakova;Кислякова Ольга Владимировна (Olga Kislyakova);ODS Read DIAS;Synchronization;;Synchronization + пустая бизнес-роль
ovkislyakova;Кислякова Ольга Владимировна (Olga Kislyakova);ODS Read EKIS;Synchronization;;Synchronization + пустая бизнес-роль
ovkislyakova;Кислякова Ольга Владимировна (Olga Kislyakova);ODS Read Report;Synchronization;;Synchronization + пустая бизнес-роль
ovkislyakova;Кислякова Ольга Владимировна (Olga Kislyakova);ODS Read RGSSCC;Synchronization;;Synchronization + пустая бизнес-роль
ovkislyakova;Кислякова Ольга Владимировна (Olga Kislyakova);ODS Read SAP;Synchronization;;Synchronization + пустая бизнес-роль
ovkislyakova;Кислякова Ольга Владимировна (Olga Kislyakova);ODS Unspec Analysis;Synchronization;;Synchronization + пустая бизнес-роль
ovkislyakova;Кислякова Ольга Владимировна (Olga Kislyakova);ODS Unspec Analysis Out;Synchronization;;Synchronization + пустая бизнес-роль
ovmakhinya;Махиня Олег Васильевич (Oleg Makhinya);ODS All UPP;Synchronization;;Synchronization + пустая бизнес-роль
ovmakhinya;Махиня Олег Васильевич (Oleg Makhinya);ODS Read ARM4;Synchronization;;Synchronization + пустая бизнес-роль
ovmakhinya;Махиня Олег Васильевич (Oleg Makhinya);ODS Read BCAPP;Synchronization;;Synchronization + пустая бизнес-роль
ovmakhinya;Махиня Олег Васильевич (Oleg Makhinya);ODS Read EKIS;Synchronization;;Synchronization + пустая бизнес-роль
ovmakhinya;Махиня Олег Васильевич (Oleg Makhinya);ODS Read JIRA;Synchronization;;Synchronization + пустая бизнес-роль
ovmakhinya;Махиня Олег Васильевич (Oleg Makhinya);ODS Read Naumen;Synchronization;;Synchronization + пустая бизнес-роль
ovmakhinya;Махиня Олег Васильевич (Oleg Makhinya);ODS Read PCAPP;Synchronization;;Synchronization + пустая бизнес-роль
ovmakhinya;Махиня Олег Васильевич (Oleg Makhinya);ODS Read RI;Synchronization;;Synchronization + пустая бизнес-роль
ovmakhinya;Махиня Олег Васильевич (Oleg Makhinya);ODS Read SAP;Synchronization;;Synchronization + пустая бизнес-роль
ovmakhinya;Махиня Олег Васильевич (Oleg Makhinya);ODS Read Splunk UFO;Synchronization;;Synchronization + пустая бизнес-роль
ovmakhinya;Махиня Олег Васильевич (Oleg Makhinya);ODS Read UFO;Synchronization;;Synchronization + пустая бизнес-роль
ovprokopets;Прокопец Ольга Владимировна (Olga Prokopets);EDW Read Core;Synchronization;;Synchronization + пустая бизнес-роль
ovprokopets;Прокопец Ольга Владимировна (Olga Prokopets);ODS All Auto;Synchronization;;Synchronization + пустая бизнес-роль
ovprokopets;Прокопец Ольга Владимировна (Olga Prokopets);ODS Read ARM4;Synchronization;;Synchronization + пустая бизнес-роль
ovprokopets;Прокопец Ольга Владимировна (Olga Prokopets);ODS Read CC;Synchronization;;Synchronization + пустая бизнес-роль
ovprokopets;Прокопец Ольга Владимировна (Olga Prokopets);ODS Read EKIS;Synchronization;;Synchronization + пустая бизнес-роль
ovprokopets;Прокопец Ольга Владимировна (Olga Prokopets);ODS Read Report;Synchronization;;Synchronization + пустая бизнес-роль
ovprokopets;Прокопец Ольга Владимировна (Olga Prokopets);ODS Read RGSSCC;Synchronization;;Synchronization + пустая бизнес-роль
ovprokopets;Прокопец Ольга Владимировна (Olga Prokopets);ODS Read SAP;Synchronization;;Synchronization + пустая бизнес-роль
ovshabaldin;Шабалдин Олег Владимирович (Oleg Shabaldin);ART Данные поезд-1-94909927;Synchronization;;Synchronization + пустая бизнес-роль
ovshabaldin;Шабалдин Олег Владимирович (Oleg Shabaldin);EDW All AISZHL;Synchronization;;Synchronization + пустая бизнес-роль
ovshabaldin;Шабалдин Олег Владимирович (Oleg Shabaldin);EDW All CCU;Synchronization;;Synchronization + пустая бизнес-роль
ovshabaldin;Шабалдин Олег Владимирович (Oleg Shabaldin);EDW Read CDI;Synchronization;;Synchronization + пустая бизнес-роль
ovshabaldin;Шабалдин Олег Владимирович (Oleg Shabaldin);EDW Unspec Analysis Out;Synchronization;;Synchronization + пустая бизнес-роль
ovshabaldin;Шабалдин Олег Владимирович (Oleg Shabaldin);ODS All Audatex;Synchronization;;Synchronization + пустая бизнес-роль
ovshabaldin;Шабалдин Олег Владимирович (Oleg Shabaldin);ODS All Equifax;Synchronization;;Synchronization + пустая бизнес-роль
ovshabaldin;Шабалдин Олег Владимирович (Oleg Shabaldin);ODS All FOIV;Synchronization;;Synchronization + пустая бизнес-роль
ovshabaldin;Шабалдин Олег Владимирович (Oleg Shabaldin);ODS All Insbridge;Synchronization;;Synchronization + пустая бизнес-роль
ovshabaldin;Шабалдин Олег Владимирович (Oleg Shabaldin);ODS All MFMS;Synchronization;;Synchronization + пустая бизнес-роль
ovshabaldin;Шабалдин Олег Владимирович (Oleg Shabaldin);ODS All RSAKBM;Synchronization;;Synchronization + пустая бизнес-роль
ovshabaldin;Шабалдин Олег Владимирович (Oleg Shabaldin);ODS All SCOP;Synchronization;;Synchronization + пустая бизнес-роль
ovshabaldin;Шабалдин Олег Владимирович (Oleg Shabaldin);ODS All Transdekra;Synchronization;;Synchronization + пустая бизнес-роль
ovshabaldin;Шабалдин Олег Владимирович (Oleg Shabaldin);ODS Unspec Analysis Out;Synchronization;;Synchronization + пустая бизнес-роль
ovveresova;Вересова Ольга Владимировна (Olga Veresova);ART Данные лид-11605388543;Synchronization;;Synchronization + пустая бизнес-роль
ovveresova;Вересова Ольга Владимировна (Olga Veresova);ART Данные поезд-1-94909927;Synchronization;;Synchronization + пустая бизнес-роль
paarbuzov;Арбузов Пётр Андреевич (Petr Arbuzov);EDW Read Core;Synchronization;;Synchronization + пустая бизнес-роль
paarbuzov;Арбузов Пётр Андреевич (Petr Arbuzov);ODS All Auto;Synchronization;;Synchronization + пустая бизнес-роль
paarbuzov;Арбузов Пётр Андреевич (Petr Arbuzov);ODS All Property;Synchronization;;Synchronization + пустая бизнес-роль
paarbuzov;Арбузов Пётр Андреевич (Petr Arbuzov);ODS Read ARM4;Synchronization;;Synchronization + пустая бизнес-роль
paarbuzov;Арбузов Пётр Андреевич (Petr Arbuzov);ODS Read CC;Synchronization;;Synchronization + пустая бизнес-роль
paarbuzov;Арбузов Пётр Андреевич (Petr Arbuzov);ODS Read EKIS;Synchronization;;Synchronization + пустая бизнес-роль
paarbuzov;Арбузов Пётр Андреевич (Petr Arbuzov);ODS Read PCAPP;Synchronization;;Synchronization + пустая бизнес-роль
paarbuzov;Арбузов Пётр Андреевич (Petr Arbuzov);ODS Read RGSSCC;Synchronization;;Synchronization + пустая бизнес-роль
paarbuzov;Арбузов Пётр Андреевич (Petr Arbuzov);ODS Read SAP;Synchronization;;Synchronization + пустая бизнес-роль
pakiselev;Киселев Павел Анатольевич (Pavel Kiselev);EDW Read Core;Synchronization;;Synchronization + пустая бизнес-роль
pakiselev;Киселев Павел Анатольевич (Pavel Kiselev);ODS Read ARM4;Synchronization;;Synchronization + пустая бизнес-роль
pakiselev;Киселев Павел Анатольевич (Pavel Kiselev);ODS Read CC;Synchronization;;Synchronization + пустая бизнес-роль
pakiselev;Киселев Павел Анатольевич (Pavel Kiselev);ODS Read EKIS;Synchronization;;Synchronization + пустая бизнес-роль
pakiselev;Киселев Павел Анатольевич (Pavel Kiselev);ODS Read RGSSCC;Synchronization;;Synchronization + пустая бизнес-роль
palokotkov;Локотков Павел Алексеевич (Pavel Lokotkov);DWH Developer;Synchronization;;Synchronization + пустая бизнес-роль
palokotkov;Локотков Павел Алексеевич (Pavel Lokotkov);EDW All Cdm Analysis;Synchronization;;Synchronization + пустая бизнес-роль
palokotkov;Локотков Павел Алексеевич (Pavel Lokotkov);EDW Read CCU;Synchronization;;Synchronization + пустая бизнес-роль
palokotkov;Локотков Павел Алексеевич (Pavel Lokotkov);EDW Read Cdm Analysis;Synchronization;;Synchronization + пустая бизнес-роль
palokotkov;Локотков Павел Алексеевич (Pavel Lokotkov);EDW Read Cdm Analysis Out;Synchronization;;Synchronization + пустая бизнес-роль
palokotkov;Локотков Павел Алексеевич (Pavel Lokotkov);EDW Read Core;Synchronization;;Synchronization + пустая бизнес-роль
palokotkov;Локотков Павел Алексеевич (Pavel Lokotkov);ODS Read BCAPP;Synchronization;;Synchronization + пустая бизнес-роль
palokotkov;Локотков Павел Алексеевич (Pavel Lokotkov);ODS Read Cdm Analysis;Synchronization;;Synchronization + пустая бизнес-роль
palokotkov;Локотков Павел Алексеевич (Pavel Lokotkov);ODS Read Cdm Analysis Out;Synchronization;;Synchronization + пустая бизнес-роль
palokotkov;Локотков Павел Алексеевич (Pavel Lokotkov);ODS Read PCAPP;Synchronization;;Synchronization + пустая бизнес-роль
palokotkov;Локотков Павел Алексеевич (Pavel Lokotkov);ODS Read Report;Synchronization;;Synchronization + пустая бизнес-роль
palokotkov;Локотков Павел Алексеевич (Pavel Lokotkov);ODS Read RGSSCC;Synchronization;;Synchronization + пустая бизнес-роль
palokotkov;Локотков Павел Алексеевич (Pavel Lokotkov);ODS Read SAP;Synchronization;;Synchronization + пустая бизнес-роль
palokotkov;Локотков Павел Алексеевич (Pavel Lokotkov);ODS Read UKDZISP;Synchronization;;Synchronization + пустая бизнес-роль
paokladnikov;Окладников Павел Андреевич (Pavel Okladnikov);ODS Read UFO;Synchronization;;Synchronization + пустая бизнес-роль
parykov;Рыков Павел Александрович (Pavel Rykov);ART Данные поезд-1-94909927;Synchronization;;Synchronization + пустая бизнес-роль
pbcs;pbcs;EDW All Finance;Synchronization;;Synchronization + пустая бизнес-роль
pbcs;pbcs;ODS All Finance;Synchronization;;Synchronization + пустая бизнес-роль
pdchurlin;Чурлин Петр Дмитриевич (Petr Churlin);ODS All Auto;Synchronization;;Synchronization + пустая бизнес-роль
pentaho_bp;pentaho_bp;EDW All MLDEV72;Synchronization;;Synchronization + пустая бизнес-роль
pentaho_bp;pentaho_bp;EDW All Property;Synchronization;;Synchronization + пустая бизнес-роль
pentaho_bp;pentaho_bp;EDW Read CDI;Synchronization;;Synchronization + пустая бизнес-роль
pentaho_bp;pentaho_bp;EDW Read Core;Synchronization;;Synchronization + пустая бизнес-роль
pentaho_bp;pentaho_bp;ODS All Actuary;Synchronization;;Synchronization + пустая бизнес-роль
pentaho_bp;pentaho_bp;ODS All Auto;Synchronization;;Synchronization + пустая бизнес-роль
pentaho_bp;pentaho_bp;ODS All Cdm Analysis Out;Synchronization;;Synchronization + пустая бизнес-роль
pentaho_bp;pentaho_bp;ODS All MLDEV19;Synchronization;;Synchronization + пустая бизнес-роль
pentaho_bp;pentaho_bp;ODS All MLDEV72;Synchronization;;Synchronization + пустая бизнес-роль
pentaho_bp;pentaho_bp;ODS All Property;Synchronization;;Synchronization + пустая бизнес-роль
pentaho_bp;pentaho_bp;ODS All Splunk UFO;Synchronization;;Synchronization + пустая бизнес-роль
pentaho_bp;pentaho_bp;ODS Read ARCtrl;Synchronization;;Synchronization + пустая бизнес-роль
pentaho_bp;pentaho_bp;ODS Read ARM4;Synchronization;;Synchronization + пустая бизнес-роль
pentaho_bp;pentaho_bp;ODS Read Audatex;Synchronization;;Synchronization + пустая бизнес-роль
pentaho_bp;pentaho_bp;ODS Read BCAPP;Synchronization;;Synchronization + пустая бизнес-роль
pentaho_bp;pentaho_bp;ODS Read CC;Synchronization;;Synchronization + пустая бизнес-роль
pentaho_bp;pentaho_bp;ODS Read DoubleData;Synchronization;;Synchronization + пустая бизнес-роль
pentaho_bp;pentaho_bp;ODS Read EKIS;Synchronization;;Synchronization + пустая бизнес-роль
pentaho_bp;pentaho_bp;ODS Read Equifax;Synchronization;;Synchronization + пустая бизнес-роль
pentaho_bp;pentaho_bp;ODS Read Finance;Synchronization;;Synchronization + пустая бизнес-роль
pentaho_bp;pentaho_bp;ODS Read FOIV;Synchronization;;Synchronization + пустая бизнес-роль
pentaho_bp;pentaho_bp;ODS Read Impulse;Synchronization;;Synchronization + пустая бизнес-роль
pentaho_bp;pentaho_bp;ODS Read Insbridge;Synchronization;;Synchronization + пустая бизнес-роль
pentaho_bp;pentaho_bp;ODS Read KIAS;Synchronization;;Synchronization + пустая бизнес-роль
pentaho_bp;pentaho_bp;ODS Read LK;Synchronization;;Synchronization + пустая бизнес-роль
pentaho_bp;pentaho_bp;ODS Read MFMS;Synchronization;;Synchronization + пустая бизнес-роль
pentaho_bp;pentaho_bp;ODS Read Mobile;Synchronization;;Synchronization + пустая бизнес-роль
pentaho_bp;pentaho_bp;ODS Read PCAPP;Synchronization;;Synchronization + пустая бизнес-роль
pentaho_bp;pentaho_bp;ODS Read Report;Synchronization;;Synchronization + пустая бизнес-роль
pentaho_bp;pentaho_bp;ODS Read RGSJ;Synchronization;;Synchronization + пустая бизнес-роль
pentaho_bp;pentaho_bp;ODS Read RGSSCC;Synchronization;;Synchronization + пустая бизнес-роль
pentaho_bp;pentaho_bp;ODS Read RSAKBM;Synchronization;;Synchronization + пустая бизнес-роль
pentaho_bp;pentaho_bp;ODS Read SAP;Synchronization;;Synchronization + пустая бизнес-роль
pentaho_bp;pentaho_bp;ODS Read Splunk Avtocod;Synchronization;;Synchronization + пустая бизнес-роль
pentaho_bp;pentaho_bp;ODS Read Splunk KBM;Synchronization;;Synchronization + пустая бизнес-роль
pentaho_bp;pentaho_bp;ODS Read Transdekra;Synchronization;;Synchronization + пустая бизнес-роль
pentaho_bp;pentaho_bp;ODS Read UFO;Synchronization;;Synchronization + пустая бизнес-роль
pentaho_bp;pentaho_bp;ODS Unspec Analysis;Synchronization;;Synchronization + пустая бизнес-роль
pentaho_bp;pentaho_bp;ODS Unspec Analysis Out;Synchronization;;Synchronization + пустая бизнес-роль
pentaho_bp;pentaho_bp;ODS Unspecified;Synchronization;;Synchronization + пустая бизнес-роль
pentahodwh;PentahoDWH;DWH Developer;Synchronization;;Synchronization + пустая бизнес-роль
pfkalaydzhidi;Калайджиди Павел Федорович (Pavel Kalaydzhidi);ODS Read UFO;Synchronization;;Synchronization + пустая бизнес-роль
pgkhramov;Храмов Павел Геннадьевич (Pavel Khramov);ODS All Auto;Synchronization;;Synchronization + пустая бизнес-роль
pgpikalova;Пикалова Полина Геннадьевна (Polina Pikalova);EDW All Property;Synchronization;;Synchronization + пустая бизнес-роль
pgpikalova;Пикалова Полина Геннадьевна (Polina Pikalova);ODS All Auto;Synchronization;;Synchronization + пустая бизнес-роль
pgpikalova;Пикалова Полина Геннадьевна (Polina Pikalova);ODS All Property;Synchronization;;Synchronization + пустая бизнес-роль
pgpikalova;Пикалова Полина Геннадьевна (Polina Pikalova);ODS Read ARM4;Synchronization;;Synchronization + пустая бизнес-роль
pgpikalova;Пикалова Полина Геннадьевна (Polina Pikalova);ODS Read EKIS;Synchronization;;Synchronization + пустая бизнес-роль
pgpikalova;Пикалова Полина Геннадьевна (Polina Pikalova);ODS Read KIAS;Synchronization;;Synchronization + пустая бизнес-роль
pgsarafanov;Сарафанов Павел Георгиевич (Pavel Sarafanov);DWH Developer;Synchronization;;Synchronization + пустая бизнес-роль
pgsarafanov;Сарафанов Павел Георгиевич (Pavel Sarafanov);EDW All CCU;Synchronization;;Synchronization + пустая бизнес-роль
pgsarafanov;Сарафанов Павел Георгиевич (Pavel Sarafanov);EDW All MLDEV19;Synchronization;;Synchronization + пустая бизнес-роль
pgsarafanov;Сарафанов Павел Георгиевич (Pavel Sarafanov);EDW All MLDEV72;Synchronization;;Synchronization + пустая бизнес-роль
pgsarafanov;Сарафанов Павел Георгиевич (Pavel Sarafanov);EDW Read CDI;Synchronization;;Synchronization + пустая бизнес-роль
pgsarafanov;Сарафанов Павел Георгиевич (Pavel Sarafanov);EDW Read Core;Synchronization;;Synchronization + пустая бизнес-роль
pgsarafanov;Сарафанов Павел Георгиевич (Pavel Sarafanov);EDW Read RB;Synchronization;;Synchronization + пустая бизнес-роль
pgsarafanov;Сарафанов Павел Георгиевич (Pavel Sarafanov);EDW Unspec Analysis Out;Synchronization;;Synchronization + пустая бизнес-роль
pgsarafanov;Сарафанов Павел Георгиевич (Pavel Sarafanov);ODS All CCU;Synchronization;;Synchronization + пустая бизнес-роль
pgsarafanov;Сарафанов Павел Георгиевич (Pavel Sarafanov);ODS All MLDEV19;Synchronization;;Synchronization + пустая бизнес-роль
pgsarafanov;Сарафанов Павел Георгиевич (Pavel Sarafanov);ODS All MLDEV72;Synchronization;;Synchronization + пустая бизнес-роль
pgsarafanov;Сарафанов Павел Георгиевич (Pavel Sarafanov);ODS Read ARM4;Synchronization;;Synchronization + пустая бизнес-роль
pgsarafanov;Сарафанов Павел Георгиевич (Pavel Sarafanov);ODS Read Boss 1;Synchronization;;Synchronization + пустая бизнес-роль
pgsarafanov;Сарафанов Павел Георгиевич (Pavel Sarafanov);ODS Read CC;Synchronization;;Synchronization + пустая бизнес-роль
pgsarafanov;Сарафанов Павел Георгиевич (Pavel Sarafanov);ODS Read DMS;Synchronization;;Synchronization + пустая бизнес-роль
pgsarafanov;Сарафанов Павел Георгиевич (Pavel Sarafanov);ODS Read EKIS;Synchronization;;Synchronization + пустая бизнес-роль
pgsarafanov;Сарафанов Павел Георгиевич (Pavel Sarafanov);ODS Read LK;Synchronization;;Synchronization + пустая бизнес-роль
pgsarafanov;Сарафанов Павел Георгиевич (Pavel Sarafanov);ODS Read Naumen;Synchronization;;Synchronization + пустая бизнес-роль
pgsarafanov;Сарафанов Павел Георгиевич (Pavel Sarafanov);ODS Read PCAPP;Synchronization;;Synchronization + пустая бизнес-роль
pgsarafanov;Сарафанов Павел Георгиевич (Pavel Sarafanov);ODS Read Report;Synchronization;;Synchronization + пустая бизнес-роль
pgsarafanov;Сарафанов Павел Георгиевич (Pavel Sarafanov);ODS Read RGSSCC;Synchronization;;Synchronization + пустая бизнес-роль
pgsarafanov;Сарафанов Павел Георгиевич (Pavel Sarafanov);ODS Unspec Analysis Out;Synchronization;;Synchronization + пустая бизнес-роль
pgsarafanov;Сарафанов Павел Георгиевич (Pavel Sarafanov);ODS Unspec Auto;Synchronization;;Synchronization + пустая бизнес-роль
pokulakov;Кулаков Павел Олегович (Pavel Kulakov);ODS Read UFO;Synchronization;;Synchronization + пустая бизнес-роль
porusakova;Русакова Полина Олеговна (Polina Rusakova);ART Данные лид-11605388543;Synchronization;;Synchronization + пустая бизнес-роль
porusakova;Русакова Полина Олеговна (Polina Rusakova);ART Данные поезд-1-94909927;Synchronization;;Synchronization + пустая бизнес-роль
porusakova;Русакова Полина Олеговна (Polina Rusakova);ART Персонал (Весь поезд)art_hr@rgs.ru-12089312808;Synchronization;;Synchronization + пустая бизнес-роль
porusakova;Русакова Полина Олеговна (Polina Rusakova);ART Персонал (Менеджмент поезда)-11742115441;Synchronization;;Synchronization + пустая бизнес-роль
pppavlov;Павлов Павел Павлович (Pavel Pavlov);EDW All MLDEV19;Synchronization;;Synchronization + пустая бизнес-роль
pppavlov;Павлов Павел Павлович (Pavel Pavlov);EDW All MLDEV72;Synchronization;;Synchronization + пустая бизнес-роль
pppavlov;Павлов Павел Павлович (Pavel Pavlov);ODS All Auto;Synchronization;;Synchronization + пустая бизнес-роль
pppavlov;Павлов Павел Павлович (Pavel Pavlov);ODS All MLDEV19;Synchronization;;Synchronization + пустая бизнес-роль
pppavlov;Павлов Павел Павлович (Pavel Pavlov);ODS All MLDEV72;Synchronization;;Synchronization + пустая бизнес-роль
pppavlov;Павлов Павел Павлович (Pavel Pavlov);ODS Read ARM4;Synchronization;;Synchronization + пустая бизнес-роль
pppavlov;Павлов Павел Павлович (Pavel Pavlov);ODS Read Audatex;Synchronization;;Synchronization + пустая бизнес-роль
pppavlov;Павлов Павел Павлович (Pavel Pavlov);ODS Read CC;Synchronization;;Synchronization + пустая бизнес-роль
pppavlov;Павлов Павел Павлович (Pavel Pavlov);ODS Read DoubleData;Synchronization;;Synchronization + пустая бизнес-роль
pppavlov;Павлов Павел Павлович (Pavel Pavlov);ODS Read EKIS;Synchronization;;Synchronization + пустая бизнес-роль
pppavlov;Павлов Павел Павлович (Pavel Pavlov);ODS Read Equifax;Synchronization;;Synchronization + пустая бизнес-роль
pppavlov;Павлов Павел Павлович (Pavel Pavlov);ODS Read FOIV;Synchronization;;Synchronization + пустая бизнес-роль
pppavlov;Павлов Павел Павлович (Pavel Pavlov);ODS Read MFMS;Synchronization;;Synchronization + пустая бизнес-роль
pppavlov;Павлов Павел Павлович (Pavel Pavlov);ODS Read Mobile;Synchronization;;Synchronization + пустая бизнес-роль
pppavlov;Павлов Павел Павлович (Pavel Pavlov);ODS Read Property;Synchronization;;Synchronization + пустая бизнес-роль
pppavlov;Павлов Павел Павлович (Pavel Pavlov);ODS Read RGSSCC;Synchronization;;Synchronization + пустая бизнес-роль
pppavlov;Павлов Павел Павлович (Pavel Pavlov);ODS Read RSAKBM;Synchronization;;Synchronization + пустая бизнес-роль
pppavlov;Павлов Павел Павлович (Pavel Pavlov);ODS Read Splunk Avtocod;Synchronization;;Synchronization + пустая бизнес-роль
pppavlov;Павлов Павел Павлович (Pavel Pavlov);ODS Read Splunk KBM;Synchronization;;Synchronization + пустая бизнес-роль
pppavlov;Павлов Павел Павлович (Pavel Pavlov);ODS Read Transdekra;Synchronization;;Synchronization + пустая бизнес-роль
prolongationservice;Prolongation Service;DWHT Edw Read Core;Synchronization;;Synchronization + пустая бизнес-роль
prolongationservice;Prolongation Service;EDW Read Core;Synchronization;;Synchronization + пустая бизнес-роль
prolongationservice;Prolongation Service;EDW Unspec CDI;Synchronization;;Synchronization + пустая бизнес-роль
prolongationservice;Prolongation Service;ODS All Auto;Synchronization;;Synchronization + пустая бизнес-роль
prolongationservice;Prolongation Service;ODS Read ARM4;Synchronization;;Synchronization + пустая бизнес-роль
prolongationservice;Prolongation Service;ODS Read CC;Synchronization;;Synchronization + пустая бизнес-роль
prolongationservice;Prolongation Service;ODS Read EKIS;Synchronization;;Synchronization + пустая бизнес-роль
prolongationservice;Prolongation Service;ODS Read RGSSCC;Synchronization;;Synchronization + пустая бизнес-роль
psdemin;Демин Павел Сергеевич (Pavel Demin);EDW All MLDEV19;Synchronization;;Synchronization + пустая бизнес-роль
psdemin;Демин Павел Сергеевич (Pavel Demin);EDW All MLDEV72;Synchronization;;Synchronization + пустая бизнес-роль
psdemin;Демин Павел Сергеевич (Pavel Demin);EDW Read Core;Synchronization;;Synchronization + пустая бизнес-роль
psdemin;Демин Павел Сергеевич (Pavel Demin);ODS All MLDEV19;Synchronization;;Synchronization + пустая бизнес-роль
psdemin;Демин Павел Сергеевич (Pavel Demin);ODS All MLDEV72;Synchronization;;Synchronization + пустая бизнес-роль
psdemin;Демин Павел Сергеевич (Pavel Demin);ODS Read Audatex;Synchronization;;Synchronization + пустая бизнес-роль
psdemin;Демин Павел Сергеевич (Pavel Demin);ODS Read Auto;Synchronization;;Synchronization + пустая бизнес-роль
psdemin;Демин Павел Сергеевич (Pavel Demin);ODS Read CC;Synchronization;;Synchronization + пустая бизнес-роль
psdemin;Демин Павел Сергеевич (Pavel Demin);ODS Read Equifax;Synchronization;;Synchronization + пустая бизнес-роль
psdemin;Демин Павел Сергеевич (Pavel Demin);ODS Read FOIV;Synchronization;;Synchronization + пустая бизнес-роль
psdemin;Демин Павел Сергеевич (Pavel Demin);ODS Read Insbridge;Synchronization;;Synchronization + пустая бизнес-роль
psdemin;Демин Павел Сергеевич (Pavel Demin);ODS Read LK;Synchronization;;Synchronization + пустая бизнес-роль
psdemin;Демин Павел Сергеевич (Pavel Demin);ODS Read Mobile;Synchronization;;Synchronization + пустая бизнес-роль
psdemin;Демин Павел Сергеевич (Pavel Demin);ODS Read RSAKBM;Synchronization;;Synchronization + пустая бизнес-роль
psdemin;Демин Павел Сергеевич (Pavel Demin);ODS Read Splunk Avtocod;Synchronization;;Synchronization + пустая бизнес-роль
psdemin;Демин Павел Сергеевич (Pavel Demin);ODS Read Splunk KBM;Synchronization;;Synchronization + пустая бизнес-роль
psdemin;Демин Павел Сергеевич (Pavel Demin);ODS Read Transdekra;Synchronization;;Synchronization + пустая бизнес-роль
psdemin;Демин Павел Сергеевич (Pavel Demin);ODS Unspec Property;Synchronization;;Synchronization + пустая бизнес-роль
pspeshkov;Пешков Павел Сергеевич (Pavel Peshkov);DWH Developer;Synchronization;;Synchronization + пустая бизнес-роль
pspeshkov;Пешков Павел Сергеевич (Pavel Peshkov);EDW All AISZHL;Synchronization;;Synchronization + пустая бизнес-роль
pspeshkov;Пешков Павел Сергеевич (Pavel Peshkov);EDW All BZK;Synchronization;;Synchronization + пустая бизнес-роль
pspeshkov;Пешков Павел Сергеевич (Pavel Peshkov);EDW All CCU;Synchronization;;Synchronization + пустая бизнес-роль
pspeshkov;Пешков Павел Сергеевич (Pavel Peshkov);EDW All CDI;Synchronization;;Synchronization + пустая бизнес-роль
pspeshkov;Пешков Павел Сергеевич (Pavel Peshkov);EDW All CDM;Synchronization;;Synchronization + пустая бизнес-роль
pspeshkov;Пешков Павел Сергеевич (Pavel Peshkov);EDW All Core;Synchronization;;Synchronization + пустая бизнес-роль
pspeshkov;Пешков Павел Сергеевич (Pavel Peshkov);EDW All MLDEV19;Synchronization;;Synchronization + пустая бизнес-роль
pspeshkov;Пешков Павел Сергеевич (Pavel Peshkov);EDW All MLDEV72;Synchronization;;Synchronization + пустая бизнес-роль
pspeshkov;Пешков Павел Сергеевич (Pavel Peshkov);EDW All SCOP;Synchronization;;Synchronization + пустая бизнес-роль
pspeshkov;Пешков Павел Сергеевич (Pavel Peshkov);EDW Read Core;Synchronization;;Synchronization + пустая бизнес-роль
pspeshkov;Пешков Павел Сергеевич (Pavel Peshkov);EDW Unspec Analysis;Synchronization;;Synchronization + пустая бизнес-роль
pspeshkov;Пешков Павел Сергеевич (Pavel Peshkov);EDW Unspec Analysis Out;Synchronization;;Synchronization + пустая бизнес-роль
pspeshkov;Пешков Павел Сергеевич (Pavel Peshkov);ODS All ARCtrl;Synchronization;;Synchronization + пустая бизнес-роль
pspeshkov;Пешков Павел Сергеевич (Pavel Peshkov);ODS All Audatex;Synchronization;;Synchronization + пустая бизнес-роль
pspeshkov;Пешков Павел Сергеевич (Pavel Peshkov);ODS All CDM;Synchronization;;Synchronization + пустая бизнес-роль
pspeshkov;Пешков Павел Сергеевич (Pavel Peshkov);ODS All DoubleData;Synchronization;;Synchronization + пустая бизнес-роль
pspeshkov;Пешков Павел Сергеевич (Pavel Peshkov);ODS All Equifax;Synchronization;;Synchronization + пустая бизнес-роль
pspeshkov;Пешков Павел Сергеевич (Pavel Peshkov);ODS All FOIV;Synchronization;;Synchronization + пустая бизнес-роль
pspeshkov;Пешков Павел Сергеевич (Pavel Peshkov);ODS All IA;Synchronization;;Synchronization + пустая бизнес-роль
pspeshkov;Пешков Павел Сергеевич (Pavel Peshkov);ODS All Insbridge;Synchronization;;Synchronization + пустая бизнес-роль
pspeshkov;Пешков Павел Сергеевич (Pavel Peshkov);ODS All MFMS;Synchronization;;Synchronization + пустая бизнес-роль
pspeshkov;Пешков Павел Сергеевич (Pavel Peshkov);ODS All MLDEV19;Synchronization;;Synchronization + пустая бизнес-роль
pspeshkov;Пешков Павел Сергеевич (Pavel Peshkov);ODS All MLDEV72;Synchronization;;Synchronization + пустая бизнес-роль
pspeshkov;Пешков Павел Сергеевич (Pavel Peshkov);ODS All Mobile;Synchronization;;Synchronization + пустая бизнес-роль
pspeshkov;Пешков Павел Сергеевич (Pavel Peshkov);ODS All NBKI;Synchronization;;Synchronization + пустая бизнес-роль
pspeshkov;Пешков Павел Сергеевич (Pavel Peshkov);ODS All OpenBank;Synchronization;;Synchronization + пустая бизнес-роль
pspeshkov;Пешков Павел Сергеевич (Pavel Peshkov);ODS All OPERREP;Synchronization;;Synchronization + пустая бизнес-роль
pspeshkov;Пешков Павел Сергеевич (Pavel Peshkov);ODS All RSAKBM;Synchronization;;Synchronization + пустая бизнес-роль
pspeshkov;Пешков Павел Сергеевич (Pavel Peshkov);ODS All SCOP;Synchronization;;Synchronization + пустая бизнес-роль
pspeshkov;Пешков Павел Сергеевич (Pavel Peshkov);ODS All Splunk Avtocod;Synchronization;;Synchronization + пустая бизнес-роль
pspeshkov;Пешков Павел Сергеевич (Pavel Peshkov);ODS All Splunk KBM;Synchronization;;Synchronization + пустая бизнес-роль
pspeshkov;Пешков Павел Сергеевич (Pavel Peshkov);ODS All Splunk UFO;Synchronization;;Synchronization + пустая бизнес-роль
pspeshkov;Пешков Павел Сергеевич (Pavel Peshkov);ODS All Telematics;Synchronization;;Synchronization + пустая бизнес-роль
pspeshkov;Пешков Павел Сергеевич (Pavel Peshkov);ODS All Transdekra;Synchronization;;Synchronization + пустая бизнес-роль
pspeshkov;Пешков Павел Сергеевич (Pavel Peshkov);ODS Read ARM4;Synchronization;;Synchronization + пустая бизнес-роль
pspeshkov;Пешков Павел Сергеевич (Pavel Peshkov);ODS Read BCAPP;Synchronization;;Synchronization + пустая бизнес-роль
pspeshkov;Пешков Павел Сергеевич (Pavel Peshkov);ODS Read Boss 1;Synchronization;;Synchronization + пустая бизнес-роль
pspeshkov;Пешков Павел Сергеевич (Pavel Peshkov);ODS Read CC;Synchronization;;Synchronization + пустая бизнес-роль
pspeshkov;Пешков Павел Сергеевич (Pavel Peshkov);ODS Read EKIS;Synchronization;;Synchronization + пустая бизнес-роль
pspeshkov;Пешков Павел Сергеевич (Pavel Peshkov);ODS Read KIAS;Synchronization;;Synchronization + пустая бизнес-роль
pspeshkov;Пешков Павел Сергеевич (Pavel Peshkov);ODS Read PCAPP;Synchronization;;Synchronization + пустая бизнес-роль
pspeshkov;Пешков Павел Сергеевич (Pavel Peshkov);ODS Read Report;Synchronization;;Synchronization + пустая бизнес-роль
pspeshkov;Пешков Павел Сергеевич (Pavel Peshkov);ODS Read RGSSCC;Synchronization;;Synchronization + пустая бизнес-роль
pspeshkov;Пешков Павел Сергеевич (Pavel Peshkov);ODS Read RI;Synchronization;;Synchronization + пустая бизнес-роль
pspeshkov;Пешков Павел Сергеевич (Pavel Peshkov);ODS Read SCR;Synchronization;;Synchronization + пустая бизнес-роль
pspeshkov;Пешков Павел Сергеевич (Pavel Peshkov);ODS Read Tessa;Synchronization;;Synchronization + пустая бизнес-роль
pspeshkov;Пешков Павел Сергеевич (Pavel Peshkov);ODS Read VIRTU;Synchronization;;Synchronization + пустая бизнес-роль
pspeshkov;Пешков Павел Сергеевич (Pavel Peshkov);ODS Unspec Analysis;Synchronization;;Synchronization + пустая бизнес-роль
pspeshkov;Пешков Павел Сергеевич (Pavel Peshkov);ODS Unspec Analysis Out;Synchronization;;Synchronization + пустая бизнес-роль
pspopov;Попов Павел Сергеевич (Pavel Popov);ODS Read Auto;Synchronization;;Synchronization + пустая бизнес-роль
pspopov;Попов Павел Сергеевич (Pavel Popov);ODS Read CC;Synchronization;;Synchronization + пустая бизнес-роль
pspopov;Попов Павел Сергеевич (Pavel Popov);ODS Read PCAPP;Synchronization;;Synchronization + пустая бизнес-роль
pspopov;Попов Павел Сергеевич (Pavel Popov);ODS Read RGSSCC;Synchronization;;Synchronization + пустая бизнес-роль
pspopov;Попов Павел Сергеевич (Pavel Popov);ODS Read UFO;Synchronization;;Synchronization + пустая бизнес-роль
pv_khalipov;Халипов Петр Викторович (Petr Khalipov);EDW All MLDEV72;Synchronization;;Synchronization + пустая бизнес-роль
pv_khalipov;Халипов Петр Викторович (Petr Khalipov);EDW Read CDI;Synchronization;;Synchronization + пустая бизнес-роль
pv_khalipov;Халипов Петр Викторович (Petr Khalipov);EDW Read Core;Synchronization;;Synchronization + пустая бизнес-роль
pv_khalipov;Халипов Петр Викторович (Petr Khalipov);ODS All MLDEV72;Synchronization;;Synchronization + пустая бизнес-роль
pv_khalipov;Халипов Петр Викторович (Petr Khalipov);ODS Read Audatex;Synchronization;;Synchronization + пустая бизнес-роль
pv_khalipov;Халипов Петр Викторович (Petr Khalipov);ODS Read CC;Synchronization;;Synchronization + пустая бизнес-роль
pv_khalipov;Халипов Петр Викторович (Petr Khalipov);ODS Read Equifax;Synchronization;;Synchronization + пустая бизнес-роль
pv_khalipov;Халипов Петр Викторович (Petr Khalipov);ODS Read FOIV;Synchronization;;Synchronization + пустая бизнес-роль
pv_khalipov;Халипов Петр Викторович (Petr Khalipov);ODS Read Insbridge;Synchronization;;Synchronization + пустая бизнес-роль
pv_khalipov;Халипов Петр Викторович (Petr Khalipov);ODS Read LK;Synchronization;;Synchronization + пустая бизнес-роль
pv_khalipov;Халипов Петр Викторович (Petr Khalipov);ODS Read RSAKBM;Synchronization;;Synchronization + пустая бизнес-роль
pv_khalipov;Халипов Петр Викторович (Petr Khalipov);ODS Read Splunk Avtocod;Synchronization;;Synchronization + пустая бизнес-роль
pv_khalipov;Халипов Петр Викторович (Petr Khalipov);ODS Read Splunk KBM;Synchronization;;Synchronization + пустая бизнес-роль
pv_khalipov;Халипов Петр Викторович (Petr Khalipov);ODS Read Transdekra;Synchronization;;Synchronization + пустая бизнес-роль
pv_khalipov;Халипов Петр Викторович (Petr Khalipov);ODS Unspec Auto;Synchronization;;Synchronization + пустая бизнес-роль
pv_khalipov;Халипов Петр Викторович (Petr Khalipov);ODS Unspec Property;Synchronization;;Synchronization + пустая бизнес-роль
pvaleshin;Алёшин Павел Викторович (Pavel Alyoshin);ODS All buu;Synchronization;;Synchronization + пустая бизнес-роль
pvpronin;Пронин Павел Владимирович (Pavel Pronin);EDW Read Cdm Analysis Out;Synchronization;;Synchronization + пустая бизнес-роль
pvpronin;Пронин Павел Владимирович (Pavel Pronin);EDW Read Core;Synchronization;;Synchronization + пустая бизнес-роль
pvpronin;Пронин Павел Владимирович (Pavel Pronin);ODS Read UFO;Synchronization;;Synchronization + пустая бизнес-роль
pvsurgan;Сурган Павел Валерьевич (Pavel Surgan);EDW Read RB;Synchronization;;Synchronization + пустая бизнес-роль
pvsurgan;Сурган Павел Валерьевич (Pavel Surgan);ODS All Auto;Synchronization;;Synchronization + пустая бизнес-роль
pvsurgan;Сурган Павел Валерьевич (Pavel Surgan);ODS All GURU Region;Synchronization;;Synchronization + пустая бизнес-роль
pvsurgan;Сурган Павел Валерьевич (Pavel Surgan);ODS Read SCR;Synchronization;;Synchronization + пустая бизнес-роль
pvzhigankov;Жиганков Павел Викторович (Pavel Zhigankov);EDW Read Core;Synchronization;;Synchronization + пустая бизнес-роль
pvzhigankov;Жиганков Павел Викторович (Pavel Zhigankov);EDW Read SCOP;Synchronization;;Synchronization + пустая бизнес-роль
pvzhigankov;Жиганков Павел Викторович (Pavel Zhigankov);ODS All Operation;Synchronization;;Synchronization + пустая бизнес-роль
pvzhigankov;Жиганков Павел Викторович (Pavel Zhigankov);ODS Read ARM4;Synchronization;;Synchronization + пустая бизнес-роль
pvzhigankov;Жиганков Павел Викторович (Pavel Zhigankov);ODS Read BCAPP;Synchronization;;Synchronization + пустая бизнес-роль
pvzhigankov;Жиганков Павел Викторович (Pavel Zhigankov);ODS Read EKIS;Synchronization;;Synchronization + пустая бизнес-роль
pvzhigankov;Жиганков Павел Викторович (Pavel Zhigankov);ODS Read KIAS;Synchronization;;Synchronization + пустая бизнес-роль
pvzhigankov;Жиганков Павел Викторович (Pavel Zhigankov);ODS Read Naumen;Synchronization;;Synchronization + пустая бизнес-роль
pvzhigankov;Жиганков Павел Викторович (Pavel Zhigankov);ODS Read PCAPP;Synchronization;;Synchronization + пустая бизнес-роль
pvzhigankov;Жиганков Павел Викторович (Pavel Zhigankov);ODS Read RGSSCC;Synchronization;;Synchronization + пустая бизнес-роль
pvzhigankov;Жиганков Павел Викторович (Pavel Zhigankov);ODS Read SCOP;Synchronization;;Synchronization + пустая бизнес-роль
pvzhigankov;Жиганков Павел Викторович (Pavel Zhigankov);ODS Read SCR;Synchronization;;Synchronization + пустая бизнес-роль
pvzhigankov;Жиганков Павел Викторович (Pavel Zhigankov);ODS Read Tessa;Synchronization;;Synchronization + пустая бизнес-роль
pvzuykov;Зуйков Павел Викторович (Pavel Zuykov);EDW Read Cdm Analysis Out;Synchronization;;Synchronization + пустая бизнес-роль
pvzuykov;Зуйков Павел Викторович (Pavel Zuykov);ODS All BMI;Synchronization;;Synchronization + пустая бизнес-роль
pyglm;pyglm;ODS All Auto;Synchronization;;Synchronization + пустая бизнес-роль
qlik_ad;qlik_ad;EDW All Finance;Synchronization;;Synchronization + пустая бизнес-роль
qlik_ad;qlik_ad;EDW Read buu;Synchronization;;Synchronization + пустая бизнес-роль
qlik_ad;qlik_ad;EDW Read BZK;Synchronization;;Synchronization + пустая бизнес-роль
qlik_ad;qlik_ad;EDW Read CDI;Synchronization;;Synchronization + пустая бизнес-роль
qlik_ad;qlik_ad;EDW Read Cdm Analysis;Synchronization;;Synchronization + пустая бизнес-роль
qlik_ad;qlik_ad;EDW Read Cdm Analysis Out;Synchronization;;Synchronization + пустая бизнес-роль
qlik_ad;qlik_ad;EDW Read COMDM;Synchronization;;Synchronization + пустая бизнес-роль
qlik_ad;qlik_ad;EDW Read Core;Synchronization;;Synchronization + пустая бизнес-роль
qlik_ad;qlik_ad;EDW Read DQ;Synchronization;;Synchronization + пустая бизнес-роль
qlik_ad;qlik_ad;EDW Read RB;Synchronization;;Synchronization + пустая бизнес-роль
qlik_ad;qlik_ad;EDW Read SCOP;Synchronization;;Synchronization + пустая бизнес-роль
qlik_ad;qlik_ad;EDW Unspec Analysis;Synchronization;;Synchronization + пустая бизнес-роль
qlik_ad;qlik_ad;EDW Unspec Analysis Out;Synchronization;;Synchronization + пустая бизнес-роль
qlik_ad;qlik_ad;ODS All Finance;Synchronization;;Synchronization + пустая бизнес-роль
qlik_ad;qlik_ad;ODS All hr1c;Synchronization;;Synchronization + пустая бизнес-роль
qlik_ad;qlik_ad;ODS All Qlik;Synchronization;;Synchronization + пустая бизнес-роль
qlik_ad;qlik_ad;ODS Read ARCtrl;Synchronization;;Synchronization + пустая бизнес-роль
qlik_ad;qlik_ad;ODS Read ARM4;Synchronization;;Synchronization + пустая бизнес-роль
qlik_ad;qlik_ad;ODS Read Auto;Synchronization;;Synchronization + пустая бизнес-роль
qlik_ad;qlik_ad;ODS Read Boss 1;Synchronization;;Synchronization + пустая бизнес-роль
qlik_ad;qlik_ad;ODS Read buu;Synchronization;;Synchronization + пустая бизнес-роль
qlik_ad;qlik_ad;ODS Read CC;Synchronization;;Synchronization + пустая бизнес-роль
qlik_ad;qlik_ad;ODS Read Cdm Analysis;Synchronization;;Synchronization + пустая бизнес-роль
qlik_ad;qlik_ad;ODS Read Cdm Analysis Out;Synchronization;;Synchronization + пустая бизнес-роль
qlik_ad;qlik_ad;ODS Read DIAS;Synchronization;;Synchronization + пустая бизнес-роль
qlik_ad;qlik_ad;ODS Read DMS;Synchronization;;Synchronization + пустая бизнес-роль
qlik_ad;qlik_ad;ODS Read EKIS;Synchronization;;Synchronization + пустая бизнес-роль
qlik_ad;qlik_ad;ODS Read ESTAFF;Synchronization;;Synchronization + пустая бизнес-роль
qlik_ad;qlik_ad;ODS Read FOC;Synchronization;;Synchronization + пустая бизнес-роль
qlik_ad;qlik_ad;ODS Read Impulse;Synchronization;;Synchronization + пустая бизнес-роль
qlik_ad;qlik_ad;ODS Read ITAM;Synchronization;;Synchronization + пустая бизнес-роль
qlik_ad;qlik_ad;ODS Read JIRA;Synchronization;;Synchronization + пустая бизнес-роль
qlik_ad;qlik_ad;ODS Read KIAS;Synchronization;;Synchronization + пустая бизнес-роль
qlik_ad;qlik_ad;ODS Read LK;Synchronization;;Synchronization + пустая бизнес-роль
qlik_ad;qlik_ad;ODS Read Naumen;Synchronization;;Synchronization + пустая бизнес-роль
qlik_ad;qlik_ad;ODS Read Operation;Synchronization;;Synchronization + пустая бизнес-роль
qlik_ad;qlik_ad;ODS Read PCAPP;Synchronization;;Synchronization + пустая бизнес-роль
qlik_ad;qlik_ad;ODS Read Report;Synchronization;;Synchronization + пустая бизнес-роль
qlik_ad;qlik_ad;ODS Read RGSSCC;Synchronization;;Synchronization + пустая бизнес-роль
qlik_ad;qlik_ad;ODS Read SAP;Synchronization;;Synchronization + пустая бизнес-роль
qlik_ad;qlik_ad;ODS Read Tessa;Synchronization;;Synchronization + пустая бизнес-роль
qlik_ad;qlik_ad;ODS Read Thesis;Synchronization;;Synchronization + пустая бизнес-роль
qlik_ad;qlik_ad;ODS Read UKDZISP;Synchronization;;Synchronization + пустая бизнес-роль
qlik_ad;qlik_ad;ODS Read WT;Synchronization;;Synchronization + пустая бизнес-роль
qlik_ad;qlik_ad;ODS Unspec Analysis;Synchronization;;Synchronization + пустая бизнес-роль
qlik_ad;qlik_ad;ODS Unspec Auto;Synchronization;;Synchronization + пустая бизнес-роль
qlik_ad;qlik_ad;ODS Unspec Property;Synchronization;;Synchronization + пустая бизнес-роль
qlik_ba;qlik_ba;EDW Read Cdm Analysis Out;Synchronization;;Synchronization + пустая бизнес-роль
qlik_ba;qlik_ba;EDW Read MLDEV19;Synchronization;;Synchronization + пустая бизнес-роль
qlik_ba;qlik_ba;EDW Unspec Property;Synchronization;;Synchronization + пустая бизнес-роль
qlik_ba;qlik_ba;ODS All Auto;Synchronization;;Synchronization + пустая бизнес-роль
qlik_ba;qlik_ba;ODS Read Auto;Synchronization;;Synchronization + пустая бизнес-роль
qlik_ba;qlik_ba;ODS Read RGSSCC;Synchronization;;Synchronization + пустая бизнес-роль
qlik_ba;qlik_ba;ODS Unspec Auto;Synchronization;;Synchronization + пустая бизнес-роль
qlik_ba;qlik_ba;ODS Unspec Property;Synchronization;;Synchronization + пустая бизнес-роль
qlik_bit;qlik_BIT;DWHT Ods Read Source;Synchronization;;Synchronization + пустая бизнес-роль
qlik_bit;qlik_BIT;EDW All Core;Synchronization;;Synchronization + пустая бизнес-роль
qlik_bit;qlik_BIT;EDW Read Cdm Analysis Out;Synchronization;;Synchronization + пустая бизнес-роль
qlik_bit;qlik_BIT;EDW Read Core;Synchronization;;Synchronization + пустая бизнес-роль
qlik_bit;qlik_BIT;ODS Read ITAM;Synchronization;;Synchronization + пустая бизнес-роль
qlik_bit;qlik_BIT;ODS Read JIRA;Synchronization;;Synchronization + пустая бизнес-роль
qlik_bit;qlik_BIT;ODS Read Naumen;Synchronization;;Synchronization + пустая бизнес-роль
qlik_bms;qlik_bms;EDW Read Cdm Analysis Out;Synchronization;;Synchronization + пустая бизнес-роль
qlik_bms;qlik_bms;EDW Read Core;Synchronization;;Synchronization + пустая бизнес-роль
qlik_bms;qlik_bms;ODS Read AXIOMA;Synchronization;;Synchronization + пустая бизнес-роль
qlik_bms;qlik_bms;ODS Read BMI;Synchronization;;Synchronization + пустая бизнес-роль
qlik_bms;qlik_bms;ODS Read Cdm Analysis Out;Synchronization;;Synchronization + пустая бизнес-роль
qlik_bms;qlik_bms;ODS Read DMS;Synchronization;;Synchronization + пустая бизнес-роль
qlik_bms;qlik_bms;ODS Read msfo17;Synchronization;;Synchronization + пустая бизнес-роль
qlik_bpb;qlik_bpb;EDW Read BPB;Synchronization;;Synchronization + пустая бизнес-роль
qlik_brp;qlik_brp;ODS All WT;Synchronization;;Synchronization + пустая бизнес-роль
qlik_dor;qlik_dor;EDW Read Cdm Analysis Out;Synchronization;;Synchronization + пустая бизнес-роль
qlik_dor;qlik_dor;EDW Read Core;Synchronization;;Synchronization + пустая бизнес-роль
qlik_dor;qlik_dor;EDW Read RB;Synchronization;;Synchronization + пустая бизнес-роль
qlik_dor;qlik_dor;EDW Read SCOP;Synchronization;;Synchronization + пустая бизнес-роль
qlik_dor;qlik_dor;ODS All Operation;Synchronization;;Synchronization + пустая бизнес-роль
qlik_dor;qlik_dor;ODS Read ARM4;Synchronization;;Synchronization + пустая бизнес-роль
qlik_dor;qlik_dor;ODS Read BCAPP;Synchronization;;Synchronization + пустая бизнес-роль
qlik_dor;qlik_dor;ODS Read Boss 1;Synchronization;;Synchronization + пустая бизнес-роль
qlik_dor;qlik_dor;ODS Read CC;Synchronization;;Synchronization + пустая бизнес-роль
qlik_dor;qlik_dor;ODS Read Cdm Analysis;Synchronization;;Synchronization + пустая бизнес-роль
qlik_dor;qlik_dor;ODS Read Cdm Analysis Out;Synchronization;;Synchronization + пустая бизнес-роль
qlik_dor;qlik_dor;ODS Read DIAS;Synchronization;;Synchronization + пустая бизнес-роль
qlik_dor;qlik_dor;ODS Read EKIS;Synchronization;;Synchronization + пустая бизнес-роль
qlik_dor;qlik_dor;ODS Read FOC;Synchronization;;Synchronization + пустая бизнес-роль
qlik_dor;qlik_dor;ODS Read JIRA;Synchronization;;Synchronization + пустая бизнес-роль
qlik_dor;qlik_dor;ODS Read KIAS;Synchronization;;Synchronization + пустая бизнес-роль
qlik_dor;qlik_dor;ODS Read Naumen;Synchronization;;Synchronization + пустая бизнес-роль
qlik_dor;qlik_dor;ODS Read Operation;Synchronization;;Synchronization + пустая бизнес-роль
qlik_dor;qlik_dor;ODS Read PCAPP;Synchronization;;Synchronization + пустая бизнес-роль
qlik_dor;qlik_dor;ODS Read Qlik;Synchronization;;Synchronization + пустая бизнес-роль
qlik_dor;qlik_dor;ODS Read RGSSCC;Synchronization;;Synchronization + пустая бизнес-роль
qlik_dor;qlik_dor;ODS Read SAP;Synchronization;;Synchronization + пустая бизнес-роль
qlik_dor;qlik_dor;ODS Read SCOP;Synchronization;;Synchronization + пустая бизнес-роль
qlik_dor;qlik_dor;ODS Read SCR;Synchronization;;Synchronization + пустая бизнес-роль
qlik_dor;qlik_dor;ODS Read Tessa;Synchronization;;Synchronization + пустая бизнес-роль
qlik_dor;qlik_dor;ODS Read UFO;Synchronization;;Synchronization + пустая бизнес-роль
qlik_dor;qlik_dor;ODS Read UKDZISP;Synchronization;;Synchronization + пустая бизнес-роль
qlik_dor;qlik_dor;ODS Unspec Auto;Synchronization;;Synchronization + пустая бизнес-роль
qlik_dor;qlik_dor;ODS Unspec Property;Synchronization;;Synchronization + пустая бизнес-роль
qlik_uodud;qlik_uodud;CBD All Cdm Analysis;Synchronization;;Synchronization + пустая бизнес-роль
qlik_uodud;qlik_uodud;CBD Read Cdm Analysis;Synchronization;;Synchronization + пустая бизнес-роль
qlik_uodud;qlik_uodud;CBD Read Cdm Analysis Ou;Synchronization;;Synchronization + пустая бизнес-роль
qlik_uodud;qlik_uodud;EDW All BZK;Synchronization;;Synchronization + пустая бизнес-роль
qlik_uodud;qlik_uodud;EDW All CDM;Synchronization;;Synchronization + пустая бизнес-роль
qlik_uodud;qlik_uodud;EDW All Cdm Analysis;Synchronization;;Synchronization + пустая бизнес-роль
qlik_uodud;qlik_uodud;EDW Read Actuary;Synchronization;;Synchronization + пустая бизнес-роль
qlik_uodud;qlik_uodud;EDW Read BZK;Synchronization;;Synchronization + пустая бизнес-роль
qlik_uodud;qlik_uodud;EDW Read CDM;Synchronization;;Synchronization + пустая бизнес-роль
qlik_uodud;qlik_uodud;EDW Read Cdm Analysis;Synchronization;;Synchronization + пустая бизнес-роль
qlik_uodud;qlik_uodud;EDW Read Mortgage;Synchronization;;Synchronization + пустая бизнес-роль
qlik_uodud;qlik_uodud;EDW Read Mortgage Test;Synchronization;;Synchronization + пустая бизнес-роль
qlik_uodud;qlik_uodud;ODS All Cdm Analysis;Synchronization;;Synchronization + пустая бизнес-роль
qlik_uodud;qlik_uodud;ODS All Report;Synchronization;;Synchronization + пустая бизнес-роль
qlik_uodud;qlik_uodud;ODS Read Actuary;Synchronization;;Synchronization + пустая бизнес-роль
qlik_uodud;qlik_uodud;ODS Read Cdm Analysis;Synchronization;;Synchronization + пустая бизнес-роль
qlik_uodud;qlik_uodud;ODS Read Cdm Analysis Out;Synchronization;;Synchronization + пустая бизнес-роль
qlik_uodud;qlik_uodud;ODS Read Report;Synchronization;;Synchronization + пустая бизнес-роль
qs_baop;qs_baop;EDW All RB;Synchronization;;Synchronization + пустая бизнес-роль
qs_baop;qs_baop;EDW Read CDI;Synchronization;;Synchronization + пустая бизнес-роль
qs_baop;qs_baop;EDW Read Core;Synchronization;;Synchronization + пустая бизнес-роль
qs_baop;qs_baop;ODS Read ARM4;Synchronization;;Synchronization + пустая бизнес-роль
qs_baop;qs_baop;ODS Read Auto;Synchronization;;Synchronization + пустая бизнес-роль
qs_baop;qs_baop;ODS Read BCAPP;Synchronization;;Synchronization + пустая бизнес-роль
qs_baop;qs_baop;ODS Read Boss 1;Synchronization;;Synchronization + пустая бизнес-роль
qs_baop;qs_baop;ODS Read CC;Synchronization;;Synchronization + пустая бизнес-роль
qs_baop;qs_baop;ODS Read EKIS;Synchronization;;Synchronization + пустая бизнес-роль
qs_baop;qs_baop;ODS Read PCAPP;Synchronization;;Synchronization + пустая бизнес-роль
qs_baop;qs_baop;ODS Read Report;Synchronization;;Synchronization + пустая бизнес-роль
qs_baop;qs_baop;ODS Read RGSSCC;Synchronization;;Synchronization + пустая бизнес-роль
qs_baop;qs_baop;ODS Read RI;Synchronization;;Synchronization + пустая бизнес-роль
qs_baop;qs_baop;ODS Read SAP;Synchronization;;Synchronization + пустая бизнес-роль
qs_baop;qs_baop;ODS Read VIRTU;Synchronization;;Synchronization + пустая бизнес-роль
qs_economic;QS_Economic;CBD Read Cdm Analysis;Synchronization;;Synchronization + пустая бизнес-роль
qs_economic;QS_Economic;CBD Read Cdm Analysis Ou;Synchronization;;Synchronization + пустая бизнес-роль
qs_economic;QS_Economic;EDW Read Actuary;Synchronization;;Synchronization + пустая бизнес-роль
qs_economic;QS_Economic;EDW Read Cdm Analysis;Synchronization;;Synchronization + пустая бизнес-роль
qs_economic;QS_Economic;EDW Read Cdm Analysis Out;Synchronization;;Synchronization + пустая бизнес-роль
qs_economic;QS_Economic;EDW Read COMDM;Synchronization;;Synchronization + пустая бизнес-роль
qs_economic;QS_Economic;EDW Read Core;Synchronization;;Synchronization + пустая бизнес-роль
qs_economic;QS_Economic;EDW Read Finance;Synchronization;;Synchronization + пустая бизнес-роль
qs_economic;QS_Economic;EDW Read UAG;Synchronization;;Synchronization + пустая бизнес-роль
qs_economic;QS_Economic;EDW Unspec Actuary;Synchronization;;Synchronization + пустая бизнес-роль
qs_economic;QS_Economic;EDW Unspec Analysis;Synchronization;;Synchronization + пустая бизнес-роль
qs_economic;QS_Economic;EDW Unspec Analysis Out;Synchronization;;Synchronization + пустая бизнес-роль
qs_economic;QS_Economic;ODS Read Actuary;Synchronization;;Synchronization + пустая бизнес-роль
qs_economic;QS_Economic;ODS Read Cdm Analysis;Synchronization;;Synchronization + пустая бизнес-роль
qs_economic;QS_Economic;ODS Read Cdm Analysis Out;Synchronization;;Synchronization + пустая бизнес-роль
qs_economic;QS_Economic;ODS Read DIAS;Synchronization;;Synchronization + пустая бизнес-роль
qs_economic;QS_Economic;ODS Read FB_REG;Synchronization;;Synchronization + пустая бизнес-роль
qs_economic;QS_Economic;ODS Read Finance;Synchronization;;Synchronization + пустая бизнес-роль
qs_economic;QS_Economic;ODS Read msfo17;Synchronization;;Synchronization + пустая бизнес-роль
qs_economic;QS_Economic;ODS Read Report;Synchronization;;Synchronization + пустая бизнес-роль
qs_economic;QS_Economic;ODS Read RGSSCC;Synchronization;;Synchronization + пустая бизнес-роль
qs_economic;QS_Economic;ODS Read SAP;Synchronization;;Synchronization + пустая бизнес-роль
qs_economic;QS_Economic;ODS Read XBRL;Synchronization;;Synchronization + пустая бизнес-роль
qs_economic;QS_Economic;ODS Unspec Actuary;Synchronization;;Synchronization + пустая бизнес-роль
qs_economic;QS_Economic;ODS Unspec Analysis;Synchronization;;Synchronization + пустая бизнес-роль
qs_economic;QS_Economic;ODS Unspec Analysis Out;Synchronization;;Synchronization + пустая бизнес-роль
qsvc8;BI Qlik;ODS All Qlik;Synchronization;;Synchronization + пустая бизнес-роль
ra_khartyunov;Хартюнов Рудольф Александрович (Rudolf Khartyunov);DWH Underwriting;Synchronization;;Synchronization + пустая бизнес-роль
ramamaev;Мамаев Роман Анатольевич (Roman Mamaev);DWH Business Analyst;Synchronization;;Synchronization + пустая бизнес-роль
ramamaev;Мамаев Роман Анатольевич (Roman Mamaev);EDW Resource Administrator;Synchronization;;Synchronization + пустая бизнес-роль
ramamaev;Мамаев Роман Анатольевич (Roman Mamaev);ODS All CDM;Synchronization;;Synchronization + пустая бизнес-роль
ramamaev;Мамаев Роман Анатольевич (Roman Mamaev);ODS Owner CDM;Synchronization;;Synchronization + пустая бизнес-роль
ramamaev;Мамаев Роман Анатольевич (Roman Mamaev);ODS Resource Administrator;Synchronization;;Synchronization + пустая бизнес-роль
randrosenko;Андросенко Руслан Александрович (Ruslan Androsenko);EDW Read CDI;Synchronization;;Synchronization + пустая бизнес-роль
randrosenko;Андросенко Руслан Александрович (Ruslan Androsenko);EDW Read Core;Synchronization;;Synchronization + пустая бизнес-роль
randrosenko;Андросенко Руслан Александрович (Ruslan Androsenko);ODS All DES;Synchronization;;Synchronization + пустая бизнес-роль
randrosenko;Андросенко Руслан Александрович (Ruslan Androsenko);ODS Read ARM4;Synchronization;;Synchronization + пустая бизнес-роль
randrosenko;Андросенко Руслан Александрович (Ruslan Androsenko);ODS Read BCAPP;Synchronization;;Synchronization + пустая бизнес-роль
randrosenko;Андросенко Руслан Александрович (Ruslan Androsenko);ODS Read Boss 1;Synchronization;;Synchronization + пустая бизнес-роль
randrosenko;Андросенко Руслан Александрович (Ruslan Androsenko);ODS Read CC;Synchronization;;Synchronization + пустая бизнес-роль
randrosenko;Андросенко Руслан Александрович (Ruslan Androsenko);ODS Read DMS;Synchronization;;Synchronization + пустая бизнес-роль
randrosenko;Андросенко Руслан Александрович (Ruslan Androsenko);ODS Read EKIS;Synchronization;;Synchronization + пустая бизнес-роль
randrosenko;Андросенко Руслан Александрович (Ruslan Androsenko);ODS Read KIAS;Synchronization;;Synchronization + пустая бизнес-роль
randrosenko;Андросенко Руслан Александрович (Ruslan Androsenko);ODS Read Naumen;Synchronization;;Synchronization + пустая бизнес-роль
randrosenko;Андросенко Руслан Александрович (Ruslan Androsenko);ODS Read PCAPP;Synchronization;;Synchronization + пустая бизнес-роль
randrosenko;Андросенко Руслан Александрович (Ruslan Androsenko);ODS Read RGSSCC;Synchronization;;Synchronization + пустая бизнес-роль
randrosenko;Андросенко Руслан Александрович (Ruslan Androsenko);ODS Read SCR;Synchronization;;Synchronization + пустая бизнес-роль
randrosenko;Андросенко Руслан Александрович (Ruslan Androsenko);ODS Read Splunk UFO;Synchronization;;Synchronization + пустая бизнес-роль
randrosenko;Андросенко Руслан Александрович (Ruslan Androsenko);ODS Read Tessa;Synchronization;;Synchronization + пустая бизнес-роль
randrosenko;Андросенко Руслан Александрович (Ruslan Androsenko);ODS Read UFO;Synchronization;;Synchronization + пустая бизнес-роль
randrosenko;Андросенко Руслан Александрович (Ruslan Androsenko);ODS Read VIRTU;Synchronization;;Synchronization + пустая бизнес-роль
raparkin;Паркин Роман Андреевич (Parkin Roman);DWH Administrator;Synchronization;;Synchronization + пустая бизнес-роль
ratovstenko;Товстенко Роман Андреевич (Roman Tovstenko);EDW All MLDEV19;Synchronization;;Synchronization + пустая бизнес-роль
ratovstenko;Товстенко Роман Андреевич (Roman Tovstenko);EDW All MLDEV72;Synchronization;;Synchronization + пустая бизнес-роль
ratovstenko;Товстенко Роман Андреевич (Roman Tovstenko);ODS All MLDEV19;Synchronization;;Synchronization + пустая бизнес-роль
ratovstenko;Товстенко Роман Андреевич (Roman Tovstenko);ODS All MLDEV72;Synchronization;;Synchronization + пустая бизнес-роль
rauvarov;Уваров Роман Анатольевич (Roman Uvarov);DWH Administrator;Synchronization;;Synchronization + пустая бизнес-роль
rauvarov;Уваров Роман Анатольевич (Roman Uvarov);DWH Developer;Synchronization;;Synchronization + пустая бизнес-роль
rauvarov;Уваров Роман Анатольевич (Roman Uvarov);DWH Replicator;Synchronization;;Synchronization + пустая бизнес-роль
rauvarov;Уваров Роман Анатольевич (Roman Uvarov);EDW All BCI;Synchronization;;Synchronization + пустая бизнес-роль
rauvarov;Уваров Роман Анатольевич (Roman Uvarov);EDW All CDM;Synchronization;;Synchronization + пустая бизнес-роль
rauvarov;Уваров Роман Анатольевич (Roman Uvarov);EDW All Maintenance;Synchronization;;Synchronization + пустая бизнес-роль
rauvarov;Уваров Роман Анатольевич (Roman Uvarov);EDW Read CDI;Synchronization;;Synchronization + пустая бизнес-роль
rauvarov;Уваров Роман Анатольевич (Roman Uvarov);EDW Read Core;Synchronization;;Synchronization + пустая бизнес-роль
rauvarov;Уваров Роман Анатольевич (Roman Uvarov);EDW Read RB;Synchronization;;Synchronization + пустая бизнес-роль
rauvarov;Уваров Роман Анатольевич (Roman Uvarov);ODS All ARCtrl;Synchronization;;Synchronization + пустая бизнес-роль
rauvarov;Уваров Роман Анатольевич (Roman Uvarov);ODS All Maintenance;Synchronization;;Synchronization + пустая бизнес-роль
rauvarov;Уваров Роман Анатольевич (Roman Uvarov);ODS Read Actuary;Synchronization;;Synchronization + пустая бизнес-роль
rauvarov;Уваров Роман Анатольевич (Roman Uvarov);ODS Read ARM4;Synchronization;;Synchronization + пустая бизнес-роль
rauvarov;Уваров Роман Анатольевич (Roman Uvarov);ODS Read Audatex;Synchronization;;Synchronization + пустая бизнес-роль
rauvarov;Уваров Роман Анатольевич (Roman Uvarov);ODS Read Auto;Synchronization;;Synchronization + пустая бизнес-роль
rauvarov;Уваров Роман Анатольевич (Roman Uvarov);ODS Read BCAPP;Synchronization;;Synchronization + пустая бизнес-роль
rauvarov;Уваров Роман Анатольевич (Roman Uvarov);ODS Read BCI;Synchronization;;Synchronization + пустая бизнес-роль
rauvarov;Уваров Роман Анатольевич (Roman Uvarov);ODS Read BOSS;Synchronization;;Synchronization + пустая бизнес-роль
rauvarov;Уваров Роман Анатольевич (Roman Uvarov);ODS Read Boss 1;Synchronization;;Synchronization + пустая бизнес-роль
rauvarov;Уваров Роман Анатольевич (Roman Uvarov);ODS Read CC;Synchronization;;Synchronization + пустая бизнес-роль
rauvarov;Уваров Роман Анатольевич (Roman Uvarov);ODS Read DSA;Synchronization;;Synchronization + пустая бизнес-роль
rauvarov;Уваров Роман Анатольевич (Roman Uvarov);ODS Read EKIS;Synchronization;;Synchronization + пустая бизнес-роль
rauvarov;Уваров Роман Анатольевич (Roman Uvarov);ODS Read Equifax;Synchronization;;Synchronization + пустая бизнес-роль
rauvarov;Уваров Роман Анатольевич (Roman Uvarov);ODS Read FOIV;Synchronization;;Synchronization + пустая бизнес-роль
rauvarov;Уваров Роман Анатольевич (Roman Uvarov);ODS Read LK;Synchronization;;Synchronization + пустая бизнес-роль
rauvarov;Уваров Роман Анатольевич (Roman Uvarov);ODS Read MFMS;Synchronization;;Synchronization + пустая бизнес-роль
rauvarov;Уваров Роман Анатольевич (Roman Uvarov);ODS Read PCAPP;Synchronization;;Synchronization + пустая бизнес-роль
rauvarov;Уваров Роман Анатольевич (Roman Uvarov);ODS Read Report;Synchronization;;Synchronization + пустая бизнес-роль
rauvarov;Уваров Роман Анатольевич (Roman Uvarov);ODS Read RGSJ;Synchronization;;Synchronization + пустая бизнес-роль
rauvarov;Уваров Роман Анатольевич (Roman Uvarov);ODS Read RGSSCC;Synchronization;;Synchronization + пустая бизнес-роль
rauvarov;Уваров Роман Анатольевич (Roman Uvarov);ODS Read SAP;Synchronization;;Synchronization + пустая бизнес-роль
rauvarov;Уваров Роман Анатольевич (Roman Uvarov);ODS Read SCR;Synchronization;;Synchronization + пустая бизнес-роль
rauvarov;Уваров Роман Анатольевич (Roman Uvarov);ODS Read Splunk UFO;Synchronization;;Synchronization + пустая бизнес-роль
rauvarov;Уваров Роман Анатольевич (Roman Uvarov);ODS Read Transdekra;Synchronization;;Synchronization + пустая бизнес-роль
rauvarov;Уваров Роман Анатольевич (Roman Uvarov);ODS Read UFO;Synchronization;;Synchronization + пустая бизнес-роль
rdayzatulin;Айзатулин Ринат Дамирович (Rinat Ayzatulin);ART Данные лид-11605388543;Synchronization;;Synchronization + пустая бизнес-роль
rdayzatulin;Айзатулин Ринат Дамирович (Rinat Ayzatulin);ART Данные поезд-1-94909927;Synchronization;;Synchronization + пустая бизнес-роль
rebubon;Бубон Роман Евгеньевич (Roman Bubon);ART Данные лид-11605388543;Synchronization;;Synchronization + пустая бизнес-роль
report;Сервер отчетов;DWH Developer;Synchronization;;Synchronization + пустая бизнес-роль
report;Сервер отчетов;DWHT EDW All BZK;Synchronization;;Synchronization + пустая бизнес-роль
report;Сервер отчетов;DWHT Edw All Cdm Analysis Out;Synchronization;;Synchronization + пустая бизнес-роль
report;Сервер отчетов;DWHT Edw Read Cdm;Synchronization;;Synchronization + пустая бизнес-роль
report;Сервер отчетов;DWHT Edw Read Core;Synchronization;;Synchronization + пустая бизнес-роль
report;Сервер отчетов;DWHT Edw Read Dwh Settings;Synchronization;;Synchronization + пустая бизнес-роль
report;Сервер отчетов;DWHT Ods All Cdm Analysis Out;Synchronization;;Synchronization + пустая бизнес-роль
report;Сервер отчетов;DWHT ODS All Fb781p;Synchronization;;Synchronization + пустая бизнес-роль
report;Сервер отчетов;DWHT Ods All Rep;Synchronization;;Synchronization + пустая бизнес-роль
report;Сервер отчетов;DWHT Ods All Xbrl;Synchronization;;Synchronization + пустая бизнес-роль
report;Сервер отчетов;DWHT Ods Read Cdm;Synchronization;;Synchronization + пустая бизнес-роль
report;Сервер отчетов;DWHT Ods Read Dwh Settings;Synchronization;;Synchronization + пустая бизнес-роль
report;Сервер отчетов;DWHT Ods Read Source;Synchronization;;Synchronization + пустая бизнес-роль
report;Сервер отчетов;EDW All BZK;Synchronization;;Synchronization + пустая бизнес-роль
report;Сервер отчетов;EDW All Cdm Analysis;Synchronization;;Synchronization + пустая бизнес-роль
report;Сервер отчетов;EDW All Cdm Analysis Out;Synchronization;;Synchronization + пустая бизнес-роль
report;Сервер отчетов;EDW Read CDI;Synchronization;;Synchronization + пустая бизнес-роль
report;Сервер отчетов;EDW Read CDM;Synchronization;;Synchronization + пустая бизнес-роль
report;Сервер отчетов;EDW Read Cdm Analysis;Synchronization;;Synchronization + пустая бизнес-роль
report;Сервер отчетов;EDW Read Cdm Analysis Out;Synchronization;;Synchronization + пустая бизнес-роль
report;Сервер отчетов;EDW Read Core;Synchronization;;Synchronization + пустая бизнес-роль
report;Сервер отчетов;EDW Read Finance;Synchronization;;Synchronization + пустая бизнес-роль
report;Сервер отчетов;EDW Read RB;Synchronization;;Synchronization + пустая бизнес-роль
report;Сервер отчетов;EDW Unspec Actuary;Synchronization;;Synchronization + пустая бизнес-роль
report;Сервер отчетов;EDW Unspec Analysis;Synchronization;;Synchronization + пустая бизнес-роль
report;Сервер отчетов;EDW Unspec Analysis Out;Synchronization;;Synchronization + пустая бизнес-роль
report;Сервер отчетов;ODS All Cdm Analysis Out;Synchronization;;Synchronization + пустая бизнес-роль
report;Сервер отчетов;ODS All fb781p;Synchronization;;Synchronization + пустая бизнес-роль
report;Сервер отчетов;ODS All msfo17;Synchronization;;Synchronization + пустая бизнес-роль
report;Сервер отчетов;ODS All Report;Synchronization;;Synchronization + пустая бизнес-роль
report;Сервер отчетов;ODS All XBRL;Synchronization;;Synchronization + пустая бизнес-роль
report;Сервер отчетов;ODS Read ARM4;Synchronization;;Synchronization + пустая бизнес-роль
report;Сервер отчетов;ODS Read Auto;Synchronization;;Synchronization + пустая бизнес-роль
report;Сервер отчетов;ODS Read AXIOMA;Synchronization;;Synchronization + пустая бизнес-роль
report;Сервер отчетов;ODS Read BCAPP;Synchronization;;Synchronization + пустая бизнес-роль
report;Сервер отчетов;ODS Read CC;Synchronization;;Synchronization + пустая бизнес-роль
report;Сервер отчетов;ODS Read CDM;Synchronization;;Synchronization + пустая бизнес-роль
report;Сервер отчетов;ODS Read Cdm Analysis;Synchronization;;Synchronization + пустая бизнес-роль
report;Сервер отчетов;ODS Read Cdm Analysis Out;Synchronization;;Synchronization + пустая бизнес-роль
report;Сервер отчетов;ODS Read DIAS;Synchronization;;Synchronization + пустая бизнес-роль
report;Сервер отчетов;ODS Read EKIS;Synchronization;;Synchronization + пустая бизнес-роль
report;Сервер отчетов;ODS Read Finance;Synchronization;;Synchronization + пустая бизнес-роль
report;Сервер отчетов;ODS Read hr1c;Synchronization;;Synchronization + пустая бизнес-роль
report;Сервер отчетов;ODS Read KIAS;Synchronization;;Synchronization + пустая бизнес-роль
report;Сервер отчетов;ODS Read Naumen;Synchronization;;Synchronization + пустая бизнес-роль
report;Сервер отчетов;ODS Read PCAPP;Synchronization;;Synchronization + пустая бизнес-роль
report;Сервер отчетов;ODS Read RB;Synchronization;;Synchronization + пустая бизнес-роль
report;Сервер отчетов;ODS Read Report;Synchronization;;Synchronization + пустая бизнес-роль
report;Сервер отчетов;ODS Read RGSSCC;Synchronization;;Synchronization + пустая бизнес-роль
report;Сервер отчетов;ODS Read SAP;Synchronization;;Synchronization + пустая бизнес-роль
report;Сервер отчетов;ODS Read Tessa;Synchronization;;Synchronization + пустая бизнес-роль
report;Сервер отчетов;ODS Read UFO;Synchronization;;Synchronization + пустая бизнес-роль
report;Сервер отчетов;ODS Read WT;Synchronization;;Synchronization + пустая бизнес-роль
report;Сервер отчетов;ODS Unspec Actuary;Synchronization;;Synchronization + пустая бизнес-роль
report;Сервер отчетов;ODS Unspecified;Synchronization;;Synchronization + пустая бизнес-роль
rgsjournaldwh;RgsJournalDWH;ODS Read Splunk UFO;Synchronization;;Synchronization + пустая бизнес-роль
robot_gpp;robot_gpp;EDW Read Dm Ob;Synchronization;;Synchronization + пустая бизнес-роль
robot_rpa_user;robot_rpa_user;ODS Read Cdm Analysis Out;Synchronization;;Synchronization + пустая бизнес-роль
robot_rpa_user;robot_rpa_user;ODS Read UKDZISP;Synchronization;;Synchronization + пустая бизнес-роль
rrgalimzyanov;Галимзянов Руслан Равильевич (Ruslan Galimzyanov);EDW All CRM;Synchronization;;Synchronization + пустая бизнес-роль
rrgalimzyanov;Галимзянов Руслан Равильевич (Ruslan Galimzyanov);EDW Read CDI;Synchronization;;Synchronization + пустая бизнес-роль
rrgalimzyanov;Галимзянов Руслан Равильевич (Ruslan Galimzyanov);EDW Read Core;Synchronization;;Synchronization + пустая бизнес-роль
rrgalimzyanov;Галимзянов Руслан Равильевич (Ruslan Galimzyanov);ODS All Auto;Synchronization;;Synchronization + пустая бизнес-роль
rrgalimzyanov;Галимзянов Руслан Равильевич (Ruslan Galimzyanov);ODS Read ARM4;Synchronization;;Synchronization + пустая бизнес-роль
rrgalimzyanov;Галимзянов Руслан Равильевич (Ruslan Galimzyanov);ODS Read Auto;Synchronization;;Synchronization + пустая бизнес-роль
rrgalimzyanov;Галимзянов Руслан Равильевич (Ruslan Galimzyanov);ODS Read BCAPP;Synchronization;;Synchronization + пустая бизнес-роль
rrgalimzyanov;Галимзянов Руслан Равильевич (Ruslan Galimzyanov);ODS Read Cdm Analysis Out;Synchronization;;Synchronization + пустая бизнес-роль
rrgalimzyanov;Галимзянов Руслан Равильевич (Ruslan Galimzyanov);ODS Read EKIS;Synchronization;;Synchronization + пустая бизнес-роль
rrgalimzyanov;Галимзянов Руслан Равильевич (Ruslan Galimzyanov);ODS Read KIAS;Synchronization;;Synchronization + пустая бизнес-роль
rrgalimzyanov;Галимзянов Руслан Равильевич (Ruslan Galimzyanov);ODS Read PCAPP;Synchronization;;Synchronization + пустая бизнес-роль
rrgalimzyanov;Галимзянов Руслан Равильевич (Ruslan Galimzyanov);ODS Read RGSSCC;Synchronization;;Synchronization + пустая бизнес-роль
rsdushaev;Душаев Руслан Шамханович (Ruslan Dushaev);ART Partners. Business Development-1-1758448165;Synchronization;;Synchronization + пустая бизнес-роль
rskudryashov;Кудряшов Роман Сергеевич (Roman Kudryashov);ART Данные лид-11605388543;Synchronization;;Synchronization + пустая бизнес-роль
rskudryashov;Кудряшов Роман Сергеевич (Roman Kudryashov);ART Данные поезд-1-94909927;Synchronization;;Synchronization + пустая бизнес-роль
rskudryashov;Кудряшов Роман Сергеевич (Roman Kudryashov);ODS Read Property;Synchronization;;Synchronization + пустая бизнес-роль
rsmansurov;Мансуров Ринат Шамильевич (Rinat Mansurov);EDW Read Cdm Analysis;Synchronization;;Synchronization + пустая бизнес-роль
rsmansurov;Мансуров Ринат Шамильевич (Rinat Mansurov);EDW Read Cdm Analysis Out;Synchronization;;Synchronization + пустая бизнес-роль
rsmartynov;Мартынов Родион Сергеевич (Rodion Martynov);EDW Administrator;Synchronization;;Synchronization + пустая бизнес-роль
rsmartynov;Мартынов Родион Сергеевич (Rodion Martynov);EDW Read CDI;Synchronization;;Synchronization + пустая бизнес-роль
rsmartynov;Мартынов Родион Сергеевич (Rodion Martynov);EDW Read RB;Synchronization;;Synchronization + пустая бизнес-роль
rsmartynov;Мартынов Родион Сергеевич (Rodion Martynov);ODS Administrator;Synchronization;;Synchronization + пустая бизнес-роль
rsmartynov;Мартынов Родион Сергеевич (Rodion Martynov);ODS Read Auto;Synchronization;;Synchronization + пустая бизнес-роль
rsmartynov;Мартынов Родион Сергеевич (Rodion Martynov);ODS Read Insbridge;Synchronization;;Synchronization + пустая бизнес-роль
rsmartynov;Мартынов Родион Сергеевич (Rodion Martynov);ODS Read Mobile;Synchronization;;Synchronization + пустая бизнес-роль
rsmartynov;Мартынов Родион Сергеевич (Rodion Martynov);ODS Read Splunk Avtocod;Synchronization;;Synchronization + пустая бизнес-роль
rsmartynov;Мартынов Родион Сергеевич (Rodion Martynov);ODS Read Splunk KBM;Synchronization;;Synchronization + пустая бизнес-роль
rsmartynov;Мартынов Родион Сергеевич (Rodion Martynov);ODS Read Transdekra;Synchronization;;Synchronization + пустая бизнес-роль
rsmukailov;Мукаилов Роман Серкерович (Roman Mukailov);ODS Read Naumen;Synchronization;;Synchronization + пустая бизнес-роль
rsseidov;Сеидов Рустам Сардар Оглы (Rustam Seidov);EDW All Finance;Synchronization;;Synchronization + пустая бизнес-роль
rsseidov;Сеидов Рустам Сардар Оглы (Rustam Seidov);EDW Read CDM;Synchronization;;Synchronization + пустая бизнес-роль
rsseidov;Сеидов Рустам Сардар Оглы (Rustam Seidov);EDW Read Core;Synchronization;;Synchronization + пустая бизнес-роль
rsseidov;Сеидов Рустам Сардар Оглы (Rustam Seidov);EDW Unspec Analysis;Synchronization;;Synchronization + пустая бизнес-роль
rsseidov;Сеидов Рустам Сардар Оглы (Rustam Seidov);EDW Unspec Analysis Out;Synchronization;;Synchronization + пустая бизнес-роль
rsseidov;Сеидов Рустам Сардар Оглы (Rustam Seidov);ODS All Finance;Synchronization;;Synchronization + пустая бизнес-роль
rsseidov;Сеидов Рустам Сардар Оглы (Rustam Seidov);ODS Read Cdm Analysis;Synchronization;;Synchronization + пустая бизнес-роль
rsseidov;Сеидов Рустам Сардар Оглы (Rustam Seidov);ODS Read Cdm Analysis Out;Synchronization;;Synchronization + пустая бизнес-роль
rsseidov;Сеидов Рустам Сардар Оглы (Rustam Seidov);ODS Read DIAS;Synchronization;;Synchronization + пустая бизнес-роль
rsseidov;Сеидов Рустам Сардар Оглы (Rustam Seidov);ODS Read Report;Synchronization;;Synchronization + пустая бизнес-роль
rsseidov;Сеидов Рустам Сардар Оглы (Rustam Seidov);ODS Read RGSSCC;Synchronization;;Synchronization + пустая бизнес-роль
rsseidov;Сеидов Рустам Сардар Оглы (Rustam Seidov);ODS Unspec Analysis;Synchronization;;Synchronization + пустая бизнес-роль
rsseidov;Сеидов Рустам Сардар Оглы (Rustam Seidov);ODS Unspec Analysis Out;Synchronization;;Synchronization + пустая бизнес-роль
rsshuvalov;Шувалов Руслан Сергеевич (Ruslan Shuvalov);ART Данные поезд-1-94909927;Synchronization;;Synchronization + пустая бизнес-роль
rsshuvalov;Шувалов Руслан Сергеевич (Ruslan Shuvalov);EDW Unspec Analysis Out;Synchronization;;Synchronization + пустая бизнес-роль
rsshuvalov;Шувалов Руслан Сергеевич (Ruslan Shuvalov);ODS All Auto;Synchronization;;Synchronization + пустая бизнес-роль
rsshuvalov;Шувалов Руслан Сергеевич (Ruslan Shuvalov);ODS All Property;Synchronization;;Synchronization + пустая бизнес-роль
rsshuvalov;Шувалов Руслан Сергеевич (Ruslan Shuvalov);ODS Read ARM4;Synchronization;;Synchronization + пустая бизнес-роль
rsshuvalov;Шувалов Руслан Сергеевич (Ruslan Shuvalov);ODS Read Audatex;Synchronization;;Synchronization + пустая бизнес-роль
rsshuvalov;Шувалов Руслан Сергеевич (Ruslan Shuvalov);ODS Read CC;Synchronization;;Synchronization + пустая бизнес-роль
rsshuvalov;Шувалов Руслан Сергеевич (Ruslan Shuvalov);ODS Read DoubleData;Synchronization;;Synchronization + пустая бизнес-роль
rsshuvalov;Шувалов Руслан Сергеевич (Ruslan Shuvalov);ODS Read EKIS;Synchronization;;Synchronization + пустая бизнес-роль
rsshuvalov;Шувалов Руслан Сергеевич (Ruslan Shuvalov);ODS Read Equifax;Synchronization;;Synchronization + пустая бизнес-роль
rsshuvalov;Шувалов Руслан Сергеевич (Ruslan Shuvalov);ODS Read FOIV;Synchronization;;Synchronization + пустая бизнес-роль
rsshuvalov;Шувалов Руслан Сергеевич (Ruslan Shuvalov);ODS Read MFMS;Synchronization;;Synchronization + пустая бизнес-роль
rsshuvalov;Шувалов Руслан Сергеевич (Ruslan Shuvalov);ODS Read MLDEV19;Synchronization;;Synchronization + пустая бизнес-роль
rsshuvalov;Шувалов Руслан Сергеевич (Ruslan Shuvalov);ODS Read Mobile;Synchronization;;Synchronization + пустая бизнес-роль
rsshuvalov;Шувалов Руслан Сергеевич (Ruslan Shuvalov);ODS Read PCAPP;Synchronization;;Synchronization + пустая бизнес-роль
rsshuvalov;Шувалов Руслан Сергеевич (Ruslan Shuvalov);ODS Read RGSSCC;Synchronization;;Synchronization + пустая бизнес-роль
rsshuvalov;Шувалов Руслан Сергеевич (Ruslan Shuvalov);ODS Read RSAKBM;Synchronization;;Synchronization + пустая бизнес-роль
rsshuvalov;Шувалов Руслан Сергеевич (Ruslan Shuvalov);ODS Read Splunk Avtocod;Synchronization;;Synchronization + пустая бизнес-роль
rsshuvalov;Шувалов Руслан Сергеевич (Ruslan Shuvalov);ODS Read Splunk KBM;Synchronization;;Synchronization + пустая бизнес-роль
rsshuvalov;Шувалов Руслан Сергеевич (Ruslan Shuvalov);ODS Read Transdekra;Synchronization;;Synchronization + пустая бизнес-роль
rsshuvalov;Шувалов Руслан Сергеевич (Ruslan Shuvalov);ODS Unspec Analysis Out;Synchronization;;Synchronization + пустая бизнес-роль
rsudwh;rsudwh;ODS Read Tessa;Synchronization;;Synchronization + пустая бизнес-роль
rvfanygin;Фаныгин Роман Владимирович (Roman Fanygin);ART Персонал (Весь поезд)art_hr@rgs.ru-12089312808;Synchronization;;Synchronization + пустая бизнес-роль
rvpanosian;Паносян Роберт Варужанович (Robert Panosyan);ODS All DSA;Synchronization;;Synchronization + пустая бизнес-роль
rvpanosian;Паносян Роберт Варужанович (Robert Panosyan);ODS Read CC;Synchronization;;Synchronization + пустая бизнес-роль
rvpanosian;Паносян Роберт Варужанович (Robert Panosyan);ODS Read RGSSCC;Synchronization;;Synchronization + пустая бизнес-роль
rvsmorodin;Смородин Роман Владимирович (Roman Smorodin);ART Данные поезд-1-94909927;Synchronization;;Synchronization + пустая бизнес-роль
rvsmorodin;Смородин Роман Владимирович (Roman Smorodin);EDW Read CDI;Synchronization;;Synchronization + пустая бизнес-роль
rvsmorodin;Смородин Роман Владимирович (Roman Smorodin);EDW Read Core;Synchronization;;Synchronization + пустая бизнес-роль
rvsmorodin;Смородин Роман Владимирович (Roman Smorodin);EDW Unspec Analysis Out;Synchronization;;Synchronization + пустая бизнес-роль
rvsmorodin;Смородин Роман Владимирович (Roman Smorodin);ODS All Auto;Synchronization;;Synchronization + пустая бизнес-роль
rvsmorodin;Смородин Роман Владимирович (Roman Smorodin);ODS All Property;Synchronization;;Synchronization + пустая бизнес-роль
rvsmorodin;Смородин Роман Владимирович (Roman Smorodin);ODS Read ARM4;Synchronization;;Synchronization + пустая бизнес-роль
rvsmorodin;Смородин Роман Владимирович (Roman Smorodin);ODS Read Audatex;Synchronization;;Synchronization + пустая бизнес-роль
rvsmorodin;Смородин Роман Владимирович (Roman Smorodin);ODS Read CC;Synchronization;;Synchronization + пустая бизнес-роль
rvsmorodin;Смородин Роман Владимирович (Roman Smorodin);ODS Read DoubleData;Synchronization;;Synchronization + пустая бизнес-роль
rvsmorodin;Смородин Роман Владимирович (Roman Smorodin);ODS Read EKIS;Synchronization;;Synchronization + пустая бизнес-роль
rvsmorodin;Смородин Роман Владимирович (Roman Smorodin);ODS Read Equifax;Synchronization;;Synchronization + пустая бизнес-роль
rvsmorodin;Смородин Роман Владимирович (Roman Smorodin);ODS Read FOIV;Synchronization;;Synchronization + пустая бизнес-роль
rvsmorodin;Смородин Роман Владимирович (Roman Smorodin);ODS Read MFMS;Synchronization;;Synchronization + пустая бизнес-роль
rvsmorodin;Смородин Роман Владимирович (Roman Smorodin);ODS Read Mobile;Synchronization;;Synchronization + пустая бизнес-роль
rvsmorodin;Смородин Роман Владимирович (Roman Smorodin);ODS Read PCAPP;Synchronization;;Synchronization + пустая бизнес-роль
rvsmorodin;Смородин Роман Владимирович (Roman Smorodin);ODS Read RGSSCC;Synchronization;;Synchronization + пустая бизнес-роль
rvsmorodin;Смородин Роман Владимирович (Roman Smorodin);ODS Read RSAKBM;Synchronization;;Synchronization + пустая бизнес-роль
rvsmorodin;Смородин Роман Владимирович (Roman Smorodin);ODS Read Splunk Avtocod;Synchronization;;Synchronization + пустая бизнес-роль
rvsmorodin;Смородин Роман Владимирович (Roman Smorodin);ODS Read Splunk KBM;Synchronization;;Synchronization + пустая бизнес-роль
rvsmorodin;Смородин Роман Владимирович (Roman Smorodin);ODS Read Transdekra;Synchronization;;Synchronization + пустая бизнес-роль
rvsmorodin;Смородин Роман Владимирович (Roman Smorodin);ODS Unspec Analysis Out;Synchronization;;Synchronization + пустая бизнес-роль
s2-osago-client;s2-osago-client;ODS All Auto;Synchronization;;Synchronization + пустая бизнес-роль
saderman;Дерман Сергей Александрович (Sergey Derman);EDW Read Mortgage;Synchronization;;Synchronization + пустая бизнес-роль
sagalkin;Галкин Сергей Александрович (Sergey Galkin);DWH User;Synchronization;;Synchronization + пустая бизнес-роль
sagalkin;Галкин Сергей Александрович (Sergey Galkin);EDW All RB;Synchronization;;Synchronization + пустая бизнес-роль
sagalkin;Галкин Сергей Александрович (Sergey Galkin);EDW Read Cdm Analysis;Synchronization;;Synchronization + пустая бизнес-роль
sagalkin;Галкин Сергей Александрович (Sergey Galkin);EDW Read Core;Synchronization;;Synchronization + пустая бизнес-роль
sagalkin;Галкин Сергей Александрович (Sergey Galkin);ODS All Actuary;Synchronization;;Synchronization + пустая бизнес-роль
sagalkin;Галкин Сергей Александрович (Sergey Galkin);ODS Read ARM4;Synchronization;;Synchronization + пустая бизнес-роль
sagalkin;Галкин Сергей Александрович (Sergey Galkin);ODS Read BOSS;Synchronization;;Synchronization + пустая бизнес-роль
sagalkin;Галкин Сергей Александрович (Sergey Galkin);ODS Read Boss 1;Synchronization;;Synchronization + пустая бизнес-роль
sagalkin;Галкин Сергей Александрович (Sergey Galkin);ODS Read CC;Synchronization;;Synchronization + пустая бизнес-роль
sagalkin;Галкин Сергей Александрович (Sergey Galkin);ODS Read Cdm Analysis;Synchronization;;Synchronization + пустая бизнес-роль
sagalkin;Галкин Сергей Александрович (Sergey Galkin);ODS Read Cdm Analysis Out;Synchronization;;Synchronization + пустая бизнес-роль
sagalkin;Галкин Сергей Александрович (Sergey Galkin);ODS Read EKIS;Synchronization;;Synchronization + пустая бизнес-роль
sagalkin;Галкин Сергей Александрович (Sergey Galkin);ODS Read Finance;Synchronization;;Synchronization + пустая бизнес-роль
sagalkin;Галкин Сергей Александрович (Sergey Galkin);ODS Read PCAPP;Synchronization;;Synchronization + пустая бизнес-роль
sagalkin;Галкин Сергей Александрович (Sergey Galkin);ODS Read Report;Synchronization;;Synchronization + пустая бизнес-роль
sagalkin;Галкин Сергей Александрович (Sergey Galkin);ODS Read RGSJ;Synchronization;;Synchronization + пустая бизнес-роль
sagalkin;Галкин Сергей Александрович (Sergey Galkin);ODS Read RGSSCC;Synchronization;;Synchronization + пустая бизнес-роль
sagalkin;Галкин Сергей Александрович (Sergey Galkin);ODS Read SAP;Synchronization;;Synchronization + пустая бизнес-роль
sagalkin;Галкин Сергей Александрович (Sergey Galkin);ODS Read VIRTU;Synchronization;;Synchronization + пустая бизнес-роль
sagalkin;Галкин Сергей Александрович (Sergey Galkin);ODS Unspec Auto;Synchronization;;Synchronization + пустая бизнес-роль
sagalkin;Галкин Сергей Александрович (Sergey Galkin);ODS Unspec Property;Synchronization;;Synchronization + пустая бизнес-роль
sap_dwh;sap_dwh;DWHT Ods All Source;Synchronization;;Synchronization + пустая бизнес-роль
sap_dwh;sap_dwh;DWHT Ods Read Cdm Analysis Out;Synchronization;;Synchronization + пустая бизнес-роль
sap_dwh;sap_dwh;EDW Read Cdm Analysis Out;Synchronization;;Synchronization + пустая бизнес-роль
sap_dwh;sap_dwh;EDW Read Core;Synchronization;;Synchronization + пустая бизнес-роль
sap_dwh;sap_dwh;EDW Read Finance;Synchronization;;Synchronization + пустая бизнес-роль
sap_dwh;sap_dwh;EDW Unspec Analysis;Synchronization;;Synchronization + пустая бизнес-роль
sap_dwh;sap_dwh;EDW Unspec Analysis Out;Synchronization;;Synchronization + пустая бизнес-роль
sap_dwh;sap_dwh;ODS Read ARM4;Synchronization;;Synchronization + пустая бизнес-роль
sap_dwh;sap_dwh;ODS Read Cdm Analysis Out;Synchronization;;Synchronization + пустая бизнес-роль
sap_dwh;sap_dwh;ODS Read EKIS;Synchronization;;Synchronization + пустая бизнес-роль
sap_dwh;sap_dwh;ODS Read Finance;Synchronization;;Synchronization + пустая бизнес-роль
sap_dwh;sap_dwh;ODS Read Report;Synchronization;;Synchronization + пустая бизнес-роль
sap_dwh;sap_dwh;ODS Unspec Analysis;Synchronization;;Synchronization + пустая бизнес-роль
sap_dwh;sap_dwh;ODS Unspec Analysis Out;Synchronization;;Synchronization + пустая бизнес-роль
sasergeev;Сергеев Станислав Александрович (Stanislav Sergeev);ODS Read ARM4;Synchronization;;Synchronization + пустая бизнес-роль
sasergeev;Сергеев Станислав Александрович (Stanislav Sergeev);ODS Read Auto;Synchronization;;Synchronization + пустая бизнес-роль
sasergeev;Сергеев Станислав Александрович (Stanislav Sergeev);ODS Read CC;Synchronization;;Synchronization + пустая бизнес-роль
sasergeev;Сергеев Станислав Александрович (Stanislav Sergeev);ODS Read EKIS;Synchronization;;Synchronization + пустая бизнес-роль
sasergeev;Сергеев Станислав Александрович (Stanislav Sergeev);ODS Read RGSSCC;Synchronization;;Synchronization + пустая бизнес-роль
saustimenko;Устименко Сергей Александрович (Sergey Ustimenko);EDW Read CDM;Synchronization;;Synchronization + пустая бизнес-роль
saustimenko;Устименко Сергей Александрович (Sergey Ustimenko);EDW Unspec Analysis Out;Synchronization;;Synchronization + пустая бизнес-роль
saustimenko;Устименко Сергей Александрович (Sergey Ustimenko);ODS Unspec Analysis;Synchronization;;Synchronization + пустая бизнес-роль
saustimenko;Устименко Сергей Александрович (Sergey Ustimenko);ODS Unspec Analysis Out;Synchronization;;Synchronization + пустая бизнес-роль
sazhemerev;Жемерев Сергей Андреевич (Sergey Zhemerev);EDW All BCI;Synchronization;;Synchronization + пустая бизнес-роль
sazhemerev;Жемерев Сергей Андреевич (Sergey Zhemerev);EDW Read Core;Synchronization;;Synchronization + пустая бизнес-роль
sazhemerev;Жемерев Сергей Андреевич (Sergey Zhemerev);ODS All BCI;Synchronization;;Synchronization + пустая бизнес-роль
sazhemerev;Жемерев Сергей Андреевич (Sergey Zhemerev);ODS Read ARM4;Synchronization;;Synchronization + пустая бизнес-роль
sazhemerev;Жемерев Сергей Андреевич (Sergey Zhemerev);ODS Read CC;Synchronization;;Synchronization + пустая бизнес-роль
sazhemerev;Жемерев Сергей Андреевич (Sergey Zhemerev);ODS Read DIAS;Synchronization;;Synchronization + пустая бизнес-роль
sazhemerev;Жемерев Сергей Андреевич (Sergey Zhemerev);ODS Read EKIS;Synchronization;;Synchronization + пустая бизнес-роль
sazhemerev;Жемерев Сергей Андреевич (Sergey Zhemerev);ODS Read RGSSCC;Synchronization;;Synchronization + пустая бизнес-роль
sazhemerev;Жемерев Сергей Андреевич (Sergey Zhemerev);ODS Read SAP;Synchronization;;Synchronization + пустая бизнес-роль
sbaryshnikov;Барышников Сергей Анатольевич (Sergey Baryshnikov);CBD Administrator;Synchronization;;Synchronization + пустая бизнес-роль
sbaryshnikov;Барышников Сергей Анатольевич (Sergey Baryshnikov);DWH Developer;Synchronization;;Synchronization + пустая бизнес-роль
sbaryshnikov;Барышников Сергей Анатольевич (Sergey Baryshnikov);DWH Replicator;Synchronization;;Synchronization + пустая бизнес-роль
sbaryshnikov;Барышников Сергей Анатольевич (Sergey Baryshnikov);EDW Administrator;Synchronization;;Synchronization + пустая бизнес-роль
sbaryshnikov;Барышников Сергей Анатольевич (Sergey Baryshnikov);EDW Resource Administrator;Synchronization;;Synchronization + пустая бизнес-роль
sbaryshnikov;Барышников Сергей Анатольевич (Sergey Baryshnikov);ODS Administrator;Synchronization;;Synchronization + пустая бизнес-роль
sbaryshnikov;Барышников Сергей Анатольевич (Sergey Baryshnikov);ODS All CDM;Synchronization;;Synchronization + пустая бизнес-роль
sbaryshnikov;Барышников Сергей Анатольевич (Sergey Baryshnikov);ODS All Report;Synchronization;;Synchronization + пустая бизнес-роль
sbaryshnikov;Барышников Сергей Анатольевич (Sergey Baryshnikov);ODS Owner CDM;Synchronization;;Synchronization + пустая бизнес-роль
sbaryshnikov;Барышников Сергей Анатольевич (Sergey Baryshnikov);ODS Resource Administrator;Synchronization;;Synchronization + пустая бизнес-роль
sdm_etl_ods;sdm_etl_ods;ODS All Auto;Synchronization;;Synchronization + пустая бизнес-роль
sdm_etl_ods;sdm_etl_ods;ODS All MLDEV19;Synchronization;;Synchronization + пустая бизнес-роль
sdm_test;sdm_test;DWHT ODS Read Auto;Synchronization;;Synchronization + пустая бизнес-роль
sdm_test;sdm_test;DWHT Ods Read Source;Synchronization;;Synchronization + пустая бизнес-роль
sdm_test;sdm_test;ODS Read UFO;Synchronization;;Synchronization + пустая бизнес-роль
seasorokin;Сорокин Сергей Анатольевич (Sergey Sorokin);ART Персонал (PO команд)-11991781086;Synchronization;;Synchronization + пустая бизнес-роль
seasorokin;Сорокин Сергей Анатольевич (Sergey Sorokin);ART Персонал (Весь поезд)art_hr@rgs.ru-12089312808;Synchronization;;Synchronization + пустая бизнес-роль
seasorokin;Сорокин Сергей Анатольевич (Sergey Sorokin);ART Персонал (Менеджмент поезда)-11742115441;Synchronization;;Synchronization + пустая бизнес-роль
sfmerenkov;Меренков Степан Филиппович (Stepan Merenkov);ODS All Auto;Synchronization;;Synchronization + пустая бизнес-роль
sfmerenkov;Меренков Степан Филиппович (Stepan Merenkov);ODS Read CC;Synchronization;;Synchronization + пустая бизнес-роль
sfmerenkov;Меренков Степан Филиппович (Stepan Merenkov);ODS Read Splunk UFO;Synchronization;;Synchronization + пустая бизнес-роль
sfmerenkov;Меренков Степан Филиппович (Stepan Merenkov);ODS Read UFO;Synchronization;;Synchronization + пустая бизнес-роль
sinimeks_dwh;Sinimeks_DWH;EDW All MLDEV19;Synchronization;;Synchronization + пустая бизнес-роль
sinimeks_dwh;Sinimeks_DWH;EDW All MLDEV72;Synchronization;;Synchronization + пустая бизнес-роль
sinimeks_dwh;Sinimeks_DWH;ODS All MLDEV19;Synchronization;;Synchronization + пустая бизнес-роль
sinimeks_dwh;Sinimeks_DWH;ODS All MLDEV72;Synchronization;;Synchronization + пустая бизнес-роль
sinimeks_dwh;Sinimeks_DWH;ODS Read Auto;Synchronization;;Synchronization + пустая бизнес-роль
sivanova;Иванова Светлана Викторовна (Svetlana Ivanova);EDW All RB;Synchronization;;Synchronization + пустая бизнес-роль
skhalyavin;Халявин Семён Андреевич (Semyon Khalyavin);ODS All Auto;Synchronization;;Synchronization + пустая бизнес-роль
skhalyavin;Халявин Семён Андреевич (Semyon Khalyavin);ODS Read Actuary;Synchronization;;Synchronization + пустая бизнес-роль
skhalyavin;Халявин Семён Андреевич (Semyon Khalyavin);ODS Read FOIV;Synchronization;;Synchronization + пустая бизнес-роль
skhalyavin;Халявин Семён Андреевич (Semyon Khalyavin);ODS Read Splunk Avtocod;Synchronization;;Synchronization + пустая бизнес-роль
skhalyavin;Халявин Семён Андреевич (Semyon Khalyavin);ODS Read Splunk KBM;Synchronization;;Synchronization + пустая бизнес-роль
skudrjashov;Кудряшов Сергей Александрович (Sergey Kudryashov);EDW Read CDI;Synchronization;;Synchronization + пустая бизнес-роль
skudrjashov;Кудряшов Сергей Александрович (Sergey Kudryashov);ODS Read Boss 1;Synchronization;;Synchronization + пустая бизнес-роль
skudrjashov;Кудряшов Сергей Александрович (Sergey Kudryashov);ODS Read Splunk UFO;Synchronization;;Synchronization + пустая бизнес-роль
smdyugurov;Дюгуров Сергей Михайлович (Sergey Dyugurov);ART Данные поезд-1-94909927;Synchronization;;Synchronization + пустая бизнес-роль
snkatasonov;Катасонов Сергей Николаевич (Sergey Katasonov);EDW All MLDEV19;Synchronization;;Synchronization + пустая бизнес-роль
snkatasonov;Катасонов Сергей Николаевич (Sergey Katasonov);EDW All MLDEV72;Synchronization;;Synchronization + пустая бизнес-роль
snkatasonov;Катасонов Сергей Николаевич (Sergey Katasonov);ODS All MLDEV19;Synchronization;;Synchronization + пустая бизнес-роль
snkatasonov;Катасонов Сергей Николаевич (Sergey Katasonov);ODS All MLDEV72;Synchronization;;Synchronization + пустая бизнес-роль
snkomin;Комин Сергей Николаевич (Sergey Komin);ART Данные поезд-1-94909927;Synchronization;;Synchronization + пустая бизнес-роль
snkomin;Комин Сергей Николаевич (Sergey Komin);ODS Read Insbridge;Synchronization;;Synchronization + пустая бизнес-роль
snkomin;Комин Сергей Николаевич (Sergey Komin);ODS Read LK;Synchronization;;Synchronization + пустая бизнес-роль
snkomin;Комин Сергей Николаевич (Sergey Komin);ODS Read Property;Synchronization;;Synchronization + пустая бизнес-роль
snkomin;Комин Сергей Николаевич (Sergey Komin);ODS Unspec Auto;Synchronization;;Synchronization + пустая бизнес-роль
snkomin;Комин Сергей Николаевич (Sergey Komin);ODS Unspec Property;Synchronization;;Synchronization + пустая бизнес-роль
sochilichihin;Чиличихин Сергей Олегович (Sergey Chilichikhin);ART Partners. Business Development-1-1758448165;Synchronization;;Synchronization + пустая бизнес-роль
sochilichihin;Чиличихин Сергей Олегович (Sergey Chilichikhin);EDW All RB;Synchronization;;Synchronization + пустая бизнес-роль
sochilichihin;Чиличихин Сергей Олегович (Sergey Chilichikhin);EDW Read RB;Synchronization;;Synchronization + пустая бизнес-роль
sopopov;Попов Станислав Олегович (Stanislav Popov);EDW Read Core;Synchronization;;Synchronization + пустая бизнес-роль
ssartamonov;Артамонов Сергей Сергеевич (Sergey Artamonov);EDW All BCI;Synchronization;;Synchronization + пустая бизнес-роль
ssartamonov;Артамонов Сергей Сергеевич (Sergey Artamonov);EDW Read Core;Synchronization;;Synchronization + пустая бизнес-роль
ssartamonov;Артамонов Сергей Сергеевич (Sergey Artamonov);EDW Unspec Analysis Out;Synchronization;;Synchronization + пустая бизнес-роль
ssartamonov;Артамонов Сергей Сергеевич (Sergey Artamonov);ODS All BCI;Synchronization;;Synchronization + пустая бизнес-роль
ssartamonov;Артамонов Сергей Сергеевич (Sergey Artamonov);ODS Read ARM4;Synchronization;;Synchronization + пустая бизнес-роль
ssartamonov;Артамонов Сергей Сергеевич (Sergey Artamonov);ODS Read CC;Synchronization;;Synchronization + пустая бизнес-роль
ssartamonov;Артамонов Сергей Сергеевич (Sergey Artamonov);ODS Read DIAS;Synchronization;;Synchronization + пустая бизнес-роль
ssartamonov;Артамонов Сергей Сергеевич (Sergey Artamonov);ODS Read EKIS;Synchronization;;Synchronization + пустая бизнес-роль
ssartamonov;Артамонов Сергей Сергеевич (Sergey Artamonov);ODS Read KIAS;Synchronization;;Synchronization + пустая бизнес-роль
ssartamonov;Артамонов Сергей Сергеевич (Sergey Artamonov);ODS Read RGSSCC;Synchronization;;Synchronization + пустая бизнес-роль
ssartamonov;Артамонов Сергей Сергеевич (Sergey Artamonov);ODS Read SAP;Synchronization;;Synchronization + пустая бизнес-роль
ssartamonov;Артамонов Сергей Сергеевич (Sergey Artamonov);ODS Unspec Analysis Out;Synchronization;;Synchronization + пустая бизнес-роль
ssbiryuzov;Бирюзов Сергей Сергеевич (Sergey Biryuzov);ART Данные поезд-1-94909927;Synchronization;;Synchronization + пустая бизнес-роль
ssdemkin;Демкин Сергей Сергеевич (Sergey Demkin);ODS Read BCAPP;Synchronization;;Synchronization + пустая бизнес-роль
ssdemkin;Демкин Сергей Сергеевич (Sergey Demkin);ODS Read PCAPP;Synchronization;;Synchronization + пустая бизнес-роль
ssdemkin;Демкин Сергей Сергеевич (Sergey Demkin);ODS Read UFO;Synchronization;;Synchronization + пустая бизнес-роль
sshmakova;Шмакова София Александровна (Sofiya Shmakova);ART Данные поезд-1-94909927;Synchronization;;Synchronization + пустая бизнес-роль
ssmukhaeva;Мухаева Светлана Сергеевна (Svetlana Mukhaeva);ART Partners. Business Development-1-1758448165;Synchronization;;Synchronization + пустая бизнес-роль
ssshevchuk;Шевчук Сергей Сергеевич (Sergey Shevchuk);CBD All Cdm Analysis;Synchronization;;Synchronization + пустая бизнес-роль
ssshevchuk;Шевчук Сергей Сергеевич (Sergey Shevchuk);CBD Read Cdm Analysis Ou;Synchronization;;Synchronization + пустая бизнес-роль
ssshevchuk;Шевчук Сергей Сергеевич (Sergey Shevchuk);DWH Developer;Synchronization;;Synchronization + пустая бизнес-роль
ssshevchuk;Шевчук Сергей Сергеевич (Sergey Shevchuk);EDW All CDM;Synchronization;;Synchronization + пустая бизнес-роль
ssshevchuk;Шевчук Сергей Сергеевич (Sergey Shevchuk);EDW All Cdm Analysis;Synchronization;;Synchronization + пустая бизнес-роль
ssshevchuk;Шевчук Сергей Сергеевич (Sergey Shevchuk);EDW Read CDM;Synchronization;;Synchronization + пустая бизнес-роль
ssshevchuk;Шевчук Сергей Сергеевич (Sergey Shevchuk);EDW Read Cdm Analysis Out;Synchronization;;Synchronization + пустая бизнес-роль
ssshevchuk;Шевчук Сергей Сергеевич (Sergey Shevchuk);EDW Read Core;Synchronization;;Synchronization + пустая бизнес-роль
ssshevchuk;Шевчук Сергей Сергеевич (Sergey Shevchuk);EDW Read UAG;Synchronization;;Synchronization + пустая бизнес-роль
ssshevchuk;Шевчук Сергей Сергеевич (Sergey Shevchuk);ODS All CDM;Synchronization;;Synchronization + пустая бизнес-роль
ssshevchuk;Шевчук Сергей Сергеевич (Sergey Shevchuk);ODS All Cdm Analysis;Synchronization;;Synchronization + пустая бизнес-роль
ssshevchuk;Шевчук Сергей Сергеевич (Sergey Shevchuk);ODS All Report;Synchronization;;Synchronization + пустая бизнес-роль
ssshevchuk;Шевчук Сергей Сергеевич (Sergey Shevchuk);ODS All XBRL;Synchronization;;Synchronization + пустая бизнес-роль
ssshevchuk;Шевчук Сергей Сергеевич (Sergey Shevchuk);ODS Read ARCtrl;Synchronization;;Synchronization + пустая бизнес-роль
ssshevchuk;Шевчук Сергей Сергеевич (Sergey Shevchuk);ODS Read ARM4;Synchronization;;Synchronization + пустая бизнес-роль
ssshevchuk;Шевчук Сергей Сергеевич (Sergey Shevchuk);ODS Read CC;Synchronization;;Synchronization + пустая бизнес-роль
ssshevchuk;Шевчук Сергей Сергеевич (Sergey Shevchuk);ODS Read Cdm Analysis Out;Synchronization;;Synchronization + пустая бизнес-роль
ssshevchuk;Шевчук Сергей Сергеевич (Sergey Shevchuk);ODS Read DIAS;Synchronization;;Synchronization + пустая бизнес-роль
ssshevchuk;Шевчук Сергей Сергеевич (Sergey Shevchuk);ODS Read EKIS;Synchronization;;Synchronization + пустая бизнес-роль
ssshevchuk;Шевчук Сергей Сергеевич (Sergey Shevchuk);ODS Read KIAS;Synchronization;;Synchronization + пустая бизнес-роль
ssshevchuk;Шевчук Сергей Сергеевич (Sergey Shevchuk);ODS Read PCAPP;Synchronization;;Synchronization + пустая бизнес-роль
ssshevchuk;Шевчук Сергей Сергеевич (Sergey Shevchuk);ODS Read Report;Synchronization;;Synchronization + пустая бизнес-роль
ssshevchuk;Шевчук Сергей Сергеевич (Sergey Shevchuk);ODS Read RGSSCC;Synchronization;;Synchronization + пустая бизнес-роль
ssshevchuk;Шевчук Сергей Сергеевич (Sergey Shevchuk);ODS Read SAP;Synchronization;;Synchronization + пустая бизнес-роль
ssshevchuk;Шевчук Сергей Сергеевич (Sergey Shevchuk);ODS Read UFO;Synchronization;;Synchronization + пустая бизнес-роль
sssmirnova;Смирнова Светлана Сергеевна (Svetlana Smirnova);EDW Read Core;Synchronization;;Synchronization + пустая бизнес-роль
sssmirnova;Смирнова Светлана Сергеевна (Svetlana Smirnova);EDW Read Mortgage;Synchronization;;Synchronization + пустая бизнес-роль
sssmirnova;Смирнова Светлана Сергеевна (Svetlana Smirnova);ODS Read ARM4;Synchronization;;Synchronization + пустая бизнес-роль
sssmirnova;Смирнова Светлана Сергеевна (Svetlana Smirnova);ODS Read EKIS;Synchronization;;Synchronization + пустая бизнес-роль
sssmolkina;Не найден в кэше AD;ART Данные лид-11605388543;Synchronization;;Synchronization + пустая бизнес-роль
sssmolkina;Не найден в кэше AD;ART Данные поезд-1-94909927;Synchronization;;Synchronization + пустая бизнес-роль
svborovykh;Боровых Станислав Викторович (Stanislav Borovykh);ART Данные поезд-1-94909927;Synchronization;;Synchronization + пустая бизнес-роль
svborovykh;Боровых Станислав Викторович (Stanislav Borovykh);ODS Read hr1c;Synchronization;;Synchronization + пустая бизнес-роль
svborovykh;Боровых Станислав Викторович (Stanislav Borovykh);ODS Read KIAS;Synchronization;;Synchronization + пустая бизнес-роль
svc_1czup_prd_dwh;svc_1czup_prd_dwh;DWHT Ods All Source;Synchronization;;Synchronization + пустая бизнес-роль
svc_1czup_prd_dwh;svc_1czup_prd_dwh;ODS Read AXIOMA;Synchronization;;Synchronization + пустая бизнес-роль
svc_tel_astnode2;svc_tel_astnode2;ODS Read Cdm Analysis;Synchronization;;Synchronization + пустая бизнес-роль
svc_tel_astnode2;svc_tel_astnode2;ODS Read Cdm Analysis Out;Synchronization;;Synchronization + пустая бизнес-роль
svchudin;Чудин Сергей Валериевич (Sergey Chudin);ODS Read ARM4;Synchronization;;Synchronization + пустая бизнес-роль
svchudin;Чудин Сергей Валериевич (Sergey Chudin);ODS Read CC;Synchronization;;Synchronization + пустая бизнес-роль
svchudin;Чудин Сергей Валериевич (Sergey Chudin);ODS Read EKIS;Synchronization;;Synchronization + пустая бизнес-роль
svchudin;Чудин Сергей Валериевич (Sergey Chudin);ODS Read RGSSCC;Synchronization;;Synchronization + пустая бизнес-роль
svc-tel-astnode2;Не найден в кэше AD;ODS Read Cdm Analysis;Synchronization;;Synchronization + пустая бизнес-роль
svc-tel-astnode2;Не найден в кэше AD;ODS Read Cdm Analysis Out;Synchronization;;Synchronization + пустая бизнес-роль
svfilatov;Филатов Сергей Викторович (Sergey Filatov);DWH Developer;Synchronization;;Synchronization + пустая бизнес-роль
svfilatov;Филатов Сергей Викторович (Sergey Filatov);DWH User;Synchronization;;Synchronization + пустая бизнес-роль
svfilatov;Филатов Сергей Викторович (Sergey Filatov);EDW All BCI;Synchronization;;Synchronization + пустая бизнес-роль
svfilatov;Филатов Сергей Викторович (Sergey Filatov);EDW Read Core;Synchronization;;Synchronization + пустая бизнес-роль
svfilatov;Филатов Сергей Викторович (Sergey Filatov);EDW Read RB;Synchronization;;Synchronization + пустая бизнес-роль
svfilatov;Филатов Сергей Викторович (Sergey Filatov);EDW Unspec Analysis Out;Synchronization;;Synchronization + пустая бизнес-роль
svfilatov;Филатов Сергей Викторович (Sergey Filatov);ODS All Auto;Synchronization;;Synchronization + пустая бизнес-роль
svfilatov;Филатов Сергей Викторович (Sergey Filatov);ODS All BCI;Synchronization;;Synchronization + пустая бизнес-роль
svfilatov;Филатов Сергей Викторович (Sergey Filatov);ODS Read ARM4;Synchronization;;Synchronization + пустая бизнес-роль
svfilatov;Филатов Сергей Викторович (Sergey Filatov);ODS Read CC;Synchronization;;Synchronization + пустая бизнес-роль
svfilatov;Филатов Сергей Викторович (Sergey Filatov);ODS Read DIAS;Synchronization;;Synchronization + пустая бизнес-роль
svfilatov;Филатов Сергей Викторович (Sergey Filatov);ODS Read EKIS;Synchronization;;Synchronization + пустая бизнес-роль
svfilatov;Филатов Сергей Викторович (Sergey Filatov);ODS Read Report;Synchronization;;Synchronization + пустая бизнес-роль
svfilatov;Филатов Сергей Викторович (Sergey Filatov);ODS Read RGSSCC;Synchronization;;Synchronization + пустая бизнес-роль
svfilatov;Филатов Сергей Викторович (Sergey Filatov);ODS Read SAP;Synchronization;;Synchronization + пустая бизнес-роль
svfilatov;Филатов Сергей Викторович (Sergey Filatov);ODS Unspec Analysis Out;Synchronization;;Synchronization + пустая бизнес-роль
svkomzin;Комзин Сергей Вячеславович (Sergey Komzin);ODS Read BCAPP;Synchronization;;Synchronization + пустая бизнес-роль
svkomzin;Комзин Сергей Вячеславович (Sergey Komzin);ODS Read PCAPP;Synchronization;;Synchronization + пустая бизнес-роль
svmelnichuk;Мельничук Сергей Валерьевич (Sergey Melnichuk);DWH Developer;Synchronization;;Synchronization + пустая бизнес-роль
svmelnichuk;Мельничук Сергей Валерьевич (Sergey Melnichuk);EDW All CDM;Synchronization;;Synchronization + пустая бизнес-роль
svmelnichuk;Мельничук Сергей Валерьевич (Sergey Melnichuk);EDW All Cdm Analysis;Synchronization;;Synchronization + пустая бизнес-роль
svmelnichuk;Мельничук Сергей Валерьевич (Sergey Melnichuk);EDW Read Cdm Analysis Out;Synchronization;;Synchronization + пустая бизнес-роль
svmelnichuk;Мельничук Сергей Валерьевич (Sergey Melnichuk);EDW Read Core;Synchronization;;Synchronization + пустая бизнес-роль
svmelnichuk;Мельничук Сергей Валерьевич (Sergey Melnichuk);ODS All Auto;Synchronization;;Synchronization + пустая бизнес-роль
svmelnichuk;Мельничук Сергей Валерьевич (Sergey Melnichuk);ODS All CDM;Synchronization;;Synchronization + пустая бизнес-роль
svmelnichuk;Мельничук Сергей Валерьевич (Sergey Melnichuk);ODS All Cdm Analysis;Synchronization;;Synchronization + пустая бизнес-роль
svmelnichuk;Мельничук Сергей Валерьевич (Sergey Melnichuk);ODS All XBRL;Synchronization;;Synchronization + пустая бизнес-роль
svmelnichuk;Мельничук Сергей Валерьевич (Sergey Melnichuk);ODS Read ARM4;Synchronization;;Synchronization + пустая бизнес-роль
svmelnichuk;Мельничук Сергей Валерьевич (Sergey Melnichuk);ODS Read BCAPP;Synchronization;;Synchronization + пустая бизнес-роль
svmelnichuk;Мельничук Сергей Валерьевич (Sergey Melnichuk);ODS Read Boss 1;Synchronization;;Synchronization + пустая бизнес-роль
svmelnichuk;Мельничук Сергей Валерьевич (Sergey Melnichuk);ODS Read CC;Synchronization;;Synchronization + пустая бизнес-роль
svmelnichuk;Мельничук Сергей Валерьевич (Sergey Melnichuk);ODS Read Cdm Analysis Out;Synchronization;;Synchronization + пустая бизнес-роль
svmelnichuk;Мельничук Сергей Валерьевич (Sergey Melnichuk);ODS Read DIAS;Synchronization;;Synchronization + пустая бизнес-роль
svmelnichuk;Мельничук Сергей Валерьевич (Sergey Melnichuk);ODS Read EKIS;Synchronization;;Synchronization + пустая бизнес-роль
svmelnichuk;Мельничук Сергей Валерьевич (Sergey Melnichuk);ODS Read KIAS;Synchronization;;Synchronization + пустая бизнес-роль
svmelnichuk;Мельничук Сергей Валерьевич (Sergey Melnichuk);ODS Read PCAPP;Synchronization;;Synchronization + пустая бизнес-роль
svmelnichuk;Мельничук Сергей Валерьевич (Sergey Melnichuk);ODS Read Report;Synchronization;;Synchronization + пустая бизнес-роль
svmelnichuk;Мельничук Сергей Валерьевич (Sergey Melnichuk);ODS Read RGSSCC;Synchronization;;Synchronization + пустая бизнес-роль
svmelnichuk;Мельничук Сергей Валерьевич (Sergey Melnichuk);ODS Read SAP;Synchronization;;Synchronization + пустая бизнес-роль
svmelnichuk;Мельничук Сергей Валерьевич (Sergey Melnichuk);ODS Read UFO;Synchronization;;Synchronization + пустая бизнес-роль
svmelnichuk;Мельничук Сергей Валерьевич (Sergey Melnichuk);ODS Read WT;Synchronization;;Synchronization + пустая бизнес-роль
svobuhov;Обухов Степан Владимирович (Stepan Obukhov);ART Данные лид-11605388543;Synchronization;;Synchronization + пустая бизнес-роль
svobuhov;Обухов Степан Владимирович (Stepan Obukhov);ART Данные поезд-1-94909927;Synchronization;;Synchronization + пустая бизнес-роль
svobuhov;Обухов Степан Владимирович (Stepan Obukhov);ODS All hr1c;Synchronization;;Synchronization + пустая бизнес-роль
svolkov;Волков Сергей Сергеевич (Sergey Volkov);EDW Read Core;Synchronization;;Synchronization + пустая бизнес-роль
svrogovin;Роговин Семен Викторович (Semen Rogovin);EDW All CDM;Synchronization;;Synchronization + пустая бизнес-роль
svrogovin;Роговин Семен Викторович (Semen Rogovin);EDW Read Core;Synchronization;;Synchronization + пустая бизнес-роль
svshakhova;Шахова София Викторовна (Sofiya Shakhova);ODS Read UFO;Synchronization;;Synchronization + пустая бизнес-роль
svsuprunov;Супрунов Станислав Валерьевич (Stanislav Suprunov);DWH Administrator;Synchronization;;Synchronization + пустая бизнес-роль
svtomashevskiy;Томашевский Сергей Владимирович (Sergey Tomashevskiy);EDW All Actuary;Synchronization;;Synchronization + пустая бизнес-роль
svtomashevskiy;Томашевский Сергей Владимирович (Sergey Tomashevskiy);EDW Read CDM;Synchronization;;Synchronization + пустая бизнес-роль
svtomashevskiy;Томашевский Сергей Владимирович (Sergey Tomashevskiy);EDW Read Core;Synchronization;;Synchronization + пустая бизнес-роль
svtomashevskiy;Томашевский Сергей Владимирович (Sergey Tomashevskiy);EDW Unspec Analysis;Synchronization;;Synchronization + пустая бизнес-роль
svtomashevskiy;Томашевский Сергей Владимирович (Sergey Tomashevskiy);EDW Unspec Analysis Out;Synchronization;;Synchronization + пустая бизнес-роль
svtomashevskiy;Томашевский Сергей Владимирович (Sergey Tomashevskiy);ODS All Actuary;Synchronization;;Synchronization + пустая бизнес-роль
svtomashevskiy;Томашевский Сергей Владимирович (Sergey Tomashevskiy);ODS All Auto;Synchronization;;Synchronization + пустая бизнес-роль
svtomashevskiy;Томашевский Сергей Владимирович (Sergey Tomashevskiy);ODS Read ARM4;Synchronization;;Synchronization + пустая бизнес-роль
svtomashevskiy;Томашевский Сергей Владимирович (Sergey Tomashevskiy);ODS Read CC;Synchronization;;Synchronization + пустая бизнес-роль
svtomashevskiy;Томашевский Сергей Владимирович (Sergey Tomashevskiy);ODS Read DIAS;Synchronization;;Synchronization + пустая бизнес-роль
svtomashevskiy;Томашевский Сергей Владимирович (Sergey Tomashevskiy);ODS Read EKIS;Synchronization;;Synchronization + пустая бизнес-роль
svtomashevskiy;Томашевский Сергей Владимирович (Sergey Tomashevskiy);ODS Read Report;Synchronization;;Synchronization + пустая бизнес-роль
svtomashevskiy;Томашевский Сергей Владимирович (Sergey Tomashevskiy);ODS Read RGSSCC;Synchronization;;Synchronization + пустая бизнес-роль
svtomashevskiy;Томашевский Сергей Владимирович (Sergey Tomashevskiy);ODS Read SAP;Synchronization;;Synchronization + пустая бизнес-роль
svtomashevskiy;Томашевский Сергей Владимирович (Sergey Tomashevskiy);ODS Unspec Analysis;Synchronization;;Synchronization + пустая бизнес-роль
svtomashevskiy;Томашевский Сергей Владимирович (Sergey Tomashevskiy);ODS Unspec Analysis Out;Synchronization;;Synchronization + пустая бизнес-роль
svturundaev;Турундаев Сергей Владимирович (Sergey Turundaev);EDW All BCI;Synchronization;;Synchronization + пустая бизнес-роль
svturundaev;Турундаев Сергей Владимирович (Sergey Turundaev);EDW Read Core;Synchronization;;Synchronization + пустая бизнес-роль
svturundaev;Турундаев Сергей Владимирович (Sergey Turundaev);ODS All Auto;Synchronization;;Synchronization + пустая бизнес-роль
svturundaev;Турундаев Сергей Владимирович (Sergey Turundaev);ODS All BCI;Synchronization;;Synchronization + пустая бизнес-роль
svturundaev;Турундаев Сергей Владимирович (Sergey Turundaev);ODS Read ARM4;Synchronization;;Synchronization + пустая бизнес-роль
svturundaev;Турундаев Сергей Владимирович (Sergey Turundaev);ODS Read CC;Synchronization;;Synchronization + пустая бизнес-роль
svturundaev;Турундаев Сергей Владимирович (Sergey Turundaev);ODS Read EKIS;Synchronization;;Synchronization + пустая бизнес-роль
svturundaev;Турундаев Сергей Владимирович (Sergey Turundaev);ODS Read Report;Synchronization;;Synchronization + пустая бизнес-роль
svturundaev;Турундаев Сергей Владимирович (Sergey Turundaev);ODS Read RGSSCC;Synchronization;;Synchronization + пустая бизнес-роль
svturundaev;Турундаев Сергей Владимирович (Sergey Turundaev);ODS Read SAP;Synchronization;;Synchronization + пустая бизнес-роль
svyatogor;svyatogor;EDW Read CCU;Synchronization;;Synchronization + пустая бизнес-роль
syugrishaev;Гришаев Сергей Юрьевич (Sergey Grishaev);EDW All CCU;Synchronization;;Synchronization + пустая бизнес-роль
syugrishaev;Гришаев Сергей Юрьевич (Sergey Grishaev);EDW All DQ;Synchronization;;Synchronization + пустая бизнес-роль
syugrishaev;Гришаев Сергей Юрьевич (Sergey Grishaev);EDW Read AISZHL;Synchronization;;Synchronization + пустая бизнес-роль
syugrishaev;Гришаев Сергей Юрьевич (Sergey Grishaev);EDW Read CDM;Synchronization;;Synchronization + пустая бизнес-роль
syugrishaev;Гришаев Сергей Юрьевич (Sergey Grishaev);EDW Read Cdm Analysis;Synchronization;;Synchronization + пустая бизнес-роль
syugrishaev;Гришаев Сергей Юрьевич (Sergey Grishaev);EDW Read Cdm Analysis Out;Synchronization;;Synchronization + пустая бизнес-роль
syugrishaev;Гришаев Сергей Юрьевич (Sergey Grishaev);EDW Read Core;Synchronization;;Synchronization + пустая бизнес-роль
syugrishaev;Гришаев Сергей Юрьевич (Sergey Grishaev);ODS All CCU;Synchronization;;Synchronization + пустая бизнес-роль
syugrishaev;Гришаев Сергей Юрьевич (Sergey Grishaev);ODS All DQ;Synchronization;;Synchronization + пустая бизнес-роль
syugrishaev;Гришаев Сергей Юрьевич (Sergey Grishaev);ODS Read ARM4;Synchronization;;Synchronization + пустая бизнес-роль
syugrishaev;Гришаев Сергей Юрьевич (Sergey Grishaev);ODS Read Auto;Synchronization;;Synchronization + пустая бизнес-роль
syugrishaev;Гришаев Сергей Юрьевич (Sergey Grishaev);ODS Read BCAPP;Synchronization;;Synchronization + пустая бизнес-роль
syugrishaev;Гришаев Сергей Юрьевич (Sergey Grishaev);ODS Read CC;Synchronization;;Synchronization + пустая бизнес-роль
syugrishaev;Гришаев Сергей Юрьевич (Sergey Grishaev);ODS Read Cdm Analysis Out;Synchronization;;Synchronization + пустая бизнес-роль
syugrishaev;Гришаев Сергей Юрьевич (Sergey Grishaev);ODS Read EKIS;Synchronization;;Synchronization + пустая бизнес-роль
syugrishaev;Гришаев Сергей Юрьевич (Sergey Grishaev);ODS Read KIAS;Synchronization;;Synchronization + пустая бизнес-роль
syugrishaev;Гришаев Сергей Юрьевич (Sergey Grishaev);ODS Read msfo17;Synchronization;;Synchronization + пустая бизнес-роль
syugrishaev;Гришаев Сергей Юрьевич (Sergey Grishaev);ODS Read PCAPP;Synchronization;;Synchronization + пустая бизнес-роль
syugrishaev;Гришаев Сергей Юрьевич (Sergey Grishaev);ODS Read RI;Synchronization;;Synchronization + пустая бизнес-роль
syugrishaev;Гришаев Сергей Юрьевич (Sergey Grishaev);ODS Read RSAPRD;Synchronization;;Synchronization + пустая бизнес-роль
syugrishaev;Гришаев Сергей Юрьевич (Sergey Grishaev);ODS Read SAP;Synchronization;;Synchronization + пустая бизнес-роль
syugrishaev;Гришаев Сергей Юрьевич (Sergey Grishaev);ODS Read Splunk UFO;Synchronization;;Synchronization + пустая бизнес-роль
syugrishaev;Гришаев Сергей Юрьевич (Sergey Grishaev);ODS Read Tessa;Synchronization;;Synchronization + пустая бизнес-роль
syugrishaev;Гришаев Сергей Юрьевич (Sergey Grishaev);ODS Read Thesis;Synchronization;;Synchronization + пустая бизнес-роль
syugrishaev;Гришаев Сергей Юрьевич (Sergey Grishaev);ODS Read UFO;Synchronization;;Synchronization + пустая бизнес-роль
syugrishaev;Гришаев Сергей Юрьевич (Sergey Grishaev);ODS Read UPP;Synchronization;;Synchronization + пустая бизнес-роль
syugrishaev;Гришаев Сергей Юрьевич (Sergey Grishaev);ODS Read VIRTU;Synchronization;;Synchronization + пустая бизнес-роль
szgorbacheva;Горбачева София Зауровна (Sofiya Gorbacheva);EDW All RB;Synchronization;;Synchronization + пустая бизнес-роль
szgorbacheva;Горбачева София Зауровна (Sofiya Gorbacheva);EDW Read CDI;Synchronization;;Synchronization + пустая бизнес-роль
szgorbacheva;Горбачева София Зауровна (Sofiya Gorbacheva);EDW Read Core;Synchronization;;Synchronization + пустая бизнес-роль
szgorbacheva;Горбачева София Зауровна (Sofiya Gorbacheva);ODS Read ARM4;Synchronization;;Synchronization + пустая бизнес-роль
szgorbacheva;Горбачева София Зауровна (Sofiya Gorbacheva);ODS Read BCAPP;Synchronization;;Synchronization + пустая бизнес-роль
szgorbacheva;Горбачева София Зауровна (Sofiya Gorbacheva);ODS Read CC;Synchronization;;Synchronization + пустая бизнес-роль
szgorbacheva;Горбачева София Зауровна (Sofiya Gorbacheva);ODS Read EKIS;Synchronization;;Synchronization + пустая бизнес-роль
szgorbacheva;Горбачева София Зауровна (Sofiya Gorbacheva);ODS Read PCAPP;Synchronization;;Synchronization + пустая бизнес-роль
szgorbacheva;Горбачева София Зауровна (Sofiya Gorbacheva);ODS Read Report;Synchronization;;Synchronization + пустая бизнес-роль
szgorbacheva;Горбачева София Зауровна (Sofiya Gorbacheva);ODS Read RGSJ;Synchronization;;Synchronization + пустая бизнес-роль
szgorbacheva;Горбачева София Зауровна (Sofiya Gorbacheva);ODS Read RGSSCC;Synchronization;;Synchronization + пустая бизнес-роль
szgorbacheva;Горбачева София Зауровна (Sofiya Gorbacheva);ODS Read RI;Synchronization;;Synchronization + пустая бизнес-роль
szgorbacheva;Горбачева София Зауровна (Sofiya Gorbacheva);ODS Read SAP;Synchronization;;Synchronization + пустая бизнес-роль
szgorbacheva;Горбачева София Зауровна (Sofiya Gorbacheva);ODS Read VIRTU;Synchronization;;Synchronization + пустая бизнес-роль
szolototrubov;Золототрубов Сергей Владимирович (Sergey Zolototrubov);EDW All Mortgage;Synchronization;;Synchronization + пустая бизнес-роль
szolototrubov;Золототрубов Сергей Владимирович (Sergey Zolototrubov);EDW Read Core;Synchronization;;Synchronization + пустая бизнес-роль
taalieva;Алиева Татьяна Алиевна (Tatyana Alieva);ODS Read Finance;Synchronization;;Synchronization + пустая бизнес-роль
takochemasova;Кочемасова Татьяна Александровна (Tatyana Kochemasova);ART Данные поезд-1-94909927;Synchronization;;Synchronization + пустая бизнес-роль
takochemasova;Кочемасова Татьяна Александровна (Tatyana Kochemasova);ODS All Auto;Synchronization;;Synchronization + пустая бизнес-роль
takochemasova;Кочемасова Татьяна Александровна (Tatyana Kochemasova);ODS Read ARM4;Synchronization;;Synchronization + пустая бизнес-роль
takochemasova;Кочемасова Татьяна Александровна (Tatyana Kochemasova);ODS Read Audatex;Synchronization;;Synchronization + пустая бизнес-роль
takochemasova;Кочемасова Татьяна Александровна (Tatyana Kochemasova);ODS Read CC;Synchronization;;Synchronization + пустая бизнес-роль
takochemasova;Кочемасова Татьяна Александровна (Tatyana Kochemasova);ODS Read EKIS;Synchronization;;Synchronization + пустая бизнес-роль
takochemasova;Кочемасова Татьяна Александровна (Tatyana Kochemasova);ODS Read FOIV;Synchronization;;Synchronization + пустая бизнес-роль
takochemasova;Кочемасова Татьяна Александровна (Tatyana Kochemasova);ODS Read MFMS;Synchronization;;Synchronization + пустая бизнес-роль
takochemasova;Кочемасова Татьяна Александровна (Tatyana Kochemasova);ODS Read RGSSCC;Synchronization;;Synchronization + пустая бизнес-роль
takochemasova;Кочемасова Татьяна Александровна (Tatyana Kochemasova);ODS Read RSAKBM;Synchronization;;Synchronization + пустая бизнес-роль
takochemasova;Кочемасова Татьяна Александровна (Tatyana Kochemasova);ODS Read Transdekra;Synchronization;;Synchronization + пустая бизнес-роль
takochemasova;Кочемасова Татьяна Александровна (Tatyana Kochemasova);ODS Unspec Auto;Synchronization;;Synchronization + пустая бизнес-роль
takozlova;Козлова Татьяна Александровна (Tatyana Kozlova);ART Данные поезд-1-94909927;Synchronization;;Synchronization + пустая бизнес-роль
tastaroverova;Староверова Татьяна Андреевна (Tatyana Staroverova);EDW Read Core;Synchronization;;Synchronization + пустая бизнес-роль
tastaroverova;Староверова Татьяна Андреевна (Tatyana Staroverova);ODS Read Auto;Synchronization;;Synchronization + пустая бизнес-роль
teabel;Абель Татьяна Евгеньевна (Tatyana Abel);EDW All MLDEV19;Synchronization;;Synchronization + пустая бизнес-роль
teabel;Абель Татьяна Евгеньевна (Tatyana Abel);EDW All MLDEV72;Synchronization;;Synchronization + пустая бизнес-роль
teabel;Абель Татьяна Евгеньевна (Tatyana Abel);EDW Read CDM;Synchronization;;Synchronization + пустая бизнес-роль
teabel;Абель Татьяна Евгеньевна (Tatyana Abel);EDW Unspec Actuary;Synchronization;;Synchronization + пустая бизнес-роль
teabel;Абель Татьяна Евгеньевна (Tatyana Abel);EDW Unspec Analysis Out;Synchronization;;Synchronization + пустая бизнес-роль
teabel;Абель Татьяна Евгеньевна (Tatyana Abel);ODS All Auto;Synchronization;;Synchronization + пустая бизнес-роль
teabel;Абель Татьяна Евгеньевна (Tatyana Abel);ODS All MLDEV19;Synchronization;;Synchronization + пустая бизнес-роль
teabel;Абель Татьяна Евгеньевна (Tatyana Abel);ODS All MLDEV72;Synchronization;;Synchronization + пустая бизнес-роль
teabel;Абель Татьяна Евгеньевна (Tatyana Abel);ODS Read DIAS;Synchronization;;Synchronization + пустая бизнес-роль
teabel;Абель Татьяна Евгеньевна (Tatyana Abel);ODS Unspec Actuary;Synchronization;;Synchronization + пустая бизнес-роль
teabel;Абель Татьяна Евгеньевна (Tatyana Abel);ODS Unspec Analysis Out;Synchronization;;Synchronization + пустая бизнес-роль
temaltsev;Мальцев Тимур Эдуардович (Timur Maltsev);ART Данные поезд-1-94909927;Synchronization;;Synchronization + пустая бизнес-роль
test-back-4;test-back-4;Dwh Upload Write Fb;Synchronization;;Synchronization + пустая бизнес-роль
testreadcore;testreadcore;EDW Read Core;Synchronization;;Synchronization + пустая бизнес-роль
tklitvin;Литвин Тарас Константинович (Taras Litvin);ART Partners. РГС PRO-1-1594249140;Synchronization;;Synchronization + пустая бизнес-роль
tkorotkova;Короткова Татьяна Викторовна (Tatyana Korotkova);ODS Read ARM4;Synchronization;;Synchronization + пустая бизнес-роль
tkorotkova;Короткова Татьяна Викторовна (Tatyana Korotkova);ODS Read Auto;Synchronization;;Synchronization + пустая бизнес-роль
tkorotkova;Короткова Татьяна Викторовна (Tatyana Korotkova);ODS Read CC;Synchronization;;Synchronization + пустая бизнес-роль
tkorotkova;Короткова Татьяна Викторовна (Tatyana Korotkova);ODS Read EKIS;Synchronization;;Synchronization + пустая бизнес-роль
tksolomina;Соломина Татьяна Константиновна (Tatyana Solomina);EDW Unspec Analysis Out;Synchronization;;Synchronization + пустая бизнес-роль
tksolomina;Соломина Татьяна Константиновна (Tatyana Solomina);ODS All msfo17;Synchronization;;Synchronization + пустая бизнес-роль
tksolomina;Соломина Татьяна Константиновна (Tatyana Solomina);ODS Unspec Analysis Out;Synchronization;;Synchronization + пустая бизнес-роль
tlsagaev;Сагаев Тимофей Леонидович (Timofey Sagaev);EDW Read RB;Synchronization;;Synchronization + пустая бизнес-роль
tlsagaev;Сагаев Тимофей Леонидович (Timofey Sagaev);ODS Read CC;Synchronization;;Synchronization + пустая бизнес-роль
tlsagaev;Сагаев Тимофей Леонидович (Timofey Sagaev);ODS Read GURU Region;Synchronization;;Synchronization + пустая бизнес-роль
tomcat_ro;tomcat_ro;EDW Read Actuary;Synchronization;;Synchronization + пустая бизнес-роль
tomcat_ro;tomcat_ro;EDW Read AISZHL;Synchronization;;Synchronization + пустая бизнес-роль
tomcat_ro;tomcat_ro;EDW Read BCI;Synchronization;;Synchronization + пустая бизнес-роль
tomcat_ro;tomcat_ro;EDW Read CCU;Synchronization;;Synchronization + пустая бизнес-роль
tomcat_ro;tomcat_ro;EDW Read CDI;Synchronization;;Synchronization + пустая бизнес-роль
tomcat_ro;tomcat_ro;EDW Read CDM;Synchronization;;Synchronization + пустая бизнес-роль
tomcat_ro;tomcat_ro;EDW Read Cdm Analysis;Synchronization;;Synchronization + пустая бизнес-роль
tomcat_ro;tomcat_ro;EDW Read Cdm Analysis Out;Synchronization;;Synchronization + пустая бизнес-роль
tomcat_ro;tomcat_ro;EDW Read Core;Synchronization;;Synchronization + пустая бизнес-роль
tomcat_ro;tomcat_ro;EDW Read CRM;Synchronization;;Synchronization + пустая бизнес-роль
tomcat_ro;tomcat_ro;EDW Read DBTRN;Synchronization;;Synchronization + пустая бизнес-роль
tomcat_ro;tomcat_ro;EDW Read FOIV;Synchronization;;Synchronization + пустая бизнес-роль
tomcat_ro;tomcat_ro;EDW Read RB;Synchronization;;Synchronization + пустая бизнес-роль
tomcat_ro;tomcat_ro;EDW Read Report;Synchronization;;Synchronization + пустая бизнес-роль
tomcat_ro;tomcat_ro;EDW Read SCOP;Synchronization;;Synchronization + пустая бизнес-роль
tomcat_rw;tomcat_rw;EDW All Actuary;Synchronization;;Synchronization + пустая бизнес-роль
tomcat_rw;tomcat_rw;EDW All AISZHL;Synchronization;;Synchronization + пустая бизнес-роль
tomcat_rw;tomcat_rw;EDW All BCI;Synchronization;;Synchronization + пустая бизнес-роль
tomcat_rw;tomcat_rw;EDW All BZK;Synchronization;;Synchronization + пустая бизнес-роль
tomcat_rw;tomcat_rw;EDW All CCU;Synchronization;;Synchronization + пустая бизнес-роль
tomcat_rw;tomcat_rw;EDW All CDI;Synchronization;;Synchronization + пустая бизнес-роль
tomcat_rw;tomcat_rw;EDW All CDM;Synchronization;;Synchronization + пустая бизнес-роль
tomcat_rw;tomcat_rw;EDW All Cdm Analysis;Synchronization;;Synchronization + пустая бизнес-роль
tomcat_rw;tomcat_rw;EDW All Cdm Analysis Out;Synchronization;;Synchronization + пустая бизнес-роль
tomcat_rw;tomcat_rw;EDW All Core;Synchronization;;Synchronization + пустая бизнес-роль
tomcat_rw;tomcat_rw;EDW All CRM;Synchronization;;Synchronization + пустая бизнес-роль
tomcat_rw;tomcat_rw;EDW All DBTRN;Synchronization;;Synchronization + пустая бизнес-роль
tomcat_rw;tomcat_rw;EDW All FOIV;Synchronization;;Synchronization + пустая бизнес-роль
tomcat_rw;tomcat_rw;EDW All Maintenance;Synchronization;;Synchronization + пустая бизнес-роль
tomcat_rw;tomcat_rw;EDW All MLDEV19;Synchronization;;Synchronization + пустая бизнес-роль
tomcat_rw;tomcat_rw;EDW All MLDEV72;Synchronization;;Synchronization + пустая бизнес-роль
tomcat_rw;tomcat_rw;EDW All RB;Synchronization;;Synchronization + пустая бизнес-роль
tomcat_rw;tomcat_rw;EDW All SCOP;Synchronization;;Synchronization + пустая бизнес-роль
tomcat_rw;tomcat_rw;EDW All UAG;Synchronization;;Synchronization + пустая бизнес-роль
tomcat_rw;tomcat_rw;EDW Read Actuary;Synchronization;;Synchronization + пустая бизнес-роль
tomcat_rw;tomcat_rw;ODS All Maintenance;Synchronization;;Synchronization + пустая бизнес-роль
torekhova;Орехова Татьяна Александровна (Tatyana Orekhova);ODS Unspec Analysis Out;Synchronization;;Synchronization + пустая бизнес-роль
tpstepanov;Степанов Тимофей Павлович (Timofey Stepanov);EDW All CDI;Synchronization;;Synchronization + пустая бизнес-роль
tpstepanov;Степанов Тимофей Павлович (Timofey Stepanov);EDW All CRM;Synchronization;;Synchronization + пустая бизнес-роль
tpstepanov;Степанов Тимофей Павлович (Timofey Stepanov);EDW Read CDI;Synchronization;;Synchronization + пустая бизнес-роль
tpstepanov;Степанов Тимофей Павлович (Timofey Stepanov);EDW Read Core;Synchronization;;Synchronization + пустая бизнес-роль
tpstepanov;Степанов Тимофей Павлович (Timofey Stepanov);EDW Read RB;Synchronization;;Synchronization + пустая бизнес-роль
tpstepanov;Степанов Тимофей Павлович (Timofey Stepanov);ODS Read PCAPP;Synchronization;;Synchronization + пустая бизнес-роль
tpstepanov;Степанов Тимофей Павлович (Timofey Stepanov);ODS Unspecified;Synchronization;;Synchronization + пустая бизнес-роль
tsvorontsova;Воронцова Татьяна Сергеевна (Tatyana Vorontsova);EDW Read Core;Synchronization;;Synchronization + пустая бизнес-роль
tsvorontsova;Воронцова Татьяна Сергеевна (Tatyana Vorontsova);ODS Read ARM4;Synchronization;;Synchronization + пустая бизнес-роль
tsvorontsova;Воронцова Татьяна Сергеевна (Tatyana Vorontsova);ODS Read Auto;Synchronization;;Synchronization + пустая бизнес-роль
tsvorontsova;Воронцова Татьяна Сергеевна (Tatyana Vorontsova);ODS Read CC;Synchronization;;Synchronization + пустая бизнес-роль
tsvorontsova;Воронцова Татьяна Сергеевна (Tatyana Vorontsova);ODS Read EKIS;Synchronization;;Synchronization + пустая бизнес-роль
tsvorontsova;Воронцова Татьяна Сергеевна (Tatyana Vorontsova);ODS Read RGSSCC;Synchronization;;Synchronization + пустая бизнес-роль
tsvorontsova;Воронцова Татьяна Сергеевна (Tatyana Vorontsova);ODS Read SAP;Synchronization;;Synchronization + пустая бизнес-роль
tvbozhenkova;Боженкова Татьяна Владимировна (Tatyana Bozhenkova);EDW Read CDM;Synchronization;;Synchronization + пустая бизнес-роль
tvbozhenkova;Боженкова Татьяна Владимировна (Tatyana Bozhenkova);EDW Read UAG;Synchronization;;Synchronization + пустая бизнес-роль
tvbozhenkova;Боженкова Татьяна Владимировна (Tatyana Bozhenkova);EDW Unspec Actuary;Synchronization;;Synchronization + пустая бизнес-роль
tvbozhenkova;Боженкова Татьяна Владимировна (Tatyana Bozhenkova);EDW Unspec Analysis;Synchronization;;Synchronization + пустая бизнес-роль
tvbozhenkova;Боженкова Татьяна Владимировна (Tatyana Bozhenkova);EDW Unspec Analysis Out;Synchronization;;Synchronization + пустая бизнес-роль
tvbozhenkova;Боженкова Татьяна Владимировна (Tatyana Bozhenkova);ODS Read ARM4;Synchronization;;Synchronization + пустая бизнес-роль
tvbozhenkova;Боженкова Татьяна Владимировна (Tatyana Bozhenkova);ODS Read CC;Synchronization;;Synchronization + пустая бизнес-роль
tvbozhenkova;Боженкова Татьяна Владимировна (Tatyana Bozhenkova);ODS Read EKIS;Synchronization;;Synchronization + пустая бизнес-роль
tvbozhenkova;Боженкова Татьяна Владимировна (Tatyana Bozhenkova);ODS Unspec Actuary;Synchronization;;Synchronization + пустая бизнес-роль
tvbozhenkova;Боженкова Татьяна Владимировна (Tatyana Bozhenkova);ODS Unspec Analysis;Synchronization;;Synchronization + пустая бизнес-роль
tvbozhenkova;Боженкова Татьяна Владимировна (Tatyana Bozhenkova);ODS Unspec Analysis Out;Synchronization;;Synchronization + пустая бизнес-роль
tvpugacheva;Пугачева Татьяна Вячеславовна (Tatyana Pugacheva);ART Персонал (Весь поезд)art_hr@rgs.ru-12089312808;Synchronization;;Synchronization + пустая бизнес-роль
tvpugacheva;Пугачева Татьяна Вячеславовна (Tatyana Pugacheva);ART Персонал (Менеджмент поезда)-11742115441;Synchronization;;Synchronization + пустая бизнес-роль
tyudina;Юдина Татьяна Александровна (Tatyana Yudina);ODS Read ARM4;Synchronization;;Synchronization + пустая бизнес-роль
tyudina;Юдина Татьяна Александровна (Tatyana Yudina);ODS Read CC;Synchronization;;Synchronization + пустая бизнес-роль
tyudina;Юдина Татьяна Александровна (Tatyana Yudina);ODS Read EKIS;Synchronization;;Synchronization + пустая бизнес-роль
tyudina;Юдина Татьяна Александровна (Tatyana Yudina);ODS Read RGSSCC;Synchronization;;Synchronization + пустая бизнес-роль
ufodataservice;UfoDataService;ODS All UPP;Synchronization;;Synchronization + пустая бизнес-роль
ufodataservice;UfoDataService;ODS Read ARM4;Synchronization;;Synchronization + пустая бизнес-роль
ufodataservice;UfoDataService;ODS Read UFO;Synchronization;;Synchronization + пустая бизнес-роль
uppreport;UppReport;DWHT Edw Read Cdm Analysis Out;Synchronization;;Synchronization + пустая бизнес-роль
uppreport;UppReport;EDW Read Cdm Analysis Out;Synchronization;;Synchronization + пустая бизнес-роль
uppreport;UppReport;EDW Read Core;Synchronization;;Synchronization + пустая бизнес-роль
uppreport;UppReport;ODS All DQ;Synchronization;;Synchronization + пустая бизнес-роль
uppreport;UppReport;ODS All UPP;Synchronization;;Synchronization + пустая бизнес-роль
uppreport;UppReport;ODS Read ARM4;Synchronization;;Synchronization + пустая бизнес-роль
uppreport;UppReport;ODS Read BCAPP;Synchronization;;Synchronization + пустая бизнес-роль
uppreport;UppReport;ODS Read Boss 1;Synchronization;;Synchronization + пустая бизнес-роль
uppreport;UppReport;ODS Read CC;Synchronization;;Synchronization + пустая бизнес-роль
uppreport;UppReport;ODS Read DIAS;Synchronization;;Synchronization + пустая бизнес-роль
uppreport;UppReport;ODS Read EKIS;Synchronization;;Synchronization + пустая бизнес-роль
uppreport;UppReport;ODS Read ESTAFF;Synchronization;;Synchronization + пустая бизнес-роль
uppreport;UppReport;ODS Read JIRA;Synchronization;;Synchronization + пустая бизнес-роль
uppreport;UppReport;ODS Read KAU;Synchronization;;Synchronization + пустая бизнес-роль
uppreport;UppReport;ODS Read KIAS;Synchronization;;Synchronization + пустая бизнес-роль
uppreport;UppReport;ODS Read LK;Synchronization;;Synchronization + пустая бизнес-роль
uppreport;UppReport;ODS Read MLDEV19;Synchronization;;Synchronization + пустая бизнес-роль
uppreport;UppReport;ODS Read MLDEV72;Synchronization;;Synchronization + пустая бизнес-роль
uppreport;UppReport;ODS Read Naumen;Synchronization;;Synchronization + пустая бизнес-роль
uppreport;UppReport;ODS Read PCAPP;Synchronization;;Synchronization + пустая бизнес-роль
uppreport;UppReport;ODS Read RGSJ;Synchronization;;Synchronization + пустая бизнес-роль
uppreport;UppReport;ODS Read RGSSCC;Synchronization;;Synchronization + пустая бизнес-роль
uppreport;UppReport;ODS Read RI;Synchronization;;Synchronization + пустая бизнес-роль
uppreport;UppReport;ODS Read RSAPRD;Synchronization;;Synchronization + пустая бизнес-роль
uppreport;UppReport;ODS Read Splunk UFO;Synchronization;;Synchronization + пустая бизнес-роль
uppreport;UppReport;ODS Read Tessa;Synchronization;;Synchronization + пустая бизнес-роль
uppreport;UppReport;ODS Read UFO;Synchronization;;Synchronization + пустая бизнес-роль
uppreport;UppReport;ODS Read UPP;Synchronization;;Synchronization + пустая бизнес-роль
uppreport;UppReport;ODS Read VIRTU;Synchronization;;Synchronization + пустая бизнес-роль
uppreport;UppReport;ODS Read WT;Synchronization;;Synchronization + пустая бизнес-роль
vaarutyunova;Арутюнова Вера Андреевна (Vera Arutyunova);ART Данные поезд-1-94909927;Synchronization;;Synchronization + пустая бизнес-роль
vadodonkin;Додонкин Владимир Александрович (Vladimir Dodonkin);ART Partners. Business Development-1-1758448165;Synchronization;;Synchronization + пустая бизнес-роль
vakiselev;Киселев Владимир Анатольевич (Vladimir Kiselev);EDW All UAG;Synchronization;;Synchronization + пустая бизнес-роль
vakiselev;Киселев Владимир Анатольевич (Vladimir Kiselev);EDW Read Core;Synchronization;;Synchronization + пустая бизнес-роль
vakremnev;Кремнев Владимир Александрович (Vladimir Kremnev);ADBT Write Core;Synchronization;;Synchronization + пустая бизнес-роль
vakremnev;Кремнев Владимир Александрович (Vladimir Kremnev);ART Данные лид-11605388543;Synchronization;;Synchronization + пустая бизнес-роль
vakremnev;Кремнев Владимир Александрович (Vladimir Kremnev);ART Данные поезд-1-94909927;Synchronization;;Synchronization + пустая бизнес-роль
vakremnev;Кремнев Владимир Александрович (Vladimir Kremnev);CBD Administrator;Synchronization;;Synchronization + пустая бизнес-роль
vakremnev;Кремнев Владимир Александрович (Vladimir Kremnev);DWH Developer;Synchronization;;Synchronization + пустая бизнес-роль
vakremnev;Кремнев Владимир Александрович (Vladimir Kremnev);EDW Administrator;Synchronization;;Synchronization + пустая бизнес-роль
vakremnev;Кремнев Владимир Александрович (Vladimir Kremnev);EDW Read CCU;Synchronization;;Synchronization + пустая бизнес-роль
vakremnev;Кремнев Владимир Александрович (Vladimir Kremnev);EDW Read CDI;Synchronization;;Synchronization + пустая бизнес-роль
vakremnev;Кремнев Владимир Александрович (Vladimir Kremnev);EDW Read Cdm Analysis Out;Synchronization;;Synchronization + пустая бизнес-роль
vakremnev;Кремнев Владимир Александрович (Vladimir Kremnev);ODS Administrator;Synchronization;;Synchronization + пустая бизнес-роль
vakremnev;Кремнев Владимир Александрович (Vladimir Kremnev);ODS Owner CDM;Synchronization;;Synchronization + пустая бизнес-роль
vakremnev;Кремнев Владимир Александрович (Vladimir Kremnev);ODS Read ARCtrl;Synchronization;;Synchronization + пустая бизнес-роль
vakremnev;Кремнев Владимир Александрович (Vladimir Kremnev);ODS Read ARM4;Synchronization;;Synchronization + пустая бизнес-роль
vakremnev;Кремнев Владимир Александрович (Vladimir Kremnev);ODS Read BCAPP;Synchronization;;Synchronization + пустая бизнес-роль
vakremnev;Кремнев Владимир Александрович (Vladimir Kremnev);ODS Read BOSS;Synchronization;;Synchronization + пустая бизнес-роль
vakremnev;Кремнев Владимир Александрович (Vladimir Kremnev);ODS Read Boss 1;Synchronization;;Synchronization + пустая бизнес-роль
vakremnev;Кремнев Владимир Александрович (Vladimir Kremnev);ODS Read CC;Synchronization;;Synchronization + пустая бизнес-роль
vakremnev;Кремнев Владимир Александрович (Vladimir Kremnev);ODS Read Cdm Analysis Out;Synchronization;;Synchronization + пустая бизнес-роль
vakremnev;Кремнев Владимир Александрович (Vladimir Kremnev);ODS Read DMS;Synchronization;;Synchronization + пустая бизнес-роль
vakremnev;Кремнев Владимир Александрович (Vladimir Kremnev);ODS Read EKIS;Synchronization;;Synchronization + пустая бизнес-роль
vakremnev;Кремнев Владимир Александрович (Vladimir Kremnev);ODS Read KIAS;Synchronization;;Synchronization + пустая бизнес-роль
vakremnev;Кремнев Владимир Александрович (Vladimir Kremnev);ODS Read LK;Synchronization;;Synchronization + пустая бизнес-роль
vakremnev;Кремнев Владимир Александрович (Vladimir Kremnev);ODS Read Naumen;Synchronization;;Synchronization + пустая бизнес-роль
vakremnev;Кремнев Владимир Александрович (Vladimir Kremnev);ODS Read PCAPP;Synchronization;;Synchronization + пустая бизнес-роль
vakremnev;Кремнев Владимир Александрович (Vladimir Kremnev);ODS Read Property;Synchronization;;Synchronization + пустая бизнес-роль
vakremnev;Кремнев Владимир Александрович (Vladimir Kremnev);ODS Read RGSSCC;Synchronization;;Synchronization + пустая бизнес-роль
vakremnev;Кремнев Владимир Александрович (Vladimir Kremnev);ODS Read Transdekra;Synchronization;;Synchronization + пустая бизнес-роль
vakremnev;Кремнев Владимир Александрович (Vladimir Kremnev);ODS Read UFO;Synchronization;;Synchronization + пустая бизнес-роль
vakremnev;Кремнев Владимир Александрович (Vladimir Kremnev);ODS Unspec Auto;Synchronization;;Synchronization + пустая бизнес-роль
valanev;Ланев Владимир Александрович (Vladimir Lanev);EDW Read Core;Synchronization;;Synchronization + пустая бизнес-роль
valanev;Ланев Владимир Александрович (Vladimir Lanev);EDW Read SCOP;Synchronization;;Synchronization + пустая бизнес-роль
valanev;Ланев Владимир Александрович (Vladimir Lanev);ODS All UKDZISP;Synchronization;;Synchronization + пустая бизнес-роль
valanev;Ланев Владимир Александрович (Vladimir Lanev);ODS Read ARM4;Synchronization;;Synchronization + пустая бизнес-роль
valanev;Ланев Владимир Александрович (Vladimir Lanev);ODS Read BCAPP;Synchronization;;Synchronization + пустая бизнес-роль
valanev;Ланев Владимир Александрович (Vladimir Lanev);ODS Read EKIS;Synchronization;;Synchronization + пустая бизнес-роль
valanev;Ланев Владимир Александрович (Vladimir Lanev);ODS Read JIRA;Synchronization;;Synchronization + пустая бизнес-роль
valanev;Ланев Владимир Александрович (Vladimir Lanev);ODS Read KIAS;Synchronization;;Synchronization + пустая бизнес-роль
valanev;Ланев Владимир Александрович (Vladimir Lanev);ODS Read Naumen;Synchronization;;Synchronization + пустая бизнес-роль
valanev;Ланев Владимир Александрович (Vladimir Lanev);ODS Read PCAPP;Synchronization;;Synchronization + пустая бизнес-роль
valanev;Ланев Владимир Александрович (Vladimir Lanev);ODS Read RGSSCC;Synchronization;;Synchronization + пустая бизнес-роль
valanev;Ланев Владимир Александрович (Vladimir Lanev);ODS Read RI;Synchronization;;Synchronization + пустая бизнес-роль
valanev;Ланев Владимир Александрович (Vladimir Lanev);ODS Read SAP;Synchronization;;Synchronization + пустая бизнес-роль
valanev;Ланев Владимир Александрович (Vladimir Lanev);ODS Read SCR;Synchronization;;Synchronization + пустая бизнес-роль
valanev;Ланев Владимир Александрович (Vladimir Lanev);ODS Read Splunk UFO;Synchronization;;Synchronization + пустая бизнес-роль
valanev;Ланев Владимир Александрович (Vladimir Lanev);ODS Read Tessa;Synchronization;;Synchronization + пустая бизнес-роль
valanev;Ланев Владимир Александрович (Vladimir Lanev);ODS Read UFO;Synchronization;;Synchronization + пустая бизнес-роль
valanev;Ланев Владимир Александрович (Vladimir Lanev);ODS Read VIRTU;Synchronization;;Synchronization + пустая бизнес-роль
vaostrovskiy;Островский Василий Александрович (Vasiliy Ostrovskiy);DWH Developer;Synchronization;;Synchronization + пустая бизнес-роль
vaostrovskiy;Островский Василий Александрович (Vasiliy Ostrovskiy);EDW All CDM;Synchronization;;Synchronization + пустая бизнес-роль
vaostrovskiy;Островский Василий Александрович (Vasiliy Ostrovskiy);EDW All Cdm Analysis;Synchronization;;Synchronization + пустая бизнес-роль
vaostrovskiy;Островский Василий Александрович (Vasiliy Ostrovskiy);EDW Read Cdm Analysis Out;Synchronization;;Synchronization + пустая бизнес-роль
vaostrovskiy;Островский Василий Александрович (Vasiliy Ostrovskiy);EDW Read Core;Synchronization;;Synchronization + пустая бизнес-роль
vaostrovskiy;Островский Василий Александрович (Vasiliy Ostrovskiy);ODS All CDM;Synchronization;;Synchronization + пустая бизнес-роль
vaostrovskiy;Островский Василий Александрович (Vasiliy Ostrovskiy);ODS All Cdm Analysis;Synchronization;;Synchronization + пустая бизнес-роль
vaostrovskiy;Островский Василий Александрович (Vasiliy Ostrovskiy);ODS All Report;Synchronization;;Synchronization + пустая бизнес-роль
vaostrovskiy;Островский Василий Александрович (Vasiliy Ostrovskiy);ODS Owner CDM;Synchronization;;Synchronization + пустая бизнес-роль
vaostrovskiy;Островский Василий Александрович (Vasiliy Ostrovskiy);ODS Read ARM4;Synchronization;;Synchronization + пустая бизнес-роль
vaostrovskiy;Островский Василий Александрович (Vasiliy Ostrovskiy);ODS Read EKIS;Synchronization;;Synchronization + пустая бизнес-роль
vaostrovskiy;Островский Василий Александрович (Vasiliy Ostrovskiy);ODS Read KIAS;Synchronization;;Synchronization + пустая бизнес-роль
vaostrovskiy;Островский Василий Александрович (Vasiliy Ostrovskiy);ODS Read PCAPP;Synchronization;;Synchronization + пустая бизнес-роль
vaostrovskiy;Островский Василий Александрович (Vasiliy Ostrovskiy);ODS Read RGSSCC;Synchronization;;Synchronization + пустая бизнес-роль
vaostrovskiy;Островский Василий Александрович (Vasiliy Ostrovskiy);ODS Read SAP;Synchronization;;Synchronization + пустая бизнес-роль
vasukhonosov;Сухоносов Вячеслав Алексеевич (Vyacheslav Sukhonosov);ODS All Auto;Synchronization;;Synchronization + пустая бизнес-роль
vatsvetkova;Цветкова Виктория Андреевна (Viktoriya Tsvetkova);ART Данные поезд-1-94909927;Synchronization;;Synchronization + пустая бизнес-роль
vatsvetkova;Цветкова Виктория Андреевна (Viktoriya Tsvetkova);EDW Read CDI;Synchronization;;Synchronization + пустая бизнес-роль
vatsvetkova;Цветкова Виктория Андреевна (Viktoriya Tsvetkova);ODS Owner CCU;Synchronization;;Synchronization + пустая бизнес-роль
vatsvetkova;Цветкова Виктория Андреевна (Viktoriya Tsvetkova);ODS Read Auto;Synchronization;;Synchronization + пустая бизнес-роль
vatsvetkova;Цветкова Виктория Андреевна (Viktoriya Tsvetkova);ODS Read Boss 1;Synchronization;;Synchronization + пустая бизнес-роль
vatsvetkova;Цветкова Виктория Андреевна (Viktoriya Tsvetkova);ODS Read Finance;Synchronization;;Synchronization + пустая бизнес-роль
vatsvetkova;Цветкова Виктория Андреевна (Viktoriya Tsvetkova);ODS Read Report;Synchronization;;Synchronization + пустая бизнес-роль
vayakovlev;Яковлев Виталий Анатольевич (Vitaly Yakovlev);ADB Owner Dm msfo17;Synchronization;;Synchronization + пустая бизнес-роль
vayakovlev;Яковлев Виталий Анатольевич (Vitaly Yakovlev);ADB Write Dm msfo17;Synchronization;;Synchronization + пустая бизнес-роль
vayakovlev;Яковлев Виталий Анатольевич (Vitaly Yakovlev);ADBT Owner Dm msfo17;Synchronization;;Synchronization + пустая бизнес-роль
vayakovlev;Яковлев Виталий Анатольевич (Vitaly Yakovlev);ADBT Write Dm msfo17;Synchronization;;Synchronization + пустая бизнес-роль
vaykuznetsova;Кузнецова Валентина Юрьевна (Valentina Kuznetsova);ART Данные поезд-1-94909927;Synchronization;;Synchronization + пустая бизнес-роль
vazuev;Зуев Вадим Александрович (Vadim Zuev);ODS Read SAP;Synchronization;;Synchronization + пустая бизнес-роль
vbagautdinov;Багаутдинов Владимир  (Vladimir Bagautdinov);CBD Read Cdm Analysis;Synchronization;;Synchronization + пустая бизнес-роль
vbagautdinov;Багаутдинов Владимир  (Vladimir Bagautdinov);CBD Read Cdm Analysis Ou;Synchronization;;Synchronization + пустая бизнес-роль
vbagautdinov;Багаутдинов Владимир  (Vladimir Bagautdinov);EDW Read Actuary;Synchronization;;Synchronization + пустая бизнес-роль
vbagautdinov;Багаутдинов Владимир  (Vladimir Bagautdinov);EDW Read Cdm Analysis;Synchronization;;Synchronization + пустая бизнес-роль
vbagautdinov;Багаутдинов Владимир  (Vladimir Bagautdinov);EDW Read Core;Synchronization;;Synchronization + пустая бизнес-роль
vbagautdinov;Багаутдинов Владимир  (Vladimir Bagautdinov);EDW Unspec Analysis Out;Synchronization;;Synchronization + пустая бизнес-роль
vbagautdinov;Багаутдинов Владимир  (Vladimir Bagautdinov);ODS Read Actuary;Synchronization;;Synchronization + пустая бизнес-роль
vbagautdinov;Багаутдинов Владимир  (Vladimir Bagautdinov);ODS Read CC;Synchronization;;Synchronization + пустая бизнес-роль
vbagautdinov;Багаутдинов Владимир  (Vladimir Bagautdinov);ODS Read Cdm Analysis;Synchronization;;Synchronization + пустая бизнес-роль
vbagautdinov;Багаутдинов Владимир  (Vladimir Bagautdinov);ODS Read fb781p;Synchronization;;Synchronization + пустая бизнес-роль
vbagautdinov;Багаутдинов Владимир  (Vladimir Bagautdinov);ODS Read Report;Synchronization;;Synchronization + пустая бизнес-роль
vbagautdinov;Багаутдинов Владимир  (Vladimir Bagautdinov);ODS Read RGSSCC;Synchronization;;Synchronization + пустая бизнес-роль
vbagautdinov;Багаутдинов Владимир  (Vladimir Bagautdinov);ODS Read XBRL;Synchronization;;Synchronization + пустая бизнес-роль
vbagautdinov;Багаутдинов Владимир  (Vladimir Bagautdinov);ODS Unspec Analysis Out;Synchronization;;Synchronization + пустая бизнес-роль
vbchekonov;Чеконов Василий Борисович (Vasily Chekonov);EDW Read Core;Synchronization;;Synchronization + пустая бизнес-роль
vbchekonov;Чеконов Василий Борисович (Vasily Chekonov);ODS Read CC;Synchronization;;Synchronization + пустая бизнес-роль
vbessarabov;Бессарабов Владимир Сергеевич (Vladimir Bessarabov);ODS Read BCAPP;Synchronization;;Synchronization + пустая бизнес-роль
vbessarabov;Бессарабов Владимир Сергеевич (Vladimir Bessarabov);ODS Read PCAPP;Synchronization;;Synchronization + пустая бизнес-роль
vbessarabov;Бессарабов Владимир Сергеевич (Vladimir Bessarabov);ODS Read RGSSCC;Synchronization;;Synchronization + пустая бизнес-роль
vbshapovalov;Шаповалов Вячеслав Борисович (Vyacheslav Shapovalov);ODS Read Naumen;Synchronization;;Synchronization + пустая бизнес-роль
verin;Ерин Вячеслав Сергеевич (Vyacheslav Erin);DWH Developer;Synchronization;;Synchronization + пустая бизнес-роль
verin;Ерин Вячеслав Сергеевич (Vyacheslav Erin);EDW Read CDI;Synchronization;;Synchronization + пустая бизнес-роль
verin;Ерин Вячеслав Сергеевич (Vyacheslav Erin);EDW Read Core;Synchronization;;Synchronization + пустая бизнес-роль
verin;Ерин Вячеслав Сергеевич (Vyacheslav Erin);EDW Read Property;Synchronization;;Synchronization + пустая бизнес-роль
verin;Ерин Вячеслав Сергеевич (Vyacheslav Erin);ODS Read ARM4;Synchronization;;Synchronization + пустая бизнес-роль
verin;Ерин Вячеслав Сергеевич (Vyacheslav Erin);ODS Read CC;Synchronization;;Synchronization + пустая бизнес-роль
verin;Ерин Вячеслав Сергеевич (Vyacheslav Erin);ODS Read EKIS;Synchronization;;Synchronization + пустая бизнес-роль
verin;Ерин Вячеслав Сергеевич (Vyacheslav Erin);ODS Read KIAS;Synchronization;;Synchronization + пустая бизнес-роль
verin;Ерин Вячеслав Сергеевич (Vyacheslav Erin);ODS Read PCAPP;Synchronization;;Synchronization + пустая бизнес-роль
verin;Ерин Вячеслав Сергеевич (Vyacheslav Erin);ODS Read Property;Synchronization;;Synchronization + пустая бизнес-роль
verin;Ерин Вячеслав Сергеевич (Vyacheslav Erin);ODS Read RGSSCC;Synchronization;;Synchronization + пустая бизнес-роль
verin;Ерин Вячеслав Сергеевич (Vyacheslav Erin);ODS Read SAP;Synchronization;;Synchronization + пустая бизнес-роль
vfasatryan;Асатрян Вера Фейтулаховна (Vera Asatryan);ART Персонал (PO команд)-11991781086;Synchronization;;Synchronization + пустая бизнес-роль
vfasatryan;Асатрян Вера Фейтулаховна (Vera Asatryan);ART Персонал (Весь поезд)art_hr@rgs.ru-12089312808;Synchronization;;Synchronization + пустая бизнес-роль
vfasatryan;Асатрян Вера Фейтулаховна (Vera Asatryan);ART Персонал (Менеджмент поезда)-11742115441;Synchronization;;Synchronization + пустая бизнес-роль
vgakopyan;Акопян Ваагн Геворгович (Vaagn Akopyan);ODS Read PCAPP;Synchronization;;Synchronization + пустая бизнес-роль
vgakopyan;Акопян Ваагн Геворгович (Vaagn Akopyan);ODS Read Splunk UFO;Synchronization;;Synchronization + пустая бизнес-роль
vgakopyan;Акопян Ваагн Геворгович (Vaagn Akopyan);ODS Read UFO;Synchronization;;Synchronization + пустая бизнес-роль
vgkruglikov;Кругликов Владимир Геннадьевич (Vladimir Kruglikov);ODS Read ARM4;Synchronization;;Synchronization + пустая бизнес-роль
vgkruglikov;Кругликов Владимир Геннадьевич (Vladimir Kruglikov);ODS Read EKIS;Synchronization;;Synchronization + пустая бизнес-роль
vgkruglikov;Кругликов Владимир Геннадьевич (Vladimir Kruglikov);ODS Read Report;Synchronization;;Synchronization + пустая бизнес-роль
vgmarakhovsky;Мараховский Василий Геннадьевич (Vasiliy Marakhovskiy);ART Персонал (Весь поезд)art_hr@rgs.ru-12089312808;Synchronization;;Synchronization + пустая бизнес-роль
vgponomareva;Пономарева Валерия Геннадьевна (Valeriya Ponomareva);ART Данные поезд-1-94909927;Synchronization;;Synchronization + пустая бизнес-роль
vigotovtseva;Готовцева Виктория Игоревна (Viktoriya Gotovtseva);ART Персонал (Весь поезд)art_hr@rgs.ru-12089312808;Synchronization;;Synchronization + пустая бизнес-роль
vitorkhova;Торхова Виктория Ивановна (Viktoriya Torkhova);EDW All RB;Synchronization;;Synchronization + пустая бизнес-роль
vlsbessarabov;Бессарабов Владимир Сергеевич (Vladimir Bessarabov);ART Partners. ЦПП API-11272902660;Synchronization;;Synchronization + пустая бизнес-роль
vlvsokolov;Соколов Владимир Владимирович (Vladimir Sokolov);ADB Write Dm msfo17;Synchronization;;Synchronization + пустая бизнес-роль
vlvsokolov;Соколов Владимир Владимирович (Vladimir Sokolov);ADBT Write Dm msfo17;Synchronization;;Synchronization + пустая бизнес-роль
vm_turbinskiy;Турбинский Виктор Михайлович (Viktor Turbinskiy);DWH Administrator;Synchronization;;Synchronization + пустая бизнес-роль
vm_turbinskiy;Турбинский Виктор Михайлович (Viktor Turbinskiy);DWH Developer;Synchronization;;Synchronization + пустая бизнес-роль
vmaleksandrovich;Александрович Владимир Михайлович (Vladimir Aleksandrovich);ODS Read SAP;Synchronization;;Synchronization + пустая бизнес-роль
vmsaprygin;Сапрыгин Владимир Михайлович (Vladimir Saprygin);ODS All Property;Synchronization;;Synchronization + пустая бизнес-роль
vmsaprygin;Сапрыгин Владимир Михайлович (Vladimir Saprygin);ODS Read ARM4;Synchronization;;Synchronization + пустая бизнес-роль
vmsaprygin;Сапрыгин Владимир Михайлович (Vladimir Saprygin);ODS Read EKIS;Synchronization;;Synchronization + пустая бизнес-роль
vmsaprygin;Сапрыгин Владимир Михайлович (Vladimir Saprygin);ODS Read PCAPP;Synchronization;;Synchronization + пустая бизнес-роль
vngavrilchuk;Гаврильчук Владислав Николаевич (Vladislav Gavrilchuk);ART Персонал (Весь поезд)art_hr@rgs.ru-12089312808;Synchronization;;Synchronization + пустая бизнес-роль
vnkorsakov;Корсаков Владимир Николаевич (Vladimir Korsakov);ART Данные лид-11605388543;Synchronization;;Synchronization + пустая бизнес-роль
vnkorsakov;Корсаков Владимир Николаевич (Vladimir Korsakov);ART Данные поезд-1-94909927;Synchronization;;Synchronization + пустая бизнес-роль
vnpetrova;Петрова Вероника Николаевна (Veronika Petrova);EDW Read Core;Synchronization;;Synchronization + пустая бизнес-роль
vnvokhmin;Вохмин Владимир Николаевич (Vladimir Vokhmin);DWH Developer;Synchronization;;Synchronization + пустая бизнес-роль
vnvokhmin;Вохмин Владимир Николаевич (Vladimir Vokhmin);EDW All CDM;Synchronization;;Synchronization + пустая бизнес-роль
vnvokhmin;Вохмин Владимир Николаевич (Vladimir Vokhmin);EDW All Cdm Analysis;Synchronization;;Synchronization + пустая бизнес-роль
vnvokhmin;Вохмин Владимир Николаевич (Vladimir Vokhmin);EDW Read Actuary;Synchronization;;Synchronization + пустая бизнес-роль
vnvokhmin;Вохмин Владимир Николаевич (Vladimir Vokhmin);EDW Read Cdm Analysis Out;Synchronization;;Synchronization + пустая бизнес-роль
vnvokhmin;Вохмин Владимир Николаевич (Vladimir Vokhmin);EDW Read Core;Synchronization;;Synchronization + пустая бизнес-роль
vnvokhmin;Вохмин Владимир Николаевич (Vladimir Vokhmin);ODS All CDM;Synchronization;;Synchronization + пустая бизнес-роль
vnvokhmin;Вохмин Владимир Николаевич (Vladimir Vokhmin);ODS All Cdm Analysis;Synchronization;;Synchronization + пустая бизнес-роль
vnvokhmin;Вохмин Владимир Николаевич (Vladimir Vokhmin);ODS All fb781p;Synchronization;;Synchronization + пустая бизнес-роль
vnvokhmin;Вохмин Владимир Николаевич (Vladimir Vokhmin);ODS All msfo17;Synchronization;;Synchronization + пустая бизнес-роль
vnvokhmin;Вохмин Владимир Николаевич (Vladimir Vokhmin);ODS Read Actuary;Synchronization;;Synchronization + пустая бизнес-роль
vnvokhmin;Вохмин Владимир Николаевич (Vladimir Vokhmin);ODS Read ARCtrl;Synchronization;;Synchronization + пустая бизнес-роль
vnvokhmin;Вохмин Владимир Николаевич (Vladimir Vokhmin);ODS Read ARM4;Synchronization;;Synchronization + пустая бизнес-роль
vnvokhmin;Вохмин Владимир Николаевич (Vladimir Vokhmin);ODS Read BCAPP;Synchronization;;Synchronization + пустая бизнес-роль
vnvokhmin;Вохмин Владимир Николаевич (Vladimir Vokhmin);ODS Read CC;Synchronization;;Synchronization + пустая бизнес-роль
vnvokhmin;Вохмин Владимир Николаевич (Vladimir Vokhmin);ODS Read Cdm Analysis Out;Synchronization;;Synchronization + пустая бизнес-роль
vnvokhmin;Вохмин Владимир Николаевич (Vladimir Vokhmin);ODS Read DIAS;Synchronization;;Synchronization + пустая бизнес-роль
vnvokhmin;Вохмин Владимир Николаевич (Vladimir Vokhmin);ODS Read EKIS;Synchronization;;Synchronization + пустая бизнес-роль
vnvokhmin;Вохмин Владимир Николаевич (Vladimir Vokhmin);ODS Read KIAS;Synchronization;;Synchronization + пустая бизнес-роль
vnvokhmin;Вохмин Владимир Николаевич (Vladimir Vokhmin);ODS Read PCAPP;Synchronization;;Synchronization + пустая бизнес-роль
vnvokhmin;Вохмин Владимир Николаевич (Vladimir Vokhmin);ODS Read Report;Synchronization;;Synchronization + пустая бизнес-роль
vnvokhmin;Вохмин Владимир Николаевич (Vladimir Vokhmin);ODS Read RGSSCC;Synchronization;;Synchronization + пустая бизнес-роль
vnvokhmin;Вохмин Владимир Николаевич (Vladimir Vokhmin);ODS Read SAP;Synchronization;;Synchronization + пустая бизнес-роль
vnvokhmin;Вохмин Владимир Николаевич (Vladimir Vokhmin);ODS Read Splunk UFO;Synchronization;;Synchronization + пустая бизнес-роль
vnvokhmin;Вохмин Владимир Николаевич (Vladimir Vokhmin);ODS Read UFO;Synchronization;;Synchronization + пустая бизнес-роль
vnvokhmin;Вохмин Владимир Николаевич (Vladimir Vokhmin);ODS Read WT;Synchronization;;Synchronization + пустая бизнес-роль
vnvorozheykin;Ворожейкин Виктор Николаевич (Viktor Vorozheykin);DWH Developer;Synchronization;;Synchronization + пустая бизнес-роль
vnvorozheykin;Ворожейкин Виктор Николаевич (Viktor Vorozheykin);EDW All BCI;Synchronization;;Synchronization + пустая бизнес-роль
vnvorozheykin;Ворожейкин Виктор Николаевич (Viktor Vorozheykin);EDW All CDI;Synchronization;;Synchronization + пустая бизнес-роль
vnvorozheykin;Ворожейкин Виктор Николаевич (Viktor Vorozheykin);EDW All CDM;Synchronization;;Synchronization + пустая бизнес-роль
vnvorozheykin;Ворожейкин Виктор Николаевич (Viktor Vorozheykin);EDW All Core;Synchronization;;Synchronization + пустая бизнес-роль
vnvorozheykin;Ворожейкин Виктор Николаевич (Viktor Vorozheykin);EDW All RB;Synchronization;;Synchronization + пустая бизнес-роль
vnvorozheykin;Ворожейкин Виктор Николаевич (Viktor Vorozheykin);EDW All UAG;Synchronization;;Synchronization + пустая бизнес-роль
vnvorozheykin;Ворожейкин Виктор Николаевич (Viktor Vorozheykin);EDW Read Cdm Analysis;Synchronization;;Synchronization + пустая бизнес-роль
vnvorozheykin;Ворожейкин Виктор Николаевич (Viktor Vorozheykin);EDW Read Cdm Analysis Out;Synchronization;;Synchronization + пустая бизнес-роль
vnvorozheykin;Ворожейкин Виктор Николаевич (Viktor Vorozheykin);EDW Read Core;Synchronization;;Synchronization + пустая бизнес-роль
vnvorozheykin;Ворожейкин Виктор Николаевич (Viktor Vorozheykin);EDW Resource Administrator;Synchronization;;Synchronization + пустая бизнес-роль
vnvorozheykin;Ворожейкин Виктор Николаевич (Viktor Vorozheykin);ODS All Actuary;Synchronization;;Synchronization + пустая бизнес-роль
vnvorozheykin;Ворожейкин Виктор Николаевич (Viktor Vorozheykin);ODS All Audatex;Synchronization;;Synchronization + пустая бизнес-роль
vnvorozheykin;Ворожейкин Виктор Николаевич (Viktor Vorozheykin);ODS All Auto;Synchronization;;Synchronization + пустая бизнес-роль
vnvorozheykin;Ворожейкин Виктор Николаевич (Viktor Vorozheykin);ODS All CDM;Synchronization;;Synchronization + пустая бизнес-роль
vnvorozheykin;Ворожейкин Виктор Николаевич (Viktor Vorozheykin);ODS All FOIV;Synchronization;;Synchronization + пустая бизнес-роль
vnvorozheykin;Ворожейкин Виктор Николаевич (Viktor Vorozheykin);ODS All MFMS;Synchronization;;Synchronization + пустая бизнес-роль
vnvorozheykin;Ворожейкин Виктор Николаевич (Viktor Vorozheykin);ODS All Operation;Synchronization;;Synchronization + пустая бизнес-роль
vnvorozheykin;Ворожейкин Виктор Николаевич (Viktor Vorozheykin);ODS All RSAKBM;Synchronization;;Synchronization + пустая бизнес-роль
vnvorozheykin;Ворожейкин Виктор Николаевич (Viktor Vorozheykin);ODS All SCR;Synchronization;;Synchronization + пустая бизнес-роль
vnvorozheykin;Ворожейкин Виктор Николаевич (Viktor Vorozheykin);ODS All Splunk UFO;Synchronization;;Synchronization + пустая бизнес-роль
vnvorozheykin;Ворожейкин Виктор Николаевич (Viktor Vorozheykin);ODS All Transdekra;Synchronization;;Synchronization + пустая бизнес-роль
vnvorozheykin;Ворожейкин Виктор Николаевич (Viktor Vorozheykin);ODS Owner CDM;Synchronization;;Synchronization + пустая бизнес-роль
vnvorozheykin;Ворожейкин Виктор Николаевич (Viktor Vorozheykin);ODS Read ARM4;Synchronization;;Synchronization + пустая бизнес-роль
vnvorozheykin;Ворожейкин Виктор Николаевич (Viktor Vorozheykin);ODS Read BCAPP;Synchronization;;Synchronization + пустая бизнес-роль
vnvorozheykin;Ворожейкин Виктор Николаевич (Viktor Vorozheykin);ODS Read CC;Synchronization;;Synchronization + пустая бизнес-роль
vnvorozheykin;Ворожейкин Виктор Николаевич (Viktor Vorozheykin);ODS Read Cdm Analysis Out;Synchronization;;Synchronization + пустая бизнес-роль
vnvorozheykin;Ворожейкин Виктор Николаевич (Viktor Vorozheykin);ODS Read DMS;Synchronization;;Synchronization + пустая бизнес-роль
vnvorozheykin;Ворожейкин Виктор Николаевич (Viktor Vorozheykin);ODS Read EKIS;Synchronization;;Synchronization + пустая бизнес-роль
vnvorozheykin;Ворожейкин Виктор Николаевич (Viktor Vorozheykin);ODS Read KIAS;Synchronization;;Synchronization + пустая бизнес-роль
vnvorozheykin;Ворожейкин Виктор Николаевич (Viktor Vorozheykin);ODS Read PCAPP;Synchronization;;Synchronization + пустая бизнес-роль
vnvorozheykin;Ворожейкин Виктор Николаевич (Viktor Vorozheykin);ODS Read Report;Synchronization;;Synchronization + пустая бизнес-роль
vnvorozheykin;Ворожейкин Виктор Николаевич (Viktor Vorozheykin);ODS Read RGSSCC;Synchronization;;Synchronization + пустая бизнес-роль
vnvorozheykin;Ворожейкин Виктор Николаевич (Viktor Vorozheykin);ODS Read SAP;Synchronization;;Synchronization + пустая бизнес-роль
vnvorozheykin;Ворожейкин Виктор Николаевич (Viktor Vorozheykin);ODS Resource Administrator;Synchronization;;Synchronization + пустая бизнес-роль
voastafeva;Астафьева Вероника Олеговна (Veronika Astafeva);EDW Read CCU;Synchronization;;Synchronization + пустая бизнес-роль
voastafeva;Астафьева Вероника Олеговна (Veronika Astafeva);EDW Read Cdm Analysis;Synchronization;;Synchronization + пустая бизнес-роль
voastafeva;Астафьева Вероника Олеговна (Veronika Astafeva);EDW Read Cdm Analysis Out;Synchronization;;Synchronization + пустая бизнес-роль
voastafeva;Астафьева Вероника Олеговна (Veronika Astafeva);EDW Read Core;Synchronization;;Synchronization + пустая бизнес-роль
voastafeva;Астафьева Вероника Олеговна (Veronika Astafeva);ODS Read Auto;Synchronization;;Synchronization + пустая бизнес-роль
voastafeva;Астафьева Вероника Олеговна (Veronika Astafeva);ODS Read CCU;Synchronization;;Synchronization + пустая бизнес-роль
voastafeva;Астафьева Вероника Олеговна (Veronika Astafeva);ODS Read CDM;Synchronization;;Synchronization + пустая бизнес-роль
voastafeva;Астафьева Вероника Олеговна (Veronika Astafeva);ODS Read Cdm Analysis;Synchronization;;Synchronization + пустая бизнес-роль
voastafeva;Астафьева Вероника Олеговна (Veronika Astafeva);ODS Read Cdm Analysis Out;Synchronization;;Synchronization + пустая бизнес-роль
voastafeva;Астафьева Вероника Олеговна (Veronika Astafeva);ODS Read Report;Synchronization;;Synchronization + пустая бизнес-роль
vosipov;Осипов Виталий Сергеевич (Vitaliy Osipov);DWH User;Synchronization;;Synchronization + пустая бизнес-роль
vosipov;Осипов Виталий Сергеевич (Vitaliy Osipov);EDW All MLDEV72;Synchronization;;Synchronization + пустая бизнес-роль
vosipov;Осипов Виталий Сергеевич (Vitaliy Osipov);EDW Read Core;Synchronization;;Synchronization + пустая бизнес-роль
vosipov;Осипов Виталий Сергеевич (Vitaliy Osipov);EDW Unspec Analysis;Synchronization;;Synchronization + пустая бизнес-роль
vosipov;Осипов Виталий Сергеевич (Vitaliy Osipov);EDW Unspec Analysis Out;Synchronization;;Synchronization + пустая бизнес-роль
vosipov;Осипов Виталий Сергеевич (Vitaliy Osipov);ODS All Actuary;Synchronization;;Synchronization + пустая бизнес-роль
vosipov;Осипов Виталий Сергеевич (Vitaliy Osipov);ODS All Auto;Synchronization;;Synchronization + пустая бизнес-роль
vosipov;Осипов Виталий Сергеевич (Vitaliy Osipov);ODS All MLDEV72;Synchronization;;Synchronization + пустая бизнес-роль
vosipov;Осипов Виталий Сергеевич (Vitaliy Osipov);ODS All Property;Synchronization;;Synchronization + пустая бизнес-роль
vosipov;Осипов Виталий Сергеевич (Vitaliy Osipov);ODS Read ARCtrl;Synchronization;;Synchronization + пустая бизнес-роль
vosipov;Осипов Виталий Сергеевич (Vitaliy Osipov);ODS Read ARM4;Synchronization;;Synchronization + пустая бизнес-роль
vosipov;Осипов Виталий Сергеевич (Vitaliy Osipov);ODS Read Audatex;Synchronization;;Synchronization + пустая бизнес-роль
vosipov;Осипов Виталий Сергеевич (Vitaliy Osipov);ODS Read CC;Synchronization;;Synchronization + пустая бизнес-роль
vosipov;Осипов Виталий Сергеевич (Vitaliy Osipov);ODS Read EKIS;Synchronization;;Synchronization + пустая бизнес-роль
vosipov;Осипов Виталий Сергеевич (Vitaliy Osipov);ODS Read FOIV;Synchronization;;Synchronization + пустая бизнес-роль
vosipov;Осипов Виталий Сергеевич (Vitaliy Osipov);ODS Read MFMS;Synchronization;;Synchronization + пустая бизнес-роль
vosipov;Осипов Виталий Сергеевич (Vitaliy Osipov);ODS Read Mobile;Synchronization;;Synchronization + пустая бизнес-роль
vosipov;Осипов Виталий Сергеевич (Vitaliy Osipov);ODS Read PCAPP;Synchronization;;Synchronization + пустая бизнес-роль
vosipov;Осипов Виталий Сергеевич (Vitaliy Osipov);ODS Read Property;Synchronization;;Synchronization + пустая бизнес-роль
vosipov;Осипов Виталий Сергеевич (Vitaliy Osipov);ODS Read Report;Synchronization;;Synchronization + пустая бизнес-роль
vosipov;Осипов Виталий Сергеевич (Vitaliy Osipov);ODS Read RGSJ;Synchronization;;Synchronization + пустая бизнес-роль
vosipov;Осипов Виталий Сергеевич (Vitaliy Osipov);ODS Read RGSSCC;Synchronization;;Synchronization + пустая бизнес-роль
vosipov;Осипов Виталий Сергеевич (Vitaliy Osipov);ODS Read SAP;Synchronization;;Synchronization + пустая бизнес-роль
vosipov;Осипов Виталий Сергеевич (Vitaliy Osipov);ODS Read Splunk Avtocod;Synchronization;;Synchronization + пустая бизнес-роль
vosipov;Осипов Виталий Сергеевич (Vitaliy Osipov);ODS Read Splunk KBM;Synchronization;;Synchronization + пустая бизнес-роль
vosipov;Осипов Виталий Сергеевич (Vitaliy Osipov);ODS Read Splunk UFO;Synchronization;;Synchronization + пустая бизнес-роль
vosipov;Осипов Виталий Сергеевич (Vitaliy Osipov);ODS Read Transdekra;Synchronization;;Synchronization + пустая бизнес-роль
vosipov;Осипов Виталий Сергеевич (Vitaliy Osipov);ODS Read UFO;Synchronization;;Synchronization + пустая бизнес-роль
vosipov;Осипов Виталий Сергеевич (Vitaliy Osipov);ODS Resource Administrator;Synchronization;;Synchronization + пустая бизнес-роль
vosipov;Осипов Виталий Сергеевич (Vitaliy Osipov);ODS Unspec Analysis;Synchronization;;Synchronization + пустая бизнес-роль
vosipov;Осипов Виталий Сергеевич (Vitaliy Osipov);ODS Unspec Analysis Out;Synchronization;;Synchronization + пустая бизнес-роль
vosipov;Осипов Виталий Сергеевич (Vitaliy Osipov);ODS Unspec Auto;Synchronization;;Synchronization + пустая бизнес-роль
vpkhlyupin;Хлюпин Виктор Павлович (Viktor Khlyupin);ART Данные поезд-1-94909927;Synchronization;;Synchronization + пустая бизнес-роль
vrbalaba;Балаба Виктор Романович (Viktor Balaba);CBD All Cdm Analysis;Synchronization;;Synchronization + пустая бизнес-роль
vrbalaba;Балаба Виктор Романович (Viktor Balaba);CBD Read Cdm Analysis Ou;Synchronization;;Synchronization + пустая бизнес-роль
vrbalaba;Балаба Виктор Романович (Viktor Balaba);DWH Developer;Synchronization;;Synchronization + пустая бизнес-роль
vrbalaba;Балаба Виктор Романович (Viktor Balaba);DWH Replicator;Synchronization;;Synchronization + пустая бизнес-роль
vrbalaba;Балаба Виктор Романович (Viktor Balaba);EDW All CDI;Synchronization;;Synchronization + пустая бизнес-роль
vrbalaba;Балаба Виктор Романович (Viktor Balaba);EDW All CDM;Synchronization;;Synchronization + пустая бизнес-роль
vrbalaba;Балаба Виктор Романович (Viktor Balaba);EDW All Cdm Analysis;Synchronization;;Synchronization + пустая бизнес-роль
vrbalaba;Балаба Виктор Романович (Viktor Balaba);EDW All Cdm Analysis Out;Synchronization;;Synchronization + пустая бизнес-роль
vrbalaba;Балаба Виктор Романович (Viktor Balaba);EDW All Finance;Synchronization;;Synchronization + пустая бизнес-роль
vrbalaba;Балаба Виктор Романович (Viktor Balaba);EDW Read BCI;Synchronization;;Synchronization + пустая бизнес-роль
vrbalaba;Балаба Виктор Романович (Viktor Balaba);EDW Read CCU;Synchronization;;Synchronization + пустая бизнес-роль
vrbalaba;Балаба Виктор Романович (Viktor Balaba);EDW Read CDI;Synchronization;;Synchronization + пустая бизнес-роль
vrbalaba;Балаба Виктор Романович (Viktor Balaba);EDW Read Core;Synchronization;;Synchronization + пустая бизнес-роль
vrbalaba;Балаба Виктор Романович (Viktor Balaba);EDW Read CRM;Synchronization;;Synchronization + пустая бизнес-роль
vrbalaba;Балаба Виктор Романович (Viktor Balaba);EDW Read RB;Synchronization;;Synchronization + пустая бизнес-роль
vrbalaba;Балаба Виктор Романович (Viktor Balaba);EDW Resource Administrator;Synchronization;;Synchronization + пустая бизнес-роль
vrbalaba;Балаба Виктор Романович (Viktor Balaba);ODS All CDM;Synchronization;;Synchronization + пустая бизнес-роль
vrbalaba;Балаба Виктор Романович (Viktor Balaba);ODS All Cdm Analysis;Synchronization;;Synchronization + пустая бизнес-роль
vrbalaba;Балаба Виктор Романович (Viktor Balaba);ODS All Cdm Analysis Out;Synchronization;;Synchronization + пустая бизнес-роль
vrbalaba;Балаба Виктор Романович (Viktor Balaba);ODS All DIAS;Synchronization;;Synchronization + пустая бизнес-роль
vrbalaba;Балаба Виктор Романович (Viktor Balaba);ODS All ESTAFF;Synchronization;;Synchronization + пустая бизнес-роль
vrbalaba;Балаба Виктор Романович (Viktor Balaba);ODS All Finance;Synchronization;;Synchronization + пустая бизнес-роль
vrbalaba;Балаба Виктор Романович (Viktor Balaba);ODS All FOC;Synchronization;;Synchronization + пустая бизнес-роль
vrbalaba;Балаба Виктор Романович (Viktor Balaba);ODS All ITAM;Synchronization;;Synchronization + пустая бизнес-роль
vrbalaba;Балаба Виктор Романович (Viktor Balaba);ODS All RI;Synchronization;;Synchronization + пустая бизнес-роль
vrbalaba;Балаба Виктор Романович (Viktor Balaba);ODS All UKDZISP;Synchronization;;Synchronization + пустая бизнес-роль
vrbalaba;Балаба Виктор Романович (Viktor Balaba);ODS All WT;Synchronization;;Synchronization + пустая бизнес-роль
vrbalaba;Балаба Виктор Романович (Viktor Balaba);ODS Read Actuary;Synchronization;;Synchronization + пустая бизнес-роль
vrbalaba;Балаба Виктор Романович (Viktor Balaba);ODS Read ARCtrl;Synchronization;;Synchronization + пустая бизнес-роль
vrbalaba;Балаба Виктор Романович (Viktor Balaba);ODS Read ARM4;Synchronization;;Synchronization + пустая бизнес-роль
vrbalaba;Балаба Виктор Романович (Viktor Balaba);ODS Read Audatex;Synchronization;;Synchronization + пустая бизнес-роль
vrbalaba;Балаба Виктор Романович (Viktor Balaba);ODS Read Auto;Synchronization;;Synchronization + пустая бизнес-роль
vrbalaba;Балаба Виктор Романович (Viktor Balaba);ODS Read BCAPP;Synchronization;;Synchronization + пустая бизнес-роль
vrbalaba;Балаба Виктор Романович (Viktor Balaba);ODS Read BCI;Synchronization;;Synchronization + пустая бизнес-роль
vrbalaba;Балаба Виктор Романович (Viktor Balaba);ODS Read BOSS;Synchronization;;Synchronization + пустая бизнес-роль
vrbalaba;Балаба Виктор Романович (Viktor Balaba);ODS Read Boss 1;Synchronization;;Synchronization + пустая бизнес-роль
vrbalaba;Балаба Виктор Романович (Viktor Balaba);ODS Read BSO;Synchronization;;Synchronization + пустая бизнес-роль
vrbalaba;Балаба Виктор Романович (Viktor Balaba);ODS Read CC;Synchronization;;Synchronization + пустая бизнес-роль
vrbalaba;Балаба Виктор Романович (Viktor Balaba);ODS Read DIAS;Synchronization;;Synchronization + пустая бизнес-роль
vrbalaba;Балаба Виктор Романович (Viktor Balaba);ODS Read DMS;Synchronization;;Synchronization + пустая бизнес-роль
vrbalaba;Балаба Виктор Романович (Viktor Balaba);ODS Read DoubleData;Synchronization;;Synchronization + пустая бизнес-роль
vrbalaba;Балаба Виктор Романович (Viktor Balaba);ODS Read DSA;Synchronization;;Synchronization + пустая бизнес-роль
vrbalaba;Балаба Виктор Романович (Viktor Balaba);ODS Read EKIS;Synchronization;;Synchronization + пустая бизнес-роль
vrbalaba;Балаба Виктор Романович (Viktor Balaba);ODS Read Equifax;Synchronization;;Synchronization + пустая бизнес-роль
vrbalaba;Балаба Виктор Романович (Viktor Balaba);ODS Read Finance;Synchronization;;Synchronization + пустая бизнес-роль
vrbalaba;Балаба Виктор Романович (Viktor Balaba);ODS Read FOIV;Synchronization;;Synchronization + пустая бизнес-роль
vrbalaba;Балаба Виктор Романович (Viktor Balaba);ODS Read IA;Synchronization;;Synchronization + пустая бизнес-роль
vrbalaba;Балаба Виктор Романович (Viktor Balaba);ODS Read KIAS;Synchronization;;Synchronization + пустая бизнес-роль
vrbalaba;Балаба Виктор Романович (Viktor Balaba);ODS Read LK;Synchronization;;Synchronization + пустая бизнес-роль
vrbalaba;Балаба Виктор Романович (Viktor Balaba);ODS Read MFMS;Synchronization;;Synchronization + пустая бизнес-роль
vrbalaba;Балаба Виктор Романович (Viktor Balaba);ODS Read Mobile;Synchronization;;Synchronization + пустая бизнес-роль
vrbalaba;Балаба Виктор Романович (Viktor Balaba);ODS Read Naumen;Synchronization;;Synchronization + пустая бизнес-роль
vrbalaba;Балаба Виктор Романович (Viktor Balaba);ODS Read NBKI;Synchronization;;Synchronization + пустая бизнес-роль
vrbalaba;Балаба Виктор Романович (Viktor Balaba);ODS Read OpenBank;Synchronization;;Synchronization + пустая бизнес-роль
vrbalaba;Балаба Виктор Романович (Viktor Balaba);ODS Read Operation;Synchronization;;Synchronization + пустая бизнес-роль
vrbalaba;Балаба Виктор Романович (Viktor Balaba);ODS Read PCAPP;Synchronization;;Synchronization + пустая бизнес-роль
vrbalaba;Балаба Виктор Романович (Viktor Balaba);ODS Read Property;Synchronization;;Synchronization + пустая бизнес-роль
vrbalaba;Балаба Виктор Романович (Viktor Balaba);ODS Read Report;Synchronization;;Synchronization + пустая бизнес-роль
vrbalaba;Балаба Виктор Романович (Viktor Balaba);ODS Read RGSJ;Synchronization;;Synchronization + пустая бизнес-роль
vrbalaba;Балаба Виктор Романович (Viktor Balaba);ODS Read RGSSCC;Synchronization;;Synchronization + пустая бизнес-роль
vrbalaba;Балаба Виктор Романович (Viktor Balaba);ODS Read RSAKBM;Synchronization;;Synchronization + пустая бизнес-роль
vrbalaba;Балаба Виктор Романович (Viktor Balaba);ODS Read SAP;Synchronization;;Synchronization + пустая бизнес-роль
vrbalaba;Балаба Виктор Романович (Viktor Balaba);ODS Read SCR;Synchronization;;Synchronization + пустая бизнес-роль
vrbalaba;Балаба Виктор Романович (Viktor Balaba);ODS Read Splunk UFO;Synchronization;;Synchronization + пустая бизнес-роль
vrbalaba;Балаба Виктор Романович (Viktor Balaba);ODS Read Telematics;Synchronization;;Synchronization + пустая бизнес-роль
vrbalaba;Балаба Виктор Романович (Viktor Balaba);ODS Read Transdekra;Synchronization;;Synchronization + пустая бизнес-роль
vrbalaba;Балаба Виктор Романович (Viktor Balaba);ODS Read UFO;Synchronization;;Synchronization + пустая бизнес-роль
vrbalaba;Балаба Виктор Романович (Viktor Balaba);ODS Read UKDZISP;Synchronization;;Synchronization + пустая бизнес-роль
vrbalaba;Балаба Виктор Романович (Viktor Balaba);ODS Read UPP;Synchronization;;Synchronization + пустая бизнес-роль
vrbalaba;Балаба Виктор Романович (Viktor Balaba);ODS Resource Administrator;Synchronization;;Synchronization + пустая бизнес-роль
vrbalaba;Балаба Виктор Романович (Viktor Balaba);ODS Unspec Auto;Synchronization;;Synchronization + пустая бизнес-роль
vrkapishevskaya;Капишевская Валерия Радиковна (Valeriya Kapishevskaya);EDW All Cdm Analysis;Synchronization;;Synchronization + пустая бизнес-роль
vrkapishevskaya;Капишевская Валерия Радиковна (Valeriya Kapishevskaya);EDW Read CCU;Synchronization;;Synchronization + пустая бизнес-роль
vrkapishevskaya;Капишевская Валерия Радиковна (Valeriya Kapishevskaya);EDW Read Cdm Analysis;Synchronization;;Synchronization + пустая бизнес-роль
vrkapishevskaya;Капишевская Валерия Радиковна (Valeriya Kapishevskaya);EDW Read Cdm Analysis Out;Synchronization;;Synchronization + пустая бизнес-роль
vrkapishevskaya;Капишевская Валерия Радиковна (Valeriya Kapishevskaya);EDW Read Core;Synchronization;;Synchronization + пустая бизнес-роль
vrkapishevskaya;Капишевская Валерия Радиковна (Valeriya Kapishevskaya);ODS Read Auto;Synchronization;;Synchronization + пустая бизнес-роль
vrkapishevskaya;Капишевская Валерия Радиковна (Valeriya Kapishevskaya);ODS Read BCAPP;Synchronization;;Synchronization + пустая бизнес-роль
vrkapishevskaya;Капишевская Валерия Радиковна (Valeriya Kapishevskaya);ODS Read CDM;Synchronization;;Synchronization + пустая бизнес-роль
vrkapishevskaya;Капишевская Валерия Радиковна (Valeriya Kapishevskaya);ODS Read Cdm Analysis;Synchronization;;Synchronization + пустая бизнес-роль
vrkapishevskaya;Капишевская Валерия Радиковна (Valeriya Kapishevskaya);ODS Read Cdm Analysis Out;Synchronization;;Synchronization + пустая бизнес-роль
vrkapishevskaya;Капишевская Валерия Радиковна (Valeriya Kapishevskaya);ODS Read PCAPP;Synchronization;;Synchronization + пустая бизнес-роль
vrkapishevskaya;Капишевская Валерия Радиковна (Valeriya Kapishevskaya);ODS Read Report;Synchronization;;Synchronization + пустая бизнес-роль
vrkapishevskaya;Капишевская Валерия Радиковна (Valeriya Kapishevskaya);ODS Read RGSSCC;Synchronization;;Synchronization + пустая бизнес-роль
vrkapishevskaya;Капишевская Валерия Радиковна (Valeriya Kapishevskaya);ODS Read SAP;Synchronization;;Synchronization + пустая бизнес-роль
vrkapishevskaya;Капишевская Валерия Радиковна (Valeriya Kapishevskaya);ODS Read UKDZISP;Synchronization;;Synchronization + пустая бизнес-роль
vsbarykov;Барыков Владимир Сергеевич (Vladimir Barykov);ART Данные поезд-1-94909927;Synchronization;;Synchronization + пустая бизнес-роль
vsbarykov;Барыков Владимир Сергеевич (Vladimir Barykov);DWH Administrator;Synchronization;;Synchronization + пустая бизнес-роль
vserin;Ерин Вячеслав Сергеевич (Vyacheslav Erin);EDW All CDM;Synchronization;;Synchronization + пустая бизнес-роль
vserin;Ерин Вячеслав Сергеевич (Vyacheslav Erin);EDW All Cdm Analysis;Synchronization;;Synchronization + пустая бизнес-роль
vserin;Ерин Вячеслав Сергеевич (Vyacheslav Erin);EDW Read CDM;Synchronization;;Synchronization + пустая бизнес-роль
vserin;Ерин Вячеслав Сергеевич (Vyacheslav Erin);EDW Read Core;Synchronization;;Synchronization + пустая бизнес-роль
vserin;Ерин Вячеслав Сергеевич (Vyacheslav Erin);ODS Read ARM4;Synchronization;;Synchronization + пустая бизнес-роль
vserin;Ерин Вячеслав Сергеевич (Vyacheslav Erin);ODS Read CC;Synchronization;;Synchronization + пустая бизнес-роль
vserin;Ерин Вячеслав Сергеевич (Vyacheslav Erin);ODS Read EKIS;Synchronization;;Synchronization + пустая бизнес-роль
vserin;Ерин Вячеслав Сергеевич (Vyacheslav Erin);ODS Read KIAS;Synchronization;;Synchronization + пустая бизнес-роль
vserin;Ерин Вячеслав Сергеевич (Vyacheslav Erin);ODS Read PCAPP;Synchronization;;Synchronization + пустая бизнес-роль
vserin;Ерин Вячеслав Сергеевич (Vyacheslav Erin);ODS Read RGSSCC;Synchronization;;Synchronization + пустая бизнес-роль
vskashkin;Кашкин Вадим Сергеевич (Vadim Kashkin);DWH Developer;Synchronization;;Synchronization + пустая бизнес-роль
vskashkin;Кашкин Вадим Сергеевич (Vadim Kashkin);EDW All CCU;Synchronization;;Synchronization + пустая бизнес-роль
vskashkin;Кашкин Вадим Сергеевич (Vadim Kashkin);EDW All CDM;Synchronization;;Synchronization + пустая бизнес-роль
vskashkin;Кашкин Вадим Сергеевич (Vadim Kashkin);EDW All Cdm Analysis;Synchronization;;Synchronization + пустая бизнес-роль
vskashkin;Кашкин Вадим Сергеевич (Vadim Kashkin);EDW All Cdm Analysis Out;Synchronization;;Synchronization + пустая бизнес-роль
vskashkin;Кашкин Вадим Сергеевич (Vadim Kashkin);EDW Read CDI;Synchronization;;Synchronization + пустая бизнес-роль
vskashkin;Кашкин Вадим Сергеевич (Vadim Kashkin);EDW Read Cdm Analysis Out;Synchronization;;Synchronization + пустая бизнес-роль
vskashkin;Кашкин Вадим Сергеевич (Vadim Kashkin);EDW Read Core;Synchronization;;Synchronization + пустая бизнес-роль
vskashkin;Кашкин Вадим Сергеевич (Vadim Kashkin);ODS All Auto;Synchronization;;Synchronization + пустая бизнес-роль
vskashkin;Кашкин Вадим Сергеевич (Vadim Kashkin);ODS All CCU;Synchronization;;Synchronization + пустая бизнес-роль
vskashkin;Кашкин Вадим Сергеевич (Vadim Kashkin);ODS All CDM;Synchronization;;Synchronization + пустая бизнес-роль
vskashkin;Кашкин Вадим Сергеевич (Vadim Kashkin);ODS All Cdm Analysis;Synchronization;;Synchronization + пустая бизнес-роль
vskashkin;Кашкин Вадим Сергеевич (Vadim Kashkin);ODS All Cdm Analysis Out;Synchronization;;Synchronization + пустая бизнес-роль
vskashkin;Кашкин Вадим Сергеевич (Vadim Kashkin);ODS All KIAS;Synchronization;;Synchronization + пустая бизнес-роль
vskashkin;Кашкин Вадим Сергеевич (Vadim Kashkin);ODS All LK;Synchronization;;Synchronization + пустая бизнес-роль
vskashkin;Кашкин Вадим Сергеевич (Vadim Kashkin);ODS All Report;Synchronization;;Synchronization + пустая бизнес-роль
vskashkin;Кашкин Вадим Сергеевич (Vadim Kashkin);ODS Read ARM4;Synchronization;;Synchronization + пустая бизнес-роль
vskashkin;Кашкин Вадим Сергеевич (Vadim Kashkin);ODS Read CC;Synchronization;;Synchronization + пустая бизнес-роль
vskashkin;Кашкин Вадим Сергеевич (Vadim Kashkin);ODS Read Cdm Analysis Out;Synchronization;;Synchronization + пустая бизнес-роль
vskashkin;Кашкин Вадим Сергеевич (Vadim Kashkin);ODS Read EKIS;Synchronization;;Synchronization + пустая бизнес-роль
vskashkin;Кашкин Вадим Сергеевич (Vadim Kashkin);ODS Read PCAPP;Synchronization;;Synchronization + пустая бизнес-роль
vskashkin;Кашкин Вадим Сергеевич (Vadim Kashkin);ODS Read RGSSCC;Synchronization;;Synchronization + пустая бизнес-роль
vsmerkulova;Меркулова Вероника Сергеевна (Veronika Merkulova);ODS Read ARM4;Synchronization;;Synchronization + пустая бизнес-роль
vsmerkulova;Меркулова Вероника Сергеевна (Veronika Merkulova);ODS Read EKIS;Synchronization;;Synchronization + пустая бизнес-роль
vsmerkulova;Меркулова Вероника Сергеевна (Veronika Merkulova);ODS Unspec Property;Synchronization;;Synchronization + пустая бизнес-роль
vsorlov;Орлов Валентин Станиславович (Valentin Orlov);ODS Read BCAPP;Synchronization;;Synchronization + пустая бизнес-роль
vsorlov;Орлов Валентин Станиславович (Valentin Orlov);ODS Read JIRA;Synchronization;;Synchronization + пустая бизнес-роль
vsorlov;Орлов Валентин Станиславович (Valentin Orlov);ODS Read Naumen;Synchronization;;Synchronization + пустая бизнес-роль
vsorlov;Орлов Валентин Станиславович (Valentin Orlov);ODS Read PCAPP;Synchronization;;Synchronization + пустая бизнес-роль
vsorlov;Орлов Валентин Станиславович (Valentin Orlov);ODS Read Splunk UFO;Synchronization;;Synchronization + пустая бизнес-роль
vsorlov;Орлов Валентин Станиславович (Valentin Orlov);ODS Read UFO;Synchronization;;Synchronization + пустая бизнес-роль
vspryakhin;Пряхин Владимир Сергеевич (Vladimir Pryakhin);EDW All RB;Synchronization;;Synchronization + пустая бизнес-роль
vspryakhin;Пряхин Владимир Сергеевич (Vladimir Pryakhin);EDW Read Core;Synchronization;;Synchronization + пустая бизнес-роль
vspryakhin;Пряхин Владимир Сергеевич (Vladimir Pryakhin);ODS All RB Market;Synchronization;;Synchronization + пустая бизнес-роль
vspryakhin;Пряхин Владимир Сергеевич (Vladimir Pryakhin);ODS Read ARM4;Synchronization;;Synchronization + пустая бизнес-роль
vspryakhin;Пряхин Владимир Сергеевич (Vladimir Pryakhin);ODS Read Auto;Synchronization;;Synchronization + пустая бизнес-роль
vspryakhin;Пряхин Владимир Сергеевич (Vladimir Pryakhin);ODS Read BCAPP;Synchronization;;Synchronization + пустая бизнес-роль
vspryakhin;Пряхин Владимир Сергеевич (Vladimir Pryakhin);ODS Read BOSS;Synchronization;;Synchronization + пустая бизнес-роль
vspryakhin;Пряхин Владимир Сергеевич (Vladimir Pryakhin);ODS Read Boss 1;Synchronization;;Synchronization + пустая бизнес-роль
vspryakhin;Пряхин Владимир Сергеевич (Vladimir Pryakhin);ODS Read CC;Synchronization;;Synchronization + пустая бизнес-роль
vspryakhin;Пряхин Владимир Сергеевич (Vladimir Pryakhin);ODS Read EKIS;Synchronization;;Synchronization + пустая бизнес-роль
vspryakhin;Пряхин Владимир Сергеевич (Vladimir Pryakhin);ODS Read Finance;Synchronization;;Synchronization + пустая бизнес-роль
vspryakhin;Пряхин Владимир Сергеевич (Vladimir Pryakhin);ODS Read Naumen;Synchronization;;Synchronization + пустая бизнес-роль
vspryakhin;Пряхин Владимир Сергеевич (Vladimir Pryakhin);ODS Read PCAPP;Synchronization;;Synchronization + пустая бизнес-роль
vspryakhin;Пряхин Владимир Сергеевич (Vladimir Pryakhin);ODS Read RGSSCC;Synchronization;;Synchronization + пустая бизнес-роль
vspryakhin;Пряхин Владимир Сергеевич (Vladimir Pryakhin);ODS Read RI;Synchronization;;Synchronization + пустая бизнес-роль
vspryakhin;Пряхин Владимир Сергеевич (Vladimir Pryakhin);ODS Read SAP;Synchronization;;Synchronization + пустая бизнес-роль
vspryakhin;Пряхин Владимир Сергеевич (Vladimir Pryakhin);ODS Read UFO;Synchronization;;Synchronization + пустая бизнес-роль
vspryakhin;Пряхин Владимир Сергеевич (Vladimir Pryakhin);ODS Read VIRTU;Synchronization;;Synchronization + пустая бизнес-роль
vszhuravlev;Журавлев Виталий Сергеевич (Vitaliy Zhuravlev);ODS Read PCAPP;Synchronization;;Synchronization + пустая бизнес-роль
vszhuravlev;Журавлев Виталий Сергеевич (Vitaliy Zhuravlev);ODS Read UPP;Synchronization;;Synchronization + пустая бизнес-роль
vvbelov;Белов Владислав Витальевич (Vladislav Belov);ODS Read Naumen;Synchronization;;Synchronization + пустая бизнес-роль
vvbushmin;Бушмин Виктор Вячеславович (Viktor Bushmin);ART Данные лид-11605388543;Synchronization;;Synchronization + пустая бизнес-роль
vvbushmin;Бушмин Виктор Вячеславович (Viktor Bushmin);ART Данные поезд-1-94909927;Synchronization;;Synchronization + пустая бизнес-роль
vvbushmin;Бушмин Виктор Вячеславович (Viktor Bushmin);EDW All MLDEV19;Synchronization;;Synchronization + пустая бизнес-роль
vvbushmin;Бушмин Виктор Вячеславович (Viktor Bushmin);EDW All MLDEV72;Synchronization;;Synchronization + пустая бизнес-роль
vvbushmin;Бушмин Виктор Вячеславович (Viktor Bushmin);EDW All Property;Synchronization;;Synchronization + пустая бизнес-роль
vvbushmin;Бушмин Виктор Вячеславович (Viktor Bushmin);EDW Read CDI;Synchronization;;Synchronization + пустая бизнес-роль
vvbushmin;Бушмин Виктор Вячеславович (Viktor Bushmin);EDW Read Core;Synchronization;;Synchronization + пустая бизнес-роль
vvbushmin;Бушмин Виктор Вячеславович (Viktor Bushmin);ODS All Audatex;Synchronization;;Synchronization + пустая бизнес-роль
vvbushmin;Бушмин Виктор Вячеславович (Viktor Bushmin);ODS All Auto;Synchronization;;Synchronization + пустая бизнес-роль
vvbushmin;Бушмин Виктор Вячеславович (Viktor Bushmin);ODS All Equifax;Synchronization;;Synchronization + пустая бизнес-роль
vvbushmin;Бушмин Виктор Вячеславович (Viktor Bushmin);ODS All Insbridge;Synchronization;;Synchronization + пустая бизнес-роль
vvbushmin;Бушмин Виктор Вячеславович (Viktor Bushmin);ODS All MFMS;Synchronization;;Synchronization + пустая бизнес-роль
vvbushmin;Бушмин Виктор Вячеславович (Viktor Bushmin);ODS All MLDEV19;Synchronization;;Synchronization + пустая бизнес-роль
vvbushmin;Бушмин Виктор Вячеславович (Viktor Bushmin);ODS All MLDEV72;Synchronization;;Synchronization + пустая бизнес-роль
vvbushmin;Бушмин Виктор Вячеславович (Viktor Bushmin);ODS All Mobile;Synchronization;;Synchronization + пустая бизнес-роль
vvbushmin;Бушмин Виктор Вячеславович (Viktor Bushmin);ODS All Property;Synchronization;;Synchronization + пустая бизнес-роль
vvbushmin;Бушмин Виктор Вячеславович (Viktor Bushmin);ODS All RSAKBM;Synchronization;;Synchronization + пустая бизнес-роль
vvbushmin;Бушмин Виктор Вячеславович (Viktor Bushmin);ODS All Transdekra;Synchronization;;Synchronization + пустая бизнес-роль
vvbushmin;Бушмин Виктор Вячеславович (Viktor Bushmin);ODS Read ARCtrl;Synchronization;;Synchronization + пустая бизнес-роль
vvbushmin;Бушмин Виктор Вячеславович (Viktor Bushmin);ODS Read ARM4;Synchronization;;Synchronization + пустая бизнес-роль
vvbushmin;Бушмин Виктор Вячеславович (Viktor Bushmin);ODS Read CC;Synchronization;;Synchronization + пустая бизнес-роль
vvbushmin;Бушмин Виктор Вячеславович (Viktor Bushmin);ODS Read EKIS;Synchronization;;Synchronization + пустая бизнес-роль
vvbushmin;Бушмин Виктор Вячеславович (Viktor Bushmin);ODS Read PCAPP;Synchronization;;Synchronization + пустая бизнес-роль
vvbushmin;Бушмин Виктор Вячеславович (Viktor Bushmin);ODS Read RGSSCC;Synchronization;;Synchronization + пустая бизнес-роль
vvbushmin;Бушмин Виктор Вячеславович (Viktor Bushmin);ODS Read RI;Synchronization;;Synchronization + пустая бизнес-роль
vvbushmin;Бушмин Виктор Вячеславович (Viktor Bushmin);ODS Read SAP;Synchronization;;Synchronization + пустая бизнес-роль
vvbushmin;Бушмин Виктор Вячеславович (Viktor Bushmin);ODS Read UFO;Synchronization;;Synchronization + пустая бизнес-роль
vvbushmin;Бушмин Виктор Вячеславович (Viktor Bushmin);ODS Read VIRTU;Synchronization;;Synchronization + пустая бизнес-роль
vvimakarov;Макаров Владимир Викторович (Vladimir Makarov);EDW Read Core;Synchronization;;Synchronization + пустая бизнес-роль
vvimakarov;Макаров Владимир Викторович (Vladimir Makarov);ODS Read Finance;Synchronization;;Synchronization + пустая бизнес-роль
vvimakarov;Макаров Владимир Викторович (Vladimir Makarov);ODS Read Report;Synchronization;;Synchronization + пустая бизнес-роль
vvimakarov;Макаров Владимир Викторович (Vladimir Makarov);ODS Read RGSSCC;Synchronization;;Synchronization + пустая бизнес-роль
vvimakarov;Макаров Владимир Викторович (Vladimir Makarov);ODS Read SAP;Synchronization;;Synchronization + пустая бизнес-роль
vvnikishaeva;Никишаева Вероника Витальевна (Veronika Nikishaeva);EDW All RB;Synchronization;;Synchronization + пустая бизнес-роль
vvryazanov;Рязанов Василий Владимирович (Ryazanov Vasiliy);EDW All MLDEV72;Synchronization;;Synchronization + пустая бизнес-роль
vvryazanov;Рязанов Василий Владимирович (Ryazanov Vasiliy);ODS All MLDEV72;Synchronization;;Synchronization + пустая бизнес-роль
vvsvetankov;Светанков Владислав Владимирович (Vladislav Svetankov);EDW All Mortgage;Synchronization;;Synchronization + пустая бизнес-роль
vvsvetankov;Светанков Владислав Владимирович (Vladislav Svetankov);EDW Read Core;Synchronization;;Synchronization + пустая бизнес-роль
vvzhamkov;Жамков Владимир Владимирович (Vladimir Zhamkov);ART Partners. РГС PRO-1-1594249140;Synchronization;;Synchronization + пустая бизнес-роль
vyubazylev;Базылев Вадим Юрьевич (Vadim Bazylev);ODS Read BCAPP;Synchronization;;Synchronization + пустая бизнес-роль
vyubazylev;Базылев Вадим Юрьевич (Vadim Bazylev);ODS Read EKIS;Synchronization;;Synchronization + пустая бизнес-роль
vyubazylev;Базылев Вадим Юрьевич (Vadim Bazylev);ODS Read PCAPP;Synchronization;;Synchronization + пустая бизнес-роль
xbrl_1c;xbrl_1c;EDW Read Actuary;Synchronization;;Synchronization + пустая бизнес-роль
xbrl_1c;xbrl_1c;EDW Read Cdm Analysis Out;Synchronization;;Synchronization + пустая бизнес-роль
xbrl_1c;xbrl_1c;EDW Read Core;Synchronization;;Synchronization + пустая бизнес-роль
xbrl_1c;xbrl_1c;ODS All fb781p;Synchronization;;Synchronization + пустая бизнес-роль
xbrl_1c;xbrl_1c;ODS All XBRL;Synchronization;;Synchronization + пустая бизнес-роль
xbrl_1c;xbrl_1c;ODS Read Actuary;Synchronization;;Synchronization + пустая бизнес-роль
xbrl_1c;xbrl_1c;ODS Read Cdm Analysis Out;Synchronization;;Synchronization + пустая бизнес-роль
xbrl_1c;xbrl_1c;ODS Read msfo17;Synchronization;;Synchronization + пустая бизнес-роль
xbrl_1c;xbrl_1c;ODS Read XBRL;Synchronization;;Synchronization + пустая бизнес-роль
xbrl_1c;xbrl_1c;ODS Unspec Analysis;Synchronization;;Synchronization + пустая бизнес-роль
xsell_ifl_user;xsell_ifl_user;EDW Read Core;Synchronization;;Synchronization + пустая бизнес-роль
yaasenin;Сенин Ярослав Анатольевич (Yaroslav Senin);ODS Read UFO;Synchronization;;Synchronization + пустая бизнес-роль
yagkirillova;Кириллова Яна Геннадьевна (Yana Kirillova);ODS Read UFO;Synchronization;;Synchronization + пустая бизнес-роль
yakaklyaeva;Какляева Юлия Александровна (Yuliya Kaklyaeva);ART Персонал (Весь поезд)art_hr@rgs.ru-12089312808;Synchronization;;Synchronization + пустая бизнес-роль
yaromanov;Романов Юрий Анатольевич (Yuriy Romanov);ODS Read ARM4;Synchronization;;Synchronization + пустая бизнес-роль
yaromanov;Романов Юрий Анатольевич (Yuriy Romanov);ODS Read CC;Synchronization;;Synchronization + пустая бизнес-роль
yaromanov;Романов Юрий Анатольевич (Yuriy Romanov);ODS Read EKIS;Synchronization;;Synchronization + пустая бизнес-роль
yaromanov;Романов Юрий Анатольевич (Yuriy Romanov);ODS Read RGSSCC;Synchronization;;Synchronization + пустая бизнес-роль
ybelousova;Белоусова Юлия Викторовна (Yuliya Belousova);ADB Owner Dm msfo17;Synchronization;;Synchronization + пустая бизнес-роль
ybelousova;Белоусова Юлия Викторовна (Yuliya Belousova);ADB Write Dm msfo17;Synchronization;;Synchronization + пустая бизнес-роль
ybelousova;Белоусова Юлия Викторовна (Yuliya Belousova);ADBT Owner Dm msfo17;Synchronization;;Synchronization + пустая бизнес-роль
ybelousova;Белоусова Юлия Викторовна (Yuliya Belousova);ADBT Write Dm msfo17;Synchronization;;Synchronization + пустая бизнес-роль
ydniskovsky;Нисковский Юрий Денисович (Yury Niskovsky);ODS All Auto;Synchronization;;Synchronization + пустая бизнес-роль
ydniskovsky;Нисковский Юрий Денисович (Yury Niskovsky);ODS Read RGSSCC;Synchronization;;Synchronization + пустая бизнес-роль
ygkharitonov;Харитонов Юрий Геннадьевич (Yuriy Kharitonov);ODS All fb781p;Synchronization;;Synchronization + пустая бизнес-роль
ygkharitonov;Харитонов Юрий Геннадьевич (Yuriy Kharitonov);ODS Read fb781p;Synchronization;;Synchronization + пустая бизнес-роль
yinefedov;Нефедов Ярослав Игоревич (Yaroslav Nefedov);ODS Read Auto;Synchronization;;Synchronization + пустая бизнес-роль
ymbushuev;Бушуев Юрий Михайлович (Yuriy Bushuev);ODS Read UFO;Synchronization;;Synchronization + пустая бизнес-роль
ysbudakyan;Будакян Ян Сергеевич (Yan Budakyan);EDW Read CDI;Synchronization;;Synchronization + пустая бизнес-роль
ysbudakyan;Будакян Ян Сергеевич (Yan Budakyan);ODS Read Auto;Synchronization;;Synchronization + пустая бизнес-роль
ysbudakyan;Будакян Ян Сергеевич (Yan Budakyan);ODS Read Insbridge;Synchronization;;Synchronization + пустая бизнес-роль
ysbudakyan;Будакян Ян Сергеевич (Yan Budakyan);ODS Read Mobile;Synchronization;;Synchronization + пустая бизнес-роль
ysbudakyan;Будакян Ян Сергеевич (Yan Budakyan);ODS Read Splunk Avtocod;Synchronization;;Synchronization + пустая бизнес-роль
ysbudakyan;Будакян Ян Сергеевич (Yan Budakyan);ODS Read Splunk KBM;Synchronization;;Synchronization + пустая бизнес-роль
ysbudakyan;Будакян Ян Сергеевич (Yan Budakyan);ODS Read Transdekra;Synchronization;;Synchronization + пустая бизнес-роль
yskazakova;Казакова Юлия Сергеевна (Yuliya Kazakova);EDW Read Core;Synchronization;;Synchronization + пустая бизнес-роль
yskazakova;Казакова Юлия Сергеевна (Yuliya Kazakova);EDW Read SCOP;Synchronization;;Synchronization + пустая бизнес-роль
yuaivakhnenko;Ивахненко Юрий Александрович (Yuriy Ivakhnenko);CBD All Cdm Analysis;Synchronization;;Synchronization + пустая бизнес-роль
yuaivakhnenko;Ивахненко Юрий Александрович (Yuriy Ivakhnenko);CBD Read Cdm Analysis Ou;Synchronization;;Synchronization + пустая бизнес-роль
yuaivakhnenko;Ивахненко Юрий Александрович (Yuriy Ivakhnenko);DWH Developer;Synchronization;;Synchronization + пустая бизнес-роль
yuaivakhnenko;Ивахненко Юрий Александрович (Yuriy Ivakhnenko);EDW All CDM;Synchronization;;Synchronization + пустая бизнес-роль
yuaivakhnenko;Ивахненко Юрий Александрович (Yuriy Ivakhnenko);EDW Read Cdm Analysis;Synchronization;;Synchronization + пустая бизнес-роль
yuaivakhnenko;Ивахненко Юрий Александрович (Yuriy Ivakhnenko);EDW Read Cdm Analysis Out;Synchronization;;Synchronization + пустая бизнес-роль
yuaivakhnenko;Ивахненко Юрий Александрович (Yuriy Ivakhnenko);EDW Read Core;Synchronization;;Synchronization + пустая бизнес-роль
yuaivakhnenko;Ивахненко Юрий Александрович (Yuriy Ivakhnenko);EDW Resource Administrator;Synchronization;;Synchronization + пустая бизнес-роль
yuaivakhnenko;Ивахненко Юрий Александрович (Yuriy Ivakhnenko);ODS All CDM;Synchronization;;Synchronization + пустая бизнес-роль
yuaivakhnenko;Ивахненко Юрий Александрович (Yuriy Ivakhnenko);ODS Owner CDM;Synchronization;;Synchronization + пустая бизнес-роль
yuaivakhnenko;Ивахненко Юрий Александрович (Yuriy Ivakhnenko);ODS Read ARM4;Synchronization;;Synchronization + пустая бизнес-роль
yuaivakhnenko;Ивахненко Юрий Александрович (Yuriy Ivakhnenko);ODS Read Auto;Synchronization;;Synchronization + пустая бизнес-роль
yuaivakhnenko;Ивахненко Юрий Александрович (Yuriy Ivakhnenko);ODS Read BCAPP;Synchronization;;Synchronization + пустая бизнес-роль
yuaivakhnenko;Ивахненко Юрий Александрович (Yuriy Ivakhnenko);ODS Read BSO;Synchronization;;Synchronization + пустая бизнес-роль
yuaivakhnenko;Ивахненко Юрий Александрович (Yuriy Ivakhnenko);ODS Read CC;Synchronization;;Synchronization + пустая бизнес-роль
yuaivakhnenko;Ивахненко Юрий Александрович (Yuriy Ivakhnenko);ODS Read Cdm Analysis;Synchronization;;Synchronization + пустая бизнес-роль
yuaivakhnenko;Ивахненко Юрий Александрович (Yuriy Ivakhnenko);ODS Read Cdm Analysis Out;Synchronization;;Synchronization + пустая бизнес-роль
yuaivakhnenko;Ивахненко Юрий Александрович (Yuriy Ivakhnenko);ODS Read DMS;Synchronization;;Synchronization + пустая бизнес-роль
yuaivakhnenko;Ивахненко Юрий Александрович (Yuriy Ivakhnenko);ODS Read EKIS;Synchronization;;Synchronization + пустая бизнес-роль
yuaivakhnenko;Ивахненко Юрий Александрович (Yuriy Ivakhnenko);ODS Read KIAS;Synchronization;;Synchronization + пустая бизнес-роль
yuaivakhnenko;Ивахненко Юрий Александрович (Yuriy Ivakhnenko);ODS Read PCAPP;Synchronization;;Synchronization + пустая бизнес-роль
yuaivakhnenko;Ивахненко Юрий Александрович (Yuriy Ivakhnenko);ODS Read Report;Synchronization;;Synchronization + пустая бизнес-роль
yuaivakhnenko;Ивахненко Юрий Александрович (Yuriy Ivakhnenko);ODS Read RGSSCC;Synchronization;;Synchronization + пустая бизнес-роль
yuaivakhnenko;Ивахненко Юрий Александрович (Yuriy Ivakhnenko);ODS Read RSAKBM;Synchronization;;Synchronization + пустая бизнес-роль
yuaivakhnenko;Ивахненко Юрий Александрович (Yuriy Ivakhnenko);ODS Read RSAPRD;Synchronization;;Synchronization + пустая бизнес-роль
yuaivakhnenko;Ивахненко Юрий Александрович (Yuriy Ivakhnenko);ODS Read Splunk UFO;Synchronization;;Synchronization + пустая бизнес-роль
yuaivakhnenko;Ивахненко Юрий Александрович (Yuriy Ivakhnenko);ODS Read UFO;Synchronization;;Synchronization + пустая бизнес-роль
yuaivakhnenko;Ивахненко Юрий Александрович (Yuriy Ivakhnenko);ODS Resource Administrator;Synchronization;;Synchronization + пустая бизнес-роль
yuaivakhnenko;Ивахненко Юрий Александрович (Yuriy Ivakhnenko);ODS Unspec Actuary;Synchronization;;Synchronization + пустая бизнес-роль
yuesyutkina;Есюткина Любовь Юрьевна (Lyubov Esyutkina);ART Данные поезд-1-94909927;Synchronization;;Synchronization + пустая бизнес-роль
yuesyutkina;Есюткина Любовь Юрьевна (Lyubov Esyutkina);EDW Read Property;Synchronization;;Synchronization + пустая бизнес-роль
yunnebritov;Небритов Юрий Николаевич (Yuriy Nebritov);ODS Read UFO;Synchronization;;Synchronization + пустая бизнес-роль
yuonitochkin;Ниточкин Юрий Олегович (Yuriy Nitochkin);EDW Read RB;Synchronization;;Synchronization + пустая бизнес-роль
yusbanburkina;Банбуркина Юлия Сергеевна (Yuliya Banburkina);ODS Read Auto;Synchronization;;Synchronization + пустая бизнес-роль
yusstrekalov;Стрекалов Юрий Сергеевич (Yuriy Strekalov);ODS All Auto;Synchronization;;Synchronization + пустая бизнес-роль
yusstrekalov;Стрекалов Юрий Сергеевич (Yuriy Strekalov);ODS All Splunk Avtocod;Synchronization;;Synchronization + пустая бизнес-роль
yusstrekalov;Стрекалов Юрий Сергеевич (Yuriy Strekalov);ODS Read ARM4;Synchronization;;Synchronization + пустая бизнес-роль
yusstrekalov;Стрекалов Юрий Сергеевич (Yuriy Strekalov);ODS Read BCAPP;Synchronization;;Synchronization + пустая бизнес-роль
yusstrekalov;Стрекалов Юрий Сергеевич (Yuriy Strekalov);ODS Read CC;Synchronization;;Synchronization + пустая бизнес-роль
yusstrekalov;Стрекалов Юрий Сергеевич (Yuriy Strekalov);ODS Read EKIS;Synchronization;;Synchronization + пустая бизнес-роль
yusstrekalov;Стрекалов Юрий Сергеевич (Yuriy Strekalov);ODS Read PCAPP;Synchronization;;Synchronization + пустая бизнес-роль
yusstrekalov;Стрекалов Юрий Сергеевич (Yuriy Strekalov);ODS Read RGSSCC;Synchronization;;Synchronization + пустая бизнес-роль
yuvkovalenko;Коваленко Юрий Владимирович (Yuriy Kovalenko);ODS All Auto;Synchronization;;Synchronization + пустая бизнес-роль
yuvkovalenko;Коваленко Юрий Владимирович (Yuriy Kovalenko);ODS All DSA;Synchronization;;Synchronization + пустая бизнес-роль
yuvkovalenko;Коваленко Юрий Владимирович (Yuriy Kovalenko);ODS Read ARM4;Synchronization;;Synchronization + пустая бизнес-роль
yuvkovalenko;Коваленко Юрий Владимирович (Yuriy Kovalenko);ODS Read CC;Synchronization;;Synchronization + пустая бизнес-роль
yuvkovalenko;Коваленко Юрий Владимирович (Yuriy Kovalenko);ODS Read EKIS;Synchronization;;Synchronization + пустая бизнес-роль
yuvkovalenko;Коваленко Юрий Владимирович (Yuriy Kovalenko);ODS Read RGSSCC;Synchronization;;Synchronization + пустая бизнес-роль
yuyuzhitkovskiy;Житковский Юрий Юрьевич (Yuriy Zhitkovskiy);ODS Read ARM4;Synchronization;;Synchronization + пустая бизнес-роль
yuyuzhitkovskiy;Житковский Юрий Юрьевич (Yuriy Zhitkovskiy);ODS Read UFO;Synchronization;;Synchronization + пустая бизнес-роль
yuyuzhitkovskiy;Житковский Юрий Юрьевич (Yuriy Zhitkovskiy);ODS Unspec Property;Synchronization;;Synchronization + пустая бизнес-роль
yvvorobev;Воробьев Юрий Владимирович (Yury Vorobev);ART Data Labs2 Analyst;Synchronization;;Synchronization + пустая бизнес-роль
yvvorobev;Воробьев Юрий Владимирович (Yury Vorobev);ART Данные поезд-1-94909927;Synchronization;;Synchronization + пустая бизнес-роль
yvzaytsev;Зайцев Юрий Валерьевич (Yuriy Zaytsev);DWHT ODS Read Auto;Synchronization;;Synchronization + пустая бизнес-роль
yvzaytsev;Зайцев Юрий Валерьевич (Yuriy Zaytsev);DWHT Ods Read Source;Synchronization;;Synchronization + пустая бизнес-роль
zeshukyurov;Шукюров Заур Эльшанович (Zaur Shukyurov);EDW Read Cdm Analysis Out;Synchronization;;Synchronization + пустая бизнес-роль
zeshukyurov;Шукюров Заур Эльшанович (Zaur Shukyurov);EDW Read Core;Synchronization;;Synchronization + пустая бизнес-роль
zeshukyurov;Шукюров Заур Эльшанович (Zaur Shukyurov);EDW Unspec Analysis;Synchronization;;Synchronization + пустая бизнес-роль
zeshukyurov;Шукюров Заур Эльшанович (Zaur Shukyurov);ODS All BMI;Synchronization;;Synchronization + пустая бизнес-роль
zeshukyurov;Шукюров Заур Эльшанович (Zaur Shukyurov);ODS Read Cdm Analysis Out;Synchronization;;Synchronization + пустая бизнес-роль
zeshukyurov;Шукюров Заур Эльшанович (Zaur Shukyurov);ODS Read DMS;Synchronization;;Synchronization + пустая бизнес-роль
zup_dwh;zup_dwh;DWHT Ods Read Source;Synchronization;;Synchronization + пустая бизнес-роль
zzmalek;Малек Жульетта Жоржевна (Zhuletta Malek);ODS Unspec Auto;Synchronization;;Synchronization + пустая бизнес-роль
