rolname;Name;table_schema;table_name;privilege_type;duplicate_ad_group;revoke_sql
adb_replicat_prod;adb_replicat_prod;etl;repl__core__object_risk_type;SELECT;ADB Write Etl;"REVOKE SELECT ON etl.repl__core__object_risk_type FROM adb_replicat_prod;"
adb_replicat_prod;adb_replicat_prod;etl;repl__core__file;SELECT;ADB Write Etl;"REVOKE SELECT ON etl.repl__core__file FROM adb_replicat_prod;"
adb_replicat_prod;adb_replicat_prod;etl;repl__core__counterparty_course;SELECT;ADB Write Etl;"REVOKE SELECT ON etl.repl__core__counterparty_course FROM adb_replicat_prod;"
dsplohuta;Плохута Дмитрий Сергеевич (Dmitriy Plokhuta);dm_tmp;cmplconccm_sale_channel_type;INSERT;ADB Owner Dm Tmp;"REVOKE INSERT ON dm_tmp.cmplconccm_sale_channel_type FROM dsplohuta;"
dsplohuta;Плохута Дмитрий Сергеевич (Dmitriy Plokhuta);dm_tmp;cmplconccm_sale_channel_type;SELECT;ADB Owner Dm Tmp;"REVOKE SELECT ON dm_tmp.cmplconccm_sale_channel_type FROM dsplohuta;"
dsplohuta;Плохута Дмитрий Сергеевич (Dmitriy Plokhuta);dm_tmp;cmplconccm_sale_channel_type;UPDATE;ADB Owner Dm Tmp;"REVOKE UPDATE ON dm_tmp.cmplconccm_sale_channel_type FROM dsplohuta;"
dsplohuta;Плохута Дмитрий Сергеевич (Dmitriy Plokhuta);dm_tmp;cmplconccm_sale_channel_type;DELETE;ADB Owner Dm Tmp;"REVOKE DELETE ON dm_tmp.cmplconccm_sale_channel_type FROM dsplohuta;"
dsplohuta;Плохута Дмитрий Сергеевич (Dmitriy Plokhuta);dm_tmp;cmplconccm_sale_channel_type;TRUNCATE;ADB Owner Dm Tmp;"REVOKE TRUNCATE ON dm_tmp.cmplconccm_sale_channel_type FROM dsplohuta;"
dsplohuta;Плохута Дмитрий Сергеевич (Dmitriy Plokhuta);dm_tmp;cmplconccm_sale_channel_type;REFERENCES;ADB Owner Dm Tmp;"REVOKE REFERENCES ON dm_tmp.cmplconccm_sale_channel_type FROM dsplohuta;"
dsplohuta;Плохута Дмитрий Сергеевич (Dmitriy Plokhuta);dm_tmp;cmplconccm_sale_channel_type;TRIGGER;ADB Owner Dm Tmp;"REVOKE TRIGGER ON dm_tmp.cmplconccm_sale_channel_type FROM dsplohuta;"
dsplohuta;Плохута Дмитрий Сергеевич (Dmitriy Plokhuta);dm_tmp;cmplconccm_branches;INSERT;ADB Owner Dm Tmp;"REVOKE INSERT ON dm_tmp.cmplconccm_branches FROM dsplohuta;"
dsplohuta;Плохута Дмитрий Сергеевич (Dmitriy Plokhuta);dm_tmp;cmplconccm_branches;SELECT;ADB Owner Dm Tmp;"REVOKE SELECT ON dm_tmp.cmplconccm_branches FROM dsplohuta;"
dsplohuta;Плохута Дмитрий Сергеевич (Dmitriy Plokhuta);dm_tmp;cmplconccm_branches;UPDATE;ADB Owner Dm Tmp;"REVOKE UPDATE ON dm_tmp.cmplconccm_branches FROM dsplohuta;"
dsplohuta;Плохута Дмитрий Сергеевич (Dmitriy Plokhuta);dm_tmp;cmplconccm_branches;DELETE;ADB Owner Dm Tmp;"REVOKE DELETE ON dm_tmp.cmplconccm_branches FROM dsplohuta;"
dsplohuta;Плохута Дмитрий Сергеевич (Dmitriy Plokhuta);dm_tmp;cmplconccm_branches;TRUNCATE;ADB Owner Dm Tmp;"REVOKE TRUNCATE ON dm_tmp.cmplconccm_branches FROM dsplohuta;"
dsplohuta;Плохута Дмитрий Сергеевич (Dmitriy Plokhuta);dm_tmp;cmplconccm_branches;REFERENCES;ADB Owner Dm Tmp;"REVOKE REFERENCES ON dm_tmp.cmplconccm_branches FROM dsplohuta;"
dsplohuta;Плохута Дмитрий Сергеевич (Dmitriy Plokhuta);dm_tmp;cmplconccm_branches;TRIGGER;ADB Owner Dm Tmp;"REVOKE TRIGGER ON dm_tmp.cmplconccm_branches FROM dsplohuta;"
adb_replicat_prod;adb_replicat_prod;etl;repl__core__reinsurance_declared_return;SELECT;ADB Write Etl;"REVOKE SELECT ON etl.repl__core__reinsurance_declared_return FROM adb_replicat_prod;"
adb_replicat_prod;adb_replicat_prod;etl;repl__core__counterparty_link;SELECT;ADB Write Etl;"REVOKE SELECT ON etl.repl__core__counterparty_link FROM adb_replicat_prod;"
adb_replicat_prod;adb_replicat_prod;etl;repl__core__contract_expense;SELECT;ADB Write Etl;"REVOKE SELECT ON etl.repl__core__contract_expense FROM adb_replicat_prod;"
adb_replicat_prod;adb_replicat_prod;etl;repl__core__comission_discount;SELECT;ADB Write Etl;"REVOKE SELECT ON etl.repl__core__comission_discount FROM adb_replicat_prod;"
adb_replicat_prod;adb_replicat_prod;etl;repl__core__operator;SELECT;ADB Write Etl;"REVOKE SELECT ON etl.repl__core__operator FROM adb_replicat_prod;"
adb_replicat_prod;adb_replicat_prod;etl;repl__core__reinsurance_expense;SELECT;ADB Write Etl;"REVOKE SELECT ON etl.repl__core__reinsurance_expense FROM adb_replicat_prod;"
adb_replicat_prod;adb_replicat_prod;etl;repl__core__group;SELECT;ADB Write Etl;"REVOKE SELECT ON etl.repl__core__group FROM adb_replicat_prod;"
adb_replicat_prod;adb_replicat_prod;etl;repl__core__operator_department;SELECT;ADB Write Etl;"REVOKE SELECT ON etl.repl__core__operator_department FROM adb_replicat_prod;"
adb_replicat_prod;adb_replicat_prod;etl;repl__core__reinsurance_paid_return;SELECT;ADB Write Etl;"REVOKE SELECT ON etl.repl__core__reinsurance_paid_return FROM adb_replicat_prod;"
adb_replicat_prod;adb_replicat_prod;etl;repl__core__commission_risk;SELECT;ADB Write Etl;"REVOKE SELECT ON etl.repl__core__commission_risk FROM adb_replicat_prod;"
adb_replicat_prod;adb_replicat_prod;etl;repl__core__transaction;SELECT;ADB Write Etl;"REVOKE SELECT ON etl.repl__core__transaction FROM adb_replicat_prod;"
adb_replicat_prod;adb_replicat_prod;etl;repl__core__transaction_mngr;SELECT;ADB Write Etl;"REVOKE SELECT ON etl.repl__core__transaction_mngr FROM adb_replicat_prod;"
adb_replicat_prod;adb_replicat_prod;etl;repl__core__incident_vehicle;SELECT;ADB Write Etl;"REVOKE SELECT ON etl.repl__core__incident_vehicle FROM adb_replicat_prod;"
adb_replicat_prod;adb_replicat_prod;etl;repl__core__vehicle;SELECT;ADB Write Etl;"REVOKE SELECT ON etl.repl__core__vehicle FROM adb_replicat_prod;"
adb_replicat_prod;adb_replicat_prod;etl;repl__core__claim_compensationrecipient;SELECT;ADB Write Etl;"REVOKE SELECT ON etl.repl__core__claim_compensationrecipient FROM adb_replicat_prod;"
adb_replicat_prod;adb_replicat_prod;etl;repl__core__paid_return;SELECT;ADB Write Etl;"REVOKE SELECT ON etl.repl__core__paid_return FROM adb_replicat_prod;"
adb_replicat_prod;adb_replicat_prod;etl;repl__core__claim_compensationrequest;SELECT;ADB Write Etl;"REVOKE SELECT ON etl.repl__core__claim_compensationrequest FROM adb_replicat_prod;"
adb_replicat_prod;adb_replicat_prod;etl;repl__core__activity;SELECT;ADB Write Etl;"REVOKE SELECT ON etl.repl__core__activity FROM adb_replicat_prod;"
adb_replicat_prod;adb_replicat_prod;etl;repl__core__commission_risk_sap_paid;SELECT;ADB Write Etl;"REVOKE SELECT ON etl.repl__core__commission_risk_sap_paid FROM adb_replicat_prod;"
adb_replicat_prod;adb_replicat_prod;etl;repl__core__claim_counterparty;SELECT;ADB Write Etl;"REVOKE SELECT ON etl.repl__core__claim_counterparty FROM adb_replicat_prod;"
adb_replicat_prod;adb_replicat_prod;etl;repl__core__declared_return;SELECT;ADB Write Etl;"REVOKE SELECT ON etl.repl__core__declared_return FROM adb_replicat_prod;"
adb_replicat_prod;adb_replicat_prod;etl;repl__core__claim_courtorder;SELECT;ADB Write Etl;"REVOKE SELECT ON etl.repl__core__claim_courtorder FROM adb_replicat_prod;"
adb_replicat_prod;adb_replicat_prod;etl;repl__core__contract_long;SELECT;ADB Write Etl;"REVOKE SELECT ON etl.repl__core__contract_long FROM adb_replicat_prod;"
adb_replicat_prod;adb_replicat_prod;etl;repl__core__address_links;SELECT;ADB Write Etl;"REVOKE SELECT ON etl.repl__core__address_links FROM adb_replicat_prod;"
adb_replicat_prod;adb_replicat_prod;etl;repl__core__commission_risk_sap_progn_long;SELECT;ADB Write Etl;"REVOKE SELECT ON etl.repl__core__commission_risk_sap_progn_long FROM adb_replicat_prod;"
adb_replicat_prod;adb_replicat_prod;etl;repl__core__cancel_storno_long;SELECT;ADB Write Etl;"REVOKE SELECT ON etl.repl__core__cancel_storno_long FROM adb_replicat_prod;"
adb_replicat_prod;adb_replicat_prod;etl;repl__core__declared_return_long;SELECT;ADB Write Etl;"REVOKE SELECT ON etl.repl__core__declared_return_long FROM adb_replicat_prod;"
adb_replicat_prod;adb_replicat_prod;etl;repl__core__claim_exposure;SELECT;ADB Write Etl;"REVOKE SELECT ON etl.repl__core__claim_exposure FROM adb_replicat_prod;"
adb_replicat_prod;adb_replicat_prod;etl;repl__core__contract_object_counterparty;SELECT;ADB Write Etl;"REVOKE SELECT ON etl.repl__core__contract_object_counterparty FROM adb_replicat_prod;"
adb_replicat_prod;adb_replicat_prod;etl;repl__core__contract_object_element;SELECT;ADB Write Etl;"REVOKE SELECT ON etl.repl__core__contract_object_element FROM adb_replicat_prod;"
adb_replicat_prod;adb_replicat_prod;etl;repl__core__claim_incident;SELECT;ADB Write Etl;"REVOKE SELECT ON etl.repl__core__claim_incident FROM adb_replicat_prod;"
adb_replicat_prod;adb_replicat_prod;etl;repl__core__document;SELECT;ADB Write Etl;"REVOKE SELECT ON etl.repl__core__document FROM adb_replicat_prod;"
adb_replicat_prod;adb_replicat_prod;etl;repl__core__claim_matter;SELECT;ADB Write Etl;"REVOKE SELECT ON etl.repl__core__claim_matter FROM adb_replicat_prod;"
adb_replicat_prod;adb_replicat_prod;etl;repl__core__payment_risk;SELECT;ADB Write Etl;"REVOKE SELECT ON etl.repl__core__payment_risk FROM adb_replicat_prod;"
adb_replicat_prod;adb_replicat_prod;etl;repl__core__claim_policy;SELECT;ADB Write Etl;"REVOKE SELECT ON etl.repl__core__claim_policy FROM adb_replicat_prod;"
adb_replicat_prod;adb_replicat_prod;etl;repl__core__contract_contact_hist;SELECT;ADB Write Etl;"REVOKE SELECT ON etl.repl__core__contract_contact_hist FROM adb_replicat_prod;"
adb_replicat_prod;adb_replicat_prod;etl;repl__core__claim_appeal_requirement_type;SELECT;ADB Write Etl;"REVOKE SELECT ON etl.repl__core__claim_appeal_requirement_type FROM adb_replicat_prod;"
adb_replicat_prod;adb_replicat_prod;etl;repl__core__claim_activity;SELECT;ADB Write Etl;"REVOKE SELECT ON etl.repl__core__claim_activity FROM adb_replicat_prod;"
adb_replicat_prod;adb_replicat_prod;etl;repl__core__claim_subroadverseparty;SELECT;ADB Write Etl;"REVOKE SELECT ON etl.repl__core__claim_subroadverseparty FROM adb_replicat_prod;"
adb_replicat_prod;adb_replicat_prod;etl;repl__core__claim_appeal;SELECT;ADB Write Etl;"REVOKE SELECT ON etl.repl__core__claim_appeal FROM adb_replicat_prod;"
adb_replicat_prod;adb_replicat_prod;etl;repl__core__object_risk_long;SELECT;ADB Write Etl;"REVOKE SELECT ON etl.repl__core__object_risk_long FROM adb_replicat_prod;"
adb_replicat_prod;adb_replicat_prod;etl;repl__core__agent_report;SELECT;ADB Write Etl;"REVOKE SELECT ON etl.repl__core__agent_report FROM adb_replicat_prod;"
adb_replicat_prod;adb_replicat_prod;etl;repl__core__insured_vehicle;SELECT;ADB Write Etl;"REVOKE SELECT ON etl.repl__core__insured_vehicle FROM adb_replicat_prod;"
adb_replicat_prod;adb_replicat_prod;etl;repl__core__claim_policyexternal;SELECT;ADB Write Etl;"REVOKE SELECT ON etl.repl__core__claim_policyexternal FROM adb_replicat_prod;"
adb_replicat_prod;adb_replicat_prod;etl;repl__core__claim_reserverejection;SELECT;ADB Write Etl;"REVOKE SELECT ON etl.repl__core__claim_reserverejection FROM adb_replicat_prod;"
adb_replicat_prod;adb_replicat_prod;etl;repl__core__claim;SELECT;ADB Write Etl;"REVOKE SELECT ON etl.repl__core__claim FROM adb_replicat_prod;"
adb_replicat_prod;adb_replicat_prod;etl;repl__core__claim_coverage;SELECT;ADB Write Etl;"REVOKE SELECT ON etl.repl__core__claim_coverage FROM adb_replicat_prod;"
adb_replicat_prod;adb_replicat_prod;etl;repl__comdm__cdm_contract;SELECT;ADB Write Etl;"REVOKE SELECT ON etl.repl__comdm__cdm_contract FROM adb_replicat_prod;"
adb_replicat_prod;adb_replicat_prod;etl;repl__kias_dm__load_agent_act_row;SELECT;ADB Write Etl;"REVOKE SELECT ON etl.repl__kias_dm__load_agent_act_row FROM adb_replicat_prod;"
adb_replicat_prod;adb_replicat_prod;etl;repl__kias_dm__load_agrsum;SELECT;ADB Write Etl;"REVOKE SELECT ON etl.repl__kias_dm__load_agrsum FROM adb_replicat_prod;"
vayakovlev;Яковлев Виталий Анатольевич (Vitaly Yakovlev);dm_msfo17;rgs_osago_out_monthly_diff;INSERT;ADB Owner Dm msfo17;"REVOKE INSERT ON dm_msfo17.rgs_osago_out_monthly_diff FROM vayakovlev;"
vayakovlev;Яковлев Виталий Анатольевич (Vitaly Yakovlev);dm_msfo17;rgs_osago_out_monthly_diff;SELECT;ADB Owner Dm msfo17;"REVOKE SELECT ON dm_msfo17.rgs_osago_out_monthly_diff FROM vayakovlev;"
vayakovlev;Яковлев Виталий Анатольевич (Vitaly Yakovlev);dm_msfo17;rgs_osago_out_monthly_diff;UPDATE;ADB Owner Dm msfo17;"REVOKE UPDATE ON dm_msfo17.rgs_osago_out_monthly_diff FROM vayakovlev;"
vayakovlev;Яковлев Виталий Анатольевич (Vitaly Yakovlev);dm_msfo17;rgs_osago_out_monthly_diff;DELETE;ADB Owner Dm msfo17;"REVOKE DELETE ON dm_msfo17.rgs_osago_out_monthly_diff FROM vayakovlev;"
vayakovlev;Яковлев Виталий Анатольевич (Vitaly Yakovlev);dm_msfo17;rgs_osago_out_monthly_diff;TRUNCATE;ADB Owner Dm msfo17;"REVOKE TRUNCATE ON dm_msfo17.rgs_osago_out_monthly_diff FROM vayakovlev;"
vayakovlev;Яковлев Виталий Анатольевич (Vitaly Yakovlev);dm_msfo17;rgs_osago_out_monthly_diff;REFERENCES;ADB Owner Dm msfo17;"REVOKE REFERENCES ON dm_msfo17.rgs_osago_out_monthly_diff FROM vayakovlev;"
vayakovlev;Яковлев Виталий Анатольевич (Vitaly Yakovlev);dm_msfo17;rgs_osago_out_monthly_diff;TRIGGER;ADB Owner Dm msfo17;"REVOKE TRIGGER ON dm_msfo17.rgs_osago_out_monthly_diff FROM vayakovlev;"
adb_pdi_prod;adb_pdi_prod;dm_msfo17;rgs_osago_out_monthly_diff;INSERT;ADB Write Dm msfo17;"REVOKE INSERT ON dm_msfo17.rgs_osago_out_monthly_diff FROM adb_pdi_prod;"
adb_pdi_prod;adb_pdi_prod;dm_msfo17;rgs_osago_out_monthly_diff;SELECT;ADB Write Dm msfo17;"REVOKE SELECT ON dm_msfo17.rgs_osago_out_monthly_diff FROM adb_pdi_prod;"
adb_pdi_prod;adb_pdi_prod;dm_msfo17;rgs_osago_out_monthly_diff;UPDATE;ADB Write Dm msfo17;"REVOKE UPDATE ON dm_msfo17.rgs_osago_out_monthly_diff FROM adb_pdi_prod;"
adb_pdi_prod;adb_pdi_prod;dm_msfo17;rgs_osago_out_monthly_diff;DELETE;ADB Write Dm msfo17;"REVOKE DELETE ON dm_msfo17.rgs_osago_out_monthly_diff FROM adb_pdi_prod;"
adb_replicat_prod;adb_replicat_prod;etl;repl__kias_dm__load_agent_report;SELECT;ADB Write Etl;"REVOKE SELECT ON etl.repl__kias_dm__load_agent_report FROM adb_replicat_prod;"
adb_pdi_prod;adb_pdi_prod;dm_dob;loading_stats;INSERT;ADB Write Dm Dob;"REVOKE INSERT ON dm_dob.loading_stats FROM adb_pdi_prod;"
adb_pdi_prod;adb_pdi_prod;dm_dob;loading_stats;SELECT;ADB Write Dm Dob;"REVOKE SELECT ON dm_dob.loading_stats FROM adb_pdi_prod;"
adb_pdi_prod;adb_pdi_prod;dm_dob;loading_stats;UPDATE;ADB Write Dm Dob;"REVOKE UPDATE ON dm_dob.loading_stats FROM adb_pdi_prod;"
adb_pdi_prod;adb_pdi_prod;dm_dob;loading_stats;DELETE;ADB Write Dm Dob;"REVOKE DELETE ON dm_dob.loading_stats FROM adb_pdi_prod;"
vayakovlev;Яковлев Виталий Анатольевич (Vitaly Yakovlev);dm_msfo17;msfo4_cutoff_diff;INSERT;ADB Owner Dm msfo17;"REVOKE INSERT ON dm_msfo17.msfo4_cutoff_diff FROM vayakovlev;"
vayakovlev;Яковлев Виталий Анатольевич (Vitaly Yakovlev);dm_msfo17;msfo4_cutoff_diff;SELECT;ADB Owner Dm msfo17;"REVOKE SELECT ON dm_msfo17.msfo4_cutoff_diff FROM vayakovlev;"
vayakovlev;Яковлев Виталий Анатольевич (Vitaly Yakovlev);dm_msfo17;msfo4_cutoff_diff;UPDATE;ADB Owner Dm msfo17;"REVOKE UPDATE ON dm_msfo17.msfo4_cutoff_diff FROM vayakovlev;"
vayakovlev;Яковлев Виталий Анатольевич (Vitaly Yakovlev);dm_msfo17;msfo4_cutoff_diff;DELETE;ADB Owner Dm msfo17;"REVOKE DELETE ON dm_msfo17.msfo4_cutoff_diff FROM vayakovlev;"
vayakovlev;Яковлев Виталий Анатольевич (Vitaly Yakovlev);dm_msfo17;msfo4_cutoff_diff;TRUNCATE;ADB Owner Dm msfo17;"REVOKE TRUNCATE ON dm_msfo17.msfo4_cutoff_diff FROM vayakovlev;"
vayakovlev;Яковлев Виталий Анатольевич (Vitaly Yakovlev);dm_msfo17;msfo4_cutoff_diff;REFERENCES;ADB Owner Dm msfo17;"REVOKE REFERENCES ON dm_msfo17.msfo4_cutoff_diff FROM vayakovlev;"
vayakovlev;Яковлев Виталий Анатольевич (Vitaly Yakovlev);dm_msfo17;msfo4_cutoff_diff;TRIGGER;ADB Owner Dm msfo17;"REVOKE TRIGGER ON dm_msfo17.msfo4_cutoff_diff FROM vayakovlev;"
vayakovlev;Яковлев Виталий Анатольевич (Vitaly Yakovlev);dm_msfo17;rgs_osago_in_monthly_diff;INSERT;ADB Owner Dm msfo17;"REVOKE INSERT ON dm_msfo17.rgs_osago_in_monthly_diff FROM vayakovlev;"
vayakovlev;Яковлев Виталий Анатольевич (Vitaly Yakovlev);dm_msfo17;rgs_osago_in_monthly_diff;SELECT;ADB Owner Dm msfo17;"REVOKE SELECT ON dm_msfo17.rgs_osago_in_monthly_diff FROM vayakovlev;"
vayakovlev;Яковлев Виталий Анатольевич (Vitaly Yakovlev);dm_msfo17;rgs_osago_in_monthly_diff;UPDATE;ADB Owner Dm msfo17;"REVOKE UPDATE ON dm_msfo17.rgs_osago_in_monthly_diff FROM vayakovlev;"
vayakovlev;Яковлев Виталий Анатольевич (Vitaly Yakovlev);dm_msfo17;rgs_osago_in_monthly_diff;DELETE;ADB Owner Dm msfo17;"REVOKE DELETE ON dm_msfo17.rgs_osago_in_monthly_diff FROM vayakovlev;"
vayakovlev;Яковлев Виталий Анатольевич (Vitaly Yakovlev);dm_msfo17;rgs_osago_in_monthly_diff;TRUNCATE;ADB Owner Dm msfo17;"REVOKE TRUNCATE ON dm_msfo17.rgs_osago_in_monthly_diff FROM vayakovlev;"
vayakovlev;Яковлев Виталий Анатольевич (Vitaly Yakovlev);dm_msfo17;rgs_osago_in_monthly_diff;REFERENCES;ADB Owner Dm msfo17;"REVOKE REFERENCES ON dm_msfo17.rgs_osago_in_monthly_diff FROM vayakovlev;"
vayakovlev;Яковлев Виталий Анатольевич (Vitaly Yakovlev);dm_msfo17;rgs_osago_in_monthly_diff;TRIGGER;ADB Owner Dm msfo17;"REVOKE TRIGGER ON dm_msfo17.rgs_osago_in_monthly_diff FROM vayakovlev;"
adb_pdi_prod;adb_pdi_prod;dm_msfo17;rgs_osago_in_monthly_diff;INSERT;ADB Write Dm msfo17;"REVOKE INSERT ON dm_msfo17.rgs_osago_in_monthly_diff FROM adb_pdi_prod;"
adb_pdi_prod;adb_pdi_prod;dm_msfo17;rgs_osago_in_monthly_diff;SELECT;ADB Write Dm msfo17;"REVOKE SELECT ON dm_msfo17.rgs_osago_in_monthly_diff FROM adb_pdi_prod;"
adb_pdi_prod;adb_pdi_prod;dm_msfo17;rgs_osago_in_monthly_diff;UPDATE;ADB Write Dm msfo17;"REVOKE UPDATE ON dm_msfo17.rgs_osago_in_monthly_diff FROM adb_pdi_prod;"
adb_pdi_prod;adb_pdi_prod;dm_msfo17;rgs_osago_in_monthly_diff;DELETE;ADB Write Dm msfo17;"REVOKE DELETE ON dm_msfo17.rgs_osago_in_monthly_diff FROM adb_pdi_prod;"
dvklepikov;Клепиков Денис Владимирович (Denis Klepikov);dm_msfo17;rgs_osago_in_monthly_diff;INSERT;ADB Write Dm msfo17;"REVOKE INSERT ON dm_msfo17.rgs_osago_in_monthly_diff FROM dvklepikov;"
dvklepikov;Клепиков Денис Владимирович (Denis Klepikov);dm_msfo17;rgs_osago_in_monthly_diff;SELECT;ADB Write Dm msfo17;"REVOKE SELECT ON dm_msfo17.rgs_osago_in_monthly_diff FROM dvklepikov;"
dvklepikov;Клепиков Денис Владимирович (Denis Klepikov);dm_msfo17;rgs_osago_in_monthly_diff;UPDATE;ADB Write Dm msfo17;"REVOKE UPDATE ON dm_msfo17.rgs_osago_in_monthly_diff FROM dvklepikov;"
dvklepikov;Клепиков Денис Владимирович (Denis Klepikov);dm_msfo17;rgs_osago_in_monthly_diff;DELETE;ADB Write Dm msfo17;"REVOKE DELETE ON dm_msfo17.rgs_osago_in_monthly_diff FROM dvklepikov;"
adb_replicat_prod;adb_replicat_prod;etl;repl__kias_dm__load_contract;SELECT;ADB Write Etl;"REVOKE SELECT ON etl.repl__kias_dm__load_contract FROM adb_replicat_prod;"
adb_replicat_prod;adb_replicat_prod;etl;repl__kias_dm__load_agent_report_row;SELECT;ADB Write Etl;"REVOKE SELECT ON etl.repl__kias_dm__load_agent_report_row FROM adb_replicat_prod;"
adb_replicat_prod;adb_replicat_prod;etl;repl__kias_dm__load_contract_counterparty;SELECT;ADB Write Etl;"REVOKE SELECT ON etl.repl__kias_dm__load_contract_counterparty FROM adb_replicat_prod;"
adb_replicat_prod;adb_replicat_prod;etl;repl__core__contract_ins_type_monitor;SELECT;ADB Write Etl;"REVOKE SELECT ON etl.repl__core__contract_ins_type_monitor FROM adb_replicat_prod;"
adb_replicat_prod;adb_replicat_prod;etl;repl__kias_dm__load_agent_act;SELECT;ADB Write Etl;"REVOKE SELECT ON etl.repl__kias_dm__load_agent_act FROM adb_replicat_prod;"
adb_pdi_prod;adb_pdi_prod;dm_tmp;tr020_chr_update_root_adb;INSERT;ADB Owner Dm Tmp;"REVOKE INSERT ON dm_tmp.tr020_chr_update_root_adb FROM adb_pdi_prod;"
adb_pdi_prod;adb_pdi_prod;dm_tmp;tr020_chr_update_root_adb;SELECT;ADB Owner Dm Tmp;"REVOKE SELECT ON dm_tmp.tr020_chr_update_root_adb FROM adb_pdi_prod;"
adb_pdi_prod;adb_pdi_prod;dm_tmp;tr020_chr_update_root_adb;UPDATE;ADB Owner Dm Tmp;"REVOKE UPDATE ON dm_tmp.tr020_chr_update_root_adb FROM adb_pdi_prod;"
adb_pdi_prod;adb_pdi_prod;dm_tmp;tr020_chr_update_root_adb;DELETE;ADB Owner Dm Tmp;"REVOKE DELETE ON dm_tmp.tr020_chr_update_root_adb FROM adb_pdi_prod;"
adb_pdi_prod;adb_pdi_prod;dm_tmp;tr020_chr_update_root_adb;TRUNCATE;ADB Owner Dm Tmp;"REVOKE TRUNCATE ON dm_tmp.tr020_chr_update_root_adb FROM adb_pdi_prod;"
adb_pdi_prod;adb_pdi_prod;dm_tmp;tr020_chr_update_root_adb;REFERENCES;ADB Owner Dm Tmp;"REVOKE REFERENCES ON dm_tmp.tr020_chr_update_root_adb FROM adb_pdi_prod;"
adb_pdi_prod;adb_pdi_prod;dm_tmp;tr020_chr_update_root_adb;TRIGGER;ADB Owner Dm Tmp;"REVOKE TRIGGER ON dm_tmp.tr020_chr_update_root_adb FROM adb_pdi_prod;"
adb_replicat_prod;adb_replicat_prod;etl;repl__core__contract_address_hist;SELECT;ADB Write Etl;"REVOKE SELECT ON etl.repl__core__contract_address_hist FROM adb_replicat_prod;"
adb_replicat_prod;adb_replicat_prod;etl;repl__core__insurance_union_contract;SELECT;ADB Write Etl;"REVOKE SELECT ON etl.repl__core__insurance_union_contract FROM adb_replicat_prod;"
adb_replicat_prod;adb_replicat_prod;etl;repl__comdm__partner_type_map;SELECT;ADB Write Etl;"REVOKE SELECT ON etl.repl__comdm__partner_type_map FROM adb_replicat_prod;"
adb_replicat_prod;adb_replicat_prod;etl;repl__core__insurance_union_agreement;SELECT;ADB Write Etl;"REVOKE SELECT ON etl.repl__core__insurance_union_agreement FROM adb_replicat_prod;"
adb_replicat_prod;adb_replicat_prod;etl;repl__kias_dm__load_counterparty;SELECT;ADB Write Etl;"REVOKE SELECT ON etl.repl__kias_dm__load_counterparty FROM adb_replicat_prod;"
adb_replicat_prod;adb_replicat_prod;etl;repl__core__relation;SELECT;ADB Write Etl;"REVOKE SELECT ON etl.repl__core__relation FROM adb_replicat_prod;"
adb_replicat_prod;adb_replicat_prod;etl;repl__core__households;SELECT;ADB Write Etl;"REVOKE SELECT ON etl.repl__core__households FROM adb_replicat_prod;"
adb_replicat_prod;adb_replicat_prod;etl;repl__core__cdi_counterparty_united;SELECT;ADB Write Etl;"REVOKE SELECT ON etl.repl__core__cdi_counterparty_united FROM adb_replicat_prod;"
adb_replicat_prod;adb_replicat_prod;etl;repl__core__cdi_vehicle_united;SELECT;ADB Write Etl;"REVOKE SELECT ON etl.repl__core__cdi_vehicle_united FROM adb_replicat_prod;"
dsplohuta;Плохута Дмитрий Сергеевич (Dmitriy Plokhuta);dm_tmp;cmplconccm_lcon_ca;INSERT;ADB Owner Dm Tmp;"REVOKE INSERT ON dm_tmp.cmplconccm_lcon_ca FROM dsplohuta;"
dsplohuta;Плохута Дмитрий Сергеевич (Dmitriy Plokhuta);dm_tmp;cmplconccm_lcon_ca;SELECT;ADB Owner Dm Tmp;"REVOKE SELECT ON dm_tmp.cmplconccm_lcon_ca FROM dsplohuta;"
dsplohuta;Плохута Дмитрий Сергеевич (Dmitriy Plokhuta);dm_tmp;cmplconccm_lcon_ca;UPDATE;ADB Owner Dm Tmp;"REVOKE UPDATE ON dm_tmp.cmplconccm_lcon_ca FROM dsplohuta;"
dsplohuta;Плохута Дмитрий Сергеевич (Dmitriy Plokhuta);dm_tmp;cmplconccm_lcon_ca;DELETE;ADB Owner Dm Tmp;"REVOKE DELETE ON dm_tmp.cmplconccm_lcon_ca FROM dsplohuta;"
dsplohuta;Плохута Дмитрий Сергеевич (Dmitriy Plokhuta);dm_tmp;cmplconccm_lcon_ca;TRUNCATE;ADB Owner Dm Tmp;"REVOKE TRUNCATE ON dm_tmp.cmplconccm_lcon_ca FROM dsplohuta;"
dsplohuta;Плохута Дмитрий Сергеевич (Dmitriy Plokhuta);dm_tmp;cmplconccm_lcon_ca;REFERENCES;ADB Owner Dm Tmp;"REVOKE REFERENCES ON dm_tmp.cmplconccm_lcon_ca FROM dsplohuta;"
dsplohuta;Плохута Дмитрий Сергеевич (Dmitriy Plokhuta);dm_tmp;cmplconccm_lcon_ca;TRIGGER;ADB Owner Dm Tmp;"REVOKE TRIGGER ON dm_tmp.cmplconccm_lcon_ca FROM dsplohuta;"
adb_replicat_prod;adb_replicat_prod;etl;repl__core__cdi_blacklist;SELECT;ADB Write Etl;"REVOKE SELECT ON etl.repl__core__cdi_blacklist FROM adb_replicat_prod;"
adb_replicat_prod;adb_replicat_prod;etl;repl__core__cdi_vehicle;SELECT;ADB Write Etl;"REVOKE SELECT ON etl.repl__core__cdi_vehicle FROM adb_replicat_prod;"
adb_replicat_prod;adb_replicat_prod;etl;repl__core__cdi_counterparty;SELECT;ADB Write Etl;"REVOKE SELECT ON etl.repl__core__cdi_counterparty FROM adb_replicat_prod;"
adb_replicat_prod;adb_replicat_prod;etl;repl__core__insurance_union_blank;SELECT;ADB Write Etl;"REVOKE SELECT ON etl.repl__core__insurance_union_blank FROM adb_replicat_prod;"
adb_replicat_prod;adb_replicat_prod;etl;repl__cdm_analysis_out__rol_for_count_daily;SELECT;ADB Write Etl;"REVOKE SELECT ON etl.repl__cdm_analysis_out__rol_for_count_daily FROM adb_replicat_prod;"
adb_replicat_prod;adb_replicat_prod;etl;repl__cdm_analysis_out__rol_for_sum_cost_daily;SELECT;ADB Write Etl;"REVOKE SELECT ON etl.repl__cdm_analysis_out__rol_for_sum_cost_daily FROM adb_replicat_prod;"
adb_replicat_prod;adb_replicat_prod;etl;repl__core__address_parsed;SELECT;ADB Write Etl;"REVOKE SELECT ON etl.repl__core__address_parsed FROM adb_replicat_prod;"
vayakovlev;Яковлев Виталий Анатольевич (Vitaly Yakovlev);dm_msfo17;rgs_nl_in_monthly_diff;INSERT;ADB Owner Dm msfo17;"REVOKE INSERT ON dm_msfo17.rgs_nl_in_monthly_diff FROM vayakovlev;"
vayakovlev;Яковлев Виталий Анатольевич (Vitaly Yakovlev);dm_msfo17;rgs_nl_in_monthly_diff;SELECT;ADB Owner Dm msfo17;"REVOKE SELECT ON dm_msfo17.rgs_nl_in_monthly_diff FROM vayakovlev;"
vayakovlev;Яковлев Виталий Анатольевич (Vitaly Yakovlev);dm_msfo17;rgs_nl_in_monthly_diff;UPDATE;ADB Owner Dm msfo17;"REVOKE UPDATE ON dm_msfo17.rgs_nl_in_monthly_diff FROM vayakovlev;"
vayakovlev;Яковлев Виталий Анатольевич (Vitaly Yakovlev);dm_msfo17;rgs_nl_in_monthly_diff;DELETE;ADB Owner Dm msfo17;"REVOKE DELETE ON dm_msfo17.rgs_nl_in_monthly_diff FROM vayakovlev;"
vayakovlev;Яковлев Виталий Анатольевич (Vitaly Yakovlev);dm_msfo17;rgs_nl_in_monthly_diff;TRUNCATE;ADB Owner Dm msfo17;"REVOKE TRUNCATE ON dm_msfo17.rgs_nl_in_monthly_diff FROM vayakovlev;"
vayakovlev;Яковлев Виталий Анатольевич (Vitaly Yakovlev);dm_msfo17;rgs_nl_in_monthly_diff;REFERENCES;ADB Owner Dm msfo17;"REVOKE REFERENCES ON dm_msfo17.rgs_nl_in_monthly_diff FROM vayakovlev;"
vayakovlev;Яковлев Виталий Анатольевич (Vitaly Yakovlev);dm_msfo17;rgs_nl_in_monthly_diff;TRIGGER;ADB Owner Dm msfo17;"REVOKE TRIGGER ON dm_msfo17.rgs_nl_in_monthly_diff FROM vayakovlev;"
adb_pdi_prod;adb_pdi_prod;dm_msfo17;rgs_nl_in_monthly_diff;INSERT;ADB Write Dm msfo17;"REVOKE INSERT ON dm_msfo17.rgs_nl_in_monthly_diff FROM adb_pdi_prod;"
adb_pdi_prod;adb_pdi_prod;dm_msfo17;rgs_nl_in_monthly_diff;SELECT;ADB Write Dm msfo17;"REVOKE SELECT ON dm_msfo17.rgs_nl_in_monthly_diff FROM adb_pdi_prod;"
adb_pdi_prod;adb_pdi_prod;dm_msfo17;rgs_nl_in_monthly_diff;UPDATE;ADB Write Dm msfo17;"REVOKE UPDATE ON dm_msfo17.rgs_nl_in_monthly_diff FROM adb_pdi_prod;"
adb_pdi_prod;adb_pdi_prod;dm_msfo17;rgs_nl_in_monthly_diff;DELETE;ADB Write Dm msfo17;"REVOKE DELETE ON dm_msfo17.rgs_nl_in_monthly_diff FROM adb_pdi_prod;"
vayakovlev;Яковлев Виталий Анатольевич (Vitaly Yakovlev);dm_msfo17;rgs_nl_out_monthly_diff;INSERT;ADB Owner Dm msfo17;"REVOKE INSERT ON dm_msfo17.rgs_nl_out_monthly_diff FROM vayakovlev;"
vayakovlev;Яковлев Виталий Анатольевич (Vitaly Yakovlev);dm_msfo17;rgs_nl_out_monthly_diff;SELECT;ADB Owner Dm msfo17;"REVOKE SELECT ON dm_msfo17.rgs_nl_out_monthly_diff FROM vayakovlev;"
vayakovlev;Яковлев Виталий Анатольевич (Vitaly Yakovlev);dm_msfo17;rgs_nl_out_monthly_diff;UPDATE;ADB Owner Dm msfo17;"REVOKE UPDATE ON dm_msfo17.rgs_nl_out_monthly_diff FROM vayakovlev;"
vayakovlev;Яковлев Виталий Анатольевич (Vitaly Yakovlev);dm_msfo17;rgs_nl_out_monthly_diff;DELETE;ADB Owner Dm msfo17;"REVOKE DELETE ON dm_msfo17.rgs_nl_out_monthly_diff FROM vayakovlev;"
vayakovlev;Яковлев Виталий Анатольевич (Vitaly Yakovlev);dm_msfo17;rgs_nl_out_monthly_diff;TRUNCATE;ADB Owner Dm msfo17;"REVOKE TRUNCATE ON dm_msfo17.rgs_nl_out_monthly_diff FROM vayakovlev;"
vayakovlev;Яковлев Виталий Анатольевич (Vitaly Yakovlev);dm_msfo17;rgs_nl_out_monthly_diff;REFERENCES;ADB Owner Dm msfo17;"REVOKE REFERENCES ON dm_msfo17.rgs_nl_out_monthly_diff FROM vayakovlev;"
vayakovlev;Яковлев Виталий Анатольевич (Vitaly Yakovlev);dm_msfo17;rgs_nl_out_monthly_diff;TRIGGER;ADB Owner Dm msfo17;"REVOKE TRIGGER ON dm_msfo17.rgs_nl_out_monthly_diff FROM vayakovlev;"
adb_pdi_prod;adb_pdi_prod;dm_msfo17;rgs_nl_out_monthly_diff;INSERT;ADB Write Dm msfo17;"REVOKE INSERT ON dm_msfo17.rgs_nl_out_monthly_diff FROM adb_pdi_prod;"
adb_pdi_prod;adb_pdi_prod;dm_msfo17;rgs_nl_out_monthly_diff;SELECT;ADB Write Dm msfo17;"REVOKE SELECT ON dm_msfo17.rgs_nl_out_monthly_diff FROM adb_pdi_prod;"
adb_pdi_prod;adb_pdi_prod;dm_msfo17;rgs_nl_out_monthly_diff;UPDATE;ADB Write Dm msfo17;"REVOKE UPDATE ON dm_msfo17.rgs_nl_out_monthly_diff FROM adb_pdi_prod;"
adb_pdi_prod;adb_pdi_prod;dm_msfo17;rgs_nl_out_monthly_diff;DELETE;ADB Write Dm msfo17;"REVOKE DELETE ON dm_msfo17.rgs_nl_out_monthly_diff FROM adb_pdi_prod;"
adb_replicat_prod;adb_replicat_prod;etl;repl__cdm_analysis__rol_for_count_daily;SELECT;ADB Write Etl;"REVOKE SELECT ON etl.repl__cdm_analysis__rol_for_count_daily FROM adb_replicat_prod;"
adb_replicat_prod;adb_replicat_prod;etl;repl__cdm_analysis_out__rol_for_sum_daily;SELECT;ADB Write Etl;"REVOKE SELECT ON etl.repl__cdm_analysis_out__rol_for_sum_daily FROM adb_replicat_prod;"
adb_replicat_prod;adb_replicat_prod;etl;repl__comdm__sales_map;SELECT;ADB Write Etl;"REVOKE SELECT ON etl.repl__comdm__sales_map FROM adb_replicat_prod;"
adb_pdi_prod;adb_pdi_prod;dm_tmp;agents_cbrf_main;INSERT;ADB Owner Dm Tmp;"REVOKE INSERT ON dm_tmp.agents_cbrf_main FROM adb_pdi_prod;"
adb_pdi_prod;adb_pdi_prod;dm_tmp;agents_cbrf_main;SELECT;ADB Owner Dm Tmp;"REVOKE SELECT ON dm_tmp.agents_cbrf_main FROM adb_pdi_prod;"
adb_pdi_prod;adb_pdi_prod;dm_tmp;agents_cbrf_main;UPDATE;ADB Owner Dm Tmp;"REVOKE UPDATE ON dm_tmp.agents_cbrf_main FROM adb_pdi_prod;"
adb_pdi_prod;adb_pdi_prod;dm_tmp;agents_cbrf_main;DELETE;ADB Owner Dm Tmp;"REVOKE DELETE ON dm_tmp.agents_cbrf_main FROM adb_pdi_prod;"
adb_pdi_prod;adb_pdi_prod;dm_tmp;agents_cbrf_main;TRUNCATE;ADB Owner Dm Tmp;"REVOKE TRUNCATE ON dm_tmp.agents_cbrf_main FROM adb_pdi_prod;"
adb_replicat_prod;adb_replicat_prod;etl;repl__cdm_analysis_out__rep_guru_subrogation_daily;SELECT;ADB Write Etl;"REVOKE SELECT ON etl.repl__cdm_analysis_out__rep_guru_subrogation_daily FROM adb_replicat_prod;"
adb_replicat_prod;adb_replicat_prod;etl;repl__comdm__sales_map_object_risk;SELECT;ADB Write Etl;"REVOKE SELECT ON etl.repl__comdm__sales_map_object_risk FROM adb_replicat_prod;"
adb_replicat_prod;adb_replicat_prod;etl;repl__cdm_analysis_out__rep_guru_suits_daily;SELECT;ADB Write Etl;"REVOKE SELECT ON etl.repl__cdm_analysis_out__rep_guru_suits_daily FROM adb_replicat_prod;"
vayakovlev;Яковлев Виталий Анатольевич (Vitaly Yakovlev);dm_msfo17;ref_re_business_reserve_group;INSERT;ADB Owner Dm msfo17;"REVOKE INSERT ON dm_msfo17.ref_re_business_reserve_group FROM vayakovlev;"
vayakovlev;Яковлев Виталий Анатольевич (Vitaly Yakovlev);dm_msfo17;ref_re_business_reserve_group;SELECT;ADB Owner Dm msfo17;"REVOKE SELECT ON dm_msfo17.ref_re_business_reserve_group FROM vayakovlev;"
vayakovlev;Яковлев Виталий Анатольевич (Vitaly Yakovlev);dm_msfo17;ref_re_business_reserve_group;UPDATE;ADB Owner Dm msfo17;"REVOKE UPDATE ON dm_msfo17.ref_re_business_reserve_group FROM vayakovlev;"
vayakovlev;Яковлев Виталий Анатольевич (Vitaly Yakovlev);dm_msfo17;ref_re_business_reserve_group;DELETE;ADB Owner Dm msfo17;"REVOKE DELETE ON dm_msfo17.ref_re_business_reserve_group FROM vayakovlev;"
vayakovlev;Яковлев Виталий Анатольевич (Vitaly Yakovlev);dm_msfo17;ref_re_business_reserve_group;TRUNCATE;ADB Owner Dm msfo17;"REVOKE TRUNCATE ON dm_msfo17.ref_re_business_reserve_group FROM vayakovlev;"
vayakovlev;Яковлев Виталий Анатольевич (Vitaly Yakovlev);dm_msfo17;ref_re_business_reserve_group;REFERENCES;ADB Owner Dm msfo17;"REVOKE REFERENCES ON dm_msfo17.ref_re_business_reserve_group FROM vayakovlev;"
vayakovlev;Яковлев Виталий Анатольевич (Vitaly Yakovlev);dm_msfo17;ref_re_business_reserve_group;TRIGGER;ADB Owner Dm msfo17;"REVOKE TRIGGER ON dm_msfo17.ref_re_business_reserve_group FROM vayakovlev;"
adb_pdi_prod;adb_pdi_prod;dm_msfo17;ref_re_business_reserve_group;INSERT;ADB Write Dm msfo17;"REVOKE INSERT ON dm_msfo17.ref_re_business_reserve_group FROM adb_pdi_prod;"
adb_pdi_prod;adb_pdi_prod;dm_msfo17;ref_re_business_reserve_group;SELECT;ADB Write Dm msfo17;"REVOKE SELECT ON dm_msfo17.ref_re_business_reserve_group FROM adb_pdi_prod;"
adb_pdi_prod;adb_pdi_prod;dm_msfo17;ref_re_business_reserve_group;UPDATE;ADB Write Dm msfo17;"REVOKE UPDATE ON dm_msfo17.ref_re_business_reserve_group FROM adb_pdi_prod;"
adb_pdi_prod;adb_pdi_prod;dm_msfo17;ref_re_business_reserve_group;DELETE;ADB Write Dm msfo17;"REVOKE DELETE ON dm_msfo17.ref_re_business_reserve_group FROM adb_pdi_prod;"
adb_replicat_prod;adb_replicat_prod;etl;repl__dm_fb__smdt_sales_map_detailed;SELECT;ADB Write Etl;"REVOKE SELECT ON etl.repl__dm_fb__smdt_sales_map_detailed FROM adb_replicat_prod;"
adb_replicat_prod;adb_replicat_prod;etl;repl__core__contract_document_hist;SELECT;ADB Write Etl;"REVOKE SELECT ON etl.repl__core__contract_document_hist FROM adb_replicat_prod;"
vayakovlev;Яковлев Виталий Анатольевич (Vitaly Yakovlev);dm_msfo17;rgs_osago_out_monthly;INSERT;ADB Owner Dm msfo17;"REVOKE INSERT ON dm_msfo17.rgs_osago_out_monthly FROM vayakovlev;"
vayakovlev;Яковлев Виталий Анатольевич (Vitaly Yakovlev);dm_msfo17;rgs_osago_out_monthly;SELECT;ADB Owner Dm msfo17;"REVOKE SELECT ON dm_msfo17.rgs_osago_out_monthly FROM vayakovlev;"
vayakovlev;Яковлев Виталий Анатольевич (Vitaly Yakovlev);dm_msfo17;rgs_osago_out_monthly;UPDATE;ADB Owner Dm msfo17;"REVOKE UPDATE ON dm_msfo17.rgs_osago_out_monthly FROM vayakovlev;"
vayakovlev;Яковлев Виталий Анатольевич (Vitaly Yakovlev);dm_msfo17;rgs_osago_out_monthly;DELETE;ADB Owner Dm msfo17;"REVOKE DELETE ON dm_msfo17.rgs_osago_out_monthly FROM vayakovlev;"
vayakovlev;Яковлев Виталий Анатольевич (Vitaly Yakovlev);dm_msfo17;rgs_osago_out_monthly;TRUNCATE;ADB Owner Dm msfo17;"REVOKE TRUNCATE ON dm_msfo17.rgs_osago_out_monthly FROM vayakovlev;"
vayakovlev;Яковлев Виталий Анатольевич (Vitaly Yakovlev);dm_msfo17;rgs_osago_out_monthly;REFERENCES;ADB Owner Dm msfo17;"REVOKE REFERENCES ON dm_msfo17.rgs_osago_out_monthly FROM vayakovlev;"
vayakovlev;Яковлев Виталий Анатольевич (Vitaly Yakovlev);dm_msfo17;rgs_osago_out_monthly;TRIGGER;ADB Owner Dm msfo17;"REVOKE TRIGGER ON dm_msfo17.rgs_osago_out_monthly FROM vayakovlev;"
adb_pdi_prod;adb_pdi_prod;dm_msfo17;rgs_osago_out_monthly;INSERT;ADB Write Dm msfo17;"REVOKE INSERT ON dm_msfo17.rgs_osago_out_monthly FROM adb_pdi_prod;"
adb_pdi_prod;adb_pdi_prod;dm_msfo17;rgs_osago_out_monthly;SELECT;ADB Write Dm msfo17;"REVOKE SELECT ON dm_msfo17.rgs_osago_out_monthly FROM adb_pdi_prod;"
adb_pdi_prod;adb_pdi_prod;dm_msfo17;rgs_osago_out_monthly;UPDATE;ADB Write Dm msfo17;"REVOKE UPDATE ON dm_msfo17.rgs_osago_out_monthly FROM adb_pdi_prod;"
adb_pdi_prod;adb_pdi_prod;dm_msfo17;rgs_osago_out_monthly;DELETE;ADB Write Dm msfo17;"REVOKE DELETE ON dm_msfo17.rgs_osago_out_monthly FROM adb_pdi_prod;"
dvklepikov;Клепиков Денис Владимирович (Denis Klepikov);dm_msfo17;rgs_osago_out_monthly;INSERT;ADB Write Dm msfo17;"REVOKE INSERT ON dm_msfo17.rgs_osago_out_monthly FROM dvklepikov;"
dvklepikov;Клепиков Денис Владимирович (Denis Klepikov);dm_msfo17;rgs_osago_out_monthly;SELECT;ADB Write Dm msfo17;"REVOKE SELECT ON dm_msfo17.rgs_osago_out_monthly FROM dvklepikov;"
dvklepikov;Клепиков Денис Владимирович (Denis Klepikov);dm_msfo17;rgs_osago_out_monthly;UPDATE;ADB Write Dm msfo17;"REVOKE UPDATE ON dm_msfo17.rgs_osago_out_monthly FROM dvklepikov;"
dvklepikov;Клепиков Денис Владимирович (Denis Klepikov);dm_msfo17;rgs_osago_out_monthly;DELETE;ADB Write Dm msfo17;"REVOKE DELETE ON dm_msfo17.rgs_osago_out_monthly FROM dvklepikov;"
adb_pdi_prod;adb_pdi_prod;dm_dob;dm_statement_claim;INSERT;ADB Write Dm Dob;"REVOKE INSERT ON dm_dob.dm_statement_claim FROM adb_pdi_prod;"
adb_pdi_prod;adb_pdi_prod;dm_dob;dm_statement_claim;SELECT;ADB Write Dm Dob;"REVOKE SELECT ON dm_dob.dm_statement_claim FROM adb_pdi_prod;"
adb_pdi_prod;adb_pdi_prod;dm_dob;dm_statement_claim;UPDATE;ADB Write Dm Dob;"REVOKE UPDATE ON dm_dob.dm_statement_claim FROM adb_pdi_prod;"
adb_pdi_prod;adb_pdi_prod;dm_dob;dm_statement_claim;DELETE;ADB Write Dm Dob;"REVOKE DELETE ON dm_dob.dm_statement_claim FROM adb_pdi_prod;"
adb_replicat_prod;adb_replicat_prod;etl;repl__core__account_doc;SELECT;ADB Write Etl;"REVOKE SELECT ON etl.repl__core__account_doc FROM adb_replicat_prod;"
vayakovlev;Яковлев Виталий Анатольевич (Vitaly Yakovlev);dm_msfo17;reins_msfo_diff_osago;INSERT;ADB Owner Dm msfo17;"REVOKE INSERT ON dm_msfo17.reins_msfo_diff_osago FROM vayakovlev;"
vayakovlev;Яковлев Виталий Анатольевич (Vitaly Yakovlev);dm_msfo17;reins_msfo_diff_osago;SELECT;ADB Owner Dm msfo17;"REVOKE SELECT ON dm_msfo17.reins_msfo_diff_osago FROM vayakovlev;"
vayakovlev;Яковлев Виталий Анатольевич (Vitaly Yakovlev);dm_msfo17;reins_msfo_diff_osago;UPDATE;ADB Owner Dm msfo17;"REVOKE UPDATE ON dm_msfo17.reins_msfo_diff_osago FROM vayakovlev;"
vayakovlev;Яковлев Виталий Анатольевич (Vitaly Yakovlev);dm_msfo17;reins_msfo_diff_osago;DELETE;ADB Owner Dm msfo17;"REVOKE DELETE ON dm_msfo17.reins_msfo_diff_osago FROM vayakovlev;"
vayakovlev;Яковлев Виталий Анатольевич (Vitaly Yakovlev);dm_msfo17;reins_msfo_diff_osago;TRUNCATE;ADB Owner Dm msfo17;"REVOKE TRUNCATE ON dm_msfo17.reins_msfo_diff_osago FROM vayakovlev;"
vayakovlev;Яковлев Виталий Анатольевич (Vitaly Yakovlev);dm_msfo17;reins_msfo_diff_osago;REFERENCES;ADB Owner Dm msfo17;"REVOKE REFERENCES ON dm_msfo17.reins_msfo_diff_osago FROM vayakovlev;"
vayakovlev;Яковлев Виталий Анатольевич (Vitaly Yakovlev);dm_msfo17;reins_msfo_diff_osago;TRIGGER;ADB Owner Dm msfo17;"REVOKE TRIGGER ON dm_msfo17.reins_msfo_diff_osago FROM vayakovlev;"
bpirkhin;Ирхин Борис Петрович (Boris Irkhin);dm_tmp;mort_prolongation_main;INSERT;ADB Owner Dm Tmp;"REVOKE INSERT ON dm_tmp.mort_prolongation_main FROM bpirkhin;"
bpirkhin;Ирхин Борис Петрович (Boris Irkhin);dm_tmp;mort_prolongation_main;SELECT;ADB Owner Dm Tmp;"REVOKE SELECT ON dm_tmp.mort_prolongation_main FROM bpirkhin;"
bpirkhin;Ирхин Борис Петрович (Boris Irkhin);dm_tmp;mort_prolongation_main;DELETE;ADB Owner Dm Tmp;"REVOKE DELETE ON dm_tmp.mort_prolongation_main FROM bpirkhin;"
bpirkhin;Ирхин Борис Петрович (Boris Irkhin);dm_tmp;mort_prolongation_main;TRUNCATE;ADB Owner Dm Tmp;"REVOKE TRUNCATE ON dm_tmp.mort_prolongation_main FROM bpirkhin;"
ivfilin;Филин Игорь Валерьевич (Igor Filin);dm_tmp;mort_prolongation_main;SELECT;ADB Write Dm Tmp;"REVOKE SELECT ON dm_tmp.mort_prolongation_main FROM ivfilin;"
bpirkhin;Ирхин Борис Петрович (Boris Irkhin);dm_tmp;mort_prolongation_next_one;INSERT;ADB Owner Dm Tmp;"REVOKE INSERT ON dm_tmp.mort_prolongation_next_one FROM bpirkhin;"
bpirkhin;Ирхин Борис Петрович (Boris Irkhin);dm_tmp;mort_prolongation_next_one;SELECT;ADB Owner Dm Tmp;"REVOKE SELECT ON dm_tmp.mort_prolongation_next_one FROM bpirkhin;"
bpirkhin;Ирхин Борис Петрович (Boris Irkhin);dm_tmp;mort_prolongation_next_one;DELETE;ADB Owner Dm Tmp;"REVOKE DELETE ON dm_tmp.mort_prolongation_next_one FROM bpirkhin;"
bpirkhin;Ирхин Борис Петрович (Boris Irkhin);dm_tmp;mort_prolongation_next_one;TRUNCATE;ADB Owner Dm Tmp;"REVOKE TRUNCATE ON dm_tmp.mort_prolongation_next_one FROM bpirkhin;"
ivfilin;Филин Игорь Валерьевич (Igor Filin);dm_tmp;mort_prolongation_next_one;SELECT;ADB Write Dm Tmp;"REVOKE SELECT ON dm_tmp.mort_prolongation_next_one FROM ivfilin;"
dsplohuta;Плохута Дмитрий Сергеевич (Dmitriy Plokhuta);dm_tmp;cmplconccm_lcon_crsprogn_mstar;INSERT;ADB Owner Dm Tmp;"REVOKE INSERT ON dm_tmp.cmplconccm_lcon_crsprogn_mstar FROM dsplohuta;"
dsplohuta;Плохута Дмитрий Сергеевич (Dmitriy Plokhuta);dm_tmp;cmplconccm_lcon_crsprogn_mstar;SELECT;ADB Owner Dm Tmp;"REVOKE SELECT ON dm_tmp.cmplconccm_lcon_crsprogn_mstar FROM dsplohuta;"
dsplohuta;Плохута Дмитрий Сергеевич (Dmitriy Plokhuta);dm_tmp;cmplconccm_lcon_crsprogn_mstar;UPDATE;ADB Owner Dm Tmp;"REVOKE UPDATE ON dm_tmp.cmplconccm_lcon_crsprogn_mstar FROM dsplohuta;"
dsplohuta;Плохута Дмитрий Сергеевич (Dmitriy Plokhuta);dm_tmp;cmplconccm_lcon_crsprogn_mstar;DELETE;ADB Owner Dm Tmp;"REVOKE DELETE ON dm_tmp.cmplconccm_lcon_crsprogn_mstar FROM dsplohuta;"
dsplohuta;Плохута Дмитрий Сергеевич (Dmitriy Plokhuta);dm_tmp;cmplconccm_lcon_crsprogn_mstar;TRUNCATE;ADB Owner Dm Tmp;"REVOKE TRUNCATE ON dm_tmp.cmplconccm_lcon_crsprogn_mstar FROM dsplohuta;"
dsplohuta;Плохута Дмитрий Сергеевич (Dmitriy Plokhuta);dm_tmp;cmplconccm_lcon_crsprogn_mstar;REFERENCES;ADB Owner Dm Tmp;"REVOKE REFERENCES ON dm_tmp.cmplconccm_lcon_crsprogn_mstar FROM dsplohuta;"
dsplohuta;Плохута Дмитрий Сергеевич (Dmitriy Plokhuta);dm_tmp;cmplconccm_lcon_crsprogn_mstar;TRIGGER;ADB Owner Dm Tmp;"REVOKE TRIGGER ON dm_tmp.cmplconccm_lcon_crsprogn_mstar FROM dsplohuta;"
dsplohuta;Плохута Дмитрий Сергеевич (Dmitriy Plokhuta);dm_tmp;cmplconccm_lcon_crspaid_mstar;INSERT;ADB Owner Dm Tmp;"REVOKE INSERT ON dm_tmp.cmplconccm_lcon_crspaid_mstar FROM dsplohuta;"
dsplohuta;Плохута Дмитрий Сергеевич (Dmitriy Plokhuta);dm_tmp;cmplconccm_lcon_crspaid_mstar;SELECT;ADB Owner Dm Tmp;"REVOKE SELECT ON dm_tmp.cmplconccm_lcon_crspaid_mstar FROM dsplohuta;"
dsplohuta;Плохута Дмитрий Сергеевич (Dmitriy Plokhuta);dm_tmp;cmplconccm_lcon_crspaid_mstar;UPDATE;ADB Owner Dm Tmp;"REVOKE UPDATE ON dm_tmp.cmplconccm_lcon_crspaid_mstar FROM dsplohuta;"
dsplohuta;Плохута Дмитрий Сергеевич (Dmitriy Plokhuta);dm_tmp;cmplconccm_lcon_crspaid_mstar;DELETE;ADB Owner Dm Tmp;"REVOKE DELETE ON dm_tmp.cmplconccm_lcon_crspaid_mstar FROM dsplohuta;"
dsplohuta;Плохута Дмитрий Сергеевич (Dmitriy Plokhuta);dm_tmp;cmplconccm_lcon_crspaid_mstar;TRUNCATE;ADB Owner Dm Tmp;"REVOKE TRUNCATE ON dm_tmp.cmplconccm_lcon_crspaid_mstar FROM dsplohuta;"
dsplohuta;Плохута Дмитрий Сергеевич (Dmitriy Plokhuta);dm_tmp;cmplconccm_lcon_crspaid_mstar;REFERENCES;ADB Owner Dm Tmp;"REVOKE REFERENCES ON dm_tmp.cmplconccm_lcon_crspaid_mstar FROM dsplohuta;"
dsplohuta;Плохута Дмитрий Сергеевич (Dmitriy Plokhuta);dm_tmp;cmplconccm_lcon_crspaid_mstar;TRIGGER;ADB Owner Dm Tmp;"REVOKE TRIGGER ON dm_tmp.cmplconccm_lcon_crspaid_mstar FROM dsplohuta;"
dsplohuta;Плохута Дмитрий Сергеевич (Dmitriy Plokhuta);dm_tmp;cmplconccm_lcon_cp;INSERT;ADB Owner Dm Tmp;"REVOKE INSERT ON dm_tmp.cmplconccm_lcon_cp FROM dsplohuta;"
dsplohuta;Плохута Дмитрий Сергеевич (Dmitriy Plokhuta);dm_tmp;cmplconccm_lcon_cp;SELECT;ADB Owner Dm Tmp;"REVOKE SELECT ON dm_tmp.cmplconccm_lcon_cp FROM dsplohuta;"
dsplohuta;Плохута Дмитрий Сергеевич (Dmitriy Plokhuta);dm_tmp;cmplconccm_lcon_cp;UPDATE;ADB Owner Dm Tmp;"REVOKE UPDATE ON dm_tmp.cmplconccm_lcon_cp FROM dsplohuta;"
dsplohuta;Плохута Дмитрий Сергеевич (Dmitriy Plokhuta);dm_tmp;cmplconccm_lcon_cp;DELETE;ADB Owner Dm Tmp;"REVOKE DELETE ON dm_tmp.cmplconccm_lcon_cp FROM dsplohuta;"
dsplohuta;Плохута Дмитрий Сергеевич (Dmitriy Plokhuta);dm_tmp;cmplconccm_lcon_cp;TRUNCATE;ADB Owner Dm Tmp;"REVOKE TRUNCATE ON dm_tmp.cmplconccm_lcon_cp FROM dsplohuta;"
dsplohuta;Плохута Дмитрий Сергеевич (Dmitriy Plokhuta);dm_tmp;cmplconccm_lcon_cp;REFERENCES;ADB Owner Dm Tmp;"REVOKE REFERENCES ON dm_tmp.cmplconccm_lcon_cp FROM dsplohuta;"
dsplohuta;Плохута Дмитрий Сергеевич (Dmitriy Plokhuta);dm_tmp;cmplconccm_lcon_cp;TRIGGER;ADB Owner Dm Tmp;"REVOKE TRIGGER ON dm_tmp.cmplconccm_lcon_cp FROM dsplohuta;"
dsplohuta;Плохута Дмитрий Сергеевич (Dmitriy Plokhuta);dm_tmp;cmplconccm_delta;INSERT;ADB Owner Dm Tmp;"REVOKE INSERT ON dm_tmp.cmplconccm_delta FROM dsplohuta;"
dsplohuta;Плохута Дмитрий Сергеевич (Dmitriy Plokhuta);dm_tmp;cmplconccm_delta;SELECT;ADB Owner Dm Tmp;"REVOKE SELECT ON dm_tmp.cmplconccm_delta FROM dsplohuta;"
dsplohuta;Плохута Дмитрий Сергеевич (Dmitriy Plokhuta);dm_tmp;cmplconccm_delta;UPDATE;ADB Owner Dm Tmp;"REVOKE UPDATE ON dm_tmp.cmplconccm_delta FROM dsplohuta;"
dsplohuta;Плохута Дмитрий Сергеевич (Dmitriy Plokhuta);dm_tmp;cmplconccm_delta;DELETE;ADB Owner Dm Tmp;"REVOKE DELETE ON dm_tmp.cmplconccm_delta FROM dsplohuta;"
dsplohuta;Плохута Дмитрий Сергеевич (Dmitriy Plokhuta);dm_tmp;cmplconccm_delta;TRUNCATE;ADB Owner Dm Tmp;"REVOKE TRUNCATE ON dm_tmp.cmplconccm_delta FROM dsplohuta;"
dsplohuta;Плохута Дмитрий Сергеевич (Dmitriy Plokhuta);dm_tmp;cmplconccm_delta;REFERENCES;ADB Owner Dm Tmp;"REVOKE REFERENCES ON dm_tmp.cmplconccm_delta FROM dsplohuta;"
dsplohuta;Плохута Дмитрий Сергеевич (Dmitriy Plokhuta);dm_tmp;cmplconccm_delta;TRIGGER;ADB Owner Dm Tmp;"REVOKE TRIGGER ON dm_tmp.cmplconccm_delta FROM dsplohuta;"
adb_replicat_prod;adb_replicat_prod;etl;repl__core__account_operation;SELECT;ADB Write Etl;"REVOKE SELECT ON etl.repl__core__account_operation FROM adb_replicat_prod;"
enatroschenko;Атрощенко Евгений Николаевич (Evgeniy Atroschenko);dm_tmp;wt_learnings;SELECT;ADB Write Dm Tmp;"REVOKE SELECT ON dm_tmp.wt_learnings FROM enatroschenko;"
adb_pdi_prod;adb_pdi_prod;dm_tmp;wt_learnings;INSERT;ADB Owner Dm Tmp;"REVOKE INSERT ON dm_tmp.wt_learnings FROM adb_pdi_prod;"
adb_pdi_prod;adb_pdi_prod;dm_tmp;wt_learnings;SELECT;ADB Owner Dm Tmp;"REVOKE SELECT ON dm_tmp.wt_learnings FROM adb_pdi_prod;"
adb_pdi_prod;adb_pdi_prod;dm_tmp;wt_learnings;UPDATE;ADB Owner Dm Tmp;"REVOKE UPDATE ON dm_tmp.wt_learnings FROM adb_pdi_prod;"
adb_pdi_prod;adb_pdi_prod;dm_tmp;wt_learnings;DELETE;ADB Owner Dm Tmp;"REVOKE DELETE ON dm_tmp.wt_learnings FROM adb_pdi_prod;"
adb_pdi_prod;adb_pdi_prod;dm_tmp;wt_learnings;TRUNCATE;ADB Owner Dm Tmp;"REVOKE TRUNCATE ON dm_tmp.wt_learnings FROM adb_pdi_prod;"
evzubkov;Зубков Евгений Валентинович (Evgeniy Zubkov);cdm;z_contract_impl_DATA-13754;INSERT;ADB Owner Cdm;"REVOKE INSERT ON cdm.z_contract_impl_DATA-13754 FROM evzubkov;"
evzubkov;Зубков Евгений Валентинович (Evgeniy Zubkov);cdm;z_contract_impl_DATA-13754;SELECT;ADB Owner Cdm;"REVOKE SELECT ON cdm.z_contract_impl_DATA-13754 FROM evzubkov;"
evzubkov;Зубков Евгений Валентинович (Evgeniy Zubkov);cdm;z_contract_impl_DATA-13754;UPDATE;ADB Owner Cdm;"REVOKE UPDATE ON cdm.z_contract_impl_DATA-13754 FROM evzubkov;"
evzubkov;Зубков Евгений Валентинович (Evgeniy Zubkov);cdm;z_contract_impl_DATA-13754;DELETE;ADB Owner Cdm;"REVOKE DELETE ON cdm.z_contract_impl_DATA-13754 FROM evzubkov;"
evzubkov;Зубков Евгений Валентинович (Evgeniy Zubkov);cdm;z_contract_impl_DATA-13754;TRUNCATE;ADB Owner Cdm;"REVOKE TRUNCATE ON cdm.z_contract_impl_DATA-13754 FROM evzubkov;"
evzubkov;Зубков Евгений Валентинович (Evgeniy Zubkov);cdm;z_contract_impl_DATA-13754;REFERENCES;ADB Owner Cdm;"REVOKE REFERENCES ON cdm.z_contract_impl_DATA-13754 FROM evzubkov;"
evzubkov;Зубков Евгений Валентинович (Evgeniy Zubkov);cdm;z_contract_impl_DATA-13754;TRIGGER;ADB Owner Cdm;"REVOKE TRIGGER ON cdm.z_contract_impl_DATA-13754 FROM evzubkov;"
adb_pdi_prod;adb_pdi_prod;dm_dob;dm_concluded_contract;INSERT;ADB Write Dm Dob;"REVOKE INSERT ON dm_dob.dm_concluded_contract FROM adb_pdi_prod;"
adb_pdi_prod;adb_pdi_prod;dm_dob;dm_concluded_contract;SELECT;ADB Write Dm Dob;"REVOKE SELECT ON dm_dob.dm_concluded_contract FROM adb_pdi_prod;"
adb_pdi_prod;adb_pdi_prod;dm_dob;dm_concluded_contract;UPDATE;ADB Write Dm Dob;"REVOKE UPDATE ON dm_dob.dm_concluded_contract FROM adb_pdi_prod;"
adb_pdi_prod;adb_pdi_prod;dm_dob;dm_concluded_contract;DELETE;ADB Write Dm Dob;"REVOKE DELETE ON dm_dob.dm_concluded_contract FROM adb_pdi_prod;"
adb_pdi_prod;adb_pdi_prod;dm_dob;dm_concluded_contract_vehicle;INSERT;ADB Write Dm Dob;"REVOKE INSERT ON dm_dob.dm_concluded_contract_vehicle FROM adb_pdi_prod;"
adb_pdi_prod;adb_pdi_prod;dm_dob;dm_concluded_contract_vehicle;SELECT;ADB Write Dm Dob;"REVOKE SELECT ON dm_dob.dm_concluded_contract_vehicle FROM adb_pdi_prod;"
adb_pdi_prod;adb_pdi_prod;dm_dob;dm_concluded_contract_vehicle;UPDATE;ADB Write Dm Dob;"REVOKE UPDATE ON dm_dob.dm_concluded_contract_vehicle FROM adb_pdi_prod;"
adb_pdi_prod;adb_pdi_prod;dm_dob;dm_concluded_contract_vehicle;DELETE;ADB Write Dm Dob;"REVOKE DELETE ON dm_dob.dm_concluded_contract_vehicle FROM adb_pdi_prod;"
adb_service_prod;adb_service_prod;check_dq;diff_repl_commission_risk_sap_paid_2026_07_30__05_00_01_k_1_ups;INSERT;ADB Owner Check DQ;"REVOKE INSERT ON check_dq.diff_repl_commission_risk_sap_paid_2026_07_30__05_00_01_k_1_ups FROM adb_service_prod;"
adb_service_prod;adb_service_prod;check_dq;diff_repl_commission_risk_sap_paid_2026_07_30__05_00_01_k_1_ups;SELECT;ADB Owner Check DQ;"REVOKE SELECT ON check_dq.diff_repl_commission_risk_sap_paid_2026_07_30__05_00_01_k_1_ups FROM adb_service_prod;"
adb_service_prod;adb_service_prod;check_dq;diff_repl_commission_risk_sap_paid_2026_07_30__05_00_01_k_1_ups;UPDATE;ADB Owner Check DQ;"REVOKE UPDATE ON check_dq.diff_repl_commission_risk_sap_paid_2026_07_30__05_00_01_k_1_ups FROM adb_service_prod;"
adb_service_prod;adb_service_prod;check_dq;diff_repl_commission_risk_sap_paid_2026_07_30__05_00_01_k_1_ups;DELETE;ADB Owner Check DQ;"REVOKE DELETE ON check_dq.diff_repl_commission_risk_sap_paid_2026_07_30__05_00_01_k_1_ups FROM adb_service_prod;"
adb_service_prod;adb_service_prod;check_dq;diff_repl_commission_risk_sap_paid_2026_07_30__05_00_01_k_1_ups;TRUNCATE;ADB Owner Check DQ;"REVOKE TRUNCATE ON check_dq.diff_repl_commission_risk_sap_paid_2026_07_30__05_00_01_k_1_ups FROM adb_service_prod;"
adb_service_prod;adb_service_prod;check_dq;diff_repl_commission_risk_sap_paid_2026_07_30__05_00_01_k_1_ups;REFERENCES;ADB Owner Check DQ;"REVOKE REFERENCES ON check_dq.diff_repl_commission_risk_sap_paid_2026_07_30__05_00_01_k_1_ups FROM adb_service_prod;"
adb_service_prod;adb_service_prod;check_dq;diff_repl_commission_risk_sap_paid_2026_07_30__05_00_01_k_1_ups;TRIGGER;ADB Owner Check DQ;"REVOKE TRIGGER ON check_dq.diff_repl_commission_risk_sap_paid_2026_07_30__05_00_01_k_1_ups FROM adb_service_prod;"
bpirkhin;Ирхин Борис Петрович (Boris Irkhin);dm_tmp;mort_prolongation_chain_last;INSERT;ADB Owner Dm Tmp;"REVOKE INSERT ON dm_tmp.mort_prolongation_chain_last FROM bpirkhin;"
bpirkhin;Ирхин Борис Петрович (Boris Irkhin);dm_tmp;mort_prolongation_chain_last;SELECT;ADB Owner Dm Tmp;"REVOKE SELECT ON dm_tmp.mort_prolongation_chain_last FROM bpirkhin;"
bpirkhin;Ирхин Борис Петрович (Boris Irkhin);dm_tmp;mort_prolongation_chain_last;DELETE;ADB Owner Dm Tmp;"REVOKE DELETE ON dm_tmp.mort_prolongation_chain_last FROM bpirkhin;"
bpirkhin;Ирхин Борис Петрович (Boris Irkhin);dm_tmp;mort_prolongation_chain_last;TRUNCATE;ADB Owner Dm Tmp;"REVOKE TRUNCATE ON dm_tmp.mort_prolongation_chain_last FROM bpirkhin;"
ivfilin;Филин Игорь Валерьевич (Igor Filin);dm_tmp;mort_prolongation_chain_last;SELECT;ADB Write Dm Tmp;"REVOKE SELECT ON dm_tmp.mort_prolongation_chain_last FROM ivfilin;"
bpirkhin;Ирхин Борис Петрович (Boris Irkhin);dm_tmp;mort_prolongation_delta;INSERT;ADB Owner Dm Tmp;"REVOKE INSERT ON dm_tmp.mort_prolongation_delta FROM bpirkhin;"
bpirkhin;Ирхин Борис Петрович (Boris Irkhin);dm_tmp;mort_prolongation_delta;SELECT;ADB Owner Dm Tmp;"REVOKE SELECT ON dm_tmp.mort_prolongation_delta FROM bpirkhin;"
bpirkhin;Ирхин Борис Петрович (Boris Irkhin);dm_tmp;mort_prolongation_delta;DELETE;ADB Owner Dm Tmp;"REVOKE DELETE ON dm_tmp.mort_prolongation_delta FROM bpirkhin;"
bpirkhin;Ирхин Борис Петрович (Boris Irkhin);dm_tmp;mort_prolongation_delta;TRUNCATE;ADB Owner Dm Tmp;"REVOKE TRUNCATE ON dm_tmp.mort_prolongation_delta FROM bpirkhin;"
ivfilin;Филин Игорь Валерьевич (Igor Filin);dm_tmp;mort_prolongation_delta;SELECT;ADB Write Dm Tmp;"REVOKE SELECT ON dm_tmp.mort_prolongation_delta FROM ivfilin;"
bpirkhin;Ирхин Борис Петрович (Boris Irkhin);dm_tmp;mort_prolongation_first;INSERT;ADB Owner Dm Tmp;"REVOKE INSERT ON dm_tmp.mort_prolongation_first FROM bpirkhin;"
bpirkhin;Ирхин Борис Петрович (Boris Irkhin);dm_tmp;mort_prolongation_first;SELECT;ADB Owner Dm Tmp;"REVOKE SELECT ON dm_tmp.mort_prolongation_first FROM bpirkhin;"
bpirkhin;Ирхин Борис Петрович (Boris Irkhin);dm_tmp;mort_prolongation_first;DELETE;ADB Owner Dm Tmp;"REVOKE DELETE ON dm_tmp.mort_prolongation_first FROM bpirkhin;"
bpirkhin;Ирхин Борис Петрович (Boris Irkhin);dm_tmp;mort_prolongation_first;TRUNCATE;ADB Owner Dm Tmp;"REVOKE TRUNCATE ON dm_tmp.mort_prolongation_first FROM bpirkhin;"
ivfilin;Филин Игорь Валерьевич (Igor Filin);dm_tmp;mort_prolongation_first;SELECT;ADB Write Dm Tmp;"REVOKE SELECT ON dm_tmp.mort_prolongation_first FROM ivfilin;"
adb_pdi_prod;adb_pdi_prod;dm_tmp;agents_cbrf_cont;INSERT;ADB Owner Dm Tmp;"REVOKE INSERT ON dm_tmp.agents_cbrf_cont FROM adb_pdi_prod;"
adb_pdi_prod;adb_pdi_prod;dm_tmp;agents_cbrf_cont;SELECT;ADB Owner Dm Tmp;"REVOKE SELECT ON dm_tmp.agents_cbrf_cont FROM adb_pdi_prod;"
adb_pdi_prod;adb_pdi_prod;dm_tmp;agents_cbrf_cont;UPDATE;ADB Owner Dm Tmp;"REVOKE UPDATE ON dm_tmp.agents_cbrf_cont FROM adb_pdi_prod;"
adb_pdi_prod;adb_pdi_prod;dm_tmp;agents_cbrf_cont;DELETE;ADB Owner Dm Tmp;"REVOKE DELETE ON dm_tmp.agents_cbrf_cont FROM adb_pdi_prod;"
adb_pdi_prod;adb_pdi_prod;dm_tmp;agents_cbrf_cont;TRUNCATE;ADB Owner Dm Tmp;"REVOKE TRUNCATE ON dm_tmp.agents_cbrf_cont FROM adb_pdi_prod;"
bpirkhin;Ирхин Борис Петрович (Boris Irkhin);dm_tmp;mort_prolongation_next;INSERT;ADB Owner Dm Tmp;"REVOKE INSERT ON dm_tmp.mort_prolongation_next FROM bpirkhin;"
bpirkhin;Ирхин Борис Петрович (Boris Irkhin);dm_tmp;mort_prolongation_next;SELECT;ADB Owner Dm Tmp;"REVOKE SELECT ON dm_tmp.mort_prolongation_next FROM bpirkhin;"
bpirkhin;Ирхин Борис Петрович (Boris Irkhin);dm_tmp;mort_prolongation_next;DELETE;ADB Owner Dm Tmp;"REVOKE DELETE ON dm_tmp.mort_prolongation_next FROM bpirkhin;"
bpirkhin;Ирхин Борис Петрович (Boris Irkhin);dm_tmp;mort_prolongation_next;TRUNCATE;ADB Owner Dm Tmp;"REVOKE TRUNCATE ON dm_tmp.mort_prolongation_next FROM bpirkhin;"
ivfilin;Филин Игорь Валерьевич (Igor Filin);dm_tmp;mort_prolongation_next;SELECT;ADB Write Dm Tmp;"REVOKE SELECT ON dm_tmp.mort_prolongation_next FROM ivfilin;"
bpirkhin;Ирхин Борис Петрович (Boris Irkhin);dm_tmp;mort_prolongation_next_one_tmp;INSERT;ADB Owner Dm Tmp;"REVOKE INSERT ON dm_tmp.mort_prolongation_next_one_tmp FROM bpirkhin;"
bpirkhin;Ирхин Борис Петрович (Boris Irkhin);dm_tmp;mort_prolongation_next_one_tmp;SELECT;ADB Owner Dm Tmp;"REVOKE SELECT ON dm_tmp.mort_prolongation_next_one_tmp FROM bpirkhin;"
bpirkhin;Ирхин Борис Петрович (Boris Irkhin);dm_tmp;mort_prolongation_next_one_tmp;DELETE;ADB Owner Dm Tmp;"REVOKE DELETE ON dm_tmp.mort_prolongation_next_one_tmp FROM bpirkhin;"
bpirkhin;Ирхин Борис Петрович (Boris Irkhin);dm_tmp;mort_prolongation_next_one_tmp;TRUNCATE;ADB Owner Dm Tmp;"REVOKE TRUNCATE ON dm_tmp.mort_prolongation_next_one_tmp FROM bpirkhin;"
ivfilin;Филин Игорь Валерьевич (Igor Filin);dm_tmp;mort_prolongation_next_one_tmp;SELECT;ADB Write Dm Tmp;"REVOKE SELECT ON dm_tmp.mort_prolongation_next_one_tmp FROM ivfilin;"
adb_pdi_prod;adb_pdi_prod;dm_tmp;tr021_chr_contr_hier_prod;INSERT;ADB Owner Dm Tmp;"REVOKE INSERT ON dm_tmp.tr021_chr_contr_hier_prod FROM adb_pdi_prod;"
adb_pdi_prod;adb_pdi_prod;dm_tmp;tr021_chr_contr_hier_prod;SELECT;ADB Owner Dm Tmp;"REVOKE SELECT ON dm_tmp.tr021_chr_contr_hier_prod FROM adb_pdi_prod;"
adb_pdi_prod;adb_pdi_prod;dm_tmp;tr021_chr_contr_hier_prod;UPDATE;ADB Owner Dm Tmp;"REVOKE UPDATE ON dm_tmp.tr021_chr_contr_hier_prod FROM adb_pdi_prod;"
adb_pdi_prod;adb_pdi_prod;dm_tmp;tr021_chr_contr_hier_prod;DELETE;ADB Owner Dm Tmp;"REVOKE DELETE ON dm_tmp.tr021_chr_contr_hier_prod FROM adb_pdi_prod;"
adb_pdi_prod;adb_pdi_prod;dm_tmp;tr021_chr_contr_hier_prod;TRUNCATE;ADB Owner Dm Tmp;"REVOKE TRUNCATE ON dm_tmp.tr021_chr_contr_hier_prod FROM adb_pdi_prod;"
adb_pdi_prod;adb_pdi_prod;dm_tmp;tr021_chr_contr_hier_prod;REFERENCES;ADB Owner Dm Tmp;"REVOKE REFERENCES ON dm_tmp.tr021_chr_contr_hier_prod FROM adb_pdi_prod;"
adb_pdi_prod;adb_pdi_prod;dm_tmp;tr021_chr_contr_hier_prod;TRIGGER;ADB Owner Dm Tmp;"REVOKE TRIGGER ON dm_tmp.tr021_chr_contr_hier_prod FROM adb_pdi_prod;"
adb_pdi_prod;adb_pdi_prod;dm_tmp;tr020_chr_update_root;INSERT;ADB Owner Dm Tmp;"REVOKE INSERT ON dm_tmp.tr020_chr_update_root FROM adb_pdi_prod;"
adb_pdi_prod;adb_pdi_prod;dm_tmp;tr020_chr_update_root;SELECT;ADB Owner Dm Tmp;"REVOKE SELECT ON dm_tmp.tr020_chr_update_root FROM adb_pdi_prod;"
adb_pdi_prod;adb_pdi_prod;dm_tmp;tr020_chr_update_root;UPDATE;ADB Owner Dm Tmp;"REVOKE UPDATE ON dm_tmp.tr020_chr_update_root FROM adb_pdi_prod;"
adb_pdi_prod;adb_pdi_prod;dm_tmp;tr020_chr_update_root;DELETE;ADB Owner Dm Tmp;"REVOKE DELETE ON dm_tmp.tr020_chr_update_root FROM adb_pdi_prod;"
adb_pdi_prod;adb_pdi_prod;dm_tmp;tr020_chr_update_root;TRUNCATE;ADB Owner Dm Tmp;"REVOKE TRUNCATE ON dm_tmp.tr020_chr_update_root FROM adb_pdi_prod;"
adb_pdi_prod;adb_pdi_prod;dm_tmp;tr020_chr_update_root;REFERENCES;ADB Owner Dm Tmp;"REVOKE REFERENCES ON dm_tmp.tr020_chr_update_root FROM adb_pdi_prod;"
adb_pdi_prod;adb_pdi_prod;dm_tmp;tr020_chr_update_root;TRIGGER;ADB Owner Dm Tmp;"REVOKE TRIGGER ON dm_tmp.tr020_chr_update_root FROM adb_pdi_prod;"
bpirkhin;Ирхин Борис Петрович (Boris Irkhin);dm_tmp;mort_prolongation;INSERT;ADB Owner Dm Tmp;"REVOKE INSERT ON dm_tmp.mort_prolongation FROM bpirkhin;"
bpirkhin;Ирхин Борис Петрович (Boris Irkhin);dm_tmp;mort_prolongation;SELECT;ADB Owner Dm Tmp;"REVOKE SELECT ON dm_tmp.mort_prolongation FROM bpirkhin;"
bpirkhin;Ирхин Борис Петрович (Boris Irkhin);dm_tmp;mort_prolongation;DELETE;ADB Owner Dm Tmp;"REVOKE DELETE ON dm_tmp.mort_prolongation FROM bpirkhin;"
bpirkhin;Ирхин Борис Петрович (Boris Irkhin);dm_tmp;mort_prolongation;TRUNCATE;ADB Owner Dm Tmp;"REVOKE TRUNCATE ON dm_tmp.mort_prolongation FROM bpirkhin;"
ivfilin;Филин Игорь Валерьевич (Igor Filin);dm_tmp;mort_prolongation;SELECT;ADB Write Dm Tmp;"REVOKE SELECT ON dm_tmp.mort_prolongation FROM ivfilin;"
bpirkhin;Ирхин Борис Петрович (Boris Irkhin);dm_tmp;dm_concluded_contract_old;INSERT;ADB Owner Dm Tmp;"REVOKE INSERT ON dm_tmp.dm_concluded_contract_old FROM bpirkhin;"
bpirkhin;Ирхин Борис Петрович (Boris Irkhin);dm_tmp;dm_concluded_contract_old;SELECT;ADB Owner Dm Tmp;"REVOKE SELECT ON dm_tmp.dm_concluded_contract_old FROM bpirkhin;"
bpirkhin;Ирхин Борис Петрович (Boris Irkhin);dm_tmp;dm_concluded_contract_old;DELETE;ADB Owner Dm Tmp;"REVOKE DELETE ON dm_tmp.dm_concluded_contract_old FROM bpirkhin;"
bpirkhin;Ирхин Борис Петрович (Boris Irkhin);dm_tmp;dm_concluded_contract_old;TRUNCATE;ADB Owner Dm Tmp;"REVOKE TRUNCATE ON dm_tmp.dm_concluded_contract_old FROM bpirkhin;"
oeberlin;Берлин Ольга Эдуардовна (Olga Berlin);dm_tmp;dm_concluded_contract_old;SELECT;ADB Owner Dm Tmp;"REVOKE SELECT ON dm_tmp.dm_concluded_contract_old FROM oeberlin;"
lnivanov;Иванов Лев Николаевич (Lev Ivanov);dm_tmp;dm_concluded_contract_old;INSERT;ADB Owner Dm Tmp;"REVOKE INSERT ON dm_tmp.dm_concluded_contract_old FROM lnivanov;"
lnivanov;Иванов Лев Николаевич (Lev Ivanov);dm_tmp;dm_concluded_contract_old;SELECT;ADB Owner Dm Tmp;"REVOKE SELECT ON dm_tmp.dm_concluded_contract_old FROM lnivanov;"
lnivanov;Иванов Лев Николаевич (Lev Ivanov);dm_tmp;dm_concluded_contract_old;UPDATE;ADB Owner Dm Tmp;"REVOKE UPDATE ON dm_tmp.dm_concluded_contract_old FROM lnivanov;"
lnivanov;Иванов Лев Николаевич (Lev Ivanov);dm_tmp;dm_concluded_contract_old;DELETE;ADB Owner Dm Tmp;"REVOKE DELETE ON dm_tmp.dm_concluded_contract_old FROM lnivanov;"
lnivanov;Иванов Лев Николаевич (Lev Ivanov);dm_tmp;dm_concluded_contract_old;TRUNCATE;ADB Owner Dm Tmp;"REVOKE TRUNCATE ON dm_tmp.dm_concluded_contract_old FROM lnivanov;"
lnivanov;Иванов Лев Николаевич (Lev Ivanov);dm_tmp;dm_concluded_contract_old;REFERENCES;ADB Owner Dm Tmp;"REVOKE REFERENCES ON dm_tmp.dm_concluded_contract_old FROM lnivanov;"
lnivanov;Иванов Лев Николаевич (Lev Ivanov);dm_tmp;dm_concluded_contract_old;TRIGGER;ADB Owner Dm Tmp;"REVOKE TRIGGER ON dm_tmp.dm_concluded_contract_old FROM lnivanov;"
bpirkhin;Ирхин Борис Петрович (Boris Irkhin);dm_tmp;dm_concluded_contract_main;INSERT;ADB Owner Dm Tmp;"REVOKE INSERT ON dm_tmp.dm_concluded_contract_main FROM bpirkhin;"
bpirkhin;Ирхин Борис Петрович (Boris Irkhin);dm_tmp;dm_concluded_contract_main;SELECT;ADB Owner Dm Tmp;"REVOKE SELECT ON dm_tmp.dm_concluded_contract_main FROM bpirkhin;"
bpirkhin;Ирхин Борис Петрович (Boris Irkhin);dm_tmp;dm_concluded_contract_main;DELETE;ADB Owner Dm Tmp;"REVOKE DELETE ON dm_tmp.dm_concluded_contract_main FROM bpirkhin;"
bpirkhin;Ирхин Борис Петрович (Boris Irkhin);dm_tmp;dm_concluded_contract_main;TRUNCATE;ADB Owner Dm Tmp;"REVOKE TRUNCATE ON dm_tmp.dm_concluded_contract_main FROM bpirkhin;"
oeberlin;Берлин Ольга Эдуардовна (Olga Berlin);dm_tmp;dm_concluded_contract_main;SELECT;ADB Owner Dm Tmp;"REVOKE SELECT ON dm_tmp.dm_concluded_contract_main FROM oeberlin;"
lnivanov;Иванов Лев Николаевич (Lev Ivanov);dm_tmp;dm_concluded_contract_main;INSERT;ADB Owner Dm Tmp;"REVOKE INSERT ON dm_tmp.dm_concluded_contract_main FROM lnivanov;"
lnivanov;Иванов Лев Николаевич (Lev Ivanov);dm_tmp;dm_concluded_contract_main;SELECT;ADB Owner Dm Tmp;"REVOKE SELECT ON dm_tmp.dm_concluded_contract_main FROM lnivanov;"
lnivanov;Иванов Лев Николаевич (Lev Ivanov);dm_tmp;dm_concluded_contract_main;UPDATE;ADB Owner Dm Tmp;"REVOKE UPDATE ON dm_tmp.dm_concluded_contract_main FROM lnivanov;"
lnivanov;Иванов Лев Николаевич (Lev Ivanov);dm_tmp;dm_concluded_contract_main;DELETE;ADB Owner Dm Tmp;"REVOKE DELETE ON dm_tmp.dm_concluded_contract_main FROM lnivanov;"
lnivanov;Иванов Лев Николаевич (Lev Ivanov);dm_tmp;dm_concluded_contract_main;TRUNCATE;ADB Owner Dm Tmp;"REVOKE TRUNCATE ON dm_tmp.dm_concluded_contract_main FROM lnivanov;"
lnivanov;Иванов Лев Николаевич (Lev Ivanov);dm_tmp;dm_concluded_contract_main;REFERENCES;ADB Owner Dm Tmp;"REVOKE REFERENCES ON dm_tmp.dm_concluded_contract_main FROM lnivanov;"
lnivanov;Иванов Лев Николаевич (Lev Ivanov);dm_tmp;dm_concluded_contract_main;TRIGGER;ADB Owner Dm Tmp;"REVOKE TRIGGER ON dm_tmp.dm_concluded_contract_main FROM lnivanov;"
bpirkhin;Ирхин Борис Петрович (Boris Irkhin);dm_tmp;dm_concluded_contract_vehicle_delta;INSERT;ADB Owner Dm Tmp;"REVOKE INSERT ON dm_tmp.dm_concluded_contract_vehicle_delta FROM bpirkhin;"
bpirkhin;Ирхин Борис Петрович (Boris Irkhin);dm_tmp;dm_concluded_contract_vehicle_delta;SELECT;ADB Owner Dm Tmp;"REVOKE SELECT ON dm_tmp.dm_concluded_contract_vehicle_delta FROM bpirkhin;"
bpirkhin;Ирхин Борис Петрович (Boris Irkhin);dm_tmp;dm_concluded_contract_vehicle_delta;DELETE;ADB Owner Dm Tmp;"REVOKE DELETE ON dm_tmp.dm_concluded_contract_vehicle_delta FROM bpirkhin;"
bpirkhin;Ирхин Борис Петрович (Boris Irkhin);dm_tmp;dm_concluded_contract_vehicle_delta;TRUNCATE;ADB Owner Dm Tmp;"REVOKE TRUNCATE ON dm_tmp.dm_concluded_contract_vehicle_delta FROM bpirkhin;"
oeberlin;Берлин Ольга Эдуардовна (Olga Berlin);dm_tmp;dm_concluded_contract_vehicle_delta;SELECT;ADB Owner Dm Tmp;"REVOKE SELECT ON dm_tmp.dm_concluded_contract_vehicle_delta FROM oeberlin;"
lnivanov;Иванов Лев Николаевич (Lev Ivanov);dm_tmp;dm_concluded_contract_vehicle_delta;INSERT;ADB Owner Dm Tmp;"REVOKE INSERT ON dm_tmp.dm_concluded_contract_vehicle_delta FROM lnivanov;"
lnivanov;Иванов Лев Николаевич (Lev Ivanov);dm_tmp;dm_concluded_contract_vehicle_delta;SELECT;ADB Owner Dm Tmp;"REVOKE SELECT ON dm_tmp.dm_concluded_contract_vehicle_delta FROM lnivanov;"
lnivanov;Иванов Лев Николаевич (Lev Ivanov);dm_tmp;dm_concluded_contract_vehicle_delta;UPDATE;ADB Owner Dm Tmp;"REVOKE UPDATE ON dm_tmp.dm_concluded_contract_vehicle_delta FROM lnivanov;"
lnivanov;Иванов Лев Николаевич (Lev Ivanov);dm_tmp;dm_concluded_contract_vehicle_delta;DELETE;ADB Owner Dm Tmp;"REVOKE DELETE ON dm_tmp.dm_concluded_contract_vehicle_delta FROM lnivanov;"
lnivanov;Иванов Лев Николаевич (Lev Ivanov);dm_tmp;dm_concluded_contract_vehicle_delta;TRUNCATE;ADB Owner Dm Tmp;"REVOKE TRUNCATE ON dm_tmp.dm_concluded_contract_vehicle_delta FROM lnivanov;"
lnivanov;Иванов Лев Николаевич (Lev Ivanov);dm_tmp;dm_concluded_contract_vehicle_delta;REFERENCES;ADB Owner Dm Tmp;"REVOKE REFERENCES ON dm_tmp.dm_concluded_contract_vehicle_delta FROM lnivanov;"
lnivanov;Иванов Лев Николаевич (Lev Ivanov);dm_tmp;dm_concluded_contract_vehicle_delta;TRIGGER;ADB Owner Dm Tmp;"REVOKE TRIGGER ON dm_tmp.dm_concluded_contract_vehicle_delta FROM lnivanov;"
bpirkhin;Ирхин Борис Петрович (Boris Irkhin);dm_tmp;dm_concluded_contract_vehicle_old;INSERT;ADB Owner Dm Tmp;"REVOKE INSERT ON dm_tmp.dm_concluded_contract_vehicle_old FROM bpirkhin;"
bpirkhin;Ирхин Борис Петрович (Boris Irkhin);dm_tmp;dm_concluded_contract_vehicle_old;SELECT;ADB Owner Dm Tmp;"REVOKE SELECT ON dm_tmp.dm_concluded_contract_vehicle_old FROM bpirkhin;"
bpirkhin;Ирхин Борис Петрович (Boris Irkhin);dm_tmp;dm_concluded_contract_vehicle_old;DELETE;ADB Owner Dm Tmp;"REVOKE DELETE ON dm_tmp.dm_concluded_contract_vehicle_old FROM bpirkhin;"
bpirkhin;Ирхин Борис Петрович (Boris Irkhin);dm_tmp;dm_concluded_contract_vehicle_old;TRUNCATE;ADB Owner Dm Tmp;"REVOKE TRUNCATE ON dm_tmp.dm_concluded_contract_vehicle_old FROM bpirkhin;"
oeberlin;Берлин Ольга Эдуардовна (Olga Berlin);dm_tmp;dm_concluded_contract_vehicle_old;SELECT;ADB Owner Dm Tmp;"REVOKE SELECT ON dm_tmp.dm_concluded_contract_vehicle_old FROM oeberlin;"
lnivanov;Иванов Лев Николаевич (Lev Ivanov);dm_tmp;dm_concluded_contract_vehicle_old;INSERT;ADB Owner Dm Tmp;"REVOKE INSERT ON dm_tmp.dm_concluded_contract_vehicle_old FROM lnivanov;"
lnivanov;Иванов Лев Николаевич (Lev Ivanov);dm_tmp;dm_concluded_contract_vehicle_old;SELECT;ADB Owner Dm Tmp;"REVOKE SELECT ON dm_tmp.dm_concluded_contract_vehicle_old FROM lnivanov;"
lnivanov;Иванов Лев Николаевич (Lev Ivanov);dm_tmp;dm_concluded_contract_vehicle_old;UPDATE;ADB Owner Dm Tmp;"REVOKE UPDATE ON dm_tmp.dm_concluded_contract_vehicle_old FROM lnivanov;"
lnivanov;Иванов Лев Николаевич (Lev Ivanov);dm_tmp;dm_concluded_contract_vehicle_old;DELETE;ADB Owner Dm Tmp;"REVOKE DELETE ON dm_tmp.dm_concluded_contract_vehicle_old FROM lnivanov;"
lnivanov;Иванов Лев Николаевич (Lev Ivanov);dm_tmp;dm_concluded_contract_vehicle_old;TRUNCATE;ADB Owner Dm Tmp;"REVOKE TRUNCATE ON dm_tmp.dm_concluded_contract_vehicle_old FROM lnivanov;"
lnivanov;Иванов Лев Николаевич (Lev Ivanov);dm_tmp;dm_concluded_contract_vehicle_old;REFERENCES;ADB Owner Dm Tmp;"REVOKE REFERENCES ON dm_tmp.dm_concluded_contract_vehicle_old FROM lnivanov;"
lnivanov;Иванов Лев Николаевич (Lev Ivanov);dm_tmp;dm_concluded_contract_vehicle_old;TRIGGER;ADB Owner Dm Tmp;"REVOKE TRIGGER ON dm_tmp.dm_concluded_contract_vehicle_old FROM lnivanov;"
vayakovlev;Яковлев Виталий Анатольевич (Vitaly Yakovlev);dm_msfo17;reins_msfo_diff_nl;INSERT;ADB Owner Dm msfo17;"REVOKE INSERT ON dm_msfo17.reins_msfo_diff_nl FROM vayakovlev;"
vayakovlev;Яковлев Виталий Анатольевич (Vitaly Yakovlev);dm_msfo17;reins_msfo_diff_nl;SELECT;ADB Owner Dm msfo17;"REVOKE SELECT ON dm_msfo17.reins_msfo_diff_nl FROM vayakovlev;"
vayakovlev;Яковлев Виталий Анатольевич (Vitaly Yakovlev);dm_msfo17;reins_msfo_diff_nl;UPDATE;ADB Owner Dm msfo17;"REVOKE UPDATE ON dm_msfo17.reins_msfo_diff_nl FROM vayakovlev;"
vayakovlev;Яковлев Виталий Анатольевич (Vitaly Yakovlev);dm_msfo17;reins_msfo_diff_nl;DELETE;ADB Owner Dm msfo17;"REVOKE DELETE ON dm_msfo17.reins_msfo_diff_nl FROM vayakovlev;"
vayakovlev;Яковлев Виталий Анатольевич (Vitaly Yakovlev);dm_msfo17;reins_msfo_diff_nl;TRUNCATE;ADB Owner Dm msfo17;"REVOKE TRUNCATE ON dm_msfo17.reins_msfo_diff_nl FROM vayakovlev;"
vayakovlev;Яковлев Виталий Анатольевич (Vitaly Yakovlev);dm_msfo17;reins_msfo_diff_nl;REFERENCES;ADB Owner Dm msfo17;"REVOKE REFERENCES ON dm_msfo17.reins_msfo_diff_nl FROM vayakovlev;"
vayakovlev;Яковлев Виталий Анатольевич (Vitaly Yakovlev);dm_msfo17;reins_msfo_diff_nl;TRIGGER;ADB Owner Dm msfo17;"REVOKE TRIGGER ON dm_msfo17.reins_msfo_diff_nl FROM vayakovlev;"
adb_pdi_prod;adb_pdi_prod;dm_msfo17;reins_msfo_diff_nl;INSERT;ADB Write Dm msfo17;"REVOKE INSERT ON dm_msfo17.reins_msfo_diff_nl FROM adb_pdi_prod;"
adb_pdi_prod;adb_pdi_prod;dm_msfo17;reins_msfo_diff_nl;SELECT;ADB Write Dm msfo17;"REVOKE SELECT ON dm_msfo17.reins_msfo_diff_nl FROM adb_pdi_prod;"
adb_pdi_prod;adb_pdi_prod;dm_msfo17;reins_msfo_diff_nl;UPDATE;ADB Write Dm msfo17;"REVOKE UPDATE ON dm_msfo17.reins_msfo_diff_nl FROM adb_pdi_prod;"
adb_pdi_prod;adb_pdi_prod;dm_msfo17;reins_msfo_diff_nl;DELETE;ADB Write Dm msfo17;"REVOKE DELETE ON dm_msfo17.reins_msfo_diff_nl FROM adb_pdi_prod;"
vayakovlev;Яковлев Виталий Анатольевич (Vitaly Yakovlev);dm_msfo17;ref_vid_re_insuaran_type_diff;INSERT;ADB Owner Dm msfo17;"REVOKE INSERT ON dm_msfo17.ref_vid_re_insuaran_type_diff FROM vayakovlev;"
vayakovlev;Яковлев Виталий Анатольевич (Vitaly Yakovlev);dm_msfo17;ref_vid_re_insuaran_type_diff;SELECT;ADB Owner Dm msfo17;"REVOKE SELECT ON dm_msfo17.ref_vid_re_insuaran_type_diff FROM vayakovlev;"
vayakovlev;Яковлев Виталий Анатольевич (Vitaly Yakovlev);dm_msfo17;ref_vid_re_insuaran_type_diff;UPDATE;ADB Owner Dm msfo17;"REVOKE UPDATE ON dm_msfo17.ref_vid_re_insuaran_type_diff FROM vayakovlev;"
vayakovlev;Яковлев Виталий Анатольевич (Vitaly Yakovlev);dm_msfo17;ref_vid_re_insuaran_type_diff;DELETE;ADB Owner Dm msfo17;"REVOKE DELETE ON dm_msfo17.ref_vid_re_insuaran_type_diff FROM vayakovlev;"
vayakovlev;Яковлев Виталий Анатольевич (Vitaly Yakovlev);dm_msfo17;ref_vid_re_insuaran_type_diff;TRUNCATE;ADB Owner Dm msfo17;"REVOKE TRUNCATE ON dm_msfo17.ref_vid_re_insuaran_type_diff FROM vayakovlev;"
vayakovlev;Яковлев Виталий Анатольевич (Vitaly Yakovlev);dm_msfo17;ref_vid_re_insuaran_type_diff;REFERENCES;ADB Owner Dm msfo17;"REVOKE REFERENCES ON dm_msfo17.ref_vid_re_insuaran_type_diff FROM vayakovlev;"
vayakovlev;Яковлев Виталий Анатольевич (Vitaly Yakovlev);dm_msfo17;ref_vid_re_insuaran_type_diff;TRIGGER;ADB Owner Dm msfo17;"REVOKE TRIGGER ON dm_msfo17.ref_vid_re_insuaran_type_diff FROM vayakovlev;"
adb_pdi_prod;adb_pdi_prod;dm_tmp;agents_cbrf;INSERT;ADB Owner Dm Tmp;"REVOKE INSERT ON dm_tmp.agents_cbrf FROM adb_pdi_prod;"
adb_pdi_prod;adb_pdi_prod;dm_tmp;agents_cbrf;SELECT;ADB Owner Dm Tmp;"REVOKE SELECT ON dm_tmp.agents_cbrf FROM adb_pdi_prod;"
adb_pdi_prod;adb_pdi_prod;dm_tmp;agents_cbrf;UPDATE;ADB Owner Dm Tmp;"REVOKE UPDATE ON dm_tmp.agents_cbrf FROM adb_pdi_prod;"
adb_pdi_prod;adb_pdi_prod;dm_tmp;agents_cbrf;DELETE;ADB Owner Dm Tmp;"REVOKE DELETE ON dm_tmp.agents_cbrf FROM adb_pdi_prod;"
adb_pdi_prod;adb_pdi_prod;dm_tmp;agents_cbrf;TRUNCATE;ADB Owner Dm Tmp;"REVOKE TRUNCATE ON dm_tmp.agents_cbrf FROM adb_pdi_prod;"
vayakovlev;Яковлев Виталий Анатольевич (Vitaly Yakovlev);dm_msfo17;re_contract_segmentation_out;INSERT;ADB Owner Dm msfo17;"REVOKE INSERT ON dm_msfo17.re_contract_segmentation_out FROM vayakovlev;"
vayakovlev;Яковлев Виталий Анатольевич (Vitaly Yakovlev);dm_msfo17;re_contract_segmentation_out;SELECT;ADB Owner Dm msfo17;"REVOKE SELECT ON dm_msfo17.re_contract_segmentation_out FROM vayakovlev;"
vayakovlev;Яковлев Виталий Анатольевич (Vitaly Yakovlev);dm_msfo17;re_contract_segmentation_out;UPDATE;ADB Owner Dm msfo17;"REVOKE UPDATE ON dm_msfo17.re_contract_segmentation_out FROM vayakovlev;"
vayakovlev;Яковлев Виталий Анатольевич (Vitaly Yakovlev);dm_msfo17;re_contract_segmentation_out;DELETE;ADB Owner Dm msfo17;"REVOKE DELETE ON dm_msfo17.re_contract_segmentation_out FROM vayakovlev;"
vayakovlev;Яковлев Виталий Анатольевич (Vitaly Yakovlev);dm_msfo17;re_contract_segmentation_out;TRUNCATE;ADB Owner Dm msfo17;"REVOKE TRUNCATE ON dm_msfo17.re_contract_segmentation_out FROM vayakovlev;"
vayakovlev;Яковлев Виталий Анатольевич (Vitaly Yakovlev);dm_msfo17;re_contract_segmentation_out;REFERENCES;ADB Owner Dm msfo17;"REVOKE REFERENCES ON dm_msfo17.re_contract_segmentation_out FROM vayakovlev;"
vayakovlev;Яковлев Виталий Анатольевич (Vitaly Yakovlev);dm_msfo17;re_contract_segmentation_out;TRIGGER;ADB Owner Dm msfo17;"REVOKE TRIGGER ON dm_msfo17.re_contract_segmentation_out FROM vayakovlev;"
adb_pdi_prod;adb_pdi_prod;dm_msfo17;re_contract_segmentation_out;INSERT;ADB Write Dm msfo17;"REVOKE INSERT ON dm_msfo17.re_contract_segmentation_out FROM adb_pdi_prod;"
adb_pdi_prod;adb_pdi_prod;dm_msfo17;re_contract_segmentation_out;SELECT;ADB Write Dm msfo17;"REVOKE SELECT ON dm_msfo17.re_contract_segmentation_out FROM adb_pdi_prod;"
adb_pdi_prod;adb_pdi_prod;dm_msfo17;re_contract_segmentation_out;UPDATE;ADB Write Dm msfo17;"REVOKE UPDATE ON dm_msfo17.re_contract_segmentation_out FROM adb_pdi_prod;"
adb_pdi_prod;adb_pdi_prod;dm_msfo17;re_contract_segmentation_out;DELETE;ADB Write Dm msfo17;"REVOKE DELETE ON dm_msfo17.re_contract_segmentation_out FROM adb_pdi_prod;"
vayakovlev;Яковлев Виталий Анатольевич (Vitaly Yakovlev);dm_msfo17;re_contract_segmentation_in;INSERT;ADB Owner Dm msfo17;"REVOKE INSERT ON dm_msfo17.re_contract_segmentation_in FROM vayakovlev;"
vayakovlev;Яковлев Виталий Анатольевич (Vitaly Yakovlev);dm_msfo17;re_contract_segmentation_in;SELECT;ADB Owner Dm msfo17;"REVOKE SELECT ON dm_msfo17.re_contract_segmentation_in FROM vayakovlev;"
vayakovlev;Яковлев Виталий Анатольевич (Vitaly Yakovlev);dm_msfo17;re_contract_segmentation_in;UPDATE;ADB Owner Dm msfo17;"REVOKE UPDATE ON dm_msfo17.re_contract_segmentation_in FROM vayakovlev;"
vayakovlev;Яковлев Виталий Анатольевич (Vitaly Yakovlev);dm_msfo17;re_contract_segmentation_in;DELETE;ADB Owner Dm msfo17;"REVOKE DELETE ON dm_msfo17.re_contract_segmentation_in FROM vayakovlev;"
vayakovlev;Яковлев Виталий Анатольевич (Vitaly Yakovlev);dm_msfo17;re_contract_segmentation_in;TRUNCATE;ADB Owner Dm msfo17;"REVOKE TRUNCATE ON dm_msfo17.re_contract_segmentation_in FROM vayakovlev;"
vayakovlev;Яковлев Виталий Анатольевич (Vitaly Yakovlev);dm_msfo17;re_contract_segmentation_in;REFERENCES;ADB Owner Dm msfo17;"REVOKE REFERENCES ON dm_msfo17.re_contract_segmentation_in FROM vayakovlev;"
vayakovlev;Яковлев Виталий Анатольевич (Vitaly Yakovlev);dm_msfo17;re_contract_segmentation_in;TRIGGER;ADB Owner Dm msfo17;"REVOKE TRIGGER ON dm_msfo17.re_contract_segmentation_in FROM vayakovlev;"
adb_pdi_prod;adb_pdi_prod;dm_msfo17;re_contract_segmentation_in;INSERT;ADB Write Dm msfo17;"REVOKE INSERT ON dm_msfo17.re_contract_segmentation_in FROM adb_pdi_prod;"
adb_pdi_prod;adb_pdi_prod;dm_msfo17;re_contract_segmentation_in;SELECT;ADB Write Dm msfo17;"REVOKE SELECT ON dm_msfo17.re_contract_segmentation_in FROM adb_pdi_prod;"
adb_pdi_prod;adb_pdi_prod;dm_msfo17;re_contract_segmentation_in;UPDATE;ADB Write Dm msfo17;"REVOKE UPDATE ON dm_msfo17.re_contract_segmentation_in FROM adb_pdi_prod;"
adb_pdi_prod;adb_pdi_prod;dm_msfo17;re_contract_segmentation_in;DELETE;ADB Write Dm msfo17;"REVOKE DELETE ON dm_msfo17.re_contract_segmentation_in FROM adb_pdi_prod;"
vayakovlev;Яковлев Виталий Анатольевич (Vitaly Yakovlev);dm_msfo17;earned_re_premium_msfo4_segmentation_diff;INSERT;ADB Owner Dm msfo17;"REVOKE INSERT ON dm_msfo17.earned_re_premium_msfo4_segmentation_diff FROM vayakovlev;"
vayakovlev;Яковлев Виталий Анатольевич (Vitaly Yakovlev);dm_msfo17;earned_re_premium_msfo4_segmentation_diff;SELECT;ADB Owner Dm msfo17;"REVOKE SELECT ON dm_msfo17.earned_re_premium_msfo4_segmentation_diff FROM vayakovlev;"
vayakovlev;Яковлев Виталий Анатольевич (Vitaly Yakovlev);dm_msfo17;earned_re_premium_msfo4_segmentation_diff;UPDATE;ADB Owner Dm msfo17;"REVOKE UPDATE ON dm_msfo17.earned_re_premium_msfo4_segmentation_diff FROM vayakovlev;"
vayakovlev;Яковлев Виталий Анатольевич (Vitaly Yakovlev);dm_msfo17;earned_re_premium_msfo4_segmentation_diff;DELETE;ADB Owner Dm msfo17;"REVOKE DELETE ON dm_msfo17.earned_re_premium_msfo4_segmentation_diff FROM vayakovlev;"
vayakovlev;Яковлев Виталий Анатольевич (Vitaly Yakovlev);dm_msfo17;earned_re_premium_msfo4_segmentation_diff;TRUNCATE;ADB Owner Dm msfo17;"REVOKE TRUNCATE ON dm_msfo17.earned_re_premium_msfo4_segmentation_diff FROM vayakovlev;"
vayakovlev;Яковлев Виталий Анатольевич (Vitaly Yakovlev);dm_msfo17;earned_re_premium_msfo4_segmentation_diff;REFERENCES;ADB Owner Dm msfo17;"REVOKE REFERENCES ON dm_msfo17.earned_re_premium_msfo4_segmentation_diff FROM vayakovlev;"
vayakovlev;Яковлев Виталий Анатольевич (Vitaly Yakovlev);dm_msfo17;earned_re_premium_msfo4_segmentation_diff;TRIGGER;ADB Owner Dm msfo17;"REVOKE TRIGGER ON dm_msfo17.earned_re_premium_msfo4_segmentation_diff FROM vayakovlev;"
adb_pdi_prod;adb_pdi_prod;dm_msfo17;earned_re_premium_msfo4_segmentation_diff;INSERT;ADB Write Dm msfo17;"REVOKE INSERT ON dm_msfo17.earned_re_premium_msfo4_segmentation_diff FROM adb_pdi_prod;"
adb_pdi_prod;adb_pdi_prod;dm_msfo17;earned_re_premium_msfo4_segmentation_diff;SELECT;ADB Write Dm msfo17;"REVOKE SELECT ON dm_msfo17.earned_re_premium_msfo4_segmentation_diff FROM adb_pdi_prod;"
adb_pdi_prod;adb_pdi_prod;dm_msfo17;earned_re_premium_msfo4_segmentation_diff;UPDATE;ADB Write Dm msfo17;"REVOKE UPDATE ON dm_msfo17.earned_re_premium_msfo4_segmentation_diff FROM adb_pdi_prod;"
adb_pdi_prod;adb_pdi_prod;dm_msfo17;earned_re_premium_msfo4_segmentation_diff;DELETE;ADB Write Dm msfo17;"REVOKE DELETE ON dm_msfo17.earned_re_premium_msfo4_segmentation_diff FROM adb_pdi_prod;"
vayakovlev;Яковлев Виталий Анатольевич (Vitaly Yakovlev);dm_msfo17;rgs_osago_in_monthly;INSERT;ADB Owner Dm msfo17;"REVOKE INSERT ON dm_msfo17.rgs_osago_in_monthly FROM vayakovlev;"
vayakovlev;Яковлев Виталий Анатольевич (Vitaly Yakovlev);dm_msfo17;rgs_osago_in_monthly;SELECT;ADB Owner Dm msfo17;"REVOKE SELECT ON dm_msfo17.rgs_osago_in_monthly FROM vayakovlev;"
vayakovlev;Яковлев Виталий Анатольевич (Vitaly Yakovlev);dm_msfo17;rgs_osago_in_monthly;UPDATE;ADB Owner Dm msfo17;"REVOKE UPDATE ON dm_msfo17.rgs_osago_in_monthly FROM vayakovlev;"
vayakovlev;Яковлев Виталий Анатольевич (Vitaly Yakovlev);dm_msfo17;rgs_osago_in_monthly;DELETE;ADB Owner Dm msfo17;"REVOKE DELETE ON dm_msfo17.rgs_osago_in_monthly FROM vayakovlev;"
vayakovlev;Яковлев Виталий Анатольевич (Vitaly Yakovlev);dm_msfo17;rgs_osago_in_monthly;TRUNCATE;ADB Owner Dm msfo17;"REVOKE TRUNCATE ON dm_msfo17.rgs_osago_in_monthly FROM vayakovlev;"
vayakovlev;Яковлев Виталий Анатольевич (Vitaly Yakovlev);dm_msfo17;rgs_osago_in_monthly;REFERENCES;ADB Owner Dm msfo17;"REVOKE REFERENCES ON dm_msfo17.rgs_osago_in_monthly FROM vayakovlev;"
vayakovlev;Яковлев Виталий Анатольевич (Vitaly Yakovlev);dm_msfo17;rgs_osago_in_monthly;TRIGGER;ADB Owner Dm msfo17;"REVOKE TRIGGER ON dm_msfo17.rgs_osago_in_monthly FROM vayakovlev;"
adb_pdi_prod;adb_pdi_prod;dm_msfo17;rgs_osago_in_monthly;INSERT;ADB Write Dm msfo17;"REVOKE INSERT ON dm_msfo17.rgs_osago_in_monthly FROM adb_pdi_prod;"
adb_pdi_prod;adb_pdi_prod;dm_msfo17;rgs_osago_in_monthly;SELECT;ADB Write Dm msfo17;"REVOKE SELECT ON dm_msfo17.rgs_osago_in_monthly FROM adb_pdi_prod;"
adb_pdi_prod;adb_pdi_prod;dm_msfo17;rgs_osago_in_monthly;UPDATE;ADB Write Dm msfo17;"REVOKE UPDATE ON dm_msfo17.rgs_osago_in_monthly FROM adb_pdi_prod;"
adb_pdi_prod;adb_pdi_prod;dm_msfo17;rgs_osago_in_monthly;DELETE;ADB Write Dm msfo17;"REVOKE DELETE ON dm_msfo17.rgs_osago_in_monthly FROM adb_pdi_prod;"
dvklepikov;Клепиков Денис Владимирович (Denis Klepikov);dm_msfo17;rgs_osago_in_monthly;INSERT;ADB Write Dm msfo17;"REVOKE INSERT ON dm_msfo17.rgs_osago_in_monthly FROM dvklepikov;"
dvklepikov;Клепиков Денис Владимирович (Denis Klepikov);dm_msfo17;rgs_osago_in_monthly;SELECT;ADB Write Dm msfo17;"REVOKE SELECT ON dm_msfo17.rgs_osago_in_monthly FROM dvklepikov;"
dvklepikov;Клепиков Денис Владимирович (Denis Klepikov);dm_msfo17;rgs_osago_in_monthly;UPDATE;ADB Write Dm msfo17;"REVOKE UPDATE ON dm_msfo17.rgs_osago_in_monthly FROM dvklepikov;"
dvklepikov;Клепиков Денис Владимирович (Denis Klepikov);dm_msfo17;rgs_osago_in_monthly;DELETE;ADB Write Dm msfo17;"REVOKE DELETE ON dm_msfo17.rgs_osago_in_monthly FROM dvklepikov;"
adb_pdi_prod;adb_pdi_prod;dm_tmp;contract_addresses;INSERT;ADB Owner Dm Tmp;"REVOKE INSERT ON dm_tmp.contract_addresses FROM adb_pdi_prod;"
adb_pdi_prod;adb_pdi_prod;dm_tmp;contract_addresses;SELECT;ADB Owner Dm Tmp;"REVOKE SELECT ON dm_tmp.contract_addresses FROM adb_pdi_prod;"
adb_pdi_prod;adb_pdi_prod;dm_tmp;contract_addresses;UPDATE;ADB Owner Dm Tmp;"REVOKE UPDATE ON dm_tmp.contract_addresses FROM adb_pdi_prod;"
adb_pdi_prod;adb_pdi_prod;dm_tmp;contract_addresses;DELETE;ADB Owner Dm Tmp;"REVOKE DELETE ON dm_tmp.contract_addresses FROM adb_pdi_prod;"
adb_pdi_prod;adb_pdi_prod;dm_tmp;contract_addresses;TRUNCATE;ADB Owner Dm Tmp;"REVOKE TRUNCATE ON dm_tmp.contract_addresses FROM adb_pdi_prod;"
adb_pdi_prod;adb_pdi_prod;dm_tmp;contract_addresses_old;INSERT;ADB Owner Dm Tmp;"REVOKE INSERT ON dm_tmp.contract_addresses_old FROM adb_pdi_prod;"
adb_pdi_prod;adb_pdi_prod;dm_tmp;contract_addresses_old;SELECT;ADB Owner Dm Tmp;"REVOKE SELECT ON dm_tmp.contract_addresses_old FROM adb_pdi_prod;"
adb_pdi_prod;adb_pdi_prod;dm_tmp;contract_addresses_old;UPDATE;ADB Owner Dm Tmp;"REVOKE UPDATE ON dm_tmp.contract_addresses_old FROM adb_pdi_prod;"
adb_pdi_prod;adb_pdi_prod;dm_tmp;contract_addresses_old;DELETE;ADB Owner Dm Tmp;"REVOKE DELETE ON dm_tmp.contract_addresses_old FROM adb_pdi_prod;"
adb_pdi_prod;adb_pdi_prod;dm_tmp;contract_addresses_old;TRUNCATE;ADB Owner Dm Tmp;"REVOKE TRUNCATE ON dm_tmp.contract_addresses_old FROM adb_pdi_prod;"
adb_pdi_prod;adb_pdi_prod;dm_tmp;contract_addresses_delta;INSERT;ADB Owner Dm Tmp;"REVOKE INSERT ON dm_tmp.contract_addresses_delta FROM adb_pdi_prod;"
adb_pdi_prod;adb_pdi_prod;dm_tmp;contract_addresses_delta;SELECT;ADB Owner Dm Tmp;"REVOKE SELECT ON dm_tmp.contract_addresses_delta FROM adb_pdi_prod;"
adb_pdi_prod;adb_pdi_prod;dm_tmp;contract_addresses_delta;UPDATE;ADB Owner Dm Tmp;"REVOKE UPDATE ON dm_tmp.contract_addresses_delta FROM adb_pdi_prod;"
adb_pdi_prod;adb_pdi_prod;dm_tmp;contract_addresses_delta;DELETE;ADB Owner Dm Tmp;"REVOKE DELETE ON dm_tmp.contract_addresses_delta FROM adb_pdi_prod;"
adb_pdi_prod;adb_pdi_prod;dm_tmp;contract_addresses_delta;TRUNCATE;ADB Owner Dm Tmp;"REVOKE TRUNCATE ON dm_tmp.contract_addresses_delta FROM adb_pdi_prod;"
adb_pdi_prod;adb_pdi_prod;dm_bp;loading_stats;SELECT;ADB Write Dm Bp;"REVOKE SELECT ON dm_bp.loading_stats FROM adb_pdi_prod;"
ivfilin;Филин Игорь Валерьевич (Igor Filin);dm_tmp;minfin_zapros_20260522_coll;SELECT;ADB Write Dm Tmp;"REVOKE SELECT ON dm_tmp.minfin_zapros_20260522_coll FROM ivfilin;"
ivfilin;Филин Игорь Валерьевич (Igor Filin);dm_tmp;contract_counterparty_filin_1;SELECT;ADB Write Dm Tmp;"REVOKE SELECT ON dm_tmp.contract_counterparty_filin_1 FROM ivfilin;"
bpirkhin;Ирхин Борис Петрович (Boris Irkhin);dm_tmp;mort_prolongation_old;INSERT;ADB Owner Dm Tmp;"REVOKE INSERT ON dm_tmp.mort_prolongation_old FROM bpirkhin;"
bpirkhin;Ирхин Борис Петрович (Boris Irkhin);dm_tmp;mort_prolongation_old;SELECT;ADB Owner Dm Tmp;"REVOKE SELECT ON dm_tmp.mort_prolongation_old FROM bpirkhin;"
bpirkhin;Ирхин Борис Петрович (Boris Irkhin);dm_tmp;mort_prolongation_old;DELETE;ADB Owner Dm Tmp;"REVOKE DELETE ON dm_tmp.mort_prolongation_old FROM bpirkhin;"
bpirkhin;Ирхин Борис Петрович (Boris Irkhin);dm_tmp;mort_prolongation_old;TRUNCATE;ADB Owner Dm Tmp;"REVOKE TRUNCATE ON dm_tmp.mort_prolongation_old FROM bpirkhin;"
ivfilin;Филин Игорь Валерьевич (Igor Filin);dm_tmp;mort_prolongation_old;SELECT;ADB Write Dm Tmp;"REVOKE SELECT ON dm_tmp.mort_prolongation_old FROM ivfilin;"
bpirkhin;Ирхин Борис Петрович (Boris Irkhin);dm_tmp;dm_statement_claim_main;SELECT;ADB Owner Dm Tmp;"REVOKE SELECT ON dm_tmp.dm_statement_claim_main FROM bpirkhin;"
oeberlin;Берлин Ольга Эдуардовна (Olga Berlin);dm_tmp;dm_statement_claim_main;SELECT;ADB Owner Dm Tmp;"REVOKE SELECT ON dm_tmp.dm_statement_claim_main FROM oeberlin;"
lnivanov;Иванов Лев Николаевич (Lev Ivanov);dm_tmp;dm_statement_claim_main;INSERT;ADB Owner Dm Tmp;"REVOKE INSERT ON dm_tmp.dm_statement_claim_main FROM lnivanov;"
lnivanov;Иванов Лев Николаевич (Lev Ivanov);dm_tmp;dm_statement_claim_main;SELECT;ADB Owner Dm Tmp;"REVOKE SELECT ON dm_tmp.dm_statement_claim_main FROM lnivanov;"
lnivanov;Иванов Лев Николаевич (Lev Ivanov);dm_tmp;dm_statement_claim_main;UPDATE;ADB Owner Dm Tmp;"REVOKE UPDATE ON dm_tmp.dm_statement_claim_main FROM lnivanov;"
lnivanov;Иванов Лев Николаевич (Lev Ivanov);dm_tmp;dm_statement_claim_main;DELETE;ADB Owner Dm Tmp;"REVOKE DELETE ON dm_tmp.dm_statement_claim_main FROM lnivanov;"
lnivanov;Иванов Лев Николаевич (Lev Ivanov);dm_tmp;dm_statement_claim_main;TRUNCATE;ADB Owner Dm Tmp;"REVOKE TRUNCATE ON dm_tmp.dm_statement_claim_main FROM lnivanov;"
lnivanov;Иванов Лев Николаевич (Lev Ivanov);dm_tmp;dm_statement_claim_main;REFERENCES;ADB Owner Dm Tmp;"REVOKE REFERENCES ON dm_tmp.dm_statement_claim_main FROM lnivanov;"
lnivanov;Иванов Лев Николаевич (Lev Ivanov);dm_tmp;dm_statement_claim_main;TRIGGER;ADB Owner Dm Tmp;"REVOKE TRIGGER ON dm_tmp.dm_statement_claim_main FROM lnivanov;"
bpirkhin;Ирхин Борис Петрович (Boris Irkhin);dm_tmp;dm_statement_claim_guilty;SELECT;ADB Owner Dm Tmp;"REVOKE SELECT ON dm_tmp.dm_statement_claim_guilty FROM bpirkhin;"
oeberlin;Берлин Ольга Эдуардовна (Olga Berlin);dm_tmp;dm_statement_claim_guilty;SELECT;ADB Owner Dm Tmp;"REVOKE SELECT ON dm_tmp.dm_statement_claim_guilty FROM oeberlin;"
lnivanov;Иванов Лев Николаевич (Lev Ivanov);dm_tmp;dm_statement_claim_guilty;INSERT;ADB Owner Dm Tmp;"REVOKE INSERT ON dm_tmp.dm_statement_claim_guilty FROM lnivanov;"
lnivanov;Иванов Лев Николаевич (Lev Ivanov);dm_tmp;dm_statement_claim_guilty;SELECT;ADB Owner Dm Tmp;"REVOKE SELECT ON dm_tmp.dm_statement_claim_guilty FROM lnivanov;"
lnivanov;Иванов Лев Николаевич (Lev Ivanov);dm_tmp;dm_statement_claim_guilty;UPDATE;ADB Owner Dm Tmp;"REVOKE UPDATE ON dm_tmp.dm_statement_claim_guilty FROM lnivanov;"
lnivanov;Иванов Лев Николаевич (Lev Ivanov);dm_tmp;dm_statement_claim_guilty;DELETE;ADB Owner Dm Tmp;"REVOKE DELETE ON dm_tmp.dm_statement_claim_guilty FROM lnivanov;"
lnivanov;Иванов Лев Николаевич (Lev Ivanov);dm_tmp;dm_statement_claim_guilty;TRUNCATE;ADB Owner Dm Tmp;"REVOKE TRUNCATE ON dm_tmp.dm_statement_claim_guilty FROM lnivanov;"
lnivanov;Иванов Лев Николаевич (Lev Ivanov);dm_tmp;dm_statement_claim_guilty;REFERENCES;ADB Owner Dm Tmp;"REVOKE REFERENCES ON dm_tmp.dm_statement_claim_guilty FROM lnivanov;"
lnivanov;Иванов Лев Николаевич (Lev Ivanov);dm_tmp;dm_statement_claim_guilty;TRIGGER;ADB Owner Dm Tmp;"REVOKE TRIGGER ON dm_tmp.dm_statement_claim_guilty FROM lnivanov;"
bpirkhin;Ирхин Борис Петрович (Boris Irkhin);dm_tmp;dm_statement_claim_other;SELECT;ADB Owner Dm Tmp;"REVOKE SELECT ON dm_tmp.dm_statement_claim_other FROM bpirkhin;"
oeberlin;Берлин Ольга Эдуардовна (Olga Berlin);dm_tmp;dm_statement_claim_other;SELECT;ADB Owner Dm Tmp;"REVOKE SELECT ON dm_tmp.dm_statement_claim_other FROM oeberlin;"
lnivanov;Иванов Лев Николаевич (Lev Ivanov);dm_tmp;dm_statement_claim_other;INSERT;ADB Owner Dm Tmp;"REVOKE INSERT ON dm_tmp.dm_statement_claim_other FROM lnivanov;"
lnivanov;Иванов Лев Николаевич (Lev Ivanov);dm_tmp;dm_statement_claim_other;SELECT;ADB Owner Dm Tmp;"REVOKE SELECT ON dm_tmp.dm_statement_claim_other FROM lnivanov;"
lnivanov;Иванов Лев Николаевич (Lev Ivanov);dm_tmp;dm_statement_claim_other;UPDATE;ADB Owner Dm Tmp;"REVOKE UPDATE ON dm_tmp.dm_statement_claim_other FROM lnivanov;"
lnivanov;Иванов Лев Николаевич (Lev Ivanov);dm_tmp;dm_statement_claim_other;DELETE;ADB Owner Dm Tmp;"REVOKE DELETE ON dm_tmp.dm_statement_claim_other FROM lnivanov;"
lnivanov;Иванов Лев Николаевич (Lev Ivanov);dm_tmp;dm_statement_claim_other;TRUNCATE;ADB Owner Dm Tmp;"REVOKE TRUNCATE ON dm_tmp.dm_statement_claim_other FROM lnivanov;"
lnivanov;Иванов Лев Николаевич (Lev Ivanov);dm_tmp;dm_statement_claim_other;REFERENCES;ADB Owner Dm Tmp;"REVOKE REFERENCES ON dm_tmp.dm_statement_claim_other FROM lnivanov;"
lnivanov;Иванов Лев Николаевич (Lev Ivanov);dm_tmp;dm_statement_claim_other;TRIGGER;ADB Owner Dm Tmp;"REVOKE TRIGGER ON dm_tmp.dm_statement_claim_other FROM lnivanov;"
bpirkhin;Ирхин Борис Петрович (Boris Irkhin);dm_tmp;mort_prolongation_chain;INSERT;ADB Owner Dm Tmp;"REVOKE INSERT ON dm_tmp.mort_prolongation_chain FROM bpirkhin;"
bpirkhin;Ирхин Борис Петрович (Boris Irkhin);dm_tmp;mort_prolongation_chain;SELECT;ADB Owner Dm Tmp;"REVOKE SELECT ON dm_tmp.mort_prolongation_chain FROM bpirkhin;"
bpirkhin;Ирхин Борис Петрович (Boris Irkhin);dm_tmp;mort_prolongation_chain;DELETE;ADB Owner Dm Tmp;"REVOKE DELETE ON dm_tmp.mort_prolongation_chain FROM bpirkhin;"
bpirkhin;Ирхин Борис Петрович (Boris Irkhin);dm_tmp;mort_prolongation_chain;TRUNCATE;ADB Owner Dm Tmp;"REVOKE TRUNCATE ON dm_tmp.mort_prolongation_chain FROM bpirkhin;"
ivfilin;Филин Игорь Валерьевич (Igor Filin);dm_tmp;mort_prolongation_chain;SELECT;ADB Write Dm Tmp;"REVOKE SELECT ON dm_tmp.mort_prolongation_chain FROM ivfilin;"
bpirkhin;Ирхин Борис Петрович (Boris Irkhin);dm_tmp;mort_prolongation_last;INSERT;ADB Owner Dm Tmp;"REVOKE INSERT ON dm_tmp.mort_prolongation_last FROM bpirkhin;"
bpirkhin;Ирхин Борис Петрович (Boris Irkhin);dm_tmp;mort_prolongation_last;SELECT;ADB Owner Dm Tmp;"REVOKE SELECT ON dm_tmp.mort_prolongation_last FROM bpirkhin;"
bpirkhin;Ирхин Борис Петрович (Boris Irkhin);dm_tmp;mort_prolongation_last;DELETE;ADB Owner Dm Tmp;"REVOKE DELETE ON dm_tmp.mort_prolongation_last FROM bpirkhin;"
bpirkhin;Ирхин Борис Петрович (Boris Irkhin);dm_tmp;mort_prolongation_last;TRUNCATE;ADB Owner Dm Tmp;"REVOKE TRUNCATE ON dm_tmp.mort_prolongation_last FROM bpirkhin;"
ivfilin;Филин Игорь Валерьевич (Igor Filin);dm_tmp;mort_prolongation_last;SELECT;ADB Write Dm Tmp;"REVOKE SELECT ON dm_tmp.mort_prolongation_last FROM ivfilin;"
adb_pdi_prod;adb_pdi_prod;dm_msfo17;reins_msfo_exp_earned_prem_diff_osgop;INSERT;ADB Write Dm msfo17;"REVOKE INSERT ON dm_msfo17.reins_msfo_exp_earned_prem_diff_osgop FROM adb_pdi_prod;"
adb_pdi_prod;adb_pdi_prod;dm_msfo17;reins_msfo_exp_earned_prem_diff_osgop;SELECT;ADB Write Dm msfo17;"REVOKE SELECT ON dm_msfo17.reins_msfo_exp_earned_prem_diff_osgop FROM adb_pdi_prod;"
adb_pdi_prod;adb_pdi_prod;dm_msfo17;reins_msfo_exp_earned_prem_diff_osgop;UPDATE;ADB Write Dm msfo17;"REVOKE UPDATE ON dm_msfo17.reins_msfo_exp_earned_prem_diff_osgop FROM adb_pdi_prod;"
adb_pdi_prod;adb_pdi_prod;dm_msfo17;reins_msfo_exp_earned_prem_diff_osgop;DELETE;ADB Write Dm msfo17;"REVOKE DELETE ON dm_msfo17.reins_msfo_exp_earned_prem_diff_osgop FROM adb_pdi_prod;"
adb_pdi_prod;adb_pdi_prod;dm_msfo17;reins_msfo_exp_earned_prem_diff_osopo;INSERT;ADB Write Dm msfo17;"REVOKE INSERT ON dm_msfo17.reins_msfo_exp_earned_prem_diff_osopo FROM adb_pdi_prod;"
adb_pdi_prod;adb_pdi_prod;dm_msfo17;reins_msfo_exp_earned_prem_diff_osopo;SELECT;ADB Write Dm msfo17;"REVOKE SELECT ON dm_msfo17.reins_msfo_exp_earned_prem_diff_osopo FROM adb_pdi_prod;"
adb_pdi_prod;adb_pdi_prod;dm_msfo17;reins_msfo_exp_earned_prem_diff_osopo;UPDATE;ADB Write Dm msfo17;"REVOKE UPDATE ON dm_msfo17.reins_msfo_exp_earned_prem_diff_osopo FROM adb_pdi_prod;"
adb_pdi_prod;adb_pdi_prod;dm_msfo17;reins_msfo_exp_earned_prem_diff_osopo;DELETE;ADB Write Dm msfo17;"REVOKE DELETE ON dm_msfo17.reins_msfo_exp_earned_prem_diff_osopo FROM adb_pdi_prod;"
adb_pdi_prod;adb_pdi_prod;dm_msfo17;reins_msfo_exp_earned_prem_diff_nl;INSERT;ADB Write Dm msfo17;"REVOKE INSERT ON dm_msfo17.reins_msfo_exp_earned_prem_diff_nl FROM adb_pdi_prod;"
adb_pdi_prod;adb_pdi_prod;dm_msfo17;reins_msfo_exp_earned_prem_diff_nl;SELECT;ADB Write Dm msfo17;"REVOKE SELECT ON dm_msfo17.reins_msfo_exp_earned_prem_diff_nl FROM adb_pdi_prod;"
adb_pdi_prod;adb_pdi_prod;dm_msfo17;reins_msfo_exp_earned_prem_diff_nl;UPDATE;ADB Write Dm msfo17;"REVOKE UPDATE ON dm_msfo17.reins_msfo_exp_earned_prem_diff_nl FROM adb_pdi_prod;"
adb_pdi_prod;adb_pdi_prod;dm_msfo17;reins_msfo_exp_earned_prem_diff_nl;DELETE;ADB Write Dm msfo17;"REVOKE DELETE ON dm_msfo17.reins_msfo_exp_earned_prem_diff_nl FROM adb_pdi_prod;"
adb_pdi_prod;adb_pdi_prod;dm_msfo17;reins_msfo_exp_earned_prem_diff_osago;INSERT;ADB Write Dm msfo17;"REVOKE INSERT ON dm_msfo17.reins_msfo_exp_earned_prem_diff_osago FROM adb_pdi_prod;"
adb_pdi_prod;adb_pdi_prod;dm_msfo17;reins_msfo_exp_earned_prem_diff_osago;SELECT;ADB Write Dm msfo17;"REVOKE SELECT ON dm_msfo17.reins_msfo_exp_earned_prem_diff_osago FROM adb_pdi_prod;"
adb_pdi_prod;adb_pdi_prod;dm_msfo17;reins_msfo_exp_earned_prem_diff_osago;UPDATE;ADB Write Dm msfo17;"REVOKE UPDATE ON dm_msfo17.reins_msfo_exp_earned_prem_diff_osago FROM adb_pdi_prod;"
adb_pdi_prod;adb_pdi_prod;dm_msfo17;reins_msfo_exp_earned_prem_diff_osago;DELETE;ADB Write Dm msfo17;"REVOKE DELETE ON dm_msfo17.reins_msfo_exp_earned_prem_diff_osago FROM adb_pdi_prod;"
bpirkhin;Ирхин Борис Петрович (Boris Irkhin);dm_tmp;dm_concluded_contract_agent;INSERT;ADB Owner Dm Tmp;"REVOKE INSERT ON dm_tmp.dm_concluded_contract_agent FROM bpirkhin;"
bpirkhin;Ирхин Борис Петрович (Boris Irkhin);dm_tmp;dm_concluded_contract_agent;SELECT;ADB Owner Dm Tmp;"REVOKE SELECT ON dm_tmp.dm_concluded_contract_agent FROM bpirkhin;"
bpirkhin;Ирхин Борис Петрович (Boris Irkhin);dm_tmp;dm_concluded_contract_agent;DELETE;ADB Owner Dm Tmp;"REVOKE DELETE ON dm_tmp.dm_concluded_contract_agent FROM bpirkhin;"
bpirkhin;Ирхин Борис Петрович (Boris Irkhin);dm_tmp;dm_concluded_contract_agent;TRUNCATE;ADB Owner Dm Tmp;"REVOKE TRUNCATE ON dm_tmp.dm_concluded_contract_agent FROM bpirkhin;"
oeberlin;Берлин Ольга Эдуардовна (Olga Berlin);dm_tmp;dm_concluded_contract_agent;SELECT;ADB Owner Dm Tmp;"REVOKE SELECT ON dm_tmp.dm_concluded_contract_agent FROM oeberlin;"
lnivanov;Иванов Лев Николаевич (Lev Ivanov);dm_tmp;dm_concluded_contract_agent;INSERT;ADB Owner Dm Tmp;"REVOKE INSERT ON dm_tmp.dm_concluded_contract_agent FROM lnivanov;"
lnivanov;Иванов Лев Николаевич (Lev Ivanov);dm_tmp;dm_concluded_contract_agent;SELECT;ADB Owner Dm Tmp;"REVOKE SELECT ON dm_tmp.dm_concluded_contract_agent FROM lnivanov;"
lnivanov;Иванов Лев Николаевич (Lev Ivanov);dm_tmp;dm_concluded_contract_agent;UPDATE;ADB Owner Dm Tmp;"REVOKE UPDATE ON dm_tmp.dm_concluded_contract_agent FROM lnivanov;"
lnivanov;Иванов Лев Николаевич (Lev Ivanov);dm_tmp;dm_concluded_contract_agent;DELETE;ADB Owner Dm Tmp;"REVOKE DELETE ON dm_tmp.dm_concluded_contract_agent FROM lnivanov;"
lnivanov;Иванов Лев Николаевич (Lev Ivanov);dm_tmp;dm_concluded_contract_agent;TRUNCATE;ADB Owner Dm Tmp;"REVOKE TRUNCATE ON dm_tmp.dm_concluded_contract_agent FROM lnivanov;"
lnivanov;Иванов Лев Николаевич (Lev Ivanov);dm_tmp;dm_concluded_contract_agent;REFERENCES;ADB Owner Dm Tmp;"REVOKE REFERENCES ON dm_tmp.dm_concluded_contract_agent FROM lnivanov;"
lnivanov;Иванов Лев Николаевич (Lev Ivanov);dm_tmp;dm_concluded_contract_agent;TRIGGER;ADB Owner Dm Tmp;"REVOKE TRIGGER ON dm_tmp.dm_concluded_contract_agent FROM lnivanov;"
bpirkhin;Ирхин Борис Петрович (Boris Irkhin);dm_tmp;dm_concluded_contract_adr;INSERT;ADB Owner Dm Tmp;"REVOKE INSERT ON dm_tmp.dm_concluded_contract_adr FROM bpirkhin;"
bpirkhin;Ирхин Борис Петрович (Boris Irkhin);dm_tmp;dm_concluded_contract_adr;SELECT;ADB Owner Dm Tmp;"REVOKE SELECT ON dm_tmp.dm_concluded_contract_adr FROM bpirkhin;"
bpirkhin;Ирхин Борис Петрович (Boris Irkhin);dm_tmp;dm_concluded_contract_adr;DELETE;ADB Owner Dm Tmp;"REVOKE DELETE ON dm_tmp.dm_concluded_contract_adr FROM bpirkhin;"
bpirkhin;Ирхин Борис Петрович (Boris Irkhin);dm_tmp;dm_concluded_contract_adr;TRUNCATE;ADB Owner Dm Tmp;"REVOKE TRUNCATE ON dm_tmp.dm_concluded_contract_adr FROM bpirkhin;"
oeberlin;Берлин Ольга Эдуардовна (Olga Berlin);dm_tmp;dm_concluded_contract_adr;SELECT;ADB Owner Dm Tmp;"REVOKE SELECT ON dm_tmp.dm_concluded_contract_adr FROM oeberlin;"
lnivanov;Иванов Лев Николаевич (Lev Ivanov);dm_tmp;dm_concluded_contract_adr;INSERT;ADB Owner Dm Tmp;"REVOKE INSERT ON dm_tmp.dm_concluded_contract_adr FROM lnivanov;"
lnivanov;Иванов Лев Николаевич (Lev Ivanov);dm_tmp;dm_concluded_contract_adr;SELECT;ADB Owner Dm Tmp;"REVOKE SELECT ON dm_tmp.dm_concluded_contract_adr FROM lnivanov;"
lnivanov;Иванов Лев Николаевич (Lev Ivanov);dm_tmp;dm_concluded_contract_adr;UPDATE;ADB Owner Dm Tmp;"REVOKE UPDATE ON dm_tmp.dm_concluded_contract_adr FROM lnivanov;"
lnivanov;Иванов Лев Николаевич (Lev Ivanov);dm_tmp;dm_concluded_contract_adr;DELETE;ADB Owner Dm Tmp;"REVOKE DELETE ON dm_tmp.dm_concluded_contract_adr FROM lnivanov;"
lnivanov;Иванов Лев Николаевич (Lev Ivanov);dm_tmp;dm_concluded_contract_adr;TRUNCATE;ADB Owner Dm Tmp;"REVOKE TRUNCATE ON dm_tmp.dm_concluded_contract_adr FROM lnivanov;"
lnivanov;Иванов Лев Николаевич (Lev Ivanov);dm_tmp;dm_concluded_contract_adr;REFERENCES;ADB Owner Dm Tmp;"REVOKE REFERENCES ON dm_tmp.dm_concluded_contract_adr FROM lnivanov;"
lnivanov;Иванов Лев Николаевич (Lev Ivanov);dm_tmp;dm_concluded_contract_adr;TRIGGER;ADB Owner Dm Tmp;"REVOKE TRIGGER ON dm_tmp.dm_concluded_contract_adr FROM lnivanov;"
bpirkhin;Ирхин Борис Петрович (Boris Irkhin);dm_tmp;dm_concluded_contract;INSERT;ADB Owner Dm Tmp;"REVOKE INSERT ON dm_tmp.dm_concluded_contract FROM bpirkhin;"
bpirkhin;Ирхин Борис Петрович (Boris Irkhin);dm_tmp;dm_concluded_contract;SELECT;ADB Owner Dm Tmp;"REVOKE SELECT ON dm_tmp.dm_concluded_contract FROM bpirkhin;"
bpirkhin;Ирхин Борис Петрович (Boris Irkhin);dm_tmp;dm_concluded_contract;DELETE;ADB Owner Dm Tmp;"REVOKE DELETE ON dm_tmp.dm_concluded_contract FROM bpirkhin;"
bpirkhin;Ирхин Борис Петрович (Boris Irkhin);dm_tmp;dm_concluded_contract;TRUNCATE;ADB Owner Dm Tmp;"REVOKE TRUNCATE ON dm_tmp.dm_concluded_contract FROM bpirkhin;"
oeberlin;Берлин Ольга Эдуардовна (Olga Berlin);dm_tmp;dm_concluded_contract;SELECT;ADB Owner Dm Tmp;"REVOKE SELECT ON dm_tmp.dm_concluded_contract FROM oeberlin;"
lnivanov;Иванов Лев Николаевич (Lev Ivanov);dm_tmp;dm_concluded_contract;INSERT;ADB Owner Dm Tmp;"REVOKE INSERT ON dm_tmp.dm_concluded_contract FROM lnivanov;"
lnivanov;Иванов Лев Николаевич (Lev Ivanov);dm_tmp;dm_concluded_contract;SELECT;ADB Owner Dm Tmp;"REVOKE SELECT ON dm_tmp.dm_concluded_contract FROM lnivanov;"
lnivanov;Иванов Лев Николаевич (Lev Ivanov);dm_tmp;dm_concluded_contract;UPDATE;ADB Owner Dm Tmp;"REVOKE UPDATE ON dm_tmp.dm_concluded_contract FROM lnivanov;"
lnivanov;Иванов Лев Николаевич (Lev Ivanov);dm_tmp;dm_concluded_contract;DELETE;ADB Owner Dm Tmp;"REVOKE DELETE ON dm_tmp.dm_concluded_contract FROM lnivanov;"
lnivanov;Иванов Лев Николаевич (Lev Ivanov);dm_tmp;dm_concluded_contract;TRUNCATE;ADB Owner Dm Tmp;"REVOKE TRUNCATE ON dm_tmp.dm_concluded_contract FROM lnivanov;"
lnivanov;Иванов Лев Николаевич (Lev Ivanov);dm_tmp;dm_concluded_contract;REFERENCES;ADB Owner Dm Tmp;"REVOKE REFERENCES ON dm_tmp.dm_concluded_contract FROM lnivanov;"
lnivanov;Иванов Лев Николаевич (Lev Ivanov);dm_tmp;dm_concluded_contract;TRIGGER;ADB Owner Dm Tmp;"REVOKE TRIGGER ON dm_tmp.dm_concluded_contract FROM lnivanov;"
bpirkhin;Ирхин Борис Петрович (Boris Irkhin);dm_tmp;dm_concluded_contract_vehicle;INSERT;ADB Owner Dm Tmp;"REVOKE INSERT ON dm_tmp.dm_concluded_contract_vehicle FROM bpirkhin;"
bpirkhin;Ирхин Борис Петрович (Boris Irkhin);dm_tmp;dm_concluded_contract_vehicle;SELECT;ADB Owner Dm Tmp;"REVOKE SELECT ON dm_tmp.dm_concluded_contract_vehicle FROM bpirkhin;"
bpirkhin;Ирхин Борис Петрович (Boris Irkhin);dm_tmp;dm_concluded_contract_vehicle;DELETE;ADB Owner Dm Tmp;"REVOKE DELETE ON dm_tmp.dm_concluded_contract_vehicle FROM bpirkhin;"
bpirkhin;Ирхин Борис Петрович (Boris Irkhin);dm_tmp;dm_concluded_contract_vehicle;TRUNCATE;ADB Owner Dm Tmp;"REVOKE TRUNCATE ON dm_tmp.dm_concluded_contract_vehicle FROM bpirkhin;"
oeberlin;Берлин Ольга Эдуардовна (Olga Berlin);dm_tmp;dm_concluded_contract_vehicle;SELECT;ADB Owner Dm Tmp;"REVOKE SELECT ON dm_tmp.dm_concluded_contract_vehicle FROM oeberlin;"
lnivanov;Иванов Лев Николаевич (Lev Ivanov);dm_tmp;dm_concluded_contract_vehicle;INSERT;ADB Owner Dm Tmp;"REVOKE INSERT ON dm_tmp.dm_concluded_contract_vehicle FROM lnivanov;"
lnivanov;Иванов Лев Николаевич (Lev Ivanov);dm_tmp;dm_concluded_contract_vehicle;SELECT;ADB Owner Dm Tmp;"REVOKE SELECT ON dm_tmp.dm_concluded_contract_vehicle FROM lnivanov;"
lnivanov;Иванов Лев Николаевич (Lev Ivanov);dm_tmp;dm_concluded_contract_vehicle;UPDATE;ADB Owner Dm Tmp;"REVOKE UPDATE ON dm_tmp.dm_concluded_contract_vehicle FROM lnivanov;"
lnivanov;Иванов Лев Николаевич (Lev Ivanov);dm_tmp;dm_concluded_contract_vehicle;DELETE;ADB Owner Dm Tmp;"REVOKE DELETE ON dm_tmp.dm_concluded_contract_vehicle FROM lnivanov;"
lnivanov;Иванов Лев Николаевич (Lev Ivanov);dm_tmp;dm_concluded_contract_vehicle;TRUNCATE;ADB Owner Dm Tmp;"REVOKE TRUNCATE ON dm_tmp.dm_concluded_contract_vehicle FROM lnivanov;"
lnivanov;Иванов Лев Николаевич (Lev Ivanov);dm_tmp;dm_concluded_contract_vehicle;REFERENCES;ADB Owner Dm Tmp;"REVOKE REFERENCES ON dm_tmp.dm_concluded_contract_vehicle FROM lnivanov;"
lnivanov;Иванов Лев Николаевич (Lev Ivanov);dm_tmp;dm_concluded_contract_vehicle;TRIGGER;ADB Owner Dm Tmp;"REVOKE TRIGGER ON dm_tmp.dm_concluded_contract_vehicle FROM lnivanov;"
bpirkhin;Ирхин Борис Петрович (Boris Irkhin);dm_tmp;dm_concluded_contract_region;INSERT;ADB Owner Dm Tmp;"REVOKE INSERT ON dm_tmp.dm_concluded_contract_region FROM bpirkhin;"
bpirkhin;Ирхин Борис Петрович (Boris Irkhin);dm_tmp;dm_concluded_contract_region;SELECT;ADB Owner Dm Tmp;"REVOKE SELECT ON dm_tmp.dm_concluded_contract_region FROM bpirkhin;"
bpirkhin;Ирхин Борис Петрович (Boris Irkhin);dm_tmp;dm_concluded_contract_region;DELETE;ADB Owner Dm Tmp;"REVOKE DELETE ON dm_tmp.dm_concluded_contract_region FROM bpirkhin;"
bpirkhin;Ирхин Борис Петрович (Boris Irkhin);dm_tmp;dm_concluded_contract_region;TRUNCATE;ADB Owner Dm Tmp;"REVOKE TRUNCATE ON dm_tmp.dm_concluded_contract_region FROM bpirkhin;"
oeberlin;Берлин Ольга Эдуардовна (Olga Berlin);dm_tmp;dm_concluded_contract_region;SELECT;ADB Owner Dm Tmp;"REVOKE SELECT ON dm_tmp.dm_concluded_contract_region FROM oeberlin;"
lnivanov;Иванов Лев Николаевич (Lev Ivanov);dm_tmp;dm_concluded_contract_region;INSERT;ADB Owner Dm Tmp;"REVOKE INSERT ON dm_tmp.dm_concluded_contract_region FROM lnivanov;"
lnivanov;Иванов Лев Николаевич (Lev Ivanov);dm_tmp;dm_concluded_contract_region;SELECT;ADB Owner Dm Tmp;"REVOKE SELECT ON dm_tmp.dm_concluded_contract_region FROM lnivanov;"
lnivanov;Иванов Лев Николаевич (Lev Ivanov);dm_tmp;dm_concluded_contract_region;UPDATE;ADB Owner Dm Tmp;"REVOKE UPDATE ON dm_tmp.dm_concluded_contract_region FROM lnivanov;"
lnivanov;Иванов Лев Николаевич (Lev Ivanov);dm_tmp;dm_concluded_contract_region;DELETE;ADB Owner Dm Tmp;"REVOKE DELETE ON dm_tmp.dm_concluded_contract_region FROM lnivanov;"
lnivanov;Иванов Лев Николаевич (Lev Ivanov);dm_tmp;dm_concluded_contract_region;TRUNCATE;ADB Owner Dm Tmp;"REVOKE TRUNCATE ON dm_tmp.dm_concluded_contract_region FROM lnivanov;"
lnivanov;Иванов Лев Николаевич (Lev Ivanov);dm_tmp;dm_concluded_contract_region;REFERENCES;ADB Owner Dm Tmp;"REVOKE REFERENCES ON dm_tmp.dm_concluded_contract_region FROM lnivanov;"
lnivanov;Иванов Лев Николаевич (Lev Ivanov);dm_tmp;dm_concluded_contract_region;TRIGGER;ADB Owner Dm Tmp;"REVOKE TRIGGER ON dm_tmp.dm_concluded_contract_region FROM lnivanov;"
bpirkhin;Ирхин Борис Петрович (Boris Irkhin);dm_tmp;dm_concluded_contract_delta;INSERT;ADB Owner Dm Tmp;"REVOKE INSERT ON dm_tmp.dm_concluded_contract_delta FROM bpirkhin;"
bpirkhin;Ирхин Борис Петрович (Boris Irkhin);dm_tmp;dm_concluded_contract_delta;SELECT;ADB Owner Dm Tmp;"REVOKE SELECT ON dm_tmp.dm_concluded_contract_delta FROM bpirkhin;"
bpirkhin;Ирхин Борис Петрович (Boris Irkhin);dm_tmp;dm_concluded_contract_delta;DELETE;ADB Owner Dm Tmp;"REVOKE DELETE ON dm_tmp.dm_concluded_contract_delta FROM bpirkhin;"
bpirkhin;Ирхин Борис Петрович (Boris Irkhin);dm_tmp;dm_concluded_contract_delta;TRUNCATE;ADB Owner Dm Tmp;"REVOKE TRUNCATE ON dm_tmp.dm_concluded_contract_delta FROM bpirkhin;"
oeberlin;Берлин Ольга Эдуардовна (Olga Berlin);dm_tmp;dm_concluded_contract_delta;SELECT;ADB Owner Dm Tmp;"REVOKE SELECT ON dm_tmp.dm_concluded_contract_delta FROM oeberlin;"
lnivanov;Иванов Лев Николаевич (Lev Ivanov);dm_tmp;dm_concluded_contract_delta;INSERT;ADB Owner Dm Tmp;"REVOKE INSERT ON dm_tmp.dm_concluded_contract_delta FROM lnivanov;"
lnivanov;Иванов Лев Николаевич (Lev Ivanov);dm_tmp;dm_concluded_contract_delta;SELECT;ADB Owner Dm Tmp;"REVOKE SELECT ON dm_tmp.dm_concluded_contract_delta FROM lnivanov;"
lnivanov;Иванов Лев Николаевич (Lev Ivanov);dm_tmp;dm_concluded_contract_delta;UPDATE;ADB Owner Dm Tmp;"REVOKE UPDATE ON dm_tmp.dm_concluded_contract_delta FROM lnivanov;"
lnivanov;Иванов Лев Николаевич (Lev Ivanov);dm_tmp;dm_concluded_contract_delta;DELETE;ADB Owner Dm Tmp;"REVOKE DELETE ON dm_tmp.dm_concluded_contract_delta FROM lnivanov;"
lnivanov;Иванов Лев Николаевич (Lev Ivanov);dm_tmp;dm_concluded_contract_delta;TRUNCATE;ADB Owner Dm Tmp;"REVOKE TRUNCATE ON dm_tmp.dm_concluded_contract_delta FROM lnivanov;"
lnivanov;Иванов Лев Николаевич (Lev Ivanov);dm_tmp;dm_concluded_contract_delta;REFERENCES;ADB Owner Dm Tmp;"REVOKE REFERENCES ON dm_tmp.dm_concluded_contract_delta FROM lnivanov;"
lnivanov;Иванов Лев Николаевич (Lev Ivanov);dm_tmp;dm_concluded_contract_delta;TRIGGER;ADB Owner Dm Tmp;"REVOKE TRIGGER ON dm_tmp.dm_concluded_contract_delta FROM lnivanov;"
adb_pdi_prod;adb_pdi_prod;dm_bpb;mort_prolongation;INSERT;ADB Write Dm Bpb;"REVOKE INSERT ON dm_bpb.mort_prolongation FROM adb_pdi_prod;"
adb_pdi_prod;adb_pdi_prod;dm_bpb;mort_prolongation;SELECT;ADB Write Dm Bpb;"REVOKE SELECT ON dm_bpb.mort_prolongation FROM adb_pdi_prod;"
adb_pdi_prod;adb_pdi_prod;dm_bpb;mort_prolongation;UPDATE;ADB Write Dm Bpb;"REVOKE UPDATE ON dm_bpb.mort_prolongation FROM adb_pdi_prod;"
adb_pdi_prod;adb_pdi_prod;dm_bpb;mort_prolongation;DELETE;ADB Write Dm Bpb;"REVOKE DELETE ON dm_bpb.mort_prolongation FROM adb_pdi_prod;"
adb_pdi_prod;adb_pdi_prod;dm_bpb;loading_stats;INSERT;ADB Write Dm Bpb;"REVOKE INSERT ON dm_bpb.loading_stats FROM adb_pdi_prod;"
adb_pdi_prod;adb_pdi_prod;dm_bpb;loading_stats;SELECT;ADB Write Dm Bpb;"REVOKE SELECT ON dm_bpb.loading_stats FROM adb_pdi_prod;"
adb_pdi_prod;adb_pdi_prod;dm_bpb;loading_stats;UPDATE;ADB Write Dm Bpb;"REVOKE UPDATE ON dm_bpb.loading_stats FROM adb_pdi_prod;"
adb_pdi_prod;adb_pdi_prod;dm_bpb;loading_stats;DELETE;ADB Write Dm Bpb;"REVOKE DELETE ON dm_bpb.loading_stats FROM adb_pdi_prod;"
dsplohuta;Плохута Дмитрий Сергеевич (Dmitriy Plokhuta);dm_tmp;cmplconccm_lcon_clm;INSERT;ADB Owner Dm Tmp;"REVOKE INSERT ON dm_tmp.cmplconccm_lcon_clm FROM dsplohuta;"
dsplohuta;Плохута Дмитрий Сергеевич (Dmitriy Plokhuta);dm_tmp;cmplconccm_lcon_clm;SELECT;ADB Owner Dm Tmp;"REVOKE SELECT ON dm_tmp.cmplconccm_lcon_clm FROM dsplohuta;"
dsplohuta;Плохута Дмитрий Сергеевич (Dmitriy Plokhuta);dm_tmp;cmplconccm_lcon_clm;UPDATE;ADB Owner Dm Tmp;"REVOKE UPDATE ON dm_tmp.cmplconccm_lcon_clm FROM dsplohuta;"
dsplohuta;Плохута Дмитрий Сергеевич (Dmitriy Plokhuta);dm_tmp;cmplconccm_lcon_clm;DELETE;ADB Owner Dm Tmp;"REVOKE DELETE ON dm_tmp.cmplconccm_lcon_clm FROM dsplohuta;"
dsplohuta;Плохута Дмитрий Сергеевич (Dmitriy Plokhuta);dm_tmp;cmplconccm_lcon_clm;TRUNCATE;ADB Owner Dm Tmp;"REVOKE TRUNCATE ON dm_tmp.cmplconccm_lcon_clm FROM dsplohuta;"
dsplohuta;Плохута Дмитрий Сергеевич (Dmitriy Plokhuta);dm_tmp;cmplconccm_lcon_clm;REFERENCES;ADB Owner Dm Tmp;"REVOKE REFERENCES ON dm_tmp.cmplconccm_lcon_clm FROM dsplohuta;"
dsplohuta;Плохута Дмитрий Сергеевич (Dmitriy Plokhuta);dm_tmp;cmplconccm_lcon_clm;TRIGGER;ADB Owner Dm Tmp;"REVOKE TRIGGER ON dm_tmp.cmplconccm_lcon_clm FROM dsplohuta;"
dsplohuta;Плохута Дмитрий Сергеевич (Dmitriy Plokhuta);dm_tmp;cmplconccm_completed_contract_middleman;INSERT;ADB Owner Dm Tmp;"REVOKE INSERT ON dm_tmp.cmplconccm_completed_contract_middleman FROM dsplohuta;"
dsplohuta;Плохута Дмитрий Сергеевич (Dmitriy Plokhuta);dm_tmp;cmplconccm_completed_contract_middleman;SELECT;ADB Owner Dm Tmp;"REVOKE SELECT ON dm_tmp.cmplconccm_completed_contract_middleman FROM dsplohuta;"
dsplohuta;Плохута Дмитрий Сергеевич (Dmitriy Plokhuta);dm_tmp;cmplconccm_completed_contract_middleman;UPDATE;ADB Owner Dm Tmp;"REVOKE UPDATE ON dm_tmp.cmplconccm_completed_contract_middleman FROM dsplohuta;"
dsplohuta;Плохута Дмитрий Сергеевич (Dmitriy Plokhuta);dm_tmp;cmplconccm_completed_contract_middleman;DELETE;ADB Owner Dm Tmp;"REVOKE DELETE ON dm_tmp.cmplconccm_completed_contract_middleman FROM dsplohuta;"
dsplohuta;Плохута Дмитрий Сергеевич (Dmitriy Plokhuta);dm_tmp;cmplconccm_completed_contract_middleman;TRUNCATE;ADB Owner Dm Tmp;"REVOKE TRUNCATE ON dm_tmp.cmplconccm_completed_contract_middleman FROM dsplohuta;"
dsplohuta;Плохута Дмитрий Сергеевич (Dmitriy Plokhuta);dm_tmp;cmplconccm_completed_contract_middleman;REFERENCES;ADB Owner Dm Tmp;"REVOKE REFERENCES ON dm_tmp.cmplconccm_completed_contract_middleman FROM dsplohuta;"
dsplohuta;Плохута Дмитрий Сергеевич (Dmitriy Plokhuta);dm_tmp;cmplconccm_completed_contract_middleman;TRIGGER;ADB Owner Dm Tmp;"REVOKE TRIGGER ON dm_tmp.cmplconccm_completed_contract_middleman FROM dsplohuta;"
adb_pdi_prod;adb_pdi_prod;dm_tmp;cod_final_table_counterparty_id_joins_2;INSERT;ADB Owner Dm Tmp;"REVOKE INSERT ON dm_tmp.cod_final_table_counterparty_id_joins_2 FROM adb_pdi_prod;"
adb_pdi_prod;adb_pdi_prod;dm_tmp;cod_final_table_counterparty_id_joins_2;SELECT;ADB Owner Dm Tmp;"REVOKE SELECT ON dm_tmp.cod_final_table_counterparty_id_joins_2 FROM adb_pdi_prod;"
adb_pdi_prod;adb_pdi_prod;dm_tmp;cod_final_table_counterparty_id_joins_2;UPDATE;ADB Owner Dm Tmp;"REVOKE UPDATE ON dm_tmp.cod_final_table_counterparty_id_joins_2 FROM adb_pdi_prod;"
adb_pdi_prod;adb_pdi_prod;dm_tmp;cod_final_table_counterparty_id_joins_2;DELETE;ADB Owner Dm Tmp;"REVOKE DELETE ON dm_tmp.cod_final_table_counterparty_id_joins_2 FROM adb_pdi_prod;"
adb_pdi_prod;adb_pdi_prod;dm_tmp;cod_final_table_counterparty_id_joins_2;TRUNCATE;ADB Owner Dm Tmp;"REVOKE TRUNCATE ON dm_tmp.cod_final_table_counterparty_id_joins_2 FROM adb_pdi_prod;"
adb_pdi_prod;adb_pdi_prod;dm_tmp;cod_final_table_counterparty_id_joins_2;REFERENCES;ADB Owner Dm Tmp;"REVOKE REFERENCES ON dm_tmp.cod_final_table_counterparty_id_joins_2 FROM adb_pdi_prod;"
adb_pdi_prod;adb_pdi_prod;dm_tmp;cod_final_table_counterparty_id_joins_2;TRIGGER;ADB Owner Dm Tmp;"REVOKE TRIGGER ON dm_tmp.cod_final_table_counterparty_id_joins_2 FROM adb_pdi_prod;"
adb_pdi_prod;adb_pdi_prod;dm_tmp;contract_prol_old;INSERT;ADB Owner Dm Tmp;"REVOKE INSERT ON dm_tmp.contract_prol_old FROM adb_pdi_prod;"
adb_pdi_prod;adb_pdi_prod;dm_tmp;contract_prol_old;SELECT;ADB Owner Dm Tmp;"REVOKE SELECT ON dm_tmp.contract_prol_old FROM adb_pdi_prod;"
adb_pdi_prod;adb_pdi_prod;dm_tmp;contract_prol_old;UPDATE;ADB Owner Dm Tmp;"REVOKE UPDATE ON dm_tmp.contract_prol_old FROM adb_pdi_prod;"
adb_pdi_prod;adb_pdi_prod;dm_tmp;contract_prol_old;DELETE;ADB Owner Dm Tmp;"REVOKE DELETE ON dm_tmp.contract_prol_old FROM adb_pdi_prod;"
adb_pdi_prod;adb_pdi_prod;dm_tmp;contract_prol_old;TRUNCATE;ADB Owner Dm Tmp;"REVOKE TRUNCATE ON dm_tmp.contract_prol_old FROM adb_pdi_prod;"
adb_pdi_prod;adb_pdi_prod;dm_tmp;contract_prol_delta;INSERT;ADB Owner Dm Tmp;"REVOKE INSERT ON dm_tmp.contract_prol_delta FROM adb_pdi_prod;"
adb_pdi_prod;adb_pdi_prod;dm_tmp;contract_prol_delta;SELECT;ADB Owner Dm Tmp;"REVOKE SELECT ON dm_tmp.contract_prol_delta FROM adb_pdi_prod;"
adb_pdi_prod;adb_pdi_prod;dm_tmp;contract_prol_delta;UPDATE;ADB Owner Dm Tmp;"REVOKE UPDATE ON dm_tmp.contract_prol_delta FROM adb_pdi_prod;"
adb_pdi_prod;adb_pdi_prod;dm_tmp;contract_prol_delta;DELETE;ADB Owner Dm Tmp;"REVOKE DELETE ON dm_tmp.contract_prol_delta FROM adb_pdi_prod;"
adb_pdi_prod;adb_pdi_prod;dm_tmp;contract_prol_delta;TRUNCATE;ADB Owner Dm Tmp;"REVOKE TRUNCATE ON dm_tmp.contract_prol_delta FROM adb_pdi_prod;"
adb_pdi_prod;adb_pdi_prod;dm_tmp;contract_prol;INSERT;ADB Owner Dm Tmp;"REVOKE INSERT ON dm_tmp.contract_prol FROM adb_pdi_prod;"
adb_pdi_prod;adb_pdi_prod;dm_tmp;contract_prol;SELECT;ADB Owner Dm Tmp;"REVOKE SELECT ON dm_tmp.contract_prol FROM adb_pdi_prod;"
adb_pdi_prod;adb_pdi_prod;dm_tmp;contract_prol;UPDATE;ADB Owner Dm Tmp;"REVOKE UPDATE ON dm_tmp.contract_prol FROM adb_pdi_prod;"
adb_pdi_prod;adb_pdi_prod;dm_tmp;contract_prol;DELETE;ADB Owner Dm Tmp;"REVOKE DELETE ON dm_tmp.contract_prol FROM adb_pdi_prod;"
adb_pdi_prod;adb_pdi_prod;dm_tmp;contract_prol;TRUNCATE;ADB Owner Dm Tmp;"REVOKE TRUNCATE ON dm_tmp.contract_prol FROM adb_pdi_prod;"
adb_pdi_prod;adb_pdi_prod;dm_tmp;apd_calc_contract_counterparty_acc_prem;INSERT;ADB Owner Dm Tmp;"REVOKE INSERT ON dm_tmp.apd_calc_contract_counterparty_acc_prem FROM adb_pdi_prod;"
adb_pdi_prod;adb_pdi_prod;dm_tmp;apd_calc_contract_counterparty_acc_prem;SELECT;ADB Owner Dm Tmp;"REVOKE SELECT ON dm_tmp.apd_calc_contract_counterparty_acc_prem FROM adb_pdi_prod;"
adb_pdi_prod;adb_pdi_prod;dm_tmp;apd_calc_contract_counterparty_acc_prem;UPDATE;ADB Owner Dm Tmp;"REVOKE UPDATE ON dm_tmp.apd_calc_contract_counterparty_acc_prem FROM adb_pdi_prod;"
adb_pdi_prod;adb_pdi_prod;dm_tmp;apd_calc_contract_counterparty_acc_prem;DELETE;ADB Owner Dm Tmp;"REVOKE DELETE ON dm_tmp.apd_calc_contract_counterparty_acc_prem FROM adb_pdi_prod;"
adb_pdi_prod;adb_pdi_prod;dm_tmp;apd_calc_contract_counterparty_acc_prem;TRUNCATE;ADB Owner Dm Tmp;"REVOKE TRUNCATE ON dm_tmp.apd_calc_contract_counterparty_acc_prem FROM adb_pdi_prod;"
adb_pdi_prod;adb_pdi_prod;dm_tmp;apd_calc_contract_counterparty_acc_prem;REFERENCES;ADB Owner Dm Tmp;"REVOKE REFERENCES ON dm_tmp.apd_calc_contract_counterparty_acc_prem FROM adb_pdi_prod;"
adb_pdi_prod;adb_pdi_prod;dm_tmp;apd_calc_contract_counterparty_acc_prem;TRIGGER;ADB Owner Dm Tmp;"REVOKE TRIGGER ON dm_tmp.apd_calc_contract_counterparty_acc_prem FROM adb_pdi_prod;"
adb_pdi_prod;adb_pdi_prod;dm_tmp;apd_calc_counterparty_acc_prem_1;INSERT;ADB Owner Dm Tmp;"REVOKE INSERT ON dm_tmp.apd_calc_counterparty_acc_prem_1 FROM adb_pdi_prod;"
adb_pdi_prod;adb_pdi_prod;dm_tmp;apd_calc_counterparty_acc_prem_1;SELECT;ADB Owner Dm Tmp;"REVOKE SELECT ON dm_tmp.apd_calc_counterparty_acc_prem_1 FROM adb_pdi_prod;"
adb_pdi_prod;adb_pdi_prod;dm_tmp;apd_calc_counterparty_acc_prem_1;UPDATE;ADB Owner Dm Tmp;"REVOKE UPDATE ON dm_tmp.apd_calc_counterparty_acc_prem_1 FROM adb_pdi_prod;"
adb_pdi_prod;adb_pdi_prod;dm_tmp;apd_calc_counterparty_acc_prem_1;DELETE;ADB Owner Dm Tmp;"REVOKE DELETE ON dm_tmp.apd_calc_counterparty_acc_prem_1 FROM adb_pdi_prod;"
adb_pdi_prod;adb_pdi_prod;dm_tmp;apd_calc_counterparty_acc_prem_1;TRUNCATE;ADB Owner Dm Tmp;"REVOKE TRUNCATE ON dm_tmp.apd_calc_counterparty_acc_prem_1 FROM adb_pdi_prod;"
adb_pdi_prod;adb_pdi_prod;dm_tmp;apd_calc_counterparty_acc_prem_1;REFERENCES;ADB Owner Dm Tmp;"REVOKE REFERENCES ON dm_tmp.apd_calc_counterparty_acc_prem_1 FROM adb_pdi_prod;"
adb_pdi_prod;adb_pdi_prod;dm_tmp;apd_calc_counterparty_acc_prem_1;TRIGGER;ADB Owner Dm Tmp;"REVOKE TRIGGER ON dm_tmp.apd_calc_counterparty_acc_prem_1 FROM adb_pdi_prod;"
adb_replicat_prod;adb_replicat_prod;etl;repl__cdm_analysis__repl_test_absence;SELECT;ADB Write Etl;"REVOKE SELECT ON etl.repl__cdm_analysis__repl_test_absence FROM adb_replicat_prod;"
adb_pdi_prod;adb_pdi_prod;dm_tmp;apd_calc_counterparty_acc_prem_2;INSERT;ADB Owner Dm Tmp;"REVOKE INSERT ON dm_tmp.apd_calc_counterparty_acc_prem_2 FROM adb_pdi_prod;"
adb_pdi_prod;adb_pdi_prod;dm_tmp;apd_calc_counterparty_acc_prem_2;SELECT;ADB Owner Dm Tmp;"REVOKE SELECT ON dm_tmp.apd_calc_counterparty_acc_prem_2 FROM adb_pdi_prod;"
adb_pdi_prod;adb_pdi_prod;dm_tmp;apd_calc_counterparty_acc_prem_2;UPDATE;ADB Owner Dm Tmp;"REVOKE UPDATE ON dm_tmp.apd_calc_counterparty_acc_prem_2 FROM adb_pdi_prod;"
adb_pdi_prod;adb_pdi_prod;dm_tmp;apd_calc_counterparty_acc_prem_2;DELETE;ADB Owner Dm Tmp;"REVOKE DELETE ON dm_tmp.apd_calc_counterparty_acc_prem_2 FROM adb_pdi_prod;"
adb_pdi_prod;adb_pdi_prod;dm_tmp;apd_calc_counterparty_acc_prem_2;TRUNCATE;ADB Owner Dm Tmp;"REVOKE TRUNCATE ON dm_tmp.apd_calc_counterparty_acc_prem_2 FROM adb_pdi_prod;"
adb_pdi_prod;adb_pdi_prod;dm_tmp;apd_calc_counterparty_acc_prem_2;REFERENCES;ADB Owner Dm Tmp;"REVOKE REFERENCES ON dm_tmp.apd_calc_counterparty_acc_prem_2 FROM adb_pdi_prod;"
adb_pdi_prod;adb_pdi_prod;dm_tmp;apd_calc_counterparty_acc_prem_2;TRIGGER;ADB Owner Dm Tmp;"REVOKE TRIGGER ON dm_tmp.apd_calc_counterparty_acc_prem_2 FROM adb_pdi_prod;"
adb_pdi_prod;adb_pdi_prod;dm_tmp;apd_calc_q_1_1;INSERT;ADB Owner Dm Tmp;"REVOKE INSERT ON dm_tmp.apd_calc_q_1_1 FROM adb_pdi_prod;"
adb_pdi_prod;adb_pdi_prod;dm_tmp;apd_calc_q_1_1;SELECT;ADB Owner Dm Tmp;"REVOKE SELECT ON dm_tmp.apd_calc_q_1_1 FROM adb_pdi_prod;"
adb_pdi_prod;adb_pdi_prod;dm_tmp;apd_calc_q_1_1;UPDATE;ADB Owner Dm Tmp;"REVOKE UPDATE ON dm_tmp.apd_calc_q_1_1 FROM adb_pdi_prod;"
adb_pdi_prod;adb_pdi_prod;dm_tmp;apd_calc_q_1_1;DELETE;ADB Owner Dm Tmp;"REVOKE DELETE ON dm_tmp.apd_calc_q_1_1 FROM adb_pdi_prod;"
adb_pdi_prod;adb_pdi_prod;dm_tmp;apd_calc_q_1_1;TRUNCATE;ADB Owner Dm Tmp;"REVOKE TRUNCATE ON dm_tmp.apd_calc_q_1_1 FROM adb_pdi_prod;"
adb_pdi_prod;adb_pdi_prod;dm_tmp;apd_calc_q_1_1;REFERENCES;ADB Owner Dm Tmp;"REVOKE REFERENCES ON dm_tmp.apd_calc_q_1_1 FROM adb_pdi_prod;"
adb_pdi_prod;adb_pdi_prod;dm_tmp;apd_calc_q_1_1;TRIGGER;ADB Owner Dm Tmp;"REVOKE TRIGGER ON dm_tmp.apd_calc_q_1_1 FROM adb_pdi_prod;"
adb_pdi_prod;adb_pdi_prod;dm_tmp;tmp_all_ids_acc;INSERT;ADB Owner Dm Tmp;"REVOKE INSERT ON dm_tmp.tmp_all_ids_acc FROM adb_pdi_prod;"
adb_pdi_prod;adb_pdi_prod;dm_tmp;tmp_all_ids_acc;SELECT;ADB Owner Dm Tmp;"REVOKE SELECT ON dm_tmp.tmp_all_ids_acc FROM adb_pdi_prod;"
adb_pdi_prod;adb_pdi_prod;dm_tmp;tmp_all_ids_acc;UPDATE;ADB Owner Dm Tmp;"REVOKE UPDATE ON dm_tmp.tmp_all_ids_acc FROM adb_pdi_prod;"
adb_pdi_prod;adb_pdi_prod;dm_tmp;tmp_all_ids_acc;DELETE;ADB Owner Dm Tmp;"REVOKE DELETE ON dm_tmp.tmp_all_ids_acc FROM adb_pdi_prod;"
adb_pdi_prod;adb_pdi_prod;dm_tmp;tmp_all_ids_acc;TRUNCATE;ADB Owner Dm Tmp;"REVOKE TRUNCATE ON dm_tmp.tmp_all_ids_acc FROM adb_pdi_prod;"
adb_pdi_prod;adb_pdi_prod;dm_tmp;tmp_all_ids_acc;REFERENCES;ADB Owner Dm Tmp;"REVOKE REFERENCES ON dm_tmp.tmp_all_ids_acc FROM adb_pdi_prod;"
adb_pdi_prod;adb_pdi_prod;dm_tmp;tmp_all_ids_acc;TRIGGER;ADB Owner Dm Tmp;"REVOKE TRIGGER ON dm_tmp.tmp_all_ids_acc FROM adb_pdi_prod;"
adb_replicat_prod;adb_replicat_prod;etl;repl__core__account_buh;SELECT;ADB Write Etl;"REVOKE SELECT ON etl.repl__core__account_buh FROM adb_replicat_prod;"
ivfilin;Филин Игорь Валерьевич (Igor Filin);dm_tmp;minfin;SELECT;ADB Write Dm Tmp;"REVOKE SELECT ON dm_tmp.minfin FROM ivfilin;"
ivfilin;Филин Игорь Валерьевич (Igor Filin);dm_tmp;minfin_zapros_20260522;SELECT;ADB Write Dm Tmp;"REVOKE SELECT ON dm_tmp.minfin_zapros_20260522 FROM ivfilin;"
adb_pdi_prod;adb_pdi_prod;cdm_analysis_tmp;pr_cte_fin;INSERT;ADB Owner CDM Analysis Tmp;"REVOKE INSERT ON cdm_analysis_tmp.pr_cte_fin FROM adb_pdi_prod;"
adb_pdi_prod;adb_pdi_prod;cdm_analysis_tmp;pr_cte_fin;SELECT;ADB Owner CDM Analysis Tmp;"REVOKE SELECT ON cdm_analysis_tmp.pr_cte_fin FROM adb_pdi_prod;"
adb_pdi_prod;adb_pdi_prod;cdm_analysis_tmp;pr_cte_fin;UPDATE;ADB Owner CDM Analysis Tmp;"REVOKE UPDATE ON cdm_analysis_tmp.pr_cte_fin FROM adb_pdi_prod;"
adb_pdi_prod;adb_pdi_prod;cdm_analysis_tmp;pr_cte_fin;DELETE;ADB Owner CDM Analysis Tmp;"REVOKE DELETE ON cdm_analysis_tmp.pr_cte_fin FROM adb_pdi_prod;"
adb_pdi_prod;adb_pdi_prod;cdm_analysis_tmp;pr_cte_fin;TRUNCATE;ADB Owner CDM Analysis Tmp;"REVOKE TRUNCATE ON cdm_analysis_tmp.pr_cte_fin FROM adb_pdi_prod;"
adb_pdi_prod;adb_pdi_prod;cdm_analysis_tmp;pr_cte_fin;REFERENCES;ADB Owner CDM Analysis Tmp;"REVOKE REFERENCES ON cdm_analysis_tmp.pr_cte_fin FROM adb_pdi_prod;"
adb_pdi_prod;adb_pdi_prod;cdm_analysis_tmp;pr_cte_fin;TRIGGER;ADB Owner CDM Analysis Tmp;"REVOKE TRIGGER ON cdm_analysis_tmp.pr_cte_fin FROM adb_pdi_prod;"
adb_pdi_prod;adb_pdi_prod;cdm_analysis_tmp;acc_group_781p_tmp;INSERT;ADB Owner CDM Analysis Tmp;"REVOKE INSERT ON cdm_analysis_tmp.acc_group_781p_tmp FROM adb_pdi_prod;"
adb_pdi_prod;adb_pdi_prod;cdm_analysis_tmp;acc_group_781p_tmp;SELECT;ADB Owner CDM Analysis Tmp;"REVOKE SELECT ON cdm_analysis_tmp.acc_group_781p_tmp FROM adb_pdi_prod;"
adb_pdi_prod;adb_pdi_prod;cdm_analysis_tmp;acc_group_781p_tmp;UPDATE;ADB Owner CDM Analysis Tmp;"REVOKE UPDATE ON cdm_analysis_tmp.acc_group_781p_tmp FROM adb_pdi_prod;"
adb_pdi_prod;adb_pdi_prod;cdm_analysis_tmp;acc_group_781p_tmp;DELETE;ADB Owner CDM Analysis Tmp;"REVOKE DELETE ON cdm_analysis_tmp.acc_group_781p_tmp FROM adb_pdi_prod;"
adb_pdi_prod;adb_pdi_prod;cdm_analysis_tmp;acc_group_781p_tmp;TRUNCATE;ADB Owner CDM Analysis Tmp;"REVOKE TRUNCATE ON cdm_analysis_tmp.acc_group_781p_tmp FROM adb_pdi_prod;"
adb_pdi_prod;adb_pdi_prod;cdm_analysis_tmp;acc_group_781p_tmp;REFERENCES;ADB Owner CDM Analysis Tmp;"REVOKE REFERENCES ON cdm_analysis_tmp.acc_group_781p_tmp FROM adb_pdi_prod;"
adb_pdi_prod;adb_pdi_prod;cdm_analysis_tmp;acc_group_781p_tmp;TRIGGER;ADB Owner CDM Analysis Tmp;"REVOKE TRIGGER ON cdm_analysis_tmp.acc_group_781p_tmp FROM adb_pdi_prod;"
adb_pdi_prod;adb_pdi_prod;cdm_analysis_tmp;objt;INSERT;ADB Owner CDM Analysis Tmp;"REVOKE INSERT ON cdm_analysis_tmp.objt FROM adb_pdi_prod;"
adb_pdi_prod;adb_pdi_prod;cdm_analysis_tmp;objt;SELECT;ADB Owner CDM Analysis Tmp;"REVOKE SELECT ON cdm_analysis_tmp.objt FROM adb_pdi_prod;"
adb_pdi_prod;adb_pdi_prod;cdm_analysis_tmp;objt;UPDATE;ADB Owner CDM Analysis Tmp;"REVOKE UPDATE ON cdm_analysis_tmp.objt FROM adb_pdi_prod;"
adb_pdi_prod;adb_pdi_prod;cdm_analysis_tmp;objt;DELETE;ADB Owner CDM Analysis Tmp;"REVOKE DELETE ON cdm_analysis_tmp.objt FROM adb_pdi_prod;"
adb_pdi_prod;adb_pdi_prod;cdm_analysis_tmp;objt;TRUNCATE;ADB Owner CDM Analysis Tmp;"REVOKE TRUNCATE ON cdm_analysis_tmp.objt FROM adb_pdi_prod;"
adb_pdi_prod;adb_pdi_prod;cdm_analysis_tmp;objt;REFERENCES;ADB Owner CDM Analysis Tmp;"REVOKE REFERENCES ON cdm_analysis_tmp.objt FROM adb_pdi_prod;"
adb_pdi_prod;adb_pdi_prod;cdm_analysis_tmp;objt;TRIGGER;ADB Owner CDM Analysis Tmp;"REVOKE TRIGGER ON cdm_analysis_tmp.objt FROM adb_pdi_prod;"
vayakovlev;Яковлев Виталий Анатольевич (Vitaly Yakovlev);dm_msfo17;rgs_nsso_in_monthly_diff;INSERT;ADB Owner Dm msfo17;"REVOKE INSERT ON dm_msfo17.rgs_nsso_in_monthly_diff FROM vayakovlev;"
vayakovlev;Яковлев Виталий Анатольевич (Vitaly Yakovlev);dm_msfo17;rgs_nsso_in_monthly_diff;SELECT;ADB Owner Dm msfo17;"REVOKE SELECT ON dm_msfo17.rgs_nsso_in_monthly_diff FROM vayakovlev;"
vayakovlev;Яковлев Виталий Анатольевич (Vitaly Yakovlev);dm_msfo17;rgs_nsso_in_monthly_diff;UPDATE;ADB Owner Dm msfo17;"REVOKE UPDATE ON dm_msfo17.rgs_nsso_in_monthly_diff FROM vayakovlev;"
vayakovlev;Яковлев Виталий Анатольевич (Vitaly Yakovlev);dm_msfo17;rgs_nsso_in_monthly_diff;DELETE;ADB Owner Dm msfo17;"REVOKE DELETE ON dm_msfo17.rgs_nsso_in_monthly_diff FROM vayakovlev;"
vayakovlev;Яковлев Виталий Анатольевич (Vitaly Yakovlev);dm_msfo17;rgs_nsso_in_monthly_diff;TRUNCATE;ADB Owner Dm msfo17;"REVOKE TRUNCATE ON dm_msfo17.rgs_nsso_in_monthly_diff FROM vayakovlev;"
vayakovlev;Яковлев Виталий Анатольевич (Vitaly Yakovlev);dm_msfo17;rgs_nsso_in_monthly_diff;REFERENCES;ADB Owner Dm msfo17;"REVOKE REFERENCES ON dm_msfo17.rgs_nsso_in_monthly_diff FROM vayakovlev;"
vayakovlev;Яковлев Виталий Анатольевич (Vitaly Yakovlev);dm_msfo17;rgs_nsso_in_monthly_diff;TRIGGER;ADB Owner Dm msfo17;"REVOKE TRIGGER ON dm_msfo17.rgs_nsso_in_monthly_diff FROM vayakovlev;"
adb_pdi_prod;adb_pdi_prod;dm_msfo17;rgs_nsso_in_monthly_diff;INSERT;ADB Write Dm msfo17;"REVOKE INSERT ON dm_msfo17.rgs_nsso_in_monthly_diff FROM adb_pdi_prod;"
adb_pdi_prod;adb_pdi_prod;dm_msfo17;rgs_nsso_in_monthly_diff;SELECT;ADB Write Dm msfo17;"REVOKE SELECT ON dm_msfo17.rgs_nsso_in_monthly_diff FROM adb_pdi_prod;"
adb_pdi_prod;adb_pdi_prod;dm_msfo17;rgs_nsso_in_monthly_diff;UPDATE;ADB Write Dm msfo17;"REVOKE UPDATE ON dm_msfo17.rgs_nsso_in_monthly_diff FROM adb_pdi_prod;"
adb_pdi_prod;adb_pdi_prod;dm_msfo17;rgs_nsso_in_monthly_diff;DELETE;ADB Write Dm msfo17;"REVOKE DELETE ON dm_msfo17.rgs_nsso_in_monthly_diff FROM adb_pdi_prod;"
vayakovlev;Яковлев Виталий Анатольевич (Vitaly Yakovlev);dm_msfo17;rgs_nsso_out_monthly_diff;INSERT;ADB Owner Dm msfo17;"REVOKE INSERT ON dm_msfo17.rgs_nsso_out_monthly_diff FROM vayakovlev;"
vayakovlev;Яковлев Виталий Анатольевич (Vitaly Yakovlev);dm_msfo17;rgs_nsso_out_monthly_diff;SELECT;ADB Owner Dm msfo17;"REVOKE SELECT ON dm_msfo17.rgs_nsso_out_monthly_diff FROM vayakovlev;"
vayakovlev;Яковлев Виталий Анатольевич (Vitaly Yakovlev);dm_msfo17;rgs_nsso_out_monthly_diff;UPDATE;ADB Owner Dm msfo17;"REVOKE UPDATE ON dm_msfo17.rgs_nsso_out_monthly_diff FROM vayakovlev;"
vayakovlev;Яковлев Виталий Анатольевич (Vitaly Yakovlev);dm_msfo17;rgs_nsso_out_monthly_diff;DELETE;ADB Owner Dm msfo17;"REVOKE DELETE ON dm_msfo17.rgs_nsso_out_monthly_diff FROM vayakovlev;"
vayakovlev;Яковлев Виталий Анатольевич (Vitaly Yakovlev);dm_msfo17;rgs_nsso_out_monthly_diff;TRUNCATE;ADB Owner Dm msfo17;"REVOKE TRUNCATE ON dm_msfo17.rgs_nsso_out_monthly_diff FROM vayakovlev;"
vayakovlev;Яковлев Виталий Анатольевич (Vitaly Yakovlev);dm_msfo17;rgs_nsso_out_monthly_diff;REFERENCES;ADB Owner Dm msfo17;"REVOKE REFERENCES ON dm_msfo17.rgs_nsso_out_monthly_diff FROM vayakovlev;"
vayakovlev;Яковлев Виталий Анатольевич (Vitaly Yakovlev);dm_msfo17;rgs_nsso_out_monthly_diff;TRIGGER;ADB Owner Dm msfo17;"REVOKE TRIGGER ON dm_msfo17.rgs_nsso_out_monthly_diff FROM vayakovlev;"
adb_pdi_prod;adb_pdi_prod;dm_msfo17;rgs_nsso_out_monthly_diff;INSERT;ADB Write Dm msfo17;"REVOKE INSERT ON dm_msfo17.rgs_nsso_out_monthly_diff FROM adb_pdi_prod;"
adb_pdi_prod;adb_pdi_prod;dm_msfo17;rgs_nsso_out_monthly_diff;SELECT;ADB Write Dm msfo17;"REVOKE SELECT ON dm_msfo17.rgs_nsso_out_monthly_diff FROM adb_pdi_prod;"
adb_pdi_prod;adb_pdi_prod;dm_msfo17;rgs_nsso_out_monthly_diff;UPDATE;ADB Write Dm msfo17;"REVOKE UPDATE ON dm_msfo17.rgs_nsso_out_monthly_diff FROM adb_pdi_prod;"
adb_pdi_prod;adb_pdi_prod;dm_msfo17;rgs_nsso_out_monthly_diff;DELETE;ADB Write Dm msfo17;"REVOKE DELETE ON dm_msfo17.rgs_nsso_out_monthly_diff FROM adb_pdi_prod;"
adb_replicat_prod;adb_replicat_prod;etl;repl__core__paper_deferred_payment;SELECT;ADB Write Etl;"REVOKE SELECT ON etl.repl__core__paper_deferred_payment FROM adb_replicat_prod;"
adb_replicat_prod;adb_replicat_prod;etl;repl__core__course;SELECT;ADB Write Etl;"REVOKE SELECT ON etl.repl__core__course FROM adb_replicat_prod;"
adb_replicat_prod;adb_replicat_prod;etl;repl__core__business_act;SELECT;ADB Write Etl;"REVOKE SELECT ON etl.repl__core__business_act FROM adb_replicat_prod;"
adb_replicat_prod;adb_replicat_prod;etl;repl__core__role;SELECT;ADB Write Etl;"REVOKE SELECT ON etl.repl__core__role FROM adb_replicat_prod;"
adb_replicat_prod;adb_replicat_prod;etl;repl__core__contract_loan;SELECT;ADB Write Etl;"REVOKE SELECT ON etl.repl__core__contract_loan FROM adb_replicat_prod;"
adb_replicat_prod;adb_replicat_prod;etl;repl__core__paper;SELECT;ADB Write Etl;"REVOKE SELECT ON etl.repl__core__paper FROM adb_replicat_prod;"
adb_replicat_prod;adb_replicat_prod;etl;repl__core__address;SELECT;ADB Write Etl;"REVOKE SELECT ON etl.repl__core__address FROM adb_replicat_prod;"
adb_replicat_prod;adb_replicat_prod;etl;repl__core__segment;SELECT;ADB Write Etl;"REVOKE SELECT ON etl.repl__core__segment FROM adb_replicat_prod;"
adb_replicat_prod;adb_replicat_prod;etl;repl__core__paper_event;SELECT;ADB Write Etl;"REVOKE SELECT ON etl.repl__core__paper_event FROM adb_replicat_prod;"
adb_replicat_prod;adb_replicat_prod;etl;repl__core__agent_contract;SELECT;ADB Write Etl;"REVOKE SELECT ON etl.repl__core__agent_contract FROM adb_replicat_prod;"
adb_replicat_prod;adb_replicat_prod;etl;repl__core__payment;SELECT;ADB Write Etl;"REVOKE SELECT ON etl.repl__core__payment FROM adb_replicat_prod;"
adb_replicat_prod;adb_replicat_prod;etl;repl__core__consent;SELECT;ADB Write Etl;"REVOKE SELECT ON etl.repl__core__consent FROM adb_replicat_prod;"
adb_replicat_prod;adb_replicat_prod;etl;repl__core__source_user;SELECT;ADB Write Etl;"REVOKE SELECT ON etl.repl__core__source_user FROM adb_replicat_prod;"
adb_replicat_prod;adb_replicat_prod;etl;repl__core__deferred_payment;SELECT;ADB Write Etl;"REVOKE SELECT ON etl.repl__core__deferred_payment FROM adb_replicat_prod;"
dsplohuta;Плохута Дмитрий Сергеевич (Dmitriy Plokhuta);dm_tmp;cmplconccm_lcon;INSERT;ADB Owner Dm Tmp;"REVOKE INSERT ON dm_tmp.cmplconccm_lcon FROM dsplohuta;"
dsplohuta;Плохута Дмитрий Сергеевич (Dmitriy Plokhuta);dm_tmp;cmplconccm_lcon;SELECT;ADB Owner Dm Tmp;"REVOKE SELECT ON dm_tmp.cmplconccm_lcon FROM dsplohuta;"
dsplohuta;Плохута Дмитрий Сергеевич (Dmitriy Plokhuta);dm_tmp;cmplconccm_lcon;UPDATE;ADB Owner Dm Tmp;"REVOKE UPDATE ON dm_tmp.cmplconccm_lcon FROM dsplohuta;"
dsplohuta;Плохута Дмитрий Сергеевич (Dmitriy Plokhuta);dm_tmp;cmplconccm_lcon;DELETE;ADB Owner Dm Tmp;"REVOKE DELETE ON dm_tmp.cmplconccm_lcon FROM dsplohuta;"
dsplohuta;Плохута Дмитрий Сергеевич (Dmitriy Plokhuta);dm_tmp;cmplconccm_lcon;TRUNCATE;ADB Owner Dm Tmp;"REVOKE TRUNCATE ON dm_tmp.cmplconccm_lcon FROM dsplohuta;"
dsplohuta;Плохута Дмитрий Сергеевич (Dmitriy Plokhuta);dm_tmp;cmplconccm_lcon;REFERENCES;ADB Owner Dm Tmp;"REVOKE REFERENCES ON dm_tmp.cmplconccm_lcon FROM dsplohuta;"
dsplohuta;Плохута Дмитрий Сергеевич (Dmitriy Plokhuta);dm_tmp;cmplconccm_lcon;TRIGGER;ADB Owner Dm Tmp;"REVOKE TRIGGER ON dm_tmp.cmplconccm_lcon FROM dsplohuta;"
dsplohuta;Плохута Дмитрий Сергеевич (Dmitriy Plokhuta);dm_tmp;cmplconccm_addr;INSERT;ADB Owner Dm Tmp;"REVOKE INSERT ON dm_tmp.cmplconccm_addr FROM dsplohuta;"
dsplohuta;Плохута Дмитрий Сергеевич (Dmitriy Plokhuta);dm_tmp;cmplconccm_addr;SELECT;ADB Owner Dm Tmp;"REVOKE SELECT ON dm_tmp.cmplconccm_addr FROM dsplohuta;"
dsplohuta;Плохута Дмитрий Сергеевич (Dmitriy Plokhuta);dm_tmp;cmplconccm_addr;UPDATE;ADB Owner Dm Tmp;"REVOKE UPDATE ON dm_tmp.cmplconccm_addr FROM dsplohuta;"
dsplohuta;Плохута Дмитрий Сергеевич (Dmitriy Plokhuta);dm_tmp;cmplconccm_addr;DELETE;ADB Owner Dm Tmp;"REVOKE DELETE ON dm_tmp.cmplconccm_addr FROM dsplohuta;"
dsplohuta;Плохута Дмитрий Сергеевич (Dmitriy Plokhuta);dm_tmp;cmplconccm_addr;TRUNCATE;ADB Owner Dm Tmp;"REVOKE TRUNCATE ON dm_tmp.cmplconccm_addr FROM dsplohuta;"
dsplohuta;Плохута Дмитрий Сергеевич (Dmitriy Plokhuta);dm_tmp;cmplconccm_addr;REFERENCES;ADB Owner Dm Tmp;"REVOKE REFERENCES ON dm_tmp.cmplconccm_addr FROM dsplohuta;"
dsplohuta;Плохута Дмитрий Сергеевич (Dmitriy Plokhuta);dm_tmp;cmplconccm_addr;TRIGGER;ADB Owner Dm Tmp;"REVOKE TRIGGER ON dm_tmp.cmplconccm_addr FROM dsplohuta;"
adb_replicat_prod;adb_replicat_prod;etl;repl__core__liability_allocation;SELECT;ADB Write Etl;"REVOKE SELECT ON etl.repl__core__liability_allocation FROM adb_replicat_prod;"
adb_replicat_prod;adb_replicat_prod;etl;repl__comdm__contract_atr_mngr;SELECT;ADB Write Etl;"REVOKE SELECT ON etl.repl__comdm__contract_atr_mngr FROM adb_replicat_prod;"
adb_replicat_prod;adb_replicat_prod;etl;repl__core__contract_reinsurance;SELECT;ADB Write Etl;"REVOKE SELECT ON etl.repl__core__contract_reinsurance FROM adb_replicat_prod;"
adb_replicat_prod;adb_replicat_prod;etl;repl__core__promocode_event;SELECT;ADB Write Etl;"REVOKE SELECT ON etl.repl__core__promocode_event FROM adb_replicat_prod;"
adb_replicat_prod;adb_replicat_prod;etl;repl__core__contact;SELECT;ADB Write Etl;"REVOKE SELECT ON etl.repl__core__contact FROM adb_replicat_prod;"
adb_replicat_prod;adb_replicat_prod;etl;repl__core__payment_schedule;SELECT;ADB Write Etl;"REVOKE SELECT ON etl.repl__core__payment_schedule FROM adb_replicat_prod;"
adb_replicat_prod;adb_replicat_prod;etl;repl__core__strict_blank;SELECT;ADB Write Etl;"REVOKE SELECT ON etl.repl__core__strict_blank FROM adb_replicat_prod;"
adb_replicat_prod;adb_replicat_prod;etl;repl__core__notifications;SELECT;ADB Write Etl;"REVOKE SELECT ON etl.repl__core__notifications FROM adb_replicat_prod;"
adb_replicat_prod;adb_replicat_prod;etl;repl__core__contract_add_coverage;SELECT;ADB Write Etl;"REVOKE SELECT ON etl.repl__core__contract_add_coverage FROM adb_replicat_prod;"
adb_replicat_prod;adb_replicat_prod;etl;repl__core__reinsurance_condition;SELECT;ADB Write Etl;"REVOKE SELECT ON etl.repl__core__reinsurance_condition FROM adb_replicat_prod;"
adb_replicat_prod;adb_replicat_prod;etl;repl__core__strict_blank_limit;SELECT;ADB Write Etl;"REVOKE SELECT ON etl.repl__core__strict_blank_limit FROM adb_replicat_prod;"
adb_replicat_prod;adb_replicat_prod;etl;repl__core__contract_source_user;SELECT;ADB Write Etl;"REVOKE SELECT ON etl.repl__core__contract_source_user FROM adb_replicat_prod;"
dsplohuta;Плохута Дмитрий Сергеевич (Dmitriy Plokhuta);dm_tmp;cmplconccm_conctrp;INSERT;ADB Owner Dm Tmp;"REVOKE INSERT ON dm_tmp.cmplconccm_conctrp FROM dsplohuta;"
dsplohuta;Плохута Дмитрий Сергеевич (Dmitriy Plokhuta);dm_tmp;cmplconccm_conctrp;SELECT;ADB Owner Dm Tmp;"REVOKE SELECT ON dm_tmp.cmplconccm_conctrp FROM dsplohuta;"
dsplohuta;Плохута Дмитрий Сергеевич (Dmitriy Plokhuta);dm_tmp;cmplconccm_conctrp;UPDATE;ADB Owner Dm Tmp;"REVOKE UPDATE ON dm_tmp.cmplconccm_conctrp FROM dsplohuta;"
dsplohuta;Плохута Дмитрий Сергеевич (Dmitriy Plokhuta);dm_tmp;cmplconccm_conctrp;DELETE;ADB Owner Dm Tmp;"REVOKE DELETE ON dm_tmp.cmplconccm_conctrp FROM dsplohuta;"
dsplohuta;Плохута Дмитрий Сергеевич (Dmitriy Plokhuta);dm_tmp;cmplconccm_conctrp;TRUNCATE;ADB Owner Dm Tmp;"REVOKE TRUNCATE ON dm_tmp.cmplconccm_conctrp FROM dsplohuta;"
dsplohuta;Плохута Дмитрий Сергеевич (Dmitriy Plokhuta);dm_tmp;cmplconccm_conctrp;REFERENCES;ADB Owner Dm Tmp;"REVOKE REFERENCES ON dm_tmp.cmplconccm_conctrp FROM dsplohuta;"
dsplohuta;Плохута Дмитрий Сергеевич (Dmitriy Plokhuta);dm_tmp;cmplconccm_conctrp;TRIGGER;ADB Owner Dm Tmp;"REVOKE TRIGGER ON dm_tmp.cmplconccm_conctrp FROM dsplohuta;"
adb_replicat_prod;adb_replicat_prod;etl;repl__core__department;SELECT;ADB Write Etl;"REVOKE SELECT ON etl.repl__core__department FROM adb_replicat_prod;"
adb_replicat_prod;adb_replicat_prod;etl;repl__core__strict_blank_hist;SELECT;ADB Write Etl;"REVOKE SELECT ON etl.repl__core__strict_blank_hist FROM adb_replicat_prod;"
adb_replicat_prod;adb_replicat_prod;etl;repl__core__employee_insurance_type;SELECT;ADB Write Etl;"REVOKE SELECT ON etl.repl__core__employee_insurance_type FROM adb_replicat_prod;"
dsplohuta;Плохута Дмитрий Сергеевич (Dmitriy Plokhuta);dm_tmp;cmplconccm_mcon;INSERT;ADB Owner Dm Tmp;"REVOKE INSERT ON dm_tmp.cmplconccm_mcon FROM dsplohuta;"
dsplohuta;Плохута Дмитрий Сергеевич (Dmitriy Plokhuta);dm_tmp;cmplconccm_mcon;SELECT;ADB Owner Dm Tmp;"REVOKE SELECT ON dm_tmp.cmplconccm_mcon FROM dsplohuta;"
dsplohuta;Плохута Дмитрий Сергеевич (Dmitriy Plokhuta);dm_tmp;cmplconccm_mcon;UPDATE;ADB Owner Dm Tmp;"REVOKE UPDATE ON dm_tmp.cmplconccm_mcon FROM dsplohuta;"
dsplohuta;Плохута Дмитрий Сергеевич (Dmitriy Plokhuta);dm_tmp;cmplconccm_mcon;DELETE;ADB Owner Dm Tmp;"REVOKE DELETE ON dm_tmp.cmplconccm_mcon FROM dsplohuta;"
dsplohuta;Плохута Дмитрий Сергеевич (Dmitriy Plokhuta);dm_tmp;cmplconccm_mcon;TRUNCATE;ADB Owner Dm Tmp;"REVOKE TRUNCATE ON dm_tmp.cmplconccm_mcon FROM dsplohuta;"
dsplohuta;Плохута Дмитрий Сергеевич (Dmitriy Plokhuta);dm_tmp;cmplconccm_mcon;REFERENCES;ADB Owner Dm Tmp;"REVOKE REFERENCES ON dm_tmp.cmplconccm_mcon FROM dsplohuta;"
dsplohuta;Плохута Дмитрий Сергеевич (Dmitriy Plokhuta);dm_tmp;cmplconccm_mcon;TRIGGER;ADB Owner Dm Tmp;"REVOKE TRIGGER ON dm_tmp.cmplconccm_mcon FROM dsplohuta;"
dsplohuta;Плохута Дмитрий Сергеевич (Dmitriy Plokhuta);dm_tmp;cmplconccm_cc;INSERT;ADB Owner Dm Tmp;"REVOKE INSERT ON dm_tmp.cmplconccm_cc FROM dsplohuta;"
dsplohuta;Плохута Дмитрий Сергеевич (Dmitriy Plokhuta);dm_tmp;cmplconccm_cc;SELECT;ADB Owner Dm Tmp;"REVOKE SELECT ON dm_tmp.cmplconccm_cc FROM dsplohuta;"
dsplohuta;Плохута Дмитрий Сергеевич (Dmitriy Plokhuta);dm_tmp;cmplconccm_cc;UPDATE;ADB Owner Dm Tmp;"REVOKE UPDATE ON dm_tmp.cmplconccm_cc FROM dsplohuta;"
dsplohuta;Плохута Дмитрий Сергеевич (Dmitriy Plokhuta);dm_tmp;cmplconccm_cc;DELETE;ADB Owner Dm Tmp;"REVOKE DELETE ON dm_tmp.cmplconccm_cc FROM dsplohuta;"
dsplohuta;Плохута Дмитрий Сергеевич (Dmitriy Plokhuta);dm_tmp;cmplconccm_cc;TRUNCATE;ADB Owner Dm Tmp;"REVOKE TRUNCATE ON dm_tmp.cmplconccm_cc FROM dsplohuta;"
dsplohuta;Плохута Дмитрий Сергеевич (Dmitriy Plokhuta);dm_tmp;cmplconccm_cc;REFERENCES;ADB Owner Dm Tmp;"REVOKE REFERENCES ON dm_tmp.cmplconccm_cc FROM dsplohuta;"
dsplohuta;Плохута Дмитрий Сергеевич (Dmitriy Plokhuta);dm_tmp;cmplconccm_cc;TRIGGER;ADB Owner Dm Tmp;"REVOKE TRIGGER ON dm_tmp.cmplconccm_cc FROM dsplohuta;"
dsplohuta;Плохута Дмитрий Сергеевич (Dmitriy Plokhuta);dm_tmp;cmplconccm_lcon_conctrp;INSERT;ADB Owner Dm Tmp;"REVOKE INSERT ON dm_tmp.cmplconccm_lcon_conctrp FROM dsplohuta;"
dsplohuta;Плохута Дмитрий Сергеевич (Dmitriy Plokhuta);dm_tmp;cmplconccm_lcon_conctrp;SELECT;ADB Owner Dm Tmp;"REVOKE SELECT ON dm_tmp.cmplconccm_lcon_conctrp FROM dsplohuta;"
dsplohuta;Плохута Дмитрий Сергеевич (Dmitriy Plokhuta);dm_tmp;cmplconccm_lcon_conctrp;UPDATE;ADB Owner Dm Tmp;"REVOKE UPDATE ON dm_tmp.cmplconccm_lcon_conctrp FROM dsplohuta;"
dsplohuta;Плохута Дмитрий Сергеевич (Dmitriy Plokhuta);dm_tmp;cmplconccm_lcon_conctrp;DELETE;ADB Owner Dm Tmp;"REVOKE DELETE ON dm_tmp.cmplconccm_lcon_conctrp FROM dsplohuta;"
dsplohuta;Плохута Дмитрий Сергеевич (Dmitriy Plokhuta);dm_tmp;cmplconccm_lcon_conctrp;TRUNCATE;ADB Owner Dm Tmp;"REVOKE TRUNCATE ON dm_tmp.cmplconccm_lcon_conctrp FROM dsplohuta;"
dsplohuta;Плохута Дмитрий Сергеевич (Dmitriy Plokhuta);dm_tmp;cmplconccm_lcon_conctrp;REFERENCES;ADB Owner Dm Tmp;"REVOKE REFERENCES ON dm_tmp.cmplconccm_lcon_conctrp FROM dsplohuta;"
dsplohuta;Плохута Дмитрий Сергеевич (Dmitriy Plokhuta);dm_tmp;cmplconccm_lcon_conctrp;TRIGGER;ADB Owner Dm Tmp;"REVOKE TRIGGER ON dm_tmp.cmplconccm_lcon_conctrp FROM dsplohuta;"
adb_replicat_prod;adb_replicat_prod;etl;repl__core__agent_contract_addendum;SELECT;ADB Write Etl;"REVOKE SELECT ON etl.repl__core__agent_contract_addendum FROM adb_replicat_prod;"
adb_replicat_prod;adb_replicat_prod;etl;repl__core__driver_license_category;SELECT;ADB Write Etl;"REVOKE SELECT ON etl.repl__core__driver_license_category FROM adb_replicat_prod;"
adb_replicat_prod;adb_replicat_prod;etl;repl__core__employee;SELECT;ADB Write Etl;"REVOKE SELECT ON etl.repl__core__employee FROM adb_replicat_prod;"
adb_replicat_prod;adb_replicat_prod;etl;repl__core__object_risk_info;SELECT;ADB Write Etl;"REVOKE SELECT ON etl.repl__core__object_risk_info FROM adb_replicat_prod;"
adb_replicat_prod;adb_replicat_prod;etl;repl__core__agent_invoice_link;SELECT;ADB Write Etl;"REVOKE SELECT ON etl.repl__core__agent_invoice_link FROM adb_replicat_prod;"
adb_replicat_prod;adb_replicat_prod;etl;repl__core__object_risk;SELECT;ADB Write Etl;"REVOKE SELECT ON etl.repl__core__object_risk FROM adb_replicat_prod;"
adb_replicat_prod;adb_replicat_prod;etl;repl__core__agent_statement;SELECT;ADB Write Etl;"REVOKE SELECT ON etl.repl__core__agent_statement FROM adb_replicat_prod;"
adb_replicat_prod;adb_replicat_prod;etl;repl__core__payment_counterparty;SELECT;ADB Write Etl;"REVOKE SELECT ON etl.repl__core__payment_counterparty FROM adb_replicat_prod;"
adb_replicat_prod;adb_replicat_prod;etl;repl__core__employee_department;SELECT;ADB Write Etl;"REVOKE SELECT ON etl.repl__core__employee_department FROM adb_replicat_prod;"
adb_replicat_prod;adb_replicat_prod;etl;repl__core__strict_blank_rsa_hist;SELECT;ADB Write Etl;"REVOKE SELECT ON etl.repl__core__strict_blank_rsa_hist FROM adb_replicat_prod;"
dsplohuta;Плохута Дмитрий Сергеевич (Dmitriy Plokhuta);dm_tmp;cmplconccm_ref_dict7gs;INSERT;ADB Owner Dm Tmp;"REVOKE INSERT ON dm_tmp.cmplconccm_ref_dict7gs FROM dsplohuta;"
dsplohuta;Плохута Дмитрий Сергеевич (Dmitriy Plokhuta);dm_tmp;cmplconccm_ref_dict7gs;SELECT;ADB Owner Dm Tmp;"REVOKE SELECT ON dm_tmp.cmplconccm_ref_dict7gs FROM dsplohuta;"
dsplohuta;Плохута Дмитрий Сергеевич (Dmitriy Plokhuta);dm_tmp;cmplconccm_ref_dict7gs;UPDATE;ADB Owner Dm Tmp;"REVOKE UPDATE ON dm_tmp.cmplconccm_ref_dict7gs FROM dsplohuta;"
dsplohuta;Плохута Дмитрий Сергеевич (Dmitriy Plokhuta);dm_tmp;cmplconccm_ref_dict7gs;DELETE;ADB Owner Dm Tmp;"REVOKE DELETE ON dm_tmp.cmplconccm_ref_dict7gs FROM dsplohuta;"
dsplohuta;Плохута Дмитрий Сергеевич (Dmitriy Plokhuta);dm_tmp;cmplconccm_ref_dict7gs;TRUNCATE;ADB Owner Dm Tmp;"REVOKE TRUNCATE ON dm_tmp.cmplconccm_ref_dict7gs FROM dsplohuta;"
dsplohuta;Плохута Дмитрий Сергеевич (Dmitriy Plokhuta);dm_tmp;cmplconccm_ref_dict7gs;REFERENCES;ADB Owner Dm Tmp;"REVOKE REFERENCES ON dm_tmp.cmplconccm_ref_dict7gs FROM dsplohuta;"
dsplohuta;Плохута Дмитрий Сергеевич (Dmitriy Plokhuta);dm_tmp;cmplconccm_ref_dict7gs;TRIGGER;ADB Owner Dm Tmp;"REVOKE TRIGGER ON dm_tmp.cmplconccm_ref_dict7gs FROM dsplohuta;"
adb_replicat_prod;adb_replicat_prod;etl;repl__core__strict_blank_paper;SELECT;ADB Write Etl;"REVOKE SELECT ON etl.repl__core__strict_blank_paper FROM adb_replicat_prod;"
dsplohuta;Плохута Дмитрий Сергеевич (Dmitriy Plokhuta);dm_tmp;cmplconccm_lcon_ro;INSERT;ADB Owner Dm Tmp;"REVOKE INSERT ON dm_tmp.cmplconccm_lcon_ro FROM dsplohuta;"
dsplohuta;Плохута Дмитрий Сергеевич (Dmitriy Plokhuta);dm_tmp;cmplconccm_lcon_ro;SELECT;ADB Owner Dm Tmp;"REVOKE SELECT ON dm_tmp.cmplconccm_lcon_ro FROM dsplohuta;"
dsplohuta;Плохута Дмитрий Сергеевич (Dmitriy Plokhuta);dm_tmp;cmplconccm_lcon_ro;UPDATE;ADB Owner Dm Tmp;"REVOKE UPDATE ON dm_tmp.cmplconccm_lcon_ro FROM dsplohuta;"
dsplohuta;Плохута Дмитрий Сергеевич (Dmitriy Plokhuta);dm_tmp;cmplconccm_lcon_ro;DELETE;ADB Owner Dm Tmp;"REVOKE DELETE ON dm_tmp.cmplconccm_lcon_ro FROM dsplohuta;"
dsplohuta;Плохута Дмитрий Сергеевич (Dmitriy Plokhuta);dm_tmp;cmplconccm_lcon_ro;TRUNCATE;ADB Owner Dm Tmp;"REVOKE TRUNCATE ON dm_tmp.cmplconccm_lcon_ro FROM dsplohuta;"
dsplohuta;Плохута Дмитрий Сергеевич (Dmitriy Plokhuta);dm_tmp;cmplconccm_lcon_ro;REFERENCES;ADB Owner Dm Tmp;"REVOKE REFERENCES ON dm_tmp.cmplconccm_lcon_ro FROM dsplohuta;"
dsplohuta;Плохута Дмитрий Сергеевич (Dmitriy Plokhuta);dm_tmp;cmplconccm_lcon_ro;TRIGGER;ADB Owner Dm Tmp;"REVOKE TRIGGER ON dm_tmp.cmplconccm_lcon_ro FROM dsplohuta;"
adb_replicat_prod;adb_replicat_prod;etl;repl__core__contract_risk_factor;SELECT;ADB Write Etl;"REVOKE SELECT ON etl.repl__core__contract_risk_factor FROM adb_replicat_prod;"
adb_replicat_prod;adb_replicat_prod;etl;repl__core__agent_report_matching;SELECT;ADB Write Etl;"REVOKE SELECT ON etl.repl__core__agent_report_matching FROM adb_replicat_prod;"
dsplohuta;Плохута Дмитрий Сергеевич (Dmitriy Plokhuta);dm_tmp;cmplconccm_lcon_chain;INSERT;ADB Owner Dm Tmp;"REVOKE INSERT ON dm_tmp.cmplconccm_lcon_chain FROM dsplohuta;"
dsplohuta;Плохута Дмитрий Сергеевич (Dmitriy Plokhuta);dm_tmp;cmplconccm_lcon_chain;SELECT;ADB Owner Dm Tmp;"REVOKE SELECT ON dm_tmp.cmplconccm_lcon_chain FROM dsplohuta;"
dsplohuta;Плохута Дмитрий Сергеевич (Dmitriy Plokhuta);dm_tmp;cmplconccm_lcon_chain;UPDATE;ADB Owner Dm Tmp;"REVOKE UPDATE ON dm_tmp.cmplconccm_lcon_chain FROM dsplohuta;"
dsplohuta;Плохута Дмитрий Сергеевич (Dmitriy Plokhuta);dm_tmp;cmplconccm_lcon_chain;DELETE;ADB Owner Dm Tmp;"REVOKE DELETE ON dm_tmp.cmplconccm_lcon_chain FROM dsplohuta;"
dsplohuta;Плохута Дмитрий Сергеевич (Dmitriy Plokhuta);dm_tmp;cmplconccm_lcon_chain;TRUNCATE;ADB Owner Dm Tmp;"REVOKE TRUNCATE ON dm_tmp.cmplconccm_lcon_chain FROM dsplohuta;"
dsplohuta;Плохута Дмитрий Сергеевич (Dmitriy Plokhuta);dm_tmp;cmplconccm_lcon_chain;REFERENCES;ADB Owner Dm Tmp;"REVOKE REFERENCES ON dm_tmp.cmplconccm_lcon_chain FROM dsplohuta;"
dsplohuta;Плохута Дмитрий Сергеевич (Dmitriy Plokhuta);dm_tmp;cmplconccm_lcon_chain;TRIGGER;ADB Owner Dm Tmp;"REVOKE TRIGGER ON dm_tmp.cmplconccm_lcon_chain FROM dsplohuta;"
adb_replicat_prod;adb_replicat_prod;etl;repl__core__non_insurance_reserve;SELECT;ADB Write Etl;"REVOKE SELECT ON etl.repl__core__non_insurance_reserve FROM adb_replicat_prod;"
adb_replicat_prod;adb_replicat_prod;etl;repl__core__object_risk_elementary_risk;SELECT;ADB Write Etl;"REVOKE SELECT ON etl.repl__core__object_risk_elementary_risk FROM adb_replicat_prod;"
adb_replicat_prod;adb_replicat_prod;etl;repl__core__contract_object_reservation;SELECT;ADB Write Etl;"REVOKE SELECT ON etl.repl__core__contract_object_reservation FROM adb_replicat_prod;"
adb_replicat_prod;adb_replicat_prod;etl;repl__core__regress;SELECT;ADB Write Etl;"REVOKE SELECT ON etl.repl__core__regress FROM adb_replicat_prod;"
adb_replicat_prod;adb_replicat_prod;etl;repl__core__counterparty;SELECT;ADB Write Etl;"REVOKE SELECT ON etl.repl__core__counterparty FROM adb_replicat_prod;"
adb_replicat_prod;adb_replicat_prod;etl;repl__core__cancel_storno;SELECT;ADB Write Etl;"REVOKE SELECT ON etl.repl__core__cancel_storno FROM adb_replicat_prod;"
adb_replicat_prod;adb_replicat_prod;etl;repl__core__strict_blank_abort;SELECT;ADB Write Etl;"REVOKE SELECT ON etl.repl__core__strict_blank_abort FROM adb_replicat_prod;"
adb_replicat_prod;adb_replicat_prod;etl;repl__core__agreement;SELECT;ADB Write Etl;"REVOKE SELECT ON etl.repl__core__agreement FROM adb_replicat_prod;"
adb_replicat_prod;adb_replicat_prod;etl;repl__core__counterparty_operator;SELECT;ADB Write Etl;"REVOKE SELECT ON etl.repl__core__counterparty_operator FROM adb_replicat_prod;"
adb_replicat_prod;adb_replicat_prod;etl;repl__core__counterparty_role;SELECT;ADB Write Etl;"REVOKE SELECT ON etl.repl__core__counterparty_role FROM adb_replicat_prod;"
adb_replicat_prod;adb_replicat_prod;etl;repl__core__commission_risk_sap_progn;SELECT;ADB Write Etl;"REVOKE SELECT ON etl.repl__core__commission_risk_sap_progn FROM adb_replicat_prod;"
adb_service_prod;adb_service_prod;reverse_pxf;ref_dict7gs;INSERT;ADB Owner Reverse Pxf;"REVOKE INSERT ON reverse_pxf.ref_dict7gs FROM adb_service_prod;"
adb_service_prod;adb_service_prod;reverse_pxf;ref_dict7gs;SELECT;ADB Owner Reverse Pxf;"REVOKE SELECT ON reverse_pxf.ref_dict7gs FROM adb_service_prod;"
adb_service_prod;adb_service_prod;reverse_pxf;ref_dict7gs;UPDATE;ADB Owner Reverse Pxf;"REVOKE UPDATE ON reverse_pxf.ref_dict7gs FROM adb_service_prod;"
adb_service_prod;adb_service_prod;reverse_pxf;ref_dict7gs;DELETE;ADB Owner Reverse Pxf;"REVOKE DELETE ON reverse_pxf.ref_dict7gs FROM adb_service_prod;"
adb_service_prod;adb_service_prod;reverse_pxf;ref_dict7gs;TRUNCATE;ADB Owner Reverse Pxf;"REVOKE TRUNCATE ON reverse_pxf.ref_dict7gs FROM adb_service_prod;"
adb_service_prod;adb_service_prod;reverse_pxf;ref_dict7gs;REFERENCES;ADB Owner Reverse Pxf;"REVOKE REFERENCES ON reverse_pxf.ref_dict7gs FROM adb_service_prod;"
adb_service_prod;adb_service_prod;reverse_pxf;ref_dict7gs;TRIGGER;ADB Owner Reverse Pxf;"REVOKE TRIGGER ON reverse_pxf.ref_dict7gs FROM adb_service_prod;"
adb_service_prod;adb_service_prod;reverse_pxf;ref_dcaccountingrisk;INSERT;ADB Owner Reverse Pxf;"REVOKE INSERT ON reverse_pxf.ref_dcaccountingrisk FROM adb_service_prod;"
adb_service_prod;adb_service_prod;reverse_pxf;ref_dcaccountingrisk;SELECT;ADB Owner Reverse Pxf;"REVOKE SELECT ON reverse_pxf.ref_dcaccountingrisk FROM adb_service_prod;"
adb_service_prod;adb_service_prod;reverse_pxf;ref_dcaccountingrisk;UPDATE;ADB Owner Reverse Pxf;"REVOKE UPDATE ON reverse_pxf.ref_dcaccountingrisk FROM adb_service_prod;"
adb_service_prod;adb_service_prod;reverse_pxf;ref_dcaccountingrisk;DELETE;ADB Owner Reverse Pxf;"REVOKE DELETE ON reverse_pxf.ref_dcaccountingrisk FROM adb_service_prod;"
adb_service_prod;adb_service_prod;reverse_pxf;ref_dcaccountingrisk;TRUNCATE;ADB Owner Reverse Pxf;"REVOKE TRUNCATE ON reverse_pxf.ref_dcaccountingrisk FROM adb_service_prod;"
adb_service_prod;adb_service_prod;reverse_pxf;ref_dcaccountingrisk;REFERENCES;ADB Owner Reverse Pxf;"REVOKE REFERENCES ON reverse_pxf.ref_dcaccountingrisk FROM adb_service_prod;"
adb_service_prod;adb_service_prod;reverse_pxf;ref_dcaccountingrisk;TRIGGER;ADB Owner Reverse Pxf;"REVOKE TRIGGER ON reverse_pxf.ref_dcaccountingrisk FROM adb_service_prod;"
adb_replicat_prod;adb_replicat_prod;etl;repl__core__contract_counterparty;SELECT;ADB Write Etl;"REVOKE SELECT ON etl.repl__core__contract_counterparty FROM adb_replicat_prod;"
adb_replicat_prod;adb_replicat_prod;etl;repl__core__bank_account;SELECT;ADB Write Etl;"REVOKE SELECT ON etl.repl__core__bank_account FROM adb_replicat_prod;"
adb_replicat_prod;adb_replicat_prod;etl;repl__core__reinsurance_transaction;SELECT;ADB Write Etl;"REVOKE SELECT ON etl.repl__core__reinsurance_transaction FROM adb_replicat_prod;"
adb_replicat_prod;adb_replicat_prod;etl;repl__core__contract_object;SELECT;ADB Write Etl;"REVOKE SELECT ON etl.repl__core__contract_object FROM adb_replicat_prod;"
dsplohuta;Плохута Дмитрий Сергеевич (Dmitriy Plokhuta);dm_tmp;cmplconccm_lcon_veh;INSERT;ADB Owner Dm Tmp;"REVOKE INSERT ON dm_tmp.cmplconccm_lcon_veh FROM dsplohuta;"
dsplohuta;Плохута Дмитрий Сергеевич (Dmitriy Plokhuta);dm_tmp;cmplconccm_lcon_veh;SELECT;ADB Owner Dm Tmp;"REVOKE SELECT ON dm_tmp.cmplconccm_lcon_veh FROM dsplohuta;"
dsplohuta;Плохута Дмитрий Сергеевич (Dmitriy Plokhuta);dm_tmp;cmplconccm_lcon_veh;UPDATE;ADB Owner Dm Tmp;"REVOKE UPDATE ON dm_tmp.cmplconccm_lcon_veh FROM dsplohuta;"
dsplohuta;Плохута Дмитрий Сергеевич (Dmitriy Plokhuta);dm_tmp;cmplconccm_lcon_veh;DELETE;ADB Owner Dm Tmp;"REVOKE DELETE ON dm_tmp.cmplconccm_lcon_veh FROM dsplohuta;"
dsplohuta;Плохута Дмитрий Сергеевич (Dmitriy Plokhuta);dm_tmp;cmplconccm_lcon_veh;TRUNCATE;ADB Owner Dm Tmp;"REVOKE TRUNCATE ON dm_tmp.cmplconccm_lcon_veh FROM dsplohuta;"
dsplohuta;Плохута Дмитрий Сергеевич (Dmitriy Plokhuta);dm_tmp;cmplconccm_lcon_veh;REFERENCES;ADB Owner Dm Tmp;"REVOKE REFERENCES ON dm_tmp.cmplconccm_lcon_veh FROM dsplohuta;"
dsplohuta;Плохута Дмитрий Сергеевич (Dmitriy Plokhuta);dm_tmp;cmplconccm_lcon_veh;TRIGGER;ADB Owner Dm Tmp;"REVOKE TRIGGER ON dm_tmp.cmplconccm_lcon_veh FROM dsplohuta;"
adb_replicat_prod;adb_replicat_prod;etl;repl__core__agent_invoice;SELECT;ADB Write Etl;"REVOKE SELECT ON etl.repl__core__agent_invoice FROM adb_replicat_prod;"
adb_replicat_prod;adb_replicat_prod;etl;repl__core__claim_subrogation_approvedsum;SELECT;ADB Write Etl;"REVOKE SELECT ON etl.repl__core__claim_subrogation_approvedsum FROM adb_replicat_prod;"
adb_replicat_prod;adb_replicat_prod;etl;repl__core__contract;SELECT;ADB Write Etl;"REVOKE SELECT ON etl.repl__core__contract FROM adb_replicat_prod;"
adb_replicat_prod;adb_replicat_prod;etl;repl__core__bordereau;SELECT;ADB Write Etl;"REVOKE SELECT ON etl.repl__core__bordereau FROM adb_replicat_prod;"
adb_replicat_prod;adb_replicat_prod;etl;repl__core__employee_link;SELECT;ADB Write Etl;"REVOKE SELECT ON etl.repl__core__employee_link FROM adb_replicat_prod;"
adb_replicat_prod;adb_replicat_prod;etl;repl__core__commission_risk_sap_approv;SELECT;ADB Write Etl;"REVOKE SELECT ON etl.repl__core__commission_risk_sap_approv FROM adb_replicat_prod;"
adb_replicat_prod;adb_replicat_prod;etl;repl__core__absence;SELECT;ADB Write Etl;"REVOKE SELECT ON etl.repl__core__absence FROM adb_replicat_prod;"
adb_replicat_prod;adb_replicat_prod;etl;repl__core__contract_link;SELECT;ADB Write Etl;"REVOKE SELECT ON etl.repl__core__contract_link FROM adb_replicat_prod;"
adb_replicat_prod;adb_replicat_prod;etl;repl__core__subscription;SELECT;ADB Write Etl;"REVOKE SELECT ON etl.repl__core__subscription FROM adb_replicat_prod;"
dsplohuta;Плохута Дмитрий Сергеевич (Dmitriy Plokhuta);dm_tmp;cmplconccm_lcon_clmpay;INSERT;ADB Owner Dm Tmp;"REVOKE INSERT ON dm_tmp.cmplconccm_lcon_clmpay FROM dsplohuta;"
dsplohuta;Плохута Дмитрий Сергеевич (Dmitriy Plokhuta);dm_tmp;cmplconccm_lcon_clmpay;SELECT;ADB Owner Dm Tmp;"REVOKE SELECT ON dm_tmp.cmplconccm_lcon_clmpay FROM dsplohuta;"
dsplohuta;Плохута Дмитрий Сергеевич (Dmitriy Plokhuta);dm_tmp;cmplconccm_lcon_clmpay;UPDATE;ADB Owner Dm Tmp;"REVOKE UPDATE ON dm_tmp.cmplconccm_lcon_clmpay FROM dsplohuta;"
dsplohuta;Плохута Дмитрий Сергеевич (Dmitriy Plokhuta);dm_tmp;cmplconccm_lcon_clmpay;DELETE;ADB Owner Dm Tmp;"REVOKE DELETE ON dm_tmp.cmplconccm_lcon_clmpay FROM dsplohuta;"
dsplohuta;Плохута Дмитрий Сергеевич (Dmitriy Plokhuta);dm_tmp;cmplconccm_lcon_clmpay;TRUNCATE;ADB Owner Dm Tmp;"REVOKE TRUNCATE ON dm_tmp.cmplconccm_lcon_clmpay FROM dsplohuta;"
dsplohuta;Плохута Дмитрий Сергеевич (Dmitriy Plokhuta);dm_tmp;cmplconccm_lcon_clmpay;REFERENCES;ADB Owner Dm Tmp;"REVOKE REFERENCES ON dm_tmp.cmplconccm_lcon_clmpay FROM dsplohuta;"
dsplohuta;Плохута Дмитрий Сергеевич (Dmitriy Plokhuta);dm_tmp;cmplconccm_lcon_clmpay;TRIGGER;ADB Owner Dm Tmp;"REVOKE TRIGGER ON dm_tmp.cmplconccm_lcon_clmpay FROM dsplohuta;"
adb_replicat_prod;adb_replicat_prod;etl;repl__core__reinsurance_counterparty;SELECT;ADB Write Etl;"REVOKE SELECT ON etl.repl__core__reinsurance_counterparty FROM adb_replicat_prod;"
adb_replicat_prod;adb_replicat_prod;etl;repl__core__contract_add;SELECT;ADB Write Etl;"REVOKE SELECT ON etl.repl__core__contract_add FROM adb_replicat_prod;"
dsplohuta;Плохута Дмитрий Сергеевич (Dmitriy Plokhuta);dm_tmp;cmplconccm_lcon_psh;INSERT;ADB Owner Dm Tmp;"REVOKE INSERT ON dm_tmp.cmplconccm_lcon_psh FROM dsplohuta;"
dsplohuta;Плохута Дмитрий Сергеевич (Dmitriy Plokhuta);dm_tmp;cmplconccm_lcon_psh;SELECT;ADB Owner Dm Tmp;"REVOKE SELECT ON dm_tmp.cmplconccm_lcon_psh FROM dsplohuta;"
dsplohuta;Плохута Дмитрий Сергеевич (Dmitriy Plokhuta);dm_tmp;cmplconccm_lcon_psh;UPDATE;ADB Owner Dm Tmp;"REVOKE UPDATE ON dm_tmp.cmplconccm_lcon_psh FROM dsplohuta;"
dsplohuta;Плохута Дмитрий Сергеевич (Dmitriy Plokhuta);dm_tmp;cmplconccm_lcon_psh;DELETE;ADB Owner Dm Tmp;"REVOKE DELETE ON dm_tmp.cmplconccm_lcon_psh FROM dsplohuta;"
dsplohuta;Плохута Дмитрий Сергеевич (Dmitriy Plokhuta);dm_tmp;cmplconccm_lcon_psh;TRUNCATE;ADB Owner Dm Tmp;"REVOKE TRUNCATE ON dm_tmp.cmplconccm_lcon_psh FROM dsplohuta;"
dsplohuta;Плохута Дмитрий Сергеевич (Dmitriy Plokhuta);dm_tmp;cmplconccm_lcon_psh;REFERENCES;ADB Owner Dm Tmp;"REVOKE REFERENCES ON dm_tmp.cmplconccm_lcon_psh FROM dsplohuta;"
dsplohuta;Плохута Дмитрий Сергеевич (Dmitriy Plokhuta);dm_tmp;cmplconccm_lcon_psh;TRIGGER;ADB Owner Dm Tmp;"REVOKE TRIGGER ON dm_tmp.cmplconccm_lcon_psh FROM dsplohuta;"
adb_replicat_prod;adb_replicat_prod;etl;repl__core__transaction6;SELECT;ADB Write Etl;"REVOKE SELECT ON etl.repl__core__transaction6 FROM adb_replicat_prod;"
adb_replicat_prod;adb_replicat_prod;etl;repl__core__claim_check;SELECT;ADB Write Etl;"REVOKE SELECT ON etl.repl__core__claim_check FROM adb_replicat_prod;"
adb_replicat_prod;adb_replicat_prod;etl;repl__core__contract_project;SELECT;ADB Write Etl;"REVOKE SELECT ON etl.repl__core__contract_project FROM adb_replicat_prod;"
adb_replicat_prod;adb_replicat_prod;etl;repl__core__claim_transaction;SELECT;ADB Write Etl;"REVOKE SELECT ON etl.repl__core__claim_transaction FROM adb_replicat_prod;"
adb_replicat_prod;adb_replicat_prod;etl;repl__core__alarmguard_insured_vehicle;SELECT;ADB Write Etl;"REVOKE SELECT ON etl.repl__core__alarmguard_insured_vehicle FROM adb_replicat_prod;"
dsplohuta;Плохута Дмитрий Сергеевич (Dmitriy Plokhuta);dm_tmp;cmplconccm_lcon_pay;INSERT;ADB Owner Dm Tmp;"REVOKE INSERT ON dm_tmp.cmplconccm_lcon_pay FROM dsplohuta;"
dsplohuta;Плохута Дмитрий Сергеевич (Dmitriy Plokhuta);dm_tmp;cmplconccm_lcon_pay;SELECT;ADB Owner Dm Tmp;"REVOKE SELECT ON dm_tmp.cmplconccm_lcon_pay FROM dsplohuta;"
dsplohuta;Плохута Дмитрий Сергеевич (Dmitriy Plokhuta);dm_tmp;cmplconccm_lcon_pay;UPDATE;ADB Owner Dm Tmp;"REVOKE UPDATE ON dm_tmp.cmplconccm_lcon_pay FROM dsplohuta;"
dsplohuta;Плохута Дмитрий Сергеевич (Dmitriy Plokhuta);dm_tmp;cmplconccm_lcon_pay;DELETE;ADB Owner Dm Tmp;"REVOKE DELETE ON dm_tmp.cmplconccm_lcon_pay FROM dsplohuta;"
dsplohuta;Плохута Дмитрий Сергеевич (Dmitriy Plokhuta);dm_tmp;cmplconccm_lcon_pay;TRUNCATE;ADB Owner Dm Tmp;"REVOKE TRUNCATE ON dm_tmp.cmplconccm_lcon_pay FROM dsplohuta;"
dsplohuta;Плохута Дмитрий Сергеевич (Dmitriy Plokhuta);dm_tmp;cmplconccm_lcon_pay;REFERENCES;ADB Owner Dm Tmp;"REVOKE REFERENCES ON dm_tmp.cmplconccm_lcon_pay FROM dsplohuta;"
dsplohuta;Плохута Дмитрий Сергеевич (Dmitriy Plokhuta);dm_tmp;cmplconccm_lcon_pay;TRIGGER;ADB Owner Dm Tmp;"REVOKE TRIGGER ON dm_tmp.cmplconccm_lcon_pay FROM dsplohuta;"
adb_replicat_prod;adb_replicat_prod;etl;repl__core__avto_usage;SELECT;ADB Write Etl;"REVOKE SELECT ON etl.repl__core__avto_usage FROM adb_replicat_prod;"
