rolname;Name;table_schema;table_name;privilege_type;duplicate_ad_group;revoke_sql
adb_service_dev;adb_service_dev;etl;repl__core__claim_courtorder;INSERT;ADBT Owner Etl;"REVOKE INSERT ON etl.repl__core__claim_courtorder FROM adb_service_dev;"
adb_service_dev;adb_service_dev;etl;repl__core__claim_courtorder;SELECT;ADBT Owner Etl;"REVOKE SELECT ON etl.repl__core__claim_courtorder FROM adb_service_dev;"
adb_service_dev;adb_service_dev;etl;repl__core__claim_courtorder;UPDATE;ADBT Owner Etl;"REVOKE UPDATE ON etl.repl__core__claim_courtorder FROM adb_service_dev;"
adb_service_dev;adb_service_dev;etl;repl__core__claim_courtorder;DELETE;ADBT Owner Etl;"REVOKE DELETE ON etl.repl__core__claim_courtorder FROM adb_service_dev;"
adb_service_dev;adb_service_dev;etl;repl__core__claim_courtorder;TRUNCATE;ADBT Owner Etl;"REVOKE TRUNCATE ON etl.repl__core__claim_courtorder FROM adb_service_dev;"
adb_service_dev;adb_service_dev;etl;repl__core__claim_courtorder;REFERENCES;ADBT Owner Etl;"REVOKE REFERENCES ON etl.repl__core__claim_courtorder FROM adb_service_dev;"
adb_service_dev;adb_service_dev;etl;repl__core__claim_courtorder;TRIGGER;ADBT Owner Etl;"REVOKE TRIGGER ON etl.repl__core__claim_courtorder FROM adb_service_dev;"
adb_replicat_dev;adb_replicat_dev;etl;repl__core__claim_courtorder;SELECT;ADBT Write Etl;"REVOKE SELECT ON etl.repl__core__claim_courtorder FROM adb_replicat_dev;"
adb_service_dev;adb_service_dev;etl;repl__core__agent_invoice_link;INSERT;ADBT Owner Etl;"REVOKE INSERT ON etl.repl__core__agent_invoice_link FROM adb_service_dev;"
adb_service_dev;adb_service_dev;etl;repl__core__agent_invoice_link;SELECT;ADBT Owner Etl;"REVOKE SELECT ON etl.repl__core__agent_invoice_link FROM adb_service_dev;"
adb_service_dev;adb_service_dev;etl;repl__core__agent_invoice_link;UPDATE;ADBT Owner Etl;"REVOKE UPDATE ON etl.repl__core__agent_invoice_link FROM adb_service_dev;"
adb_service_dev;adb_service_dev;etl;repl__core__agent_invoice_link;DELETE;ADBT Owner Etl;"REVOKE DELETE ON etl.repl__core__agent_invoice_link FROM adb_service_dev;"
adb_service_dev;adb_service_dev;etl;repl__core__agent_invoice_link;TRUNCATE;ADBT Owner Etl;"REVOKE TRUNCATE ON etl.repl__core__agent_invoice_link FROM adb_service_dev;"
adb_service_dev;adb_service_dev;etl;repl__core__agent_invoice_link;REFERENCES;ADBT Owner Etl;"REVOKE REFERENCES ON etl.repl__core__agent_invoice_link FROM adb_service_dev;"
adb_service_dev;adb_service_dev;etl;repl__core__agent_invoice_link;TRIGGER;ADBT Owner Etl;"REVOKE TRIGGER ON etl.repl__core__agent_invoice_link FROM adb_service_dev;"
adb_replicat_dev;adb_replicat_dev;etl;repl__core__agent_invoice_link;SELECT;ADBT Write Etl;"REVOKE SELECT ON etl.repl__core__agent_invoice_link FROM adb_replicat_dev;"
adb_service_dev;adb_service_dev;etl;repl__core__contract_link;INSERT;ADBT Owner Etl;"REVOKE INSERT ON etl.repl__core__contract_link FROM adb_service_dev;"
adb_service_dev;adb_service_dev;etl;repl__core__contract_link;SELECT;ADBT Owner Etl;"REVOKE SELECT ON etl.repl__core__contract_link FROM adb_service_dev;"
adb_service_dev;adb_service_dev;etl;repl__core__contract_link;UPDATE;ADBT Owner Etl;"REVOKE UPDATE ON etl.repl__core__contract_link FROM adb_service_dev;"
adb_service_dev;adb_service_dev;etl;repl__core__contract_link;DELETE;ADBT Owner Etl;"REVOKE DELETE ON etl.repl__core__contract_link FROM adb_service_dev;"
adb_service_dev;adb_service_dev;etl;repl__core__contract_link;TRUNCATE;ADBT Owner Etl;"REVOKE TRUNCATE ON etl.repl__core__contract_link FROM adb_service_dev;"
adb_service_dev;adb_service_dev;etl;repl__core__contract_link;REFERENCES;ADBT Owner Etl;"REVOKE REFERENCES ON etl.repl__core__contract_link FROM adb_service_dev;"
adb_service_dev;adb_service_dev;etl;repl__core__contract_link;TRIGGER;ADBT Owner Etl;"REVOKE TRIGGER ON etl.repl__core__contract_link FROM adb_service_dev;"
adb_replicat_dev;adb_replicat_dev;etl;repl__core__contract_link;SELECT;ADBT Write Etl;"REVOKE SELECT ON etl.repl__core__contract_link FROM adb_replicat_dev;"
adb_service_dev;adb_service_dev;etl;repl__core__bordereau;INSERT;ADBT Owner Etl;"REVOKE INSERT ON etl.repl__core__bordereau FROM adb_service_dev;"
adb_service_dev;adb_service_dev;etl;repl__core__bordereau;SELECT;ADBT Owner Etl;"REVOKE SELECT ON etl.repl__core__bordereau FROM adb_service_dev;"
adb_service_dev;adb_service_dev;etl;repl__core__bordereau;UPDATE;ADBT Owner Etl;"REVOKE UPDATE ON etl.repl__core__bordereau FROM adb_service_dev;"
adb_service_dev;adb_service_dev;etl;repl__core__bordereau;DELETE;ADBT Owner Etl;"REVOKE DELETE ON etl.repl__core__bordereau FROM adb_service_dev;"
adb_service_dev;adb_service_dev;etl;repl__core__bordereau;TRUNCATE;ADBT Owner Etl;"REVOKE TRUNCATE ON etl.repl__core__bordereau FROM adb_service_dev;"
adb_service_dev;adb_service_dev;etl;repl__core__bordereau;REFERENCES;ADBT Owner Etl;"REVOKE REFERENCES ON etl.repl__core__bordereau FROM adb_service_dev;"
adb_service_dev;adb_service_dev;etl;repl__core__bordereau;TRIGGER;ADBT Owner Etl;"REVOKE TRIGGER ON etl.repl__core__bordereau FROM adb_service_dev;"
adb_replicat_dev;adb_replicat_dev;etl;repl__core__bordereau;SELECT;ADBT Write Etl;"REVOKE SELECT ON etl.repl__core__bordereau FROM adb_replicat_dev;"
adb_service_dev;adb_service_dev;etl;repl__core__claim_exposure;INSERT;ADBT Owner Etl;"REVOKE INSERT ON etl.repl__core__claim_exposure FROM adb_service_dev;"
adb_service_dev;adb_service_dev;etl;repl__core__claim_exposure;SELECT;ADBT Owner Etl;"REVOKE SELECT ON etl.repl__core__claim_exposure FROM adb_service_dev;"
adb_service_dev;adb_service_dev;etl;repl__core__claim_exposure;UPDATE;ADBT Owner Etl;"REVOKE UPDATE ON etl.repl__core__claim_exposure FROM adb_service_dev;"
adb_service_dev;adb_service_dev;etl;repl__core__claim_exposure;DELETE;ADBT Owner Etl;"REVOKE DELETE ON etl.repl__core__claim_exposure FROM adb_service_dev;"
adb_service_dev;adb_service_dev;etl;repl__core__claim_exposure;TRUNCATE;ADBT Owner Etl;"REVOKE TRUNCATE ON etl.repl__core__claim_exposure FROM adb_service_dev;"
adb_service_dev;adb_service_dev;etl;repl__core__claim_exposure;REFERENCES;ADBT Owner Etl;"REVOKE REFERENCES ON etl.repl__core__claim_exposure FROM adb_service_dev;"
adb_service_dev;adb_service_dev;etl;repl__core__claim_exposure;TRIGGER;ADBT Owner Etl;"REVOKE TRIGGER ON etl.repl__core__claim_exposure FROM adb_service_dev;"
adb_replicat_dev;adb_replicat_dev;etl;repl__core__claim_exposure;SELECT;ADBT Write Etl;"REVOKE SELECT ON etl.repl__core__claim_exposure FROM adb_replicat_dev;"
adb_service_dev;adb_service_dev;etl;repl__core__reinsurance_paid_return;INSERT;ADBT Owner Etl;"REVOKE INSERT ON etl.repl__core__reinsurance_paid_return FROM adb_service_dev;"
adb_service_dev;adb_service_dev;etl;repl__core__reinsurance_paid_return;SELECT;ADBT Owner Etl;"REVOKE SELECT ON etl.repl__core__reinsurance_paid_return FROM adb_service_dev;"
adb_service_dev;adb_service_dev;etl;repl__core__reinsurance_paid_return;UPDATE;ADBT Owner Etl;"REVOKE UPDATE ON etl.repl__core__reinsurance_paid_return FROM adb_service_dev;"
adb_service_dev;adb_service_dev;etl;repl__core__reinsurance_paid_return;DELETE;ADBT Owner Etl;"REVOKE DELETE ON etl.repl__core__reinsurance_paid_return FROM adb_service_dev;"
adb_service_dev;adb_service_dev;etl;repl__core__reinsurance_paid_return;TRUNCATE;ADBT Owner Etl;"REVOKE TRUNCATE ON etl.repl__core__reinsurance_paid_return FROM adb_service_dev;"
adb_service_dev;adb_service_dev;etl;repl__core__reinsurance_paid_return;REFERENCES;ADBT Owner Etl;"REVOKE REFERENCES ON etl.repl__core__reinsurance_paid_return FROM adb_service_dev;"
adb_service_dev;adb_service_dev;etl;repl__core__reinsurance_paid_return;TRIGGER;ADBT Owner Etl;"REVOKE TRIGGER ON etl.repl__core__reinsurance_paid_return FROM adb_service_dev;"
adb_replicat_dev;adb_replicat_dev;etl;repl__core__reinsurance_paid_return;SELECT;ADBT Write Etl;"REVOKE SELECT ON etl.repl__core__reinsurance_paid_return FROM adb_replicat_dev;"
adb_service_dev;adb_service_dev;etl;repl__core__employee_department;INSERT;ADBT Owner Etl;"REVOKE INSERT ON etl.repl__core__employee_department FROM adb_service_dev;"
adb_service_dev;adb_service_dev;etl;repl__core__employee_department;SELECT;ADBT Owner Etl;"REVOKE SELECT ON etl.repl__core__employee_department FROM adb_service_dev;"
adb_service_dev;adb_service_dev;etl;repl__core__employee_department;UPDATE;ADBT Owner Etl;"REVOKE UPDATE ON etl.repl__core__employee_department FROM adb_service_dev;"
adb_service_dev;adb_service_dev;etl;repl__core__employee_department;DELETE;ADBT Owner Etl;"REVOKE DELETE ON etl.repl__core__employee_department FROM adb_service_dev;"
adb_service_dev;adb_service_dev;etl;repl__core__employee_department;TRUNCATE;ADBT Owner Etl;"REVOKE TRUNCATE ON etl.repl__core__employee_department FROM adb_service_dev;"
adb_service_dev;adb_service_dev;etl;repl__core__employee_department;REFERENCES;ADBT Owner Etl;"REVOKE REFERENCES ON etl.repl__core__employee_department FROM adb_service_dev;"
adb_service_dev;adb_service_dev;etl;repl__core__employee_department;TRIGGER;ADBT Owner Etl;"REVOKE TRIGGER ON etl.repl__core__employee_department FROM adb_service_dev;"
adb_replicat_dev;adb_replicat_dev;etl;repl__core__employee_department;SELECT;ADBT Write Etl;"REVOKE SELECT ON etl.repl__core__employee_department FROM adb_replicat_dev;"
adb_service_dev;adb_service_dev;etl;repl__core__contract_loan;INSERT;ADBT Owner Etl;"REVOKE INSERT ON etl.repl__core__contract_loan FROM adb_service_dev;"
adb_service_dev;adb_service_dev;etl;repl__core__contract_loan;SELECT;ADBT Owner Etl;"REVOKE SELECT ON etl.repl__core__contract_loan FROM adb_service_dev;"
adb_service_dev;adb_service_dev;etl;repl__core__contract_loan;UPDATE;ADBT Owner Etl;"REVOKE UPDATE ON etl.repl__core__contract_loan FROM adb_service_dev;"
adb_service_dev;adb_service_dev;etl;repl__core__contract_loan;DELETE;ADBT Owner Etl;"REVOKE DELETE ON etl.repl__core__contract_loan FROM adb_service_dev;"
adb_service_dev;adb_service_dev;etl;repl__core__contract_loan;TRUNCATE;ADBT Owner Etl;"REVOKE TRUNCATE ON etl.repl__core__contract_loan FROM adb_service_dev;"
adb_service_dev;adb_service_dev;etl;repl__core__contract_loan;REFERENCES;ADBT Owner Etl;"REVOKE REFERENCES ON etl.repl__core__contract_loan FROM adb_service_dev;"
adb_service_dev;adb_service_dev;etl;repl__core__contract_loan;TRIGGER;ADBT Owner Etl;"REVOKE TRIGGER ON etl.repl__core__contract_loan FROM adb_service_dev;"
adb_replicat_dev;adb_replicat_dev;etl;repl__core__contract_loan;SELECT;ADBT Write Etl;"REVOKE SELECT ON etl.repl__core__contract_loan FROM adb_replicat_dev;"
adb_service_dev;adb_service_dev;etl;repl__core__households;INSERT;ADBT Owner Etl;"REVOKE INSERT ON etl.repl__core__households FROM adb_service_dev;"
adb_service_dev;adb_service_dev;etl;repl__core__households;SELECT;ADBT Owner Etl;"REVOKE SELECT ON etl.repl__core__households FROM adb_service_dev;"
adb_service_dev;adb_service_dev;etl;repl__core__households;UPDATE;ADBT Owner Etl;"REVOKE UPDATE ON etl.repl__core__households FROM adb_service_dev;"
adb_service_dev;adb_service_dev;etl;repl__core__households;DELETE;ADBT Owner Etl;"REVOKE DELETE ON etl.repl__core__households FROM adb_service_dev;"
adb_service_dev;adb_service_dev;etl;repl__core__households;TRUNCATE;ADBT Owner Etl;"REVOKE TRUNCATE ON etl.repl__core__households FROM adb_service_dev;"
adb_service_dev;adb_service_dev;etl;repl__core__households;REFERENCES;ADBT Owner Etl;"REVOKE REFERENCES ON etl.repl__core__households FROM adb_service_dev;"
adb_service_dev;adb_service_dev;etl;repl__core__households;TRIGGER;ADBT Owner Etl;"REVOKE TRIGGER ON etl.repl__core__households FROM adb_service_dev;"
adb_replicat_dev;adb_replicat_dev;etl;repl__core__households;SELECT;ADBT Write Etl;"REVOKE SELECT ON etl.repl__core__households FROM adb_replicat_dev;"
adb_service_dev;adb_service_dev;etl;repl__core__contract_object;INSERT;ADBT Owner Etl;"REVOKE INSERT ON etl.repl__core__contract_object FROM adb_service_dev;"
adb_service_dev;adb_service_dev;etl;repl__core__contract_object;SELECT;ADBT Owner Etl;"REVOKE SELECT ON etl.repl__core__contract_object FROM adb_service_dev;"
adb_service_dev;adb_service_dev;etl;repl__core__contract_object;UPDATE;ADBT Owner Etl;"REVOKE UPDATE ON etl.repl__core__contract_object FROM adb_service_dev;"
adb_service_dev;adb_service_dev;etl;repl__core__contract_object;DELETE;ADBT Owner Etl;"REVOKE DELETE ON etl.repl__core__contract_object FROM adb_service_dev;"
adb_service_dev;adb_service_dev;etl;repl__core__contract_object;TRUNCATE;ADBT Owner Etl;"REVOKE TRUNCATE ON etl.repl__core__contract_object FROM adb_service_dev;"
adb_service_dev;adb_service_dev;etl;repl__core__contract_object;REFERENCES;ADBT Owner Etl;"REVOKE REFERENCES ON etl.repl__core__contract_object FROM adb_service_dev;"
adb_service_dev;adb_service_dev;etl;repl__core__contract_object;TRIGGER;ADBT Owner Etl;"REVOKE TRIGGER ON etl.repl__core__contract_object FROM adb_service_dev;"
adb_replicat_dev;adb_replicat_dev;etl;repl__core__contract_object;SELECT;ADBT Write Etl;"REVOKE SELECT ON etl.repl__core__contract_object FROM adb_replicat_dev;"
adb_service_dev;adb_service_dev;etl;repl__core__payment_schedule;INSERT;ADBT Owner Etl;"REVOKE INSERT ON etl.repl__core__payment_schedule FROM adb_service_dev;"
adb_service_dev;adb_service_dev;etl;repl__core__payment_schedule;SELECT;ADBT Owner Etl;"REVOKE SELECT ON etl.repl__core__payment_schedule FROM adb_service_dev;"
adb_service_dev;adb_service_dev;etl;repl__core__payment_schedule;UPDATE;ADBT Owner Etl;"REVOKE UPDATE ON etl.repl__core__payment_schedule FROM adb_service_dev;"
adb_service_dev;adb_service_dev;etl;repl__core__payment_schedule;DELETE;ADBT Owner Etl;"REVOKE DELETE ON etl.repl__core__payment_schedule FROM adb_service_dev;"
adb_service_dev;adb_service_dev;etl;repl__core__payment_schedule;TRUNCATE;ADBT Owner Etl;"REVOKE TRUNCATE ON etl.repl__core__payment_schedule FROM adb_service_dev;"
adb_service_dev;adb_service_dev;etl;repl__core__payment_schedule;REFERENCES;ADBT Owner Etl;"REVOKE REFERENCES ON etl.repl__core__payment_schedule FROM adb_service_dev;"
adb_service_dev;adb_service_dev;etl;repl__core__payment_schedule;TRIGGER;ADBT Owner Etl;"REVOKE TRIGGER ON etl.repl__core__payment_schedule FROM adb_service_dev;"
adb_replicat_dev;adb_replicat_dev;etl;repl__core__payment_schedule;SELECT;ADBT Write Etl;"REVOKE SELECT ON etl.repl__core__payment_schedule FROM adb_replicat_dev;"
adb_service_dev;adb_service_dev;etl;repl__core__relation;INSERT;ADBT Owner Etl;"REVOKE INSERT ON etl.repl__core__relation FROM adb_service_dev;"
adb_service_dev;adb_service_dev;etl;repl__core__relation;SELECT;ADBT Owner Etl;"REVOKE SELECT ON etl.repl__core__relation FROM adb_service_dev;"
adb_service_dev;adb_service_dev;etl;repl__core__relation;UPDATE;ADBT Owner Etl;"REVOKE UPDATE ON etl.repl__core__relation FROM adb_service_dev;"
adb_service_dev;adb_service_dev;etl;repl__core__relation;DELETE;ADBT Owner Etl;"REVOKE DELETE ON etl.repl__core__relation FROM adb_service_dev;"
adb_service_dev;adb_service_dev;etl;repl__core__relation;TRUNCATE;ADBT Owner Etl;"REVOKE TRUNCATE ON etl.repl__core__relation FROM adb_service_dev;"
adb_service_dev;adb_service_dev;etl;repl__core__relation;REFERENCES;ADBT Owner Etl;"REVOKE REFERENCES ON etl.repl__core__relation FROM adb_service_dev;"
adb_service_dev;adb_service_dev;etl;repl__core__relation;TRIGGER;ADBT Owner Etl;"REVOKE TRIGGER ON etl.repl__core__relation FROM adb_service_dev;"
adb_replicat_dev;adb_replicat_dev;etl;repl__core__relation;SELECT;ADBT Write Etl;"REVOKE SELECT ON etl.repl__core__relation FROM adb_replicat_dev;"
adb_service_dev;adb_service_dev;etl;repl__core__claim_incident;INSERT;ADBT Owner Etl;"REVOKE INSERT ON etl.repl__core__claim_incident FROM adb_service_dev;"
adb_service_dev;adb_service_dev;etl;repl__core__claim_incident;SELECT;ADBT Owner Etl;"REVOKE SELECT ON etl.repl__core__claim_incident FROM adb_service_dev;"
adb_service_dev;adb_service_dev;etl;repl__core__claim_incident;UPDATE;ADBT Owner Etl;"REVOKE UPDATE ON etl.repl__core__claim_incident FROM adb_service_dev;"
adb_service_dev;adb_service_dev;etl;repl__core__claim_incident;DELETE;ADBT Owner Etl;"REVOKE DELETE ON etl.repl__core__claim_incident FROM adb_service_dev;"
adb_service_dev;adb_service_dev;etl;repl__core__claim_incident;TRUNCATE;ADBT Owner Etl;"REVOKE TRUNCATE ON etl.repl__core__claim_incident FROM adb_service_dev;"
adb_service_dev;adb_service_dev;etl;repl__core__claim_incident;REFERENCES;ADBT Owner Etl;"REVOKE REFERENCES ON etl.repl__core__claim_incident FROM adb_service_dev;"
adb_service_dev;adb_service_dev;etl;repl__core__claim_incident;TRIGGER;ADBT Owner Etl;"REVOKE TRIGGER ON etl.repl__core__claim_incident FROM adb_service_dev;"
adb_replicat_dev;adb_replicat_dev;etl;repl__core__claim_incident;SELECT;ADBT Write Etl;"REVOKE SELECT ON etl.repl__core__claim_incident FROM adb_replicat_dev;"
adb_service_dev;adb_service_dev;etl;repl__core__claim_policy;INSERT;ADBT Owner Etl;"REVOKE INSERT ON etl.repl__core__claim_policy FROM adb_service_dev;"
adb_service_dev;adb_service_dev;etl;repl__core__claim_policy;SELECT;ADBT Owner Etl;"REVOKE SELECT ON etl.repl__core__claim_policy FROM adb_service_dev;"
adb_service_dev;adb_service_dev;etl;repl__core__claim_policy;UPDATE;ADBT Owner Etl;"REVOKE UPDATE ON etl.repl__core__claim_policy FROM adb_service_dev;"
adb_service_dev;adb_service_dev;etl;repl__core__claim_policy;DELETE;ADBT Owner Etl;"REVOKE DELETE ON etl.repl__core__claim_policy FROM adb_service_dev;"
adb_service_dev;adb_service_dev;etl;repl__core__claim_policy;TRUNCATE;ADBT Owner Etl;"REVOKE TRUNCATE ON etl.repl__core__claim_policy FROM adb_service_dev;"
adb_service_dev;adb_service_dev;etl;repl__core__claim_policy;REFERENCES;ADBT Owner Etl;"REVOKE REFERENCES ON etl.repl__core__claim_policy FROM adb_service_dev;"
adb_service_dev;adb_service_dev;etl;repl__core__claim_policy;TRIGGER;ADBT Owner Etl;"REVOKE TRIGGER ON etl.repl__core__claim_policy FROM adb_service_dev;"
adb_replicat_dev;adb_replicat_dev;etl;repl__core__claim_policy;SELECT;ADBT Write Etl;"REVOKE SELECT ON etl.repl__core__claim_policy FROM adb_replicat_dev;"
adb_service_dev;adb_service_dev;etl;repl__core__claim_coverage;INSERT;ADBT Owner Etl;"REVOKE INSERT ON etl.repl__core__claim_coverage FROM adb_service_dev;"
adb_service_dev;adb_service_dev;etl;repl__core__claim_coverage;SELECT;ADBT Owner Etl;"REVOKE SELECT ON etl.repl__core__claim_coverage FROM adb_service_dev;"
adb_service_dev;adb_service_dev;etl;repl__core__claim_coverage;UPDATE;ADBT Owner Etl;"REVOKE UPDATE ON etl.repl__core__claim_coverage FROM adb_service_dev;"
adb_service_dev;adb_service_dev;etl;repl__core__claim_coverage;DELETE;ADBT Owner Etl;"REVOKE DELETE ON etl.repl__core__claim_coverage FROM adb_service_dev;"
adb_service_dev;adb_service_dev;etl;repl__core__claim_coverage;TRUNCATE;ADBT Owner Etl;"REVOKE TRUNCATE ON etl.repl__core__claim_coverage FROM adb_service_dev;"
adb_service_dev;adb_service_dev;etl;repl__core__claim_coverage;REFERENCES;ADBT Owner Etl;"REVOKE REFERENCES ON etl.repl__core__claim_coverage FROM adb_service_dev;"
adb_service_dev;adb_service_dev;etl;repl__core__claim_coverage;TRIGGER;ADBT Owner Etl;"REVOKE TRIGGER ON etl.repl__core__claim_coverage FROM adb_service_dev;"
adb_replicat_dev;adb_replicat_dev;etl;repl__core__claim_coverage;SELECT;ADBT Write Etl;"REVOKE SELECT ON etl.repl__core__claim_coverage FROM adb_replicat_dev;"
adb_service_dev;adb_service_dev;etl;repl__core__consent;INSERT;ADBT Owner Etl;"REVOKE INSERT ON etl.repl__core__consent FROM adb_service_dev;"
adb_service_dev;adb_service_dev;etl;repl__core__consent;SELECT;ADBT Owner Etl;"REVOKE SELECT ON etl.repl__core__consent FROM adb_service_dev;"
adb_service_dev;adb_service_dev;etl;repl__core__consent;UPDATE;ADBT Owner Etl;"REVOKE UPDATE ON etl.repl__core__consent FROM adb_service_dev;"
adb_service_dev;adb_service_dev;etl;repl__core__consent;DELETE;ADBT Owner Etl;"REVOKE DELETE ON etl.repl__core__consent FROM adb_service_dev;"
adb_service_dev;adb_service_dev;etl;repl__core__consent;TRUNCATE;ADBT Owner Etl;"REVOKE TRUNCATE ON etl.repl__core__consent FROM adb_service_dev;"
adb_service_dev;adb_service_dev;etl;repl__core__consent;REFERENCES;ADBT Owner Etl;"REVOKE REFERENCES ON etl.repl__core__consent FROM adb_service_dev;"
adb_service_dev;adb_service_dev;etl;repl__core__consent;TRIGGER;ADBT Owner Etl;"REVOKE TRIGGER ON etl.repl__core__consent FROM adb_service_dev;"
adb_replicat_dev;adb_replicat_dev;etl;repl__core__consent;SELECT;ADBT Write Etl;"REVOKE SELECT ON etl.repl__core__consent FROM adb_replicat_dev;"
adb_service_dev;adb_service_dev;etl;repl__core__cdi_counterparty_united;INSERT;ADBT Owner Etl;"REVOKE INSERT ON etl.repl__core__cdi_counterparty_united FROM adb_service_dev;"
adb_service_dev;adb_service_dev;etl;repl__core__cdi_counterparty_united;SELECT;ADBT Owner Etl;"REVOKE SELECT ON etl.repl__core__cdi_counterparty_united FROM adb_service_dev;"
adb_service_dev;adb_service_dev;etl;repl__core__cdi_counterparty_united;UPDATE;ADBT Owner Etl;"REVOKE UPDATE ON etl.repl__core__cdi_counterparty_united FROM adb_service_dev;"
adb_service_dev;adb_service_dev;etl;repl__core__cdi_counterparty_united;DELETE;ADBT Owner Etl;"REVOKE DELETE ON etl.repl__core__cdi_counterparty_united FROM adb_service_dev;"
adb_service_dev;adb_service_dev;etl;repl__core__cdi_counterparty_united;TRUNCATE;ADBT Owner Etl;"REVOKE TRUNCATE ON etl.repl__core__cdi_counterparty_united FROM adb_service_dev;"
adb_service_dev;adb_service_dev;etl;repl__core__cdi_counterparty_united;REFERENCES;ADBT Owner Etl;"REVOKE REFERENCES ON etl.repl__core__cdi_counterparty_united FROM adb_service_dev;"
adb_service_dev;adb_service_dev;etl;repl__core__cdi_counterparty_united;TRIGGER;ADBT Owner Etl;"REVOKE TRIGGER ON etl.repl__core__cdi_counterparty_united FROM adb_service_dev;"
adb_replicat_dev;adb_replicat_dev;etl;repl__core__cdi_counterparty_united;SELECT;ADBT Write Etl;"REVOKE SELECT ON etl.repl__core__cdi_counterparty_united FROM adb_replicat_dev;"
adb_service_dev;adb_service_dev;check_dq;diff_repl_agent_invoice_2026_08_12__05_00_03_k_1_upsert;INSERT;ADBT Owner Check DQ;"REVOKE INSERT ON check_dq.diff_repl_agent_invoice_2026_08_12__05_00_03_k_1_upsert FROM adb_service_dev;"
adb_service_dev;adb_service_dev;check_dq;diff_repl_agent_invoice_2026_08_12__05_00_03_k_1_upsert;SELECT;ADBT Owner Check DQ;"REVOKE SELECT ON check_dq.diff_repl_agent_invoice_2026_08_12__05_00_03_k_1_upsert FROM adb_service_dev;"
adb_service_dev;adb_service_dev;check_dq;diff_repl_agent_invoice_2026_08_12__05_00_03_k_1_upsert;UPDATE;ADBT Owner Check DQ;"REVOKE UPDATE ON check_dq.diff_repl_agent_invoice_2026_08_12__05_00_03_k_1_upsert FROM adb_service_dev;"
adb_service_dev;adb_service_dev;check_dq;diff_repl_agent_invoice_2026_08_12__05_00_03_k_1_upsert;DELETE;ADBT Owner Check DQ;"REVOKE DELETE ON check_dq.diff_repl_agent_invoice_2026_08_12__05_00_03_k_1_upsert FROM adb_service_dev;"
adb_service_dev;adb_service_dev;check_dq;diff_repl_agent_invoice_2026_08_12__05_00_03_k_1_upsert;TRUNCATE;ADBT Owner Check DQ;"REVOKE TRUNCATE ON check_dq.diff_repl_agent_invoice_2026_08_12__05_00_03_k_1_upsert FROM adb_service_dev;"
adb_service_dev;adb_service_dev;check_dq;diff_repl_agent_invoice_2026_08_12__05_00_03_k_1_upsert;REFERENCES;ADBT Owner Check DQ;"REVOKE REFERENCES ON check_dq.diff_repl_agent_invoice_2026_08_12__05_00_03_k_1_upsert FROM adb_service_dev;"
adb_service_dev;adb_service_dev;check_dq;diff_repl_agent_invoice_2026_08_12__05_00_03_k_1_upsert;TRIGGER;ADBT Owner Check DQ;"REVOKE TRIGGER ON check_dq.diff_repl_agent_invoice_2026_08_12__05_00_03_k_1_upsert FROM adb_service_dev;"
adb_service_dev;adb_service_dev;etl;repl__core__cdi_vehicle;INSERT;ADBT Owner Etl;"REVOKE INSERT ON etl.repl__core__cdi_vehicle FROM adb_service_dev;"
adb_service_dev;adb_service_dev;etl;repl__core__cdi_vehicle;SELECT;ADBT Owner Etl;"REVOKE SELECT ON etl.repl__core__cdi_vehicle FROM adb_service_dev;"
adb_service_dev;adb_service_dev;etl;repl__core__cdi_vehicle;UPDATE;ADBT Owner Etl;"REVOKE UPDATE ON etl.repl__core__cdi_vehicle FROM adb_service_dev;"
adb_service_dev;adb_service_dev;etl;repl__core__cdi_vehicle;DELETE;ADBT Owner Etl;"REVOKE DELETE ON etl.repl__core__cdi_vehicle FROM adb_service_dev;"
adb_service_dev;adb_service_dev;etl;repl__core__cdi_vehicle;TRUNCATE;ADBT Owner Etl;"REVOKE TRUNCATE ON etl.repl__core__cdi_vehicle FROM adb_service_dev;"
adb_service_dev;adb_service_dev;etl;repl__core__cdi_vehicle;REFERENCES;ADBT Owner Etl;"REVOKE REFERENCES ON etl.repl__core__cdi_vehicle FROM adb_service_dev;"
adb_service_dev;adb_service_dev;etl;repl__core__cdi_vehicle;TRIGGER;ADBT Owner Etl;"REVOKE TRIGGER ON etl.repl__core__cdi_vehicle FROM adb_service_dev;"
adb_replicat_dev;adb_replicat_dev;etl;repl__core__cdi_vehicle;SELECT;ADBT Write Etl;"REVOKE SELECT ON etl.repl__core__cdi_vehicle FROM adb_replicat_dev;"
adb_service_dev;adb_service_dev;etl;repl__comdm__sales_map_object_risk;INSERT;ADBT Owner Etl;"REVOKE INSERT ON etl.repl__comdm__sales_map_object_risk FROM adb_service_dev;"
adb_service_dev;adb_service_dev;etl;repl__comdm__sales_map_object_risk;SELECT;ADBT Owner Etl;"REVOKE SELECT ON etl.repl__comdm__sales_map_object_risk FROM adb_service_dev;"
adb_service_dev;adb_service_dev;etl;repl__comdm__sales_map_object_risk;UPDATE;ADBT Owner Etl;"REVOKE UPDATE ON etl.repl__comdm__sales_map_object_risk FROM adb_service_dev;"
adb_service_dev;adb_service_dev;etl;repl__comdm__sales_map_object_risk;DELETE;ADBT Owner Etl;"REVOKE DELETE ON etl.repl__comdm__sales_map_object_risk FROM adb_service_dev;"
adb_service_dev;adb_service_dev;etl;repl__comdm__sales_map_object_risk;TRUNCATE;ADBT Owner Etl;"REVOKE TRUNCATE ON etl.repl__comdm__sales_map_object_risk FROM adb_service_dev;"
adb_service_dev;adb_service_dev;etl;repl__comdm__sales_map_object_risk;REFERENCES;ADBT Owner Etl;"REVOKE REFERENCES ON etl.repl__comdm__sales_map_object_risk FROM adb_service_dev;"
adb_service_dev;adb_service_dev;etl;repl__comdm__sales_map_object_risk;TRIGGER;ADBT Owner Etl;"REVOKE TRIGGER ON etl.repl__comdm__sales_map_object_risk FROM adb_service_dev;"
adb_replicat_dev;adb_replicat_dev;etl;repl__comdm__sales_map_object_risk;SELECT;ADBT Write Etl;"REVOKE SELECT ON etl.repl__comdm__sales_map_object_risk FROM adb_replicat_dev;"
adb_service_dev;adb_service_dev;etl;repl__dm_fb__smdt_sales_map_detailed;INSERT;ADBT Owner Etl;"REVOKE INSERT ON etl.repl__dm_fb__smdt_sales_map_detailed FROM adb_service_dev;"
adb_service_dev;adb_service_dev;etl;repl__dm_fb__smdt_sales_map_detailed;SELECT;ADBT Owner Etl;"REVOKE SELECT ON etl.repl__dm_fb__smdt_sales_map_detailed FROM adb_service_dev;"
adb_service_dev;adb_service_dev;etl;repl__dm_fb__smdt_sales_map_detailed;UPDATE;ADBT Owner Etl;"REVOKE UPDATE ON etl.repl__dm_fb__smdt_sales_map_detailed FROM adb_service_dev;"
adb_service_dev;adb_service_dev;etl;repl__dm_fb__smdt_sales_map_detailed;DELETE;ADBT Owner Etl;"REVOKE DELETE ON etl.repl__dm_fb__smdt_sales_map_detailed FROM adb_service_dev;"
adb_service_dev;adb_service_dev;etl;repl__dm_fb__smdt_sales_map_detailed;TRUNCATE;ADBT Owner Etl;"REVOKE TRUNCATE ON etl.repl__dm_fb__smdt_sales_map_detailed FROM adb_service_dev;"
adb_service_dev;adb_service_dev;etl;repl__dm_fb__smdt_sales_map_detailed;REFERENCES;ADBT Owner Etl;"REVOKE REFERENCES ON etl.repl__dm_fb__smdt_sales_map_detailed FROM adb_service_dev;"
adb_service_dev;adb_service_dev;etl;repl__dm_fb__smdt_sales_map_detailed;TRIGGER;ADBT Owner Etl;"REVOKE TRIGGER ON etl.repl__dm_fb__smdt_sales_map_detailed FROM adb_service_dev;"
adb_replicat_dev;adb_replicat_dev;etl;repl__dm_fb__smdt_sales_map_detailed;SELECT;ADBT Write Etl;"REVOKE SELECT ON etl.repl__dm_fb__smdt_sales_map_detailed FROM adb_replicat_dev;"
adb_pdi_dev;adb_pdi_dev;kias_dm;load_contract_agrdatesign;INSERT;ADBT Owner Kias DM;"REVOKE INSERT ON kias_dm.load_contract_agrdatesign FROM adb_pdi_dev;"
adb_pdi_dev;adb_pdi_dev;kias_dm;load_contract_agrdatesign;SELECT;ADBT Owner Kias DM;"REVOKE SELECT ON kias_dm.load_contract_agrdatesign FROM adb_pdi_dev;"
adb_pdi_dev;adb_pdi_dev;kias_dm;load_contract_agrdatesign;UPDATE;ADBT Owner Kias DM;"REVOKE UPDATE ON kias_dm.load_contract_agrdatesign FROM adb_pdi_dev;"
adb_pdi_dev;adb_pdi_dev;kias_dm;load_contract_agrdatesign;DELETE;ADBT Owner Kias DM;"REVOKE DELETE ON kias_dm.load_contract_agrdatesign FROM adb_pdi_dev;"
adb_pdi_dev;adb_pdi_dev;kias_dm;load_contract_agrdatesign;TRUNCATE;ADBT Owner Kias DM;"REVOKE TRUNCATE ON kias_dm.load_contract_agrdatesign FROM adb_pdi_dev;"
adb_pdi_dev;adb_pdi_dev;kias_dm;load_contract_agrdatesign;REFERENCES;ADBT Owner Kias DM;"REVOKE REFERENCES ON kias_dm.load_contract_agrdatesign FROM adb_pdi_dev;"
adb_pdi_dev;adb_pdi_dev;kias_dm;load_contract_agrdatesign;TRIGGER;ADBT Owner Kias DM;"REVOKE TRIGGER ON kias_dm.load_contract_agrdatesign FROM adb_pdi_dev;"
adb_pdi_dev;adb_pdi_dev;kias_dm;load_contract_m_c_1;INSERT;ADBT Owner Kias DM;"REVOKE INSERT ON kias_dm.load_contract_m_c_1 FROM adb_pdi_dev;"
adb_pdi_dev;adb_pdi_dev;kias_dm;load_contract_m_c_1;SELECT;ADBT Owner Kias DM;"REVOKE SELECT ON kias_dm.load_contract_m_c_1 FROM adb_pdi_dev;"
adb_pdi_dev;adb_pdi_dev;kias_dm;load_contract_m_c_1;UPDATE;ADBT Owner Kias DM;"REVOKE UPDATE ON kias_dm.load_contract_m_c_1 FROM adb_pdi_dev;"
adb_pdi_dev;adb_pdi_dev;kias_dm;load_contract_m_c_1;DELETE;ADBT Owner Kias DM;"REVOKE DELETE ON kias_dm.load_contract_m_c_1 FROM adb_pdi_dev;"
adb_pdi_dev;adb_pdi_dev;kias_dm;load_contract_m_c_1;TRUNCATE;ADBT Owner Kias DM;"REVOKE TRUNCATE ON kias_dm.load_contract_m_c_1 FROM adb_pdi_dev;"
adb_pdi_dev;adb_pdi_dev;kias_dm;load_contract_m_c_1;REFERENCES;ADBT Owner Kias DM;"REVOKE REFERENCES ON kias_dm.load_contract_m_c_1 FROM adb_pdi_dev;"
adb_pdi_dev;adb_pdi_dev;kias_dm;load_contract_m_c_1;TRIGGER;ADBT Owner Kias DM;"REVOKE TRIGGER ON kias_dm.load_contract_m_c_1 FROM adb_pdi_dev;"
adb_pdi_dev;adb_pdi_dev;kias_dm;load_contract_m_c_2;INSERT;ADBT Owner Kias DM;"REVOKE INSERT ON kias_dm.load_contract_m_c_2 FROM adb_pdi_dev;"
adb_pdi_dev;adb_pdi_dev;kias_dm;load_contract_m_c_2;SELECT;ADBT Owner Kias DM;"REVOKE SELECT ON kias_dm.load_contract_m_c_2 FROM adb_pdi_dev;"
adb_pdi_dev;adb_pdi_dev;kias_dm;load_contract_m_c_2;UPDATE;ADBT Owner Kias DM;"REVOKE UPDATE ON kias_dm.load_contract_m_c_2 FROM adb_pdi_dev;"
adb_pdi_dev;adb_pdi_dev;kias_dm;load_contract_m_c_2;DELETE;ADBT Owner Kias DM;"REVOKE DELETE ON kias_dm.load_contract_m_c_2 FROM adb_pdi_dev;"
adb_pdi_dev;adb_pdi_dev;kias_dm;load_contract_m_c_2;TRUNCATE;ADBT Owner Kias DM;"REVOKE TRUNCATE ON kias_dm.load_contract_m_c_2 FROM adb_pdi_dev;"
adb_pdi_dev;adb_pdi_dev;kias_dm;load_contract_m_c_2;REFERENCES;ADBT Owner Kias DM;"REVOKE REFERENCES ON kias_dm.load_contract_m_c_2 FROM adb_pdi_dev;"
adb_pdi_dev;adb_pdi_dev;kias_dm;load_contract_m_c_2;TRIGGER;ADBT Owner Kias DM;"REVOKE TRIGGER ON kias_dm.load_contract_m_c_2 FROM adb_pdi_dev;"
adb_pdi_dev;adb_pdi_dev;kias_dm;load_contract_dr;INSERT;ADBT Owner Kias DM;"REVOKE INSERT ON kias_dm.load_contract_dr FROM adb_pdi_dev;"
adb_pdi_dev;adb_pdi_dev;kias_dm;load_contract_dr;SELECT;ADBT Owner Kias DM;"REVOKE SELECT ON kias_dm.load_contract_dr FROM adb_pdi_dev;"
adb_pdi_dev;adb_pdi_dev;kias_dm;load_contract_dr;UPDATE;ADBT Owner Kias DM;"REVOKE UPDATE ON kias_dm.load_contract_dr FROM adb_pdi_dev;"
adb_pdi_dev;adb_pdi_dev;kias_dm;load_contract_dr;DELETE;ADBT Owner Kias DM;"REVOKE DELETE ON kias_dm.load_contract_dr FROM adb_pdi_dev;"
adb_pdi_dev;adb_pdi_dev;kias_dm;load_contract_dr;TRUNCATE;ADBT Owner Kias DM;"REVOKE TRUNCATE ON kias_dm.load_contract_dr FROM adb_pdi_dev;"
adb_pdi_dev;adb_pdi_dev;kias_dm;load_contract_dr;REFERENCES;ADBT Owner Kias DM;"REVOKE REFERENCES ON kias_dm.load_contract_dr FROM adb_pdi_dev;"
adb_pdi_dev;adb_pdi_dev;kias_dm;load_contract_dr;TRIGGER;ADBT Owner Kias DM;"REVOKE TRIGGER ON kias_dm.load_contract_dr FROM adb_pdi_dev;"
adb_pdi_dev;adb_pdi_dev;kias_dm;load_contract_p;INSERT;ADBT Owner Kias DM;"REVOKE INSERT ON kias_dm.load_contract_p FROM adb_pdi_dev;"
adb_pdi_dev;adb_pdi_dev;kias_dm;load_contract_p;SELECT;ADBT Owner Kias DM;"REVOKE SELECT ON kias_dm.load_contract_p FROM adb_pdi_dev;"
adb_pdi_dev;adb_pdi_dev;kias_dm;load_contract_p;UPDATE;ADBT Owner Kias DM;"REVOKE UPDATE ON kias_dm.load_contract_p FROM adb_pdi_dev;"
adb_pdi_dev;adb_pdi_dev;kias_dm;load_contract_p;DELETE;ADBT Owner Kias DM;"REVOKE DELETE ON kias_dm.load_contract_p FROM adb_pdi_dev;"
adb_pdi_dev;adb_pdi_dev;kias_dm;load_contract_p;TRUNCATE;ADBT Owner Kias DM;"REVOKE TRUNCATE ON kias_dm.load_contract_p FROM adb_pdi_dev;"
adb_pdi_dev;adb_pdi_dev;kias_dm;load_contract_p;REFERENCES;ADBT Owner Kias DM;"REVOKE REFERENCES ON kias_dm.load_contract_p FROM adb_pdi_dev;"
adb_pdi_dev;adb_pdi_dev;kias_dm;load_contract_p;TRIGGER;ADBT Owner Kias DM;"REVOKE TRIGGER ON kias_dm.load_contract_p FROM adb_pdi_dev;"
adb_pdi_dev;adb_pdi_dev;kias_dm;load_contract_dd;INSERT;ADBT Owner Kias DM;"REVOKE INSERT ON kias_dm.load_contract_dd FROM adb_pdi_dev;"
adb_pdi_dev;adb_pdi_dev;kias_dm;load_contract_dd;SELECT;ADBT Owner Kias DM;"REVOKE SELECT ON kias_dm.load_contract_dd FROM adb_pdi_dev;"
adb_pdi_dev;adb_pdi_dev;kias_dm;load_contract_dd;UPDATE;ADBT Owner Kias DM;"REVOKE UPDATE ON kias_dm.load_contract_dd FROM adb_pdi_dev;"
adb_pdi_dev;adb_pdi_dev;kias_dm;load_contract_dd;DELETE;ADBT Owner Kias DM;"REVOKE DELETE ON kias_dm.load_contract_dd FROM adb_pdi_dev;"
adb_pdi_dev;adb_pdi_dev;kias_dm;load_contract_dd;TRUNCATE;ADBT Owner Kias DM;"REVOKE TRUNCATE ON kias_dm.load_contract_dd FROM adb_pdi_dev;"
adb_pdi_dev;adb_pdi_dev;kias_dm;load_contract_dd;REFERENCES;ADBT Owner Kias DM;"REVOKE REFERENCES ON kias_dm.load_contract_dd FROM adb_pdi_dev;"
adb_pdi_dev;adb_pdi_dev;kias_dm;load_contract_dd;TRIGGER;ADBT Owner Kias DM;"REVOKE TRIGGER ON kias_dm.load_contract_dd FROM adb_pdi_dev;"
adb_pdi_dev;adb_pdi_dev;kias_dm;load_contract_tt;INSERT;ADBT Owner Kias DM;"REVOKE INSERT ON kias_dm.load_contract_tt FROM adb_pdi_dev;"
adb_pdi_dev;adb_pdi_dev;kias_dm;load_contract_tt;SELECT;ADBT Owner Kias DM;"REVOKE SELECT ON kias_dm.load_contract_tt FROM adb_pdi_dev;"
adb_pdi_dev;adb_pdi_dev;kias_dm;load_contract_tt;UPDATE;ADBT Owner Kias DM;"REVOKE UPDATE ON kias_dm.load_contract_tt FROM adb_pdi_dev;"
adb_pdi_dev;adb_pdi_dev;kias_dm;load_contract_tt;DELETE;ADBT Owner Kias DM;"REVOKE DELETE ON kias_dm.load_contract_tt FROM adb_pdi_dev;"
adb_pdi_dev;adb_pdi_dev;kias_dm;load_contract_tt;TRUNCATE;ADBT Owner Kias DM;"REVOKE TRUNCATE ON kias_dm.load_contract_tt FROM adb_pdi_dev;"
adb_pdi_dev;adb_pdi_dev;kias_dm;load_contract_tt;REFERENCES;ADBT Owner Kias DM;"REVOKE REFERENCES ON kias_dm.load_contract_tt FROM adb_pdi_dev;"
adb_pdi_dev;adb_pdi_dev;kias_dm;load_contract_tt;TRIGGER;ADBT Owner Kias DM;"REVOKE TRIGGER ON kias_dm.load_contract_tt FROM adb_pdi_dev;"
adb_pdi_dev;adb_pdi_dev;kias_dm;load_contract_kds;INSERT;ADBT Owner Kias DM;"REVOKE INSERT ON kias_dm.load_contract_kds FROM adb_pdi_dev;"
adb_pdi_dev;adb_pdi_dev;kias_dm;load_contract_kds;SELECT;ADBT Owner Kias DM;"REVOKE SELECT ON kias_dm.load_contract_kds FROM adb_pdi_dev;"
adb_pdi_dev;adb_pdi_dev;kias_dm;load_contract_kds;UPDATE;ADBT Owner Kias DM;"REVOKE UPDATE ON kias_dm.load_contract_kds FROM adb_pdi_dev;"
adb_pdi_dev;adb_pdi_dev;kias_dm;load_contract_kds;DELETE;ADBT Owner Kias DM;"REVOKE DELETE ON kias_dm.load_contract_kds FROM adb_pdi_dev;"
adb_pdi_dev;adb_pdi_dev;kias_dm;load_contract_kds;TRUNCATE;ADBT Owner Kias DM;"REVOKE TRUNCATE ON kias_dm.load_contract_kds FROM adb_pdi_dev;"
adb_pdi_dev;adb_pdi_dev;kias_dm;load_contract_kds;REFERENCES;ADBT Owner Kias DM;"REVOKE REFERENCES ON kias_dm.load_contract_kds FROM adb_pdi_dev;"
adb_pdi_dev;adb_pdi_dev;kias_dm;load_contract_kds;TRIGGER;ADBT Owner Kias DM;"REVOKE TRIGGER ON kias_dm.load_contract_kds FROM adb_pdi_dev;"
adb_pdi_dev;adb_pdi_dev;kias_dm;load_agrsum_ps;INSERT;ADBT Owner Kias DM;"REVOKE INSERT ON kias_dm.load_agrsum_ps FROM adb_pdi_dev;"
adb_pdi_dev;adb_pdi_dev;kias_dm;load_agrsum_ps;SELECT;ADBT Owner Kias DM;"REVOKE SELECT ON kias_dm.load_agrsum_ps FROM adb_pdi_dev;"
adb_pdi_dev;adb_pdi_dev;kias_dm;load_agrsum_ps;UPDATE;ADBT Owner Kias DM;"REVOKE UPDATE ON kias_dm.load_agrsum_ps FROM adb_pdi_dev;"
adb_pdi_dev;adb_pdi_dev;kias_dm;load_agrsum_ps;DELETE;ADBT Owner Kias DM;"REVOKE DELETE ON kias_dm.load_agrsum_ps FROM adb_pdi_dev;"
adb_pdi_dev;adb_pdi_dev;kias_dm;load_agrsum_ps;TRUNCATE;ADBT Owner Kias DM;"REVOKE TRUNCATE ON kias_dm.load_agrsum_ps FROM adb_pdi_dev;"
adb_pdi_dev;adb_pdi_dev;kias_dm;load_agrsum_ps;REFERENCES;ADBT Owner Kias DM;"REVOKE REFERENCES ON kias_dm.load_agrsum_ps FROM adb_pdi_dev;"
adb_pdi_dev;adb_pdi_dev;kias_dm;load_agrsum_ps;TRIGGER;ADBT Owner Kias DM;"REVOKE TRIGGER ON kias_dm.load_agrsum_ps FROM adb_pdi_dev;"
adb_pdi_dev;adb_pdi_dev;kias_dm;load_agrsum_pay;INSERT;ADBT Owner Kias DM;"REVOKE INSERT ON kias_dm.load_agrsum_pay FROM adb_pdi_dev;"
adb_pdi_dev;adb_pdi_dev;kias_dm;load_agrsum_pay;SELECT;ADBT Owner Kias DM;"REVOKE SELECT ON kias_dm.load_agrsum_pay FROM adb_pdi_dev;"
adb_pdi_dev;adb_pdi_dev;kias_dm;load_agrsum_pay;UPDATE;ADBT Owner Kias DM;"REVOKE UPDATE ON kias_dm.load_agrsum_pay FROM adb_pdi_dev;"
adb_pdi_dev;adb_pdi_dev;kias_dm;load_agrsum_pay;DELETE;ADBT Owner Kias DM;"REVOKE DELETE ON kias_dm.load_agrsum_pay FROM adb_pdi_dev;"
adb_pdi_dev;adb_pdi_dev;kias_dm;load_agrsum_pay;TRUNCATE;ADBT Owner Kias DM;"REVOKE TRUNCATE ON kias_dm.load_agrsum_pay FROM adb_pdi_dev;"
adb_pdi_dev;adb_pdi_dev;kias_dm;load_agrsum_pay;REFERENCES;ADBT Owner Kias DM;"REVOKE REFERENCES ON kias_dm.load_agrsum_pay FROM adb_pdi_dev;"
adb_pdi_dev;adb_pdi_dev;kias_dm;load_agrsum_pay;TRIGGER;ADBT Owner Kias DM;"REVOKE TRIGGER ON kias_dm.load_agrsum_pay FROM adb_pdi_dev;"
adb_pdi_dev;adb_pdi_dev;kias_dm;load_agrsum_ps_pay;INSERT;ADBT Owner Kias DM;"REVOKE INSERT ON kias_dm.load_agrsum_ps_pay FROM adb_pdi_dev;"
adb_pdi_dev;adb_pdi_dev;kias_dm;load_agrsum_ps_pay;SELECT;ADBT Owner Kias DM;"REVOKE SELECT ON kias_dm.load_agrsum_ps_pay FROM adb_pdi_dev;"
adb_pdi_dev;adb_pdi_dev;kias_dm;load_agrsum_ps_pay;UPDATE;ADBT Owner Kias DM;"REVOKE UPDATE ON kias_dm.load_agrsum_ps_pay FROM adb_pdi_dev;"
adb_pdi_dev;adb_pdi_dev;kias_dm;load_agrsum_ps_pay;DELETE;ADBT Owner Kias DM;"REVOKE DELETE ON kias_dm.load_agrsum_ps_pay FROM adb_pdi_dev;"
adb_pdi_dev;adb_pdi_dev;kias_dm;load_agrsum_ps_pay;TRUNCATE;ADBT Owner Kias DM;"REVOKE TRUNCATE ON kias_dm.load_agrsum_ps_pay FROM adb_pdi_dev;"
adb_pdi_dev;adb_pdi_dev;kias_dm;load_agrsum_ps_pay;REFERENCES;ADBT Owner Kias DM;"REVOKE REFERENCES ON kias_dm.load_agrsum_ps_pay FROM adb_pdi_dev;"
adb_pdi_dev;adb_pdi_dev;kias_dm;load_agrsum_ps_pay;TRIGGER;ADBT Owner Kias DM;"REVOKE TRIGGER ON kias_dm.load_agrsum_ps_pay FROM adb_pdi_dev;"
adb_service_dev;adb_service_dev;etl;repl__core__strict_blank_paper;INSERT;ADBT Owner Etl;"REVOKE INSERT ON etl.repl__core__strict_blank_paper FROM adb_service_dev;"
adb_service_dev;adb_service_dev;etl;repl__core__strict_blank_paper;SELECT;ADBT Owner Etl;"REVOKE SELECT ON etl.repl__core__strict_blank_paper FROM adb_service_dev;"
adb_service_dev;adb_service_dev;etl;repl__core__strict_blank_paper;UPDATE;ADBT Owner Etl;"REVOKE UPDATE ON etl.repl__core__strict_blank_paper FROM adb_service_dev;"
adb_service_dev;adb_service_dev;etl;repl__core__strict_blank_paper;DELETE;ADBT Owner Etl;"REVOKE DELETE ON etl.repl__core__strict_blank_paper FROM adb_service_dev;"
adb_service_dev;adb_service_dev;etl;repl__core__strict_blank_paper;TRUNCATE;ADBT Owner Etl;"REVOKE TRUNCATE ON etl.repl__core__strict_blank_paper FROM adb_service_dev;"
adb_service_dev;adb_service_dev;etl;repl__core__strict_blank_paper;REFERENCES;ADBT Owner Etl;"REVOKE REFERENCES ON etl.repl__core__strict_blank_paper FROM adb_service_dev;"
adb_service_dev;adb_service_dev;etl;repl__core__strict_blank_paper;TRIGGER;ADBT Owner Etl;"REVOKE TRIGGER ON etl.repl__core__strict_blank_paper FROM adb_service_dev;"
adb_replicat_dev;adb_replicat_dev;etl;repl__core__strict_blank_paper;SELECT;ADBT Write Etl;"REVOKE SELECT ON etl.repl__core__strict_blank_paper FROM adb_replicat_dev;"
adb_service_dev;adb_service_dev;etl;repl__core__cdi_vehicle_united;INSERT;ADBT Owner Etl;"REVOKE INSERT ON etl.repl__core__cdi_vehicle_united FROM adb_service_dev;"
adb_service_dev;adb_service_dev;etl;repl__core__cdi_vehicle_united;SELECT;ADBT Owner Etl;"REVOKE SELECT ON etl.repl__core__cdi_vehicle_united FROM adb_service_dev;"
adb_service_dev;adb_service_dev;etl;repl__core__cdi_vehicle_united;UPDATE;ADBT Owner Etl;"REVOKE UPDATE ON etl.repl__core__cdi_vehicle_united FROM adb_service_dev;"
adb_service_dev;adb_service_dev;etl;repl__core__cdi_vehicle_united;DELETE;ADBT Owner Etl;"REVOKE DELETE ON etl.repl__core__cdi_vehicle_united FROM adb_service_dev;"
adb_service_dev;adb_service_dev;etl;repl__core__cdi_vehicle_united;TRUNCATE;ADBT Owner Etl;"REVOKE TRUNCATE ON etl.repl__core__cdi_vehicle_united FROM adb_service_dev;"
adb_service_dev;adb_service_dev;etl;repl__core__cdi_vehicle_united;REFERENCES;ADBT Owner Etl;"REVOKE REFERENCES ON etl.repl__core__cdi_vehicle_united FROM adb_service_dev;"
adb_service_dev;adb_service_dev;etl;repl__core__cdi_vehicle_united;TRIGGER;ADBT Owner Etl;"REVOKE TRIGGER ON etl.repl__core__cdi_vehicle_united FROM adb_service_dev;"
adb_replicat_dev;adb_replicat_dev;etl;repl__core__cdi_vehicle_united;SELECT;ADBT Write Etl;"REVOKE SELECT ON etl.repl__core__cdi_vehicle_united FROM adb_replicat_dev;"
adb_service_dev;adb_service_dev;etl;repl__core__paper;INSERT;ADBT Owner Etl;"REVOKE INSERT ON etl.repl__core__paper FROM adb_service_dev;"
adb_service_dev;adb_service_dev;etl;repl__core__paper;SELECT;ADBT Owner Etl;"REVOKE SELECT ON etl.repl__core__paper FROM adb_service_dev;"
adb_service_dev;adb_service_dev;etl;repl__core__paper;UPDATE;ADBT Owner Etl;"REVOKE UPDATE ON etl.repl__core__paper FROM adb_service_dev;"
adb_service_dev;adb_service_dev;etl;repl__core__paper;DELETE;ADBT Owner Etl;"REVOKE DELETE ON etl.repl__core__paper FROM adb_service_dev;"
adb_service_dev;adb_service_dev;etl;repl__core__paper;TRUNCATE;ADBT Owner Etl;"REVOKE TRUNCATE ON etl.repl__core__paper FROM adb_service_dev;"
adb_service_dev;adb_service_dev;etl;repl__core__paper;REFERENCES;ADBT Owner Etl;"REVOKE REFERENCES ON etl.repl__core__paper FROM adb_service_dev;"
adb_service_dev;adb_service_dev;etl;repl__core__paper;TRIGGER;ADBT Owner Etl;"REVOKE TRIGGER ON etl.repl__core__paper FROM adb_service_dev;"
adb_replicat_dev;adb_replicat_dev;etl;repl__core__paper;SELECT;ADBT Write Etl;"REVOKE SELECT ON etl.repl__core__paper FROM adb_replicat_dev;"
adb_service_dev;adb_service_dev;check_dq;diff_repl_agent_invoice_2026_08_17__05_00_03_k_1_upsert;INSERT;ADBT Owner Check DQ;"REVOKE INSERT ON check_dq.diff_repl_agent_invoice_2026_08_17__05_00_03_k_1_upsert FROM adb_service_dev;"
adb_service_dev;adb_service_dev;check_dq;diff_repl_agent_invoice_2026_08_17__05_00_03_k_1_upsert;SELECT;ADBT Owner Check DQ;"REVOKE SELECT ON check_dq.diff_repl_agent_invoice_2026_08_17__05_00_03_k_1_upsert FROM adb_service_dev;"
adb_service_dev;adb_service_dev;check_dq;diff_repl_agent_invoice_2026_08_17__05_00_03_k_1_upsert;UPDATE;ADBT Owner Check DQ;"REVOKE UPDATE ON check_dq.diff_repl_agent_invoice_2026_08_17__05_00_03_k_1_upsert FROM adb_service_dev;"
adb_service_dev;adb_service_dev;check_dq;diff_repl_agent_invoice_2026_08_17__05_00_03_k_1_upsert;DELETE;ADBT Owner Check DQ;"REVOKE DELETE ON check_dq.diff_repl_agent_invoice_2026_08_17__05_00_03_k_1_upsert FROM adb_service_dev;"
adb_service_dev;adb_service_dev;check_dq;diff_repl_agent_invoice_2026_08_17__05_00_03_k_1_upsert;TRUNCATE;ADBT Owner Check DQ;"REVOKE TRUNCATE ON check_dq.diff_repl_agent_invoice_2026_08_17__05_00_03_k_1_upsert FROM adb_service_dev;"
adb_service_dev;adb_service_dev;check_dq;diff_repl_agent_invoice_2026_08_17__05_00_03_k_1_upsert;REFERENCES;ADBT Owner Check DQ;"REVOKE REFERENCES ON check_dq.diff_repl_agent_invoice_2026_08_17__05_00_03_k_1_upsert FROM adb_service_dev;"
adb_service_dev;adb_service_dev;check_dq;diff_repl_agent_invoice_2026_08_17__05_00_03_k_1_upsert;TRIGGER;ADBT Owner Check DQ;"REVOKE TRIGGER ON check_dq.diff_repl_agent_invoice_2026_08_17__05_00_03_k_1_upsert FROM adb_service_dev;"
adb_service_dev;adb_service_dev;etl;repl__core__contract;INSERT;ADBT Owner Etl;"REVOKE INSERT ON etl.repl__core__contract FROM adb_service_dev;"
adb_service_dev;adb_service_dev;etl;repl__core__contract;SELECT;ADBT Owner Etl;"REVOKE SELECT ON etl.repl__core__contract FROM adb_service_dev;"
adb_service_dev;adb_service_dev;etl;repl__core__contract;UPDATE;ADBT Owner Etl;"REVOKE UPDATE ON etl.repl__core__contract FROM adb_service_dev;"
adb_service_dev;adb_service_dev;etl;repl__core__contract;DELETE;ADBT Owner Etl;"REVOKE DELETE ON etl.repl__core__contract FROM adb_service_dev;"
adb_service_dev;adb_service_dev;etl;repl__core__contract;TRUNCATE;ADBT Owner Etl;"REVOKE TRUNCATE ON etl.repl__core__contract FROM adb_service_dev;"
adb_service_dev;adb_service_dev;etl;repl__core__contract;REFERENCES;ADBT Owner Etl;"REVOKE REFERENCES ON etl.repl__core__contract FROM adb_service_dev;"
adb_service_dev;adb_service_dev;etl;repl__core__contract;TRIGGER;ADBT Owner Etl;"REVOKE TRIGGER ON etl.repl__core__contract FROM adb_service_dev;"
adb_replicat_dev;adb_replicat_dev;etl;repl__core__contract;SELECT;ADBT Write Etl;"REVOKE SELECT ON etl.repl__core__contract FROM adb_replicat_dev;"
adb_service_dev;adb_service_dev;etl;repl__core__cdi_counterparty;INSERT;ADBT Owner Etl;"REVOKE INSERT ON etl.repl__core__cdi_counterparty FROM adb_service_dev;"
adb_service_dev;adb_service_dev;etl;repl__core__cdi_counterparty;SELECT;ADBT Owner Etl;"REVOKE SELECT ON etl.repl__core__cdi_counterparty FROM adb_service_dev;"
adb_service_dev;adb_service_dev;etl;repl__core__cdi_counterparty;UPDATE;ADBT Owner Etl;"REVOKE UPDATE ON etl.repl__core__cdi_counterparty FROM adb_service_dev;"
adb_service_dev;adb_service_dev;etl;repl__core__cdi_counterparty;DELETE;ADBT Owner Etl;"REVOKE DELETE ON etl.repl__core__cdi_counterparty FROM adb_service_dev;"
adb_service_dev;adb_service_dev;etl;repl__core__cdi_counterparty;TRUNCATE;ADBT Owner Etl;"REVOKE TRUNCATE ON etl.repl__core__cdi_counterparty FROM adb_service_dev;"
adb_service_dev;adb_service_dev;etl;repl__core__cdi_counterparty;REFERENCES;ADBT Owner Etl;"REVOKE REFERENCES ON etl.repl__core__cdi_counterparty FROM adb_service_dev;"
adb_service_dev;adb_service_dev;etl;repl__core__cdi_counterparty;TRIGGER;ADBT Owner Etl;"REVOKE TRIGGER ON etl.repl__core__cdi_counterparty FROM adb_service_dev;"
adb_replicat_dev;adb_replicat_dev;etl;repl__core__cdi_counterparty;SELECT;ADBT Write Etl;"REVOKE SELECT ON etl.repl__core__cdi_counterparty FROM adb_replicat_dev;"
adb_pdi_dev;adb_pdi_dev;kias_dm;base_id;INSERT;ADBT Owner Kias DM;"REVOKE INSERT ON kias_dm.base_id FROM adb_pdi_dev;"
adb_pdi_dev;adb_pdi_dev;kias_dm;base_id;SELECT;ADBT Owner Kias DM;"REVOKE SELECT ON kias_dm.base_id FROM adb_pdi_dev;"
adb_pdi_dev;adb_pdi_dev;kias_dm;base_id;UPDATE;ADBT Owner Kias DM;"REVOKE UPDATE ON kias_dm.base_id FROM adb_pdi_dev;"
adb_pdi_dev;adb_pdi_dev;kias_dm;base_id;DELETE;ADBT Owner Kias DM;"REVOKE DELETE ON kias_dm.base_id FROM adb_pdi_dev;"
adb_pdi_dev;adb_pdi_dev;kias_dm;base_id;TRUNCATE;ADBT Owner Kias DM;"REVOKE TRUNCATE ON kias_dm.base_id FROM adb_pdi_dev;"
adb_pdi_dev;adb_pdi_dev;kias_dm;base_id;REFERENCES;ADBT Owner Kias DM;"REVOKE REFERENCES ON kias_dm.base_id FROM adb_pdi_dev;"
adb_pdi_dev;adb_pdi_dev;kias_dm;base_id;TRIGGER;ADBT Owner Kias DM;"REVOKE TRIGGER ON kias_dm.base_id FROM adb_pdi_dev;"
adb_pdi_dev;adb_pdi_dev;kias_dm;agent_report_tmp0;INSERT;ADBT Owner Kias DM;"REVOKE INSERT ON kias_dm.agent_report_tmp0 FROM adb_pdi_dev;"
adb_pdi_dev;adb_pdi_dev;kias_dm;agent_report_tmp0;SELECT;ADBT Owner Kias DM;"REVOKE SELECT ON kias_dm.agent_report_tmp0 FROM adb_pdi_dev;"
adb_pdi_dev;adb_pdi_dev;kias_dm;agent_report_tmp0;UPDATE;ADBT Owner Kias DM;"REVOKE UPDATE ON kias_dm.agent_report_tmp0 FROM adb_pdi_dev;"
adb_pdi_dev;adb_pdi_dev;kias_dm;agent_report_tmp0;DELETE;ADBT Owner Kias DM;"REVOKE DELETE ON kias_dm.agent_report_tmp0 FROM adb_pdi_dev;"
adb_pdi_dev;adb_pdi_dev;kias_dm;agent_report_tmp0;TRUNCATE;ADBT Owner Kias DM;"REVOKE TRUNCATE ON kias_dm.agent_report_tmp0 FROM adb_pdi_dev;"
adb_pdi_dev;adb_pdi_dev;kias_dm;agent_report_tmp0;REFERENCES;ADBT Owner Kias DM;"REVOKE REFERENCES ON kias_dm.agent_report_tmp0 FROM adb_pdi_dev;"
adb_pdi_dev;adb_pdi_dev;kias_dm;agent_report_tmp0;TRIGGER;ADBT Owner Kias DM;"REVOKE TRIGGER ON kias_dm.agent_report_tmp0 FROM adb_pdi_dev;"
adb_service_dev;adb_service_dev;etl;repl__core__object_risk_elementary_risk;INSERT;ADBT Owner Etl;"REVOKE INSERT ON etl.repl__core__object_risk_elementary_risk FROM adb_service_dev;"
adb_service_dev;adb_service_dev;etl;repl__core__object_risk_elementary_risk;SELECT;ADBT Owner Etl;"REVOKE SELECT ON etl.repl__core__object_risk_elementary_risk FROM adb_service_dev;"
adb_service_dev;adb_service_dev;etl;repl__core__object_risk_elementary_risk;UPDATE;ADBT Owner Etl;"REVOKE UPDATE ON etl.repl__core__object_risk_elementary_risk FROM adb_service_dev;"
adb_service_dev;adb_service_dev;etl;repl__core__object_risk_elementary_risk;DELETE;ADBT Owner Etl;"REVOKE DELETE ON etl.repl__core__object_risk_elementary_risk FROM adb_service_dev;"
adb_service_dev;adb_service_dev;etl;repl__core__object_risk_elementary_risk;TRUNCATE;ADBT Owner Etl;"REVOKE TRUNCATE ON etl.repl__core__object_risk_elementary_risk FROM adb_service_dev;"
adb_service_dev;adb_service_dev;etl;repl__core__object_risk_elementary_risk;REFERENCES;ADBT Owner Etl;"REVOKE REFERENCES ON etl.repl__core__object_risk_elementary_risk FROM adb_service_dev;"
adb_service_dev;adb_service_dev;etl;repl__core__object_risk_elementary_risk;TRIGGER;ADBT Owner Etl;"REVOKE TRIGGER ON etl.repl__core__object_risk_elementary_risk FROM adb_service_dev;"
adb_replicat_dev;adb_replicat_dev;etl;repl__core__object_risk_elementary_risk;SELECT;ADBT Write Etl;"REVOKE SELECT ON etl.repl__core__object_risk_elementary_risk FROM adb_replicat_dev;"
adb_service_dev;adb_service_dev;etl;repl__core__cdi_blacklist;INSERT;ADBT Owner Etl;"REVOKE INSERT ON etl.repl__core__cdi_blacklist FROM adb_service_dev;"
adb_service_dev;adb_service_dev;etl;repl__core__cdi_blacklist;SELECT;ADBT Owner Etl;"REVOKE SELECT ON etl.repl__core__cdi_blacklist FROM adb_service_dev;"
adb_service_dev;adb_service_dev;etl;repl__core__cdi_blacklist;UPDATE;ADBT Owner Etl;"REVOKE UPDATE ON etl.repl__core__cdi_blacklist FROM adb_service_dev;"
adb_service_dev;adb_service_dev;etl;repl__core__cdi_blacklist;DELETE;ADBT Owner Etl;"REVOKE DELETE ON etl.repl__core__cdi_blacklist FROM adb_service_dev;"
adb_service_dev;adb_service_dev;etl;repl__core__cdi_blacklist;TRUNCATE;ADBT Owner Etl;"REVOKE TRUNCATE ON etl.repl__core__cdi_blacklist FROM adb_service_dev;"
adb_service_dev;adb_service_dev;etl;repl__core__cdi_blacklist;REFERENCES;ADBT Owner Etl;"REVOKE REFERENCES ON etl.repl__core__cdi_blacklist FROM adb_service_dev;"
adb_service_dev;adb_service_dev;etl;repl__core__cdi_blacklist;TRIGGER;ADBT Owner Etl;"REVOKE TRIGGER ON etl.repl__core__cdi_blacklist FROM adb_service_dev;"
adb_replicat_dev;adb_replicat_dev;etl;repl__core__cdi_blacklist;SELECT;ADBT Write Etl;"REVOKE SELECT ON etl.repl__core__cdi_blacklist FROM adb_replicat_dev;"
adb_service_dev;adb_service_dev;etl;repl__core__contract_long;INSERT;ADBT Owner Etl;"REVOKE INSERT ON etl.repl__core__contract_long FROM adb_service_dev;"
adb_service_dev;adb_service_dev;etl;repl__core__contract_long;SELECT;ADBT Owner Etl;"REVOKE SELECT ON etl.repl__core__contract_long FROM adb_service_dev;"
adb_service_dev;adb_service_dev;etl;repl__core__contract_long;UPDATE;ADBT Owner Etl;"REVOKE UPDATE ON etl.repl__core__contract_long FROM adb_service_dev;"
adb_service_dev;adb_service_dev;etl;repl__core__contract_long;DELETE;ADBT Owner Etl;"REVOKE DELETE ON etl.repl__core__contract_long FROM adb_service_dev;"
adb_service_dev;adb_service_dev;etl;repl__core__contract_long;TRUNCATE;ADBT Owner Etl;"REVOKE TRUNCATE ON etl.repl__core__contract_long FROM adb_service_dev;"
adb_service_dev;adb_service_dev;etl;repl__core__contract_long;REFERENCES;ADBT Owner Etl;"REVOKE REFERENCES ON etl.repl__core__contract_long FROM adb_service_dev;"
adb_service_dev;adb_service_dev;etl;repl__core__contract_long;TRIGGER;ADBT Owner Etl;"REVOKE TRIGGER ON etl.repl__core__contract_long FROM adb_service_dev;"
adb_replicat_dev;adb_replicat_dev;etl;repl__core__contract_long;SELECT;ADBT Write Etl;"REVOKE SELECT ON etl.repl__core__contract_long FROM adb_replicat_dev;"
adb_service_dev;adb_service_dev;etl;repl__core__contract_object_element;INSERT;ADBT Owner Etl;"REVOKE INSERT ON etl.repl__core__contract_object_element FROM adb_service_dev;"
adb_service_dev;adb_service_dev;etl;repl__core__contract_object_element;SELECT;ADBT Owner Etl;"REVOKE SELECT ON etl.repl__core__contract_object_element FROM adb_service_dev;"
adb_service_dev;adb_service_dev;etl;repl__core__contract_object_element;UPDATE;ADBT Owner Etl;"REVOKE UPDATE ON etl.repl__core__contract_object_element FROM adb_service_dev;"
adb_service_dev;adb_service_dev;etl;repl__core__contract_object_element;DELETE;ADBT Owner Etl;"REVOKE DELETE ON etl.repl__core__contract_object_element FROM adb_service_dev;"
adb_service_dev;adb_service_dev;etl;repl__core__contract_object_element;TRUNCATE;ADBT Owner Etl;"REVOKE TRUNCATE ON etl.repl__core__contract_object_element FROM adb_service_dev;"
adb_service_dev;adb_service_dev;etl;repl__core__contract_object_element;REFERENCES;ADBT Owner Etl;"REVOKE REFERENCES ON etl.repl__core__contract_object_element FROM adb_service_dev;"
adb_service_dev;adb_service_dev;etl;repl__core__contract_object_element;TRIGGER;ADBT Owner Etl;"REVOKE TRIGGER ON etl.repl__core__contract_object_element FROM adb_service_dev;"
adb_replicat_dev;adb_replicat_dev;etl;repl__core__contract_object_element;SELECT;ADBT Write Etl;"REVOKE SELECT ON etl.repl__core__contract_object_element FROM adb_replicat_dev;"
adb_service_dev;adb_service_dev;etl;repl__core__contact;INSERT;ADBT Owner Etl;"REVOKE INSERT ON etl.repl__core__contact FROM adb_service_dev;"
adb_service_dev;adb_service_dev;etl;repl__core__contact;SELECT;ADBT Owner Etl;"REVOKE SELECT ON etl.repl__core__contact FROM adb_service_dev;"
adb_service_dev;adb_service_dev;etl;repl__core__contact;UPDATE;ADBT Owner Etl;"REVOKE UPDATE ON etl.repl__core__contact FROM adb_service_dev;"
adb_service_dev;adb_service_dev;etl;repl__core__contact;DELETE;ADBT Owner Etl;"REVOKE DELETE ON etl.repl__core__contact FROM adb_service_dev;"
adb_service_dev;adb_service_dev;etl;repl__core__contact;TRUNCATE;ADBT Owner Etl;"REVOKE TRUNCATE ON etl.repl__core__contact FROM adb_service_dev;"
adb_service_dev;adb_service_dev;etl;repl__core__contact;REFERENCES;ADBT Owner Etl;"REVOKE REFERENCES ON etl.repl__core__contact FROM adb_service_dev;"
adb_service_dev;adb_service_dev;etl;repl__core__contact;TRIGGER;ADBT Owner Etl;"REVOKE TRIGGER ON etl.repl__core__contact FROM adb_service_dev;"
adb_replicat_dev;adb_replicat_dev;etl;repl__core__contact;SELECT;ADBT Write Etl;"REVOKE SELECT ON etl.repl__core__contact FROM adb_replicat_dev;"
adb_service_dev;adb_service_dev;etl;repl__core__claim_policyexternal;INSERT;ADBT Owner Etl;"REVOKE INSERT ON etl.repl__core__claim_policyexternal FROM adb_service_dev;"
adb_service_dev;adb_service_dev;etl;repl__core__claim_policyexternal;SELECT;ADBT Owner Etl;"REVOKE SELECT ON etl.repl__core__claim_policyexternal FROM adb_service_dev;"
adb_service_dev;adb_service_dev;etl;repl__core__claim_policyexternal;UPDATE;ADBT Owner Etl;"REVOKE UPDATE ON etl.repl__core__claim_policyexternal FROM adb_service_dev;"
adb_service_dev;adb_service_dev;etl;repl__core__claim_policyexternal;DELETE;ADBT Owner Etl;"REVOKE DELETE ON etl.repl__core__claim_policyexternal FROM adb_service_dev;"
adb_service_dev;adb_service_dev;etl;repl__core__claim_policyexternal;TRUNCATE;ADBT Owner Etl;"REVOKE TRUNCATE ON etl.repl__core__claim_policyexternal FROM adb_service_dev;"
adb_service_dev;adb_service_dev;etl;repl__core__claim_policyexternal;REFERENCES;ADBT Owner Etl;"REVOKE REFERENCES ON etl.repl__core__claim_policyexternal FROM adb_service_dev;"
adb_service_dev;adb_service_dev;etl;repl__core__claim_policyexternal;TRIGGER;ADBT Owner Etl;"REVOKE TRIGGER ON etl.repl__core__claim_policyexternal FROM adb_service_dev;"
adb_replicat_dev;adb_replicat_dev;etl;repl__core__claim_policyexternal;SELECT;ADBT Write Etl;"REVOKE SELECT ON etl.repl__core__claim_policyexternal FROM adb_replicat_dev;"
adb_service_dev;adb_service_dev;etl;repl__core__contract_risk_factor;INSERT;ADBT Owner Etl;"REVOKE INSERT ON etl.repl__core__contract_risk_factor FROM adb_service_dev;"
adb_service_dev;adb_service_dev;etl;repl__core__contract_risk_factor;SELECT;ADBT Owner Etl;"REVOKE SELECT ON etl.repl__core__contract_risk_factor FROM adb_service_dev;"
adb_service_dev;adb_service_dev;etl;repl__core__contract_risk_factor;UPDATE;ADBT Owner Etl;"REVOKE UPDATE ON etl.repl__core__contract_risk_factor FROM adb_service_dev;"
adb_service_dev;adb_service_dev;etl;repl__core__contract_risk_factor;DELETE;ADBT Owner Etl;"REVOKE DELETE ON etl.repl__core__contract_risk_factor FROM adb_service_dev;"
adb_service_dev;adb_service_dev;etl;repl__core__contract_risk_factor;TRUNCATE;ADBT Owner Etl;"REVOKE TRUNCATE ON etl.repl__core__contract_risk_factor FROM adb_service_dev;"
adb_service_dev;adb_service_dev;etl;repl__core__contract_risk_factor;REFERENCES;ADBT Owner Etl;"REVOKE REFERENCES ON etl.repl__core__contract_risk_factor FROM adb_service_dev;"
adb_service_dev;adb_service_dev;etl;repl__core__contract_risk_factor;TRIGGER;ADBT Owner Etl;"REVOKE TRIGGER ON etl.repl__core__contract_risk_factor FROM adb_service_dev;"
adb_replicat_dev;adb_replicat_dev;etl;repl__core__contract_risk_factor;SELECT;ADBT Write Etl;"REVOKE SELECT ON etl.repl__core__contract_risk_factor FROM adb_replicat_dev;"
adb_service_dev;adb_service_dev;etl;repl__core__paper_deferred_payment;INSERT;ADBT Owner Etl;"REVOKE INSERT ON etl.repl__core__paper_deferred_payment FROM adb_service_dev;"
adb_service_dev;adb_service_dev;etl;repl__core__paper_deferred_payment;SELECT;ADBT Owner Etl;"REVOKE SELECT ON etl.repl__core__paper_deferred_payment FROM adb_service_dev;"
adb_service_dev;adb_service_dev;etl;repl__core__paper_deferred_payment;UPDATE;ADBT Owner Etl;"REVOKE UPDATE ON etl.repl__core__paper_deferred_payment FROM adb_service_dev;"
adb_service_dev;adb_service_dev;etl;repl__core__paper_deferred_payment;DELETE;ADBT Owner Etl;"REVOKE DELETE ON etl.repl__core__paper_deferred_payment FROM adb_service_dev;"
adb_service_dev;adb_service_dev;etl;repl__core__paper_deferred_payment;TRUNCATE;ADBT Owner Etl;"REVOKE TRUNCATE ON etl.repl__core__paper_deferred_payment FROM adb_service_dev;"
adb_service_dev;adb_service_dev;etl;repl__core__paper_deferred_payment;REFERENCES;ADBT Owner Etl;"REVOKE REFERENCES ON etl.repl__core__paper_deferred_payment FROM adb_service_dev;"
adb_service_dev;adb_service_dev;etl;repl__core__paper_deferred_payment;TRIGGER;ADBT Owner Etl;"REVOKE TRIGGER ON etl.repl__core__paper_deferred_payment FROM adb_service_dev;"
adb_replicat_dev;adb_replicat_dev;etl;repl__core__paper_deferred_payment;SELECT;ADBT Write Etl;"REVOKE SELECT ON etl.repl__core__paper_deferred_payment FROM adb_replicat_dev;"
adb_service_dev;adb_service_dev;etl;repl__core__agent_report_matching;INSERT;ADBT Owner Etl;"REVOKE INSERT ON etl.repl__core__agent_report_matching FROM adb_service_dev;"
adb_service_dev;adb_service_dev;etl;repl__core__agent_report_matching;SELECT;ADBT Owner Etl;"REVOKE SELECT ON etl.repl__core__agent_report_matching FROM adb_service_dev;"
adb_service_dev;adb_service_dev;etl;repl__core__agent_report_matching;UPDATE;ADBT Owner Etl;"REVOKE UPDATE ON etl.repl__core__agent_report_matching FROM adb_service_dev;"
adb_service_dev;adb_service_dev;etl;repl__core__agent_report_matching;DELETE;ADBT Owner Etl;"REVOKE DELETE ON etl.repl__core__agent_report_matching FROM adb_service_dev;"
adb_service_dev;adb_service_dev;etl;repl__core__agent_report_matching;TRUNCATE;ADBT Owner Etl;"REVOKE TRUNCATE ON etl.repl__core__agent_report_matching FROM adb_service_dev;"
adb_service_dev;adb_service_dev;etl;repl__core__agent_report_matching;REFERENCES;ADBT Owner Etl;"REVOKE REFERENCES ON etl.repl__core__agent_report_matching FROM adb_service_dev;"
adb_service_dev;adb_service_dev;etl;repl__core__agent_report_matching;TRIGGER;ADBT Owner Etl;"REVOKE TRIGGER ON etl.repl__core__agent_report_matching FROM adb_service_dev;"
adb_replicat_dev;adb_replicat_dev;etl;repl__core__agent_report_matching;SELECT;ADBT Write Etl;"REVOKE SELECT ON etl.repl__core__agent_report_matching FROM adb_replicat_dev;"
adb_service_dev;adb_service_dev;etl;repl__core__role;INSERT;ADBT Owner Etl;"REVOKE INSERT ON etl.repl__core__role FROM adb_service_dev;"
adb_service_dev;adb_service_dev;etl;repl__core__role;SELECT;ADBT Owner Etl;"REVOKE SELECT ON etl.repl__core__role FROM adb_service_dev;"
adb_service_dev;adb_service_dev;etl;repl__core__role;UPDATE;ADBT Owner Etl;"REVOKE UPDATE ON etl.repl__core__role FROM adb_service_dev;"
adb_service_dev;adb_service_dev;etl;repl__core__role;DELETE;ADBT Owner Etl;"REVOKE DELETE ON etl.repl__core__role FROM adb_service_dev;"
adb_service_dev;adb_service_dev;etl;repl__core__role;TRUNCATE;ADBT Owner Etl;"REVOKE TRUNCATE ON etl.repl__core__role FROM adb_service_dev;"
adb_service_dev;adb_service_dev;etl;repl__core__role;REFERENCES;ADBT Owner Etl;"REVOKE REFERENCES ON etl.repl__core__role FROM adb_service_dev;"
adb_service_dev;adb_service_dev;etl;repl__core__role;TRIGGER;ADBT Owner Etl;"REVOKE TRIGGER ON etl.repl__core__role FROM adb_service_dev;"
adb_replicat_dev;adb_replicat_dev;etl;repl__core__role;SELECT;ADBT Write Etl;"REVOKE SELECT ON etl.repl__core__role FROM adb_replicat_dev;"
adb_service_dev;adb_service_dev;check_dq;diff_repl_agent_invoice_2026_08_19__05_00_02_k_1_upsert;INSERT;ADBT Owner Check DQ;"REVOKE INSERT ON check_dq.diff_repl_agent_invoice_2026_08_19__05_00_02_k_1_upsert FROM adb_service_dev;"
adb_service_dev;adb_service_dev;check_dq;diff_repl_agent_invoice_2026_08_19__05_00_02_k_1_upsert;SELECT;ADBT Owner Check DQ;"REVOKE SELECT ON check_dq.diff_repl_agent_invoice_2026_08_19__05_00_02_k_1_upsert FROM adb_service_dev;"
adb_service_dev;adb_service_dev;check_dq;diff_repl_agent_invoice_2026_08_19__05_00_02_k_1_upsert;UPDATE;ADBT Owner Check DQ;"REVOKE UPDATE ON check_dq.diff_repl_agent_invoice_2026_08_19__05_00_02_k_1_upsert FROM adb_service_dev;"
adb_service_dev;adb_service_dev;check_dq;diff_repl_agent_invoice_2026_08_19__05_00_02_k_1_upsert;DELETE;ADBT Owner Check DQ;"REVOKE DELETE ON check_dq.diff_repl_agent_invoice_2026_08_19__05_00_02_k_1_upsert FROM adb_service_dev;"
adb_service_dev;adb_service_dev;check_dq;diff_repl_agent_invoice_2026_08_19__05_00_02_k_1_upsert;TRUNCATE;ADBT Owner Check DQ;"REVOKE TRUNCATE ON check_dq.diff_repl_agent_invoice_2026_08_19__05_00_02_k_1_upsert FROM adb_service_dev;"
adb_service_dev;adb_service_dev;check_dq;diff_repl_agent_invoice_2026_08_19__05_00_02_k_1_upsert;REFERENCES;ADBT Owner Check DQ;"REVOKE REFERENCES ON check_dq.diff_repl_agent_invoice_2026_08_19__05_00_02_k_1_upsert FROM adb_service_dev;"
adb_service_dev;adb_service_dev;check_dq;diff_repl_agent_invoice_2026_08_19__05_00_02_k_1_upsert;TRIGGER;ADBT Owner Check DQ;"REVOKE TRIGGER ON check_dq.diff_repl_agent_invoice_2026_08_19__05_00_02_k_1_upsert FROM adb_service_dev;"
adb_service_dev;adb_service_dev;etl;repl__core__counterparty;INSERT;ADBT Owner Etl;"REVOKE INSERT ON etl.repl__core__counterparty FROM adb_service_dev;"
adb_service_dev;adb_service_dev;etl;repl__core__counterparty;SELECT;ADBT Owner Etl;"REVOKE SELECT ON etl.repl__core__counterparty FROM adb_service_dev;"
adb_service_dev;adb_service_dev;etl;repl__core__counterparty;UPDATE;ADBT Owner Etl;"REVOKE UPDATE ON etl.repl__core__counterparty FROM adb_service_dev;"
adb_service_dev;adb_service_dev;etl;repl__core__counterparty;DELETE;ADBT Owner Etl;"REVOKE DELETE ON etl.repl__core__counterparty FROM adb_service_dev;"
adb_service_dev;adb_service_dev;etl;repl__core__counterparty;TRUNCATE;ADBT Owner Etl;"REVOKE TRUNCATE ON etl.repl__core__counterparty FROM adb_service_dev;"
adb_service_dev;adb_service_dev;etl;repl__core__counterparty;REFERENCES;ADBT Owner Etl;"REVOKE REFERENCES ON etl.repl__core__counterparty FROM adb_service_dev;"
adb_service_dev;adb_service_dev;etl;repl__core__counterparty;TRIGGER;ADBT Owner Etl;"REVOKE TRIGGER ON etl.repl__core__counterparty FROM adb_service_dev;"
adb_replicat_dev;adb_replicat_dev;etl;repl__core__counterparty;SELECT;ADBT Write Etl;"REVOKE SELECT ON etl.repl__core__counterparty FROM adb_replicat_dev;"
adb_service_dev;adb_service_dev;etl;repl__core__strict_blank_rsa_hist;INSERT;ADBT Owner Etl;"REVOKE INSERT ON etl.repl__core__strict_blank_rsa_hist FROM adb_service_dev;"
adb_service_dev;adb_service_dev;etl;repl__core__strict_blank_rsa_hist;SELECT;ADBT Owner Etl;"REVOKE SELECT ON etl.repl__core__strict_blank_rsa_hist FROM adb_service_dev;"
adb_service_dev;adb_service_dev;etl;repl__core__strict_blank_rsa_hist;UPDATE;ADBT Owner Etl;"REVOKE UPDATE ON etl.repl__core__strict_blank_rsa_hist FROM adb_service_dev;"
adb_service_dev;adb_service_dev;etl;repl__core__strict_blank_rsa_hist;DELETE;ADBT Owner Etl;"REVOKE DELETE ON etl.repl__core__strict_blank_rsa_hist FROM adb_service_dev;"
adb_service_dev;adb_service_dev;etl;repl__core__strict_blank_rsa_hist;TRUNCATE;ADBT Owner Etl;"REVOKE TRUNCATE ON etl.repl__core__strict_blank_rsa_hist FROM adb_service_dev;"
adb_service_dev;adb_service_dev;etl;repl__core__strict_blank_rsa_hist;REFERENCES;ADBT Owner Etl;"REVOKE REFERENCES ON etl.repl__core__strict_blank_rsa_hist FROM adb_service_dev;"
adb_service_dev;adb_service_dev;etl;repl__core__strict_blank_rsa_hist;TRIGGER;ADBT Owner Etl;"REVOKE TRIGGER ON etl.repl__core__strict_blank_rsa_hist FROM adb_service_dev;"
adb_replicat_dev;adb_replicat_dev;etl;repl__core__strict_blank_rsa_hist;SELECT;ADBT Write Etl;"REVOKE SELECT ON etl.repl__core__strict_blank_rsa_hist FROM adb_replicat_dev;"
adb_service_dev;adb_service_dev;etl;repl__core__declared_return;INSERT;ADBT Owner Etl;"REVOKE INSERT ON etl.repl__core__declared_return FROM adb_service_dev;"
adb_service_dev;adb_service_dev;etl;repl__core__declared_return;SELECT;ADBT Owner Etl;"REVOKE SELECT ON etl.repl__core__declared_return FROM adb_service_dev;"
adb_service_dev;adb_service_dev;etl;repl__core__declared_return;UPDATE;ADBT Owner Etl;"REVOKE UPDATE ON etl.repl__core__declared_return FROM adb_service_dev;"
adb_service_dev;adb_service_dev;etl;repl__core__declared_return;DELETE;ADBT Owner Etl;"REVOKE DELETE ON etl.repl__core__declared_return FROM adb_service_dev;"
adb_service_dev;adb_service_dev;etl;repl__core__declared_return;TRUNCATE;ADBT Owner Etl;"REVOKE TRUNCATE ON etl.repl__core__declared_return FROM adb_service_dev;"
adb_service_dev;adb_service_dev;etl;repl__core__declared_return;REFERENCES;ADBT Owner Etl;"REVOKE REFERENCES ON etl.repl__core__declared_return FROM adb_service_dev;"
adb_service_dev;adb_service_dev;etl;repl__core__declared_return;TRIGGER;ADBT Owner Etl;"REVOKE TRIGGER ON etl.repl__core__declared_return FROM adb_service_dev;"
adb_replicat_dev;adb_replicat_dev;etl;repl__core__declared_return;SELECT;ADBT Write Etl;"REVOKE SELECT ON etl.repl__core__declared_return FROM adb_replicat_dev;"
adb_service_dev;adb_service_dev;check_dq;diff_repl_agent_invoice_2026_08_14__05_00_17_k_1_upsert;INSERT;ADBT Owner Check DQ;"REVOKE INSERT ON check_dq.diff_repl_agent_invoice_2026_08_14__05_00_17_k_1_upsert FROM adb_service_dev;"
adb_service_dev;adb_service_dev;check_dq;diff_repl_agent_invoice_2026_08_14__05_00_17_k_1_upsert;SELECT;ADBT Owner Check DQ;"REVOKE SELECT ON check_dq.diff_repl_agent_invoice_2026_08_14__05_00_17_k_1_upsert FROM adb_service_dev;"
adb_service_dev;adb_service_dev;check_dq;diff_repl_agent_invoice_2026_08_14__05_00_17_k_1_upsert;UPDATE;ADBT Owner Check DQ;"REVOKE UPDATE ON check_dq.diff_repl_agent_invoice_2026_08_14__05_00_17_k_1_upsert FROM adb_service_dev;"
adb_service_dev;adb_service_dev;check_dq;diff_repl_agent_invoice_2026_08_14__05_00_17_k_1_upsert;DELETE;ADBT Owner Check DQ;"REVOKE DELETE ON check_dq.diff_repl_agent_invoice_2026_08_14__05_00_17_k_1_upsert FROM adb_service_dev;"
adb_service_dev;adb_service_dev;check_dq;diff_repl_agent_invoice_2026_08_14__05_00_17_k_1_upsert;TRUNCATE;ADBT Owner Check DQ;"REVOKE TRUNCATE ON check_dq.diff_repl_agent_invoice_2026_08_14__05_00_17_k_1_upsert FROM adb_service_dev;"
adb_service_dev;adb_service_dev;check_dq;diff_repl_agent_invoice_2026_08_14__05_00_17_k_1_upsert;REFERENCES;ADBT Owner Check DQ;"REVOKE REFERENCES ON check_dq.diff_repl_agent_invoice_2026_08_14__05_00_17_k_1_upsert FROM adb_service_dev;"
adb_service_dev;adb_service_dev;check_dq;diff_repl_agent_invoice_2026_08_14__05_00_17_k_1_upsert;TRIGGER;ADBT Owner Check DQ;"REVOKE TRIGGER ON check_dq.diff_repl_agent_invoice_2026_08_14__05_00_17_k_1_upsert FROM adb_service_dev;"
adb_service_dev;adb_service_dev;etl;repl__core__group;INSERT;ADBT Owner Etl;"REVOKE INSERT ON etl.repl__core__group FROM adb_service_dev;"
adb_service_dev;adb_service_dev;etl;repl__core__group;SELECT;ADBT Owner Etl;"REVOKE SELECT ON etl.repl__core__group FROM adb_service_dev;"
adb_service_dev;adb_service_dev;etl;repl__core__group;UPDATE;ADBT Owner Etl;"REVOKE UPDATE ON etl.repl__core__group FROM adb_service_dev;"
adb_service_dev;adb_service_dev;etl;repl__core__group;DELETE;ADBT Owner Etl;"REVOKE DELETE ON etl.repl__core__group FROM adb_service_dev;"
adb_service_dev;adb_service_dev;etl;repl__core__group;TRUNCATE;ADBT Owner Etl;"REVOKE TRUNCATE ON etl.repl__core__group FROM adb_service_dev;"
adb_service_dev;adb_service_dev;etl;repl__core__group;REFERENCES;ADBT Owner Etl;"REVOKE REFERENCES ON etl.repl__core__group FROM adb_service_dev;"
adb_service_dev;adb_service_dev;etl;repl__core__group;TRIGGER;ADBT Owner Etl;"REVOKE TRIGGER ON etl.repl__core__group FROM adb_service_dev;"
adb_replicat_dev;adb_replicat_dev;etl;repl__core__group;SELECT;ADBT Write Etl;"REVOKE SELECT ON etl.repl__core__group FROM adb_replicat_dev;"
adb_service_dev;adb_service_dev;etl;repl__core__reinsurance_condition;INSERT;ADBT Owner Etl;"REVOKE INSERT ON etl.repl__core__reinsurance_condition FROM adb_service_dev;"
adb_service_dev;adb_service_dev;etl;repl__core__reinsurance_condition;SELECT;ADBT Owner Etl;"REVOKE SELECT ON etl.repl__core__reinsurance_condition FROM adb_service_dev;"
adb_service_dev;adb_service_dev;etl;repl__core__reinsurance_condition;UPDATE;ADBT Owner Etl;"REVOKE UPDATE ON etl.repl__core__reinsurance_condition FROM adb_service_dev;"
adb_service_dev;adb_service_dev;etl;repl__core__reinsurance_condition;DELETE;ADBT Owner Etl;"REVOKE DELETE ON etl.repl__core__reinsurance_condition FROM adb_service_dev;"
adb_service_dev;adb_service_dev;etl;repl__core__reinsurance_condition;TRUNCATE;ADBT Owner Etl;"REVOKE TRUNCATE ON etl.repl__core__reinsurance_condition FROM adb_service_dev;"
adb_service_dev;adb_service_dev;etl;repl__core__reinsurance_condition;REFERENCES;ADBT Owner Etl;"REVOKE REFERENCES ON etl.repl__core__reinsurance_condition FROM adb_service_dev;"
adb_service_dev;adb_service_dev;etl;repl__core__reinsurance_condition;TRIGGER;ADBT Owner Etl;"REVOKE TRIGGER ON etl.repl__core__reinsurance_condition FROM adb_service_dev;"
adb_replicat_dev;adb_replicat_dev;etl;repl__core__reinsurance_condition;SELECT;ADBT Write Etl;"REVOKE SELECT ON etl.repl__core__reinsurance_condition FROM adb_replicat_dev;"
adb_service_dev;adb_service_dev;etl;repl__kias_dm__load_agent_report;INSERT;ADBT Owner Etl;"REVOKE INSERT ON etl.repl__kias_dm__load_agent_report FROM adb_service_dev;"
adb_service_dev;adb_service_dev;etl;repl__kias_dm__load_agent_report;SELECT;ADBT Owner Etl;"REVOKE SELECT ON etl.repl__kias_dm__load_agent_report FROM adb_service_dev;"
adb_service_dev;adb_service_dev;etl;repl__kias_dm__load_agent_report;UPDATE;ADBT Owner Etl;"REVOKE UPDATE ON etl.repl__kias_dm__load_agent_report FROM adb_service_dev;"
adb_service_dev;adb_service_dev;etl;repl__kias_dm__load_agent_report;DELETE;ADBT Owner Etl;"REVOKE DELETE ON etl.repl__kias_dm__load_agent_report FROM adb_service_dev;"
adb_service_dev;adb_service_dev;etl;repl__kias_dm__load_agent_report;TRUNCATE;ADBT Owner Etl;"REVOKE TRUNCATE ON etl.repl__kias_dm__load_agent_report FROM adb_service_dev;"
adb_service_dev;adb_service_dev;etl;repl__kias_dm__load_agent_report;REFERENCES;ADBT Owner Etl;"REVOKE REFERENCES ON etl.repl__kias_dm__load_agent_report FROM adb_service_dev;"
adb_service_dev;adb_service_dev;etl;repl__kias_dm__load_agent_report;TRIGGER;ADBT Owner Etl;"REVOKE TRIGGER ON etl.repl__kias_dm__load_agent_report FROM adb_service_dev;"
adb_replicat_dev;adb_replicat_dev;etl;repl__kias_dm__load_agent_report;SELECT;ADBT Write Etl;"REVOKE SELECT ON etl.repl__kias_dm__load_agent_report FROM adb_replicat_dev;"
adb_service_dev;adb_service_dev;etl;repl__kias_dm__load_agent_report_row;INSERT;ADBT Owner Etl;"REVOKE INSERT ON etl.repl__kias_dm__load_agent_report_row FROM adb_service_dev;"
adb_service_dev;adb_service_dev;etl;repl__kias_dm__load_agent_report_row;SELECT;ADBT Owner Etl;"REVOKE SELECT ON etl.repl__kias_dm__load_agent_report_row FROM adb_service_dev;"
adb_service_dev;adb_service_dev;etl;repl__kias_dm__load_agent_report_row;UPDATE;ADBT Owner Etl;"REVOKE UPDATE ON etl.repl__kias_dm__load_agent_report_row FROM adb_service_dev;"
adb_service_dev;adb_service_dev;etl;repl__kias_dm__load_agent_report_row;DELETE;ADBT Owner Etl;"REVOKE DELETE ON etl.repl__kias_dm__load_agent_report_row FROM adb_service_dev;"
adb_service_dev;adb_service_dev;etl;repl__kias_dm__load_agent_report_row;TRUNCATE;ADBT Owner Etl;"REVOKE TRUNCATE ON etl.repl__kias_dm__load_agent_report_row FROM adb_service_dev;"
adb_service_dev;adb_service_dev;etl;repl__kias_dm__load_agent_report_row;REFERENCES;ADBT Owner Etl;"REVOKE REFERENCES ON etl.repl__kias_dm__load_agent_report_row FROM adb_service_dev;"
adb_service_dev;adb_service_dev;etl;repl__kias_dm__load_agent_report_row;TRIGGER;ADBT Owner Etl;"REVOKE TRIGGER ON etl.repl__kias_dm__load_agent_report_row FROM adb_service_dev;"
adb_replicat_dev;adb_replicat_dev;etl;repl__kias_dm__load_agent_report_row;SELECT;ADBT Write Etl;"REVOKE SELECT ON etl.repl__kias_dm__load_agent_report_row FROM adb_replicat_dev;"
adb_service_dev;adb_service_dev;etl;repl__core__contract_address_hist;INSERT;ADBT Owner Etl;"REVOKE INSERT ON etl.repl__core__contract_address_hist FROM adb_service_dev;"
adb_service_dev;adb_service_dev;etl;repl__core__contract_address_hist;SELECT;ADBT Owner Etl;"REVOKE SELECT ON etl.repl__core__contract_address_hist FROM adb_service_dev;"
adb_service_dev;adb_service_dev;etl;repl__core__contract_address_hist;UPDATE;ADBT Owner Etl;"REVOKE UPDATE ON etl.repl__core__contract_address_hist FROM adb_service_dev;"
adb_service_dev;adb_service_dev;etl;repl__core__contract_address_hist;DELETE;ADBT Owner Etl;"REVOKE DELETE ON etl.repl__core__contract_address_hist FROM adb_service_dev;"
adb_service_dev;adb_service_dev;etl;repl__core__contract_address_hist;TRUNCATE;ADBT Owner Etl;"REVOKE TRUNCATE ON etl.repl__core__contract_address_hist FROM adb_service_dev;"
adb_service_dev;adb_service_dev;etl;repl__core__contract_address_hist;REFERENCES;ADBT Owner Etl;"REVOKE REFERENCES ON etl.repl__core__contract_address_hist FROM adb_service_dev;"
adb_service_dev;adb_service_dev;etl;repl__core__contract_address_hist;TRIGGER;ADBT Owner Etl;"REVOKE TRIGGER ON etl.repl__core__contract_address_hist FROM adb_service_dev;"
adb_replicat_dev;adb_replicat_dev;etl;repl__core__contract_address_hist;SELECT;ADBT Write Etl;"REVOKE SELECT ON etl.repl__core__contract_address_hist FROM adb_replicat_dev;"
adb_service_dev;adb_service_dev;etl;repl__core__business_act;INSERT;ADBT Owner Etl;"REVOKE INSERT ON etl.repl__core__business_act FROM adb_service_dev;"
adb_service_dev;adb_service_dev;etl;repl__core__business_act;SELECT;ADBT Owner Etl;"REVOKE SELECT ON etl.repl__core__business_act FROM adb_service_dev;"
adb_service_dev;adb_service_dev;etl;repl__core__business_act;UPDATE;ADBT Owner Etl;"REVOKE UPDATE ON etl.repl__core__business_act FROM adb_service_dev;"
adb_service_dev;adb_service_dev;etl;repl__core__business_act;DELETE;ADBT Owner Etl;"REVOKE DELETE ON etl.repl__core__business_act FROM adb_service_dev;"
adb_service_dev;adb_service_dev;etl;repl__core__business_act;TRUNCATE;ADBT Owner Etl;"REVOKE TRUNCATE ON etl.repl__core__business_act FROM adb_service_dev;"
adb_service_dev;adb_service_dev;etl;repl__core__business_act;REFERENCES;ADBT Owner Etl;"REVOKE REFERENCES ON etl.repl__core__business_act FROM adb_service_dev;"
adb_service_dev;adb_service_dev;etl;repl__core__business_act;TRIGGER;ADBT Owner Etl;"REVOKE TRIGGER ON etl.repl__core__business_act FROM adb_service_dev;"
adb_replicat_dev;adb_replicat_dev;etl;repl__core__business_act;SELECT;ADBT Write Etl;"REVOKE SELECT ON etl.repl__core__business_act FROM adb_replicat_dev;"
adb_service_dev;adb_service_dev;etl;repl__core__vehicle;INSERT;ADBT Owner Etl;"REVOKE INSERT ON etl.repl__core__vehicle FROM adb_service_dev;"
adb_service_dev;adb_service_dev;etl;repl__core__vehicle;SELECT;ADBT Owner Etl;"REVOKE SELECT ON etl.repl__core__vehicle FROM adb_service_dev;"
adb_service_dev;adb_service_dev;etl;repl__core__vehicle;UPDATE;ADBT Owner Etl;"REVOKE UPDATE ON etl.repl__core__vehicle FROM adb_service_dev;"
adb_service_dev;adb_service_dev;etl;repl__core__vehicle;DELETE;ADBT Owner Etl;"REVOKE DELETE ON etl.repl__core__vehicle FROM adb_service_dev;"
adb_service_dev;adb_service_dev;etl;repl__core__vehicle;TRUNCATE;ADBT Owner Etl;"REVOKE TRUNCATE ON etl.repl__core__vehicle FROM adb_service_dev;"
adb_service_dev;adb_service_dev;etl;repl__core__vehicle;REFERENCES;ADBT Owner Etl;"REVOKE REFERENCES ON etl.repl__core__vehicle FROM adb_service_dev;"
adb_service_dev;adb_service_dev;etl;repl__core__vehicle;TRIGGER;ADBT Owner Etl;"REVOKE TRIGGER ON etl.repl__core__vehicle FROM adb_service_dev;"
adb_replicat_dev;adb_replicat_dev;etl;repl__core__vehicle;SELECT;ADBT Write Etl;"REVOKE SELECT ON etl.repl__core__vehicle FROM adb_replicat_dev;"
adb_service_dev;adb_service_dev;etl;repl__kias_dm__load_agrsum;INSERT;ADBT Owner Etl;"REVOKE INSERT ON etl.repl__kias_dm__load_agrsum FROM adb_service_dev;"
adb_service_dev;adb_service_dev;etl;repl__kias_dm__load_agrsum;SELECT;ADBT Owner Etl;"REVOKE SELECT ON etl.repl__kias_dm__load_agrsum FROM adb_service_dev;"
adb_service_dev;adb_service_dev;etl;repl__kias_dm__load_agrsum;UPDATE;ADBT Owner Etl;"REVOKE UPDATE ON etl.repl__kias_dm__load_agrsum FROM adb_service_dev;"
adb_service_dev;adb_service_dev;etl;repl__kias_dm__load_agrsum;DELETE;ADBT Owner Etl;"REVOKE DELETE ON etl.repl__kias_dm__load_agrsum FROM adb_service_dev;"
adb_service_dev;adb_service_dev;etl;repl__kias_dm__load_agrsum;TRUNCATE;ADBT Owner Etl;"REVOKE TRUNCATE ON etl.repl__kias_dm__load_agrsum FROM adb_service_dev;"
adb_service_dev;adb_service_dev;etl;repl__kias_dm__load_agrsum;REFERENCES;ADBT Owner Etl;"REVOKE REFERENCES ON etl.repl__kias_dm__load_agrsum FROM adb_service_dev;"
adb_service_dev;adb_service_dev;etl;repl__kias_dm__load_agrsum;TRIGGER;ADBT Owner Etl;"REVOKE TRIGGER ON etl.repl__kias_dm__load_agrsum FROM adb_service_dev;"
adb_replicat_dev;adb_replicat_dev;etl;repl__kias_dm__load_agrsum;SELECT;ADBT Write Etl;"REVOKE SELECT ON etl.repl__kias_dm__load_agrsum FROM adb_replicat_dev;"
adb_service_dev;adb_service_dev;etl;repl__core__employee_insurance_type;INSERT;ADBT Owner Etl;"REVOKE INSERT ON etl.repl__core__employee_insurance_type FROM adb_service_dev;"
adb_service_dev;adb_service_dev;etl;repl__core__employee_insurance_type;SELECT;ADBT Owner Etl;"REVOKE SELECT ON etl.repl__core__employee_insurance_type FROM adb_service_dev;"
adb_service_dev;adb_service_dev;etl;repl__core__employee_insurance_type;UPDATE;ADBT Owner Etl;"REVOKE UPDATE ON etl.repl__core__employee_insurance_type FROM adb_service_dev;"
adb_service_dev;adb_service_dev;etl;repl__core__employee_insurance_type;DELETE;ADBT Owner Etl;"REVOKE DELETE ON etl.repl__core__employee_insurance_type FROM adb_service_dev;"
adb_service_dev;adb_service_dev;etl;repl__core__employee_insurance_type;TRUNCATE;ADBT Owner Etl;"REVOKE TRUNCATE ON etl.repl__core__employee_insurance_type FROM adb_service_dev;"
adb_service_dev;adb_service_dev;etl;repl__core__employee_insurance_type;REFERENCES;ADBT Owner Etl;"REVOKE REFERENCES ON etl.repl__core__employee_insurance_type FROM adb_service_dev;"
adb_service_dev;adb_service_dev;etl;repl__core__employee_insurance_type;TRIGGER;ADBT Owner Etl;"REVOKE TRIGGER ON etl.repl__core__employee_insurance_type FROM adb_service_dev;"
adb_replicat_dev;adb_replicat_dev;etl;repl__core__employee_insurance_type;SELECT;ADBT Write Etl;"REVOKE SELECT ON etl.repl__core__employee_insurance_type FROM adb_replicat_dev;"
adb_service_dev;adb_service_dev;etl;repl__core__segment;INSERT;ADBT Owner Etl;"REVOKE INSERT ON etl.repl__core__segment FROM adb_service_dev;"
adb_service_dev;adb_service_dev;etl;repl__core__segment;SELECT;ADBT Owner Etl;"REVOKE SELECT ON etl.repl__core__segment FROM adb_service_dev;"
adb_service_dev;adb_service_dev;etl;repl__core__segment;UPDATE;ADBT Owner Etl;"REVOKE UPDATE ON etl.repl__core__segment FROM adb_service_dev;"
adb_service_dev;adb_service_dev;etl;repl__core__segment;DELETE;ADBT Owner Etl;"REVOKE DELETE ON etl.repl__core__segment FROM adb_service_dev;"
adb_service_dev;adb_service_dev;etl;repl__core__segment;TRUNCATE;ADBT Owner Etl;"REVOKE TRUNCATE ON etl.repl__core__segment FROM adb_service_dev;"
adb_service_dev;adb_service_dev;etl;repl__core__segment;REFERENCES;ADBT Owner Etl;"REVOKE REFERENCES ON etl.repl__core__segment FROM adb_service_dev;"
adb_service_dev;adb_service_dev;etl;repl__core__segment;TRIGGER;ADBT Owner Etl;"REVOKE TRIGGER ON etl.repl__core__segment FROM adb_service_dev;"
adb_replicat_dev;adb_replicat_dev;etl;repl__core__segment;SELECT;ADBT Write Etl;"REVOKE SELECT ON etl.repl__core__segment FROM adb_replicat_dev;"
adb_service_dev;adb_service_dev;etl;repl__core__claim_subroadverseparty;INSERT;ADBT Owner Etl;"REVOKE INSERT ON etl.repl__core__claim_subroadverseparty FROM adb_service_dev;"
adb_service_dev;adb_service_dev;etl;repl__core__claim_subroadverseparty;SELECT;ADBT Owner Etl;"REVOKE SELECT ON etl.repl__core__claim_subroadverseparty FROM adb_service_dev;"
adb_service_dev;adb_service_dev;etl;repl__core__claim_subroadverseparty;UPDATE;ADBT Owner Etl;"REVOKE UPDATE ON etl.repl__core__claim_subroadverseparty FROM adb_service_dev;"
adb_service_dev;adb_service_dev;etl;repl__core__claim_subroadverseparty;DELETE;ADBT Owner Etl;"REVOKE DELETE ON etl.repl__core__claim_subroadverseparty FROM adb_service_dev;"
adb_service_dev;adb_service_dev;etl;repl__core__claim_subroadverseparty;TRUNCATE;ADBT Owner Etl;"REVOKE TRUNCATE ON etl.repl__core__claim_subroadverseparty FROM adb_service_dev;"
adb_service_dev;adb_service_dev;etl;repl__core__claim_subroadverseparty;REFERENCES;ADBT Owner Etl;"REVOKE REFERENCES ON etl.repl__core__claim_subroadverseparty FROM adb_service_dev;"
adb_service_dev;adb_service_dev;etl;repl__core__claim_subroadverseparty;TRIGGER;ADBT Owner Etl;"REVOKE TRIGGER ON etl.repl__core__claim_subroadverseparty FROM adb_service_dev;"
adb_replicat_dev;adb_replicat_dev;etl;repl__core__claim_subroadverseparty;SELECT;ADBT Write Etl;"REVOKE SELECT ON etl.repl__core__claim_subroadverseparty FROM adb_replicat_dev;"
adb_service_dev;adb_service_dev;etl;repl__core__reinsurance_counterparty;INSERT;ADBT Owner Etl;"REVOKE INSERT ON etl.repl__core__reinsurance_counterparty FROM adb_service_dev;"
adb_service_dev;adb_service_dev;etl;repl__core__reinsurance_counterparty;SELECT;ADBT Owner Etl;"REVOKE SELECT ON etl.repl__core__reinsurance_counterparty FROM adb_service_dev;"
adb_service_dev;adb_service_dev;etl;repl__core__reinsurance_counterparty;UPDATE;ADBT Owner Etl;"REVOKE UPDATE ON etl.repl__core__reinsurance_counterparty FROM adb_service_dev;"
adb_service_dev;adb_service_dev;etl;repl__core__reinsurance_counterparty;DELETE;ADBT Owner Etl;"REVOKE DELETE ON etl.repl__core__reinsurance_counterparty FROM adb_service_dev;"
adb_service_dev;adb_service_dev;etl;repl__core__reinsurance_counterparty;TRUNCATE;ADBT Owner Etl;"REVOKE TRUNCATE ON etl.repl__core__reinsurance_counterparty FROM adb_service_dev;"
adb_service_dev;adb_service_dev;etl;repl__core__reinsurance_counterparty;REFERENCES;ADBT Owner Etl;"REVOKE REFERENCES ON etl.repl__core__reinsurance_counterparty FROM adb_service_dev;"
adb_service_dev;adb_service_dev;etl;repl__core__reinsurance_counterparty;TRIGGER;ADBT Owner Etl;"REVOKE TRIGGER ON etl.repl__core__reinsurance_counterparty FROM adb_service_dev;"
adb_replicat_dev;adb_replicat_dev;etl;repl__core__reinsurance_counterparty;SELECT;ADBT Write Etl;"REVOKE SELECT ON etl.repl__core__reinsurance_counterparty FROM adb_replicat_dev;"
adb_service_dev;adb_service_dev;etl;repl__core__insured_vehicle;INSERT;ADBT Owner Etl;"REVOKE INSERT ON etl.repl__core__insured_vehicle FROM adb_service_dev;"
adb_service_dev;adb_service_dev;etl;repl__core__insured_vehicle;SELECT;ADBT Owner Etl;"REVOKE SELECT ON etl.repl__core__insured_vehicle FROM adb_service_dev;"
adb_service_dev;adb_service_dev;etl;repl__core__insured_vehicle;UPDATE;ADBT Owner Etl;"REVOKE UPDATE ON etl.repl__core__insured_vehicle FROM adb_service_dev;"
adb_service_dev;adb_service_dev;etl;repl__core__insured_vehicle;DELETE;ADBT Owner Etl;"REVOKE DELETE ON etl.repl__core__insured_vehicle FROM adb_service_dev;"
adb_service_dev;adb_service_dev;etl;repl__core__insured_vehicle;TRUNCATE;ADBT Owner Etl;"REVOKE TRUNCATE ON etl.repl__core__insured_vehicle FROM adb_service_dev;"
adb_service_dev;adb_service_dev;etl;repl__core__insured_vehicle;REFERENCES;ADBT Owner Etl;"REVOKE REFERENCES ON etl.repl__core__insured_vehicle FROM adb_service_dev;"
adb_service_dev;adb_service_dev;etl;repl__core__insured_vehicle;TRIGGER;ADBT Owner Etl;"REVOKE TRIGGER ON etl.repl__core__insured_vehicle FROM adb_service_dev;"
adb_replicat_dev;adb_replicat_dev;etl;repl__core__insured_vehicle;SELECT;ADBT Write Etl;"REVOKE SELECT ON etl.repl__core__insured_vehicle FROM adb_replicat_dev;"
adb_service_dev;adb_service_dev;etl;repl__core__claim_reserverejection;INSERT;ADBT Owner Etl;"REVOKE INSERT ON etl.repl__core__claim_reserverejection FROM adb_service_dev;"
adb_service_dev;adb_service_dev;etl;repl__core__claim_reserverejection;SELECT;ADBT Owner Etl;"REVOKE SELECT ON etl.repl__core__claim_reserverejection FROM adb_service_dev;"
adb_service_dev;adb_service_dev;etl;repl__core__claim_reserverejection;UPDATE;ADBT Owner Etl;"REVOKE UPDATE ON etl.repl__core__claim_reserverejection FROM adb_service_dev;"
adb_service_dev;adb_service_dev;etl;repl__core__claim_reserverejection;DELETE;ADBT Owner Etl;"REVOKE DELETE ON etl.repl__core__claim_reserverejection FROM adb_service_dev;"
adb_service_dev;adb_service_dev;etl;repl__core__claim_reserverejection;TRUNCATE;ADBT Owner Etl;"REVOKE TRUNCATE ON etl.repl__core__claim_reserverejection FROM adb_service_dev;"
adb_service_dev;adb_service_dev;etl;repl__core__claim_reserverejection;REFERENCES;ADBT Owner Etl;"REVOKE REFERENCES ON etl.repl__core__claim_reserverejection FROM adb_service_dev;"
adb_service_dev;adb_service_dev;etl;repl__core__claim_reserverejection;TRIGGER;ADBT Owner Etl;"REVOKE TRIGGER ON etl.repl__core__claim_reserverejection FROM adb_service_dev;"
adb_replicat_dev;adb_replicat_dev;etl;repl__core__claim_reserverejection;SELECT;ADBT Write Etl;"REVOKE SELECT ON etl.repl__core__claim_reserverejection FROM adb_replicat_dev;"
adb_service_dev;adb_service_dev;etl;repl__kias_dm__load_contract;INSERT;ADBT Owner Etl;"REVOKE INSERT ON etl.repl__kias_dm__load_contract FROM adb_service_dev;"
adb_service_dev;adb_service_dev;etl;repl__kias_dm__load_contract;SELECT;ADBT Owner Etl;"REVOKE SELECT ON etl.repl__kias_dm__load_contract FROM adb_service_dev;"
adb_service_dev;adb_service_dev;etl;repl__kias_dm__load_contract;UPDATE;ADBT Owner Etl;"REVOKE UPDATE ON etl.repl__kias_dm__load_contract FROM adb_service_dev;"
adb_service_dev;adb_service_dev;etl;repl__kias_dm__load_contract;DELETE;ADBT Owner Etl;"REVOKE DELETE ON etl.repl__kias_dm__load_contract FROM adb_service_dev;"
adb_service_dev;adb_service_dev;etl;repl__kias_dm__load_contract;TRUNCATE;ADBT Owner Etl;"REVOKE TRUNCATE ON etl.repl__kias_dm__load_contract FROM adb_service_dev;"
adb_service_dev;adb_service_dev;etl;repl__kias_dm__load_contract;REFERENCES;ADBT Owner Etl;"REVOKE REFERENCES ON etl.repl__kias_dm__load_contract FROM adb_service_dev;"
adb_service_dev;adb_service_dev;etl;repl__kias_dm__load_contract;TRIGGER;ADBT Owner Etl;"REVOKE TRIGGER ON etl.repl__kias_dm__load_contract FROM adb_service_dev;"
adb_replicat_dev;adb_replicat_dev;etl;repl__kias_dm__load_contract;SELECT;ADBT Write Etl;"REVOKE SELECT ON etl.repl__kias_dm__load_contract FROM adb_replicat_dev;"
adb_service_dev;adb_service_dev;etl;repl__kias_dm__load_agent_act;INSERT;ADBT Owner Etl;"REVOKE INSERT ON etl.repl__kias_dm__load_agent_act FROM adb_service_dev;"
adb_service_dev;adb_service_dev;etl;repl__kias_dm__load_agent_act;SELECT;ADBT Owner Etl;"REVOKE SELECT ON etl.repl__kias_dm__load_agent_act FROM adb_service_dev;"
adb_service_dev;adb_service_dev;etl;repl__kias_dm__load_agent_act;UPDATE;ADBT Owner Etl;"REVOKE UPDATE ON etl.repl__kias_dm__load_agent_act FROM adb_service_dev;"
adb_service_dev;adb_service_dev;etl;repl__kias_dm__load_agent_act;DELETE;ADBT Owner Etl;"REVOKE DELETE ON etl.repl__kias_dm__load_agent_act FROM adb_service_dev;"
adb_service_dev;adb_service_dev;etl;repl__kias_dm__load_agent_act;TRUNCATE;ADBT Owner Etl;"REVOKE TRUNCATE ON etl.repl__kias_dm__load_agent_act FROM adb_service_dev;"
adb_service_dev;adb_service_dev;etl;repl__kias_dm__load_agent_act;REFERENCES;ADBT Owner Etl;"REVOKE REFERENCES ON etl.repl__kias_dm__load_agent_act FROM adb_service_dev;"
adb_service_dev;adb_service_dev;etl;repl__kias_dm__load_agent_act;TRIGGER;ADBT Owner Etl;"REVOKE TRIGGER ON etl.repl__kias_dm__load_agent_act FROM adb_service_dev;"
adb_replicat_dev;adb_replicat_dev;etl;repl__kias_dm__load_agent_act;SELECT;ADBT Write Etl;"REVOKE SELECT ON etl.repl__kias_dm__load_agent_act FROM adb_replicat_dev;"
vatsvetkova;Цветкова Виктория Андреевна (Viktoriya Tsvetkova);cdm;vat_claim_incident_check2;INSERT;ADBT Owner Cdm;"REVOKE INSERT ON cdm.vat_claim_incident_check2 FROM vatsvetkova;"
vatsvetkova;Цветкова Виктория Андреевна (Viktoriya Tsvetkova);cdm;vat_claim_incident_check2;SELECT;ADBT Owner Cdm;"REVOKE SELECT ON cdm.vat_claim_incident_check2 FROM vatsvetkova;"
vatsvetkova;Цветкова Виктория Андреевна (Viktoriya Tsvetkova);cdm;vat_claim_incident_check2;UPDATE;ADBT Owner Cdm;"REVOKE UPDATE ON cdm.vat_claim_incident_check2 FROM vatsvetkova;"
vatsvetkova;Цветкова Виктория Андреевна (Viktoriya Tsvetkova);cdm;vat_claim_incident_check2;DELETE;ADBT Owner Cdm;"REVOKE DELETE ON cdm.vat_claim_incident_check2 FROM vatsvetkova;"
vatsvetkova;Цветкова Виктория Андреевна (Viktoriya Tsvetkova);cdm;vat_claim_incident_check2;TRUNCATE;ADBT Owner Cdm;"REVOKE TRUNCATE ON cdm.vat_claim_incident_check2 FROM vatsvetkova;"
vatsvetkova;Цветкова Виктория Андреевна (Viktoriya Tsvetkova);cdm;vat_claim_incident_check2;REFERENCES;ADBT Owner Cdm;"REVOKE REFERENCES ON cdm.vat_claim_incident_check2 FROM vatsvetkova;"
vatsvetkova;Цветкова Виктория Андреевна (Viktoriya Tsvetkova);cdm;vat_claim_incident_check2;TRIGGER;ADBT Owner Cdm;"REVOKE TRIGGER ON cdm.vat_claim_incident_check2 FROM vatsvetkova;"
vatsvetkova;Цветкова Виктория Андреевна (Viktoriya Tsvetkova);cdm;vat_claim_inc_check;INSERT;ADBT Owner Cdm;"REVOKE INSERT ON cdm.vat_claim_inc_check FROM vatsvetkova;"
vatsvetkova;Цветкова Виктория Андреевна (Viktoriya Tsvetkova);cdm;vat_claim_inc_check;SELECT;ADBT Owner Cdm;"REVOKE SELECT ON cdm.vat_claim_inc_check FROM vatsvetkova;"
vatsvetkova;Цветкова Виктория Андреевна (Viktoriya Tsvetkova);cdm;vat_claim_inc_check;UPDATE;ADBT Owner Cdm;"REVOKE UPDATE ON cdm.vat_claim_inc_check FROM vatsvetkova;"
vatsvetkova;Цветкова Виктория Андреевна (Viktoriya Tsvetkova);cdm;vat_claim_inc_check;DELETE;ADBT Owner Cdm;"REVOKE DELETE ON cdm.vat_claim_inc_check FROM vatsvetkova;"
vatsvetkova;Цветкова Виктория Андреевна (Viktoriya Tsvetkova);cdm;vat_claim_inc_check;TRUNCATE;ADBT Owner Cdm;"REVOKE TRUNCATE ON cdm.vat_claim_inc_check FROM vatsvetkova;"
vatsvetkova;Цветкова Виктория Андреевна (Viktoriya Tsvetkova);cdm;vat_claim_inc_check;REFERENCES;ADBT Owner Cdm;"REVOKE REFERENCES ON cdm.vat_claim_inc_check FROM vatsvetkova;"
vatsvetkova;Цветкова Виктория Андреевна (Viktoriya Tsvetkova);cdm;vat_claim_inc_check;TRIGGER;ADBT Owner Cdm;"REVOKE TRIGGER ON cdm.vat_claim_inc_check FROM vatsvetkova;"
vatsvetkova;Цветкова Виктория Андреевна (Viktoriya Tsvetkova);cdm;vat_claim_incident_check3;INSERT;ADBT Owner Cdm;"REVOKE INSERT ON cdm.vat_claim_incident_check3 FROM vatsvetkova;"
vatsvetkova;Цветкова Виктория Андреевна (Viktoriya Tsvetkova);cdm;vat_claim_incident_check3;SELECT;ADBT Owner Cdm;"REVOKE SELECT ON cdm.vat_claim_incident_check3 FROM vatsvetkova;"
vatsvetkova;Цветкова Виктория Андреевна (Viktoriya Tsvetkova);cdm;vat_claim_incident_check3;UPDATE;ADBT Owner Cdm;"REVOKE UPDATE ON cdm.vat_claim_incident_check3 FROM vatsvetkova;"
vatsvetkova;Цветкова Виктория Андреевна (Viktoriya Tsvetkova);cdm;vat_claim_incident_check3;DELETE;ADBT Owner Cdm;"REVOKE DELETE ON cdm.vat_claim_incident_check3 FROM vatsvetkova;"
vatsvetkova;Цветкова Виктория Андреевна (Viktoriya Tsvetkova);cdm;vat_claim_incident_check3;TRUNCATE;ADBT Owner Cdm;"REVOKE TRUNCATE ON cdm.vat_claim_incident_check3 FROM vatsvetkova;"
vatsvetkova;Цветкова Виктория Андреевна (Viktoriya Tsvetkova);cdm;vat_claim_incident_check3;REFERENCES;ADBT Owner Cdm;"REVOKE REFERENCES ON cdm.vat_claim_incident_check3 FROM vatsvetkova;"
vatsvetkova;Цветкова Виктория Андреевна (Viktoriya Tsvetkova);cdm;vat_claim_incident_check3;TRIGGER;ADBT Owner Cdm;"REVOKE TRIGGER ON cdm.vat_claim_incident_check3 FROM vatsvetkova;"
adb_service_dev;adb_service_dev;etl;repl__comdm__contract_atr_mngr;INSERT;ADBT Owner Etl;"REVOKE INSERT ON etl.repl__comdm__contract_atr_mngr FROM adb_service_dev;"
adb_service_dev;adb_service_dev;etl;repl__comdm__contract_atr_mngr;SELECT;ADBT Owner Etl;"REVOKE SELECT ON etl.repl__comdm__contract_atr_mngr FROM adb_service_dev;"
adb_service_dev;adb_service_dev;etl;repl__comdm__contract_atr_mngr;UPDATE;ADBT Owner Etl;"REVOKE UPDATE ON etl.repl__comdm__contract_atr_mngr FROM adb_service_dev;"
adb_service_dev;adb_service_dev;etl;repl__comdm__contract_atr_mngr;DELETE;ADBT Owner Etl;"REVOKE DELETE ON etl.repl__comdm__contract_atr_mngr FROM adb_service_dev;"
adb_service_dev;adb_service_dev;etl;repl__comdm__contract_atr_mngr;TRUNCATE;ADBT Owner Etl;"REVOKE TRUNCATE ON etl.repl__comdm__contract_atr_mngr FROM adb_service_dev;"
adb_service_dev;adb_service_dev;etl;repl__comdm__contract_atr_mngr;REFERENCES;ADBT Owner Etl;"REVOKE REFERENCES ON etl.repl__comdm__contract_atr_mngr FROM adb_service_dev;"
adb_service_dev;adb_service_dev;etl;repl__comdm__contract_atr_mngr;TRIGGER;ADBT Owner Etl;"REVOKE TRIGGER ON etl.repl__comdm__contract_atr_mngr FROM adb_service_dev;"
adb_replicat_dev;adb_replicat_dev;etl;repl__comdm__contract_atr_mngr;SELECT;ADBT Write Etl;"REVOKE SELECT ON etl.repl__comdm__contract_atr_mngr FROM adb_replicat_dev;"
adb_service_dev;adb_service_dev;etl;repl__core__cancel_storno;INSERT;ADBT Owner Etl;"REVOKE INSERT ON etl.repl__core__cancel_storno FROM adb_service_dev;"
adb_service_dev;adb_service_dev;etl;repl__core__cancel_storno;SELECT;ADBT Owner Etl;"REVOKE SELECT ON etl.repl__core__cancel_storno FROM adb_service_dev;"
adb_service_dev;adb_service_dev;etl;repl__core__cancel_storno;UPDATE;ADBT Owner Etl;"REVOKE UPDATE ON etl.repl__core__cancel_storno FROM adb_service_dev;"
adb_service_dev;adb_service_dev;etl;repl__core__cancel_storno;DELETE;ADBT Owner Etl;"REVOKE DELETE ON etl.repl__core__cancel_storno FROM adb_service_dev;"
adb_service_dev;adb_service_dev;etl;repl__core__cancel_storno;TRUNCATE;ADBT Owner Etl;"REVOKE TRUNCATE ON etl.repl__core__cancel_storno FROM adb_service_dev;"
adb_service_dev;adb_service_dev;etl;repl__core__cancel_storno;REFERENCES;ADBT Owner Etl;"REVOKE REFERENCES ON etl.repl__core__cancel_storno FROM adb_service_dev;"
adb_service_dev;adb_service_dev;etl;repl__core__cancel_storno;TRIGGER;ADBT Owner Etl;"REVOKE TRIGGER ON etl.repl__core__cancel_storno FROM adb_service_dev;"
adb_replicat_dev;adb_replicat_dev;etl;repl__core__cancel_storno;SELECT;ADBT Write Etl;"REVOKE SELECT ON etl.repl__core__cancel_storno FROM adb_replicat_dev;"
adb_service_dev;adb_service_dev;etl;repl__comdm__partner_type_map;INSERT;ADBT Owner Etl;"REVOKE INSERT ON etl.repl__comdm__partner_type_map FROM adb_service_dev;"
adb_service_dev;adb_service_dev;etl;repl__comdm__partner_type_map;SELECT;ADBT Owner Etl;"REVOKE SELECT ON etl.repl__comdm__partner_type_map FROM adb_service_dev;"
adb_service_dev;adb_service_dev;etl;repl__comdm__partner_type_map;UPDATE;ADBT Owner Etl;"REVOKE UPDATE ON etl.repl__comdm__partner_type_map FROM adb_service_dev;"
adb_service_dev;adb_service_dev;etl;repl__comdm__partner_type_map;DELETE;ADBT Owner Etl;"REVOKE DELETE ON etl.repl__comdm__partner_type_map FROM adb_service_dev;"
adb_service_dev;adb_service_dev;etl;repl__comdm__partner_type_map;TRUNCATE;ADBT Owner Etl;"REVOKE TRUNCATE ON etl.repl__comdm__partner_type_map FROM adb_service_dev;"
adb_service_dev;adb_service_dev;etl;repl__comdm__partner_type_map;REFERENCES;ADBT Owner Etl;"REVOKE REFERENCES ON etl.repl__comdm__partner_type_map FROM adb_service_dev;"
adb_service_dev;adb_service_dev;etl;repl__comdm__partner_type_map;TRIGGER;ADBT Owner Etl;"REVOKE TRIGGER ON etl.repl__comdm__partner_type_map FROM adb_service_dev;"
adb_replicat_dev;adb_replicat_dev;etl;repl__comdm__partner_type_map;SELECT;ADBT Write Etl;"REVOKE SELECT ON etl.repl__comdm__partner_type_map FROM adb_replicat_dev;"
adb_service_dev;adb_service_dev;etl;repl__core__reinsurance_declared_return;INSERT;ADBT Owner Etl;"REVOKE INSERT ON etl.repl__core__reinsurance_declared_return FROM adb_service_dev;"
adb_service_dev;adb_service_dev;etl;repl__core__reinsurance_declared_return;SELECT;ADBT Owner Etl;"REVOKE SELECT ON etl.repl__core__reinsurance_declared_return FROM adb_service_dev;"
adb_service_dev;adb_service_dev;etl;repl__core__reinsurance_declared_return;UPDATE;ADBT Owner Etl;"REVOKE UPDATE ON etl.repl__core__reinsurance_declared_return FROM adb_service_dev;"
adb_service_dev;adb_service_dev;etl;repl__core__reinsurance_declared_return;DELETE;ADBT Owner Etl;"REVOKE DELETE ON etl.repl__core__reinsurance_declared_return FROM adb_service_dev;"
adb_service_dev;adb_service_dev;etl;repl__core__reinsurance_declared_return;TRUNCATE;ADBT Owner Etl;"REVOKE TRUNCATE ON etl.repl__core__reinsurance_declared_return FROM adb_service_dev;"
adb_service_dev;adb_service_dev;etl;repl__core__reinsurance_declared_return;REFERENCES;ADBT Owner Etl;"REVOKE REFERENCES ON etl.repl__core__reinsurance_declared_return FROM adb_service_dev;"
adb_service_dev;adb_service_dev;etl;repl__core__reinsurance_declared_return;TRIGGER;ADBT Owner Etl;"REVOKE TRIGGER ON etl.repl__core__reinsurance_declared_return FROM adb_service_dev;"
adb_replicat_dev;adb_replicat_dev;etl;repl__core__reinsurance_declared_return;SELECT;ADBT Write Etl;"REVOKE SELECT ON etl.repl__core__reinsurance_declared_return FROM adb_replicat_dev;"
adb_service_dev;adb_service_dev;etl;repl__core__address;INSERT;ADBT Owner Etl;"REVOKE INSERT ON etl.repl__core__address FROM adb_service_dev;"
adb_service_dev;adb_service_dev;etl;repl__core__address;SELECT;ADBT Owner Etl;"REVOKE SELECT ON etl.repl__core__address FROM adb_service_dev;"
adb_service_dev;adb_service_dev;etl;repl__core__address;UPDATE;ADBT Owner Etl;"REVOKE UPDATE ON etl.repl__core__address FROM adb_service_dev;"
adb_service_dev;adb_service_dev;etl;repl__core__address;DELETE;ADBT Owner Etl;"REVOKE DELETE ON etl.repl__core__address FROM adb_service_dev;"
adb_service_dev;adb_service_dev;etl;repl__core__address;TRUNCATE;ADBT Owner Etl;"REVOKE TRUNCATE ON etl.repl__core__address FROM adb_service_dev;"
adb_service_dev;adb_service_dev;etl;repl__core__address;REFERENCES;ADBT Owner Etl;"REVOKE REFERENCES ON etl.repl__core__address FROM adb_service_dev;"
adb_service_dev;adb_service_dev;etl;repl__core__address;TRIGGER;ADBT Owner Etl;"REVOKE TRIGGER ON etl.repl__core__address FROM adb_service_dev;"
adb_replicat_dev;adb_replicat_dev;etl;repl__core__address;SELECT;ADBT Write Etl;"REVOKE SELECT ON etl.repl__core__address FROM adb_replicat_dev;"
adb_service_dev;adb_service_dev;etl;repl__core__contract_source_user;INSERT;ADBT Owner Etl;"REVOKE INSERT ON etl.repl__core__contract_source_user FROM adb_service_dev;"
adb_service_dev;adb_service_dev;etl;repl__core__contract_source_user;SELECT;ADBT Owner Etl;"REVOKE SELECT ON etl.repl__core__contract_source_user FROM adb_service_dev;"
adb_service_dev;adb_service_dev;etl;repl__core__contract_source_user;UPDATE;ADBT Owner Etl;"REVOKE UPDATE ON etl.repl__core__contract_source_user FROM adb_service_dev;"
adb_service_dev;adb_service_dev;etl;repl__core__contract_source_user;DELETE;ADBT Owner Etl;"REVOKE DELETE ON etl.repl__core__contract_source_user FROM adb_service_dev;"
adb_service_dev;adb_service_dev;etl;repl__core__contract_source_user;TRUNCATE;ADBT Owner Etl;"REVOKE TRUNCATE ON etl.repl__core__contract_source_user FROM adb_service_dev;"
adb_service_dev;adb_service_dev;etl;repl__core__contract_source_user;REFERENCES;ADBT Owner Etl;"REVOKE REFERENCES ON etl.repl__core__contract_source_user FROM adb_service_dev;"
adb_service_dev;adb_service_dev;etl;repl__core__contract_source_user;TRIGGER;ADBT Owner Etl;"REVOKE TRIGGER ON etl.repl__core__contract_source_user FROM adb_service_dev;"
adb_replicat_dev;adb_replicat_dev;etl;repl__core__contract_source_user;SELECT;ADBT Write Etl;"REVOKE SELECT ON etl.repl__core__contract_source_user FROM adb_replicat_dev;"
adb_service_dev;adb_service_dev;etl;repl__core__commission_risk_sap_progn;INSERT;ADBT Owner Etl;"REVOKE INSERT ON etl.repl__core__commission_risk_sap_progn FROM adb_service_dev;"
adb_service_dev;adb_service_dev;etl;repl__core__commission_risk_sap_progn;SELECT;ADBT Owner Etl;"REVOKE SELECT ON etl.repl__core__commission_risk_sap_progn FROM adb_service_dev;"
adb_service_dev;adb_service_dev;etl;repl__core__commission_risk_sap_progn;UPDATE;ADBT Owner Etl;"REVOKE UPDATE ON etl.repl__core__commission_risk_sap_progn FROM adb_service_dev;"
adb_service_dev;adb_service_dev;etl;repl__core__commission_risk_sap_progn;DELETE;ADBT Owner Etl;"REVOKE DELETE ON etl.repl__core__commission_risk_sap_progn FROM adb_service_dev;"
adb_service_dev;adb_service_dev;etl;repl__core__commission_risk_sap_progn;TRUNCATE;ADBT Owner Etl;"REVOKE TRUNCATE ON etl.repl__core__commission_risk_sap_progn FROM adb_service_dev;"
adb_service_dev;adb_service_dev;etl;repl__core__commission_risk_sap_progn;REFERENCES;ADBT Owner Etl;"REVOKE REFERENCES ON etl.repl__core__commission_risk_sap_progn FROM adb_service_dev;"
adb_service_dev;adb_service_dev;etl;repl__core__commission_risk_sap_progn;TRIGGER;ADBT Owner Etl;"REVOKE TRIGGER ON etl.repl__core__commission_risk_sap_progn FROM adb_service_dev;"
adb_replicat_dev;adb_replicat_dev;etl;repl__core__commission_risk_sap_progn;SELECT;ADBT Write Etl;"REVOKE SELECT ON etl.repl__core__commission_risk_sap_progn FROM adb_replicat_dev;"
adb_service_dev;adb_service_dev;etl;repl__kias_dm__load_contract_counterparty;INSERT;ADBT Owner Etl;"REVOKE INSERT ON etl.repl__kias_dm__load_contract_counterparty FROM adb_service_dev;"
adb_service_dev;adb_service_dev;etl;repl__kias_dm__load_contract_counterparty;SELECT;ADBT Owner Etl;"REVOKE SELECT ON etl.repl__kias_dm__load_contract_counterparty FROM adb_service_dev;"
adb_service_dev;adb_service_dev;etl;repl__kias_dm__load_contract_counterparty;UPDATE;ADBT Owner Etl;"REVOKE UPDATE ON etl.repl__kias_dm__load_contract_counterparty FROM adb_service_dev;"
adb_service_dev;adb_service_dev;etl;repl__kias_dm__load_contract_counterparty;DELETE;ADBT Owner Etl;"REVOKE DELETE ON etl.repl__kias_dm__load_contract_counterparty FROM adb_service_dev;"
adb_service_dev;adb_service_dev;etl;repl__kias_dm__load_contract_counterparty;TRUNCATE;ADBT Owner Etl;"REVOKE TRUNCATE ON etl.repl__kias_dm__load_contract_counterparty FROM adb_service_dev;"
adb_service_dev;adb_service_dev;etl;repl__kias_dm__load_contract_counterparty;REFERENCES;ADBT Owner Etl;"REVOKE REFERENCES ON etl.repl__kias_dm__load_contract_counterparty FROM adb_service_dev;"
adb_service_dev;adb_service_dev;etl;repl__kias_dm__load_contract_counterparty;TRIGGER;ADBT Owner Etl;"REVOKE TRIGGER ON etl.repl__kias_dm__load_contract_counterparty FROM adb_service_dev;"
adb_replicat_dev;adb_replicat_dev;etl;repl__kias_dm__load_contract_counterparty;SELECT;ADBT Write Etl;"REVOKE SELECT ON etl.repl__kias_dm__load_contract_counterparty FROM adb_replicat_dev;"
adb_service_dev;adb_service_dev;etl;repl__core__claim_appeal;INSERT;ADBT Owner Etl;"REVOKE INSERT ON etl.repl__core__claim_appeal FROM adb_service_dev;"
adb_service_dev;adb_service_dev;etl;repl__core__claim_appeal;SELECT;ADBT Owner Etl;"REVOKE SELECT ON etl.repl__core__claim_appeal FROM adb_service_dev;"
adb_service_dev;adb_service_dev;etl;repl__core__claim_appeal;UPDATE;ADBT Owner Etl;"REVOKE UPDATE ON etl.repl__core__claim_appeal FROM adb_service_dev;"
adb_service_dev;adb_service_dev;etl;repl__core__claim_appeal;DELETE;ADBT Owner Etl;"REVOKE DELETE ON etl.repl__core__claim_appeal FROM adb_service_dev;"
adb_service_dev;adb_service_dev;etl;repl__core__claim_appeal;TRUNCATE;ADBT Owner Etl;"REVOKE TRUNCATE ON etl.repl__core__claim_appeal FROM adb_service_dev;"
adb_service_dev;adb_service_dev;etl;repl__core__claim_appeal;REFERENCES;ADBT Owner Etl;"REVOKE REFERENCES ON etl.repl__core__claim_appeal FROM adb_service_dev;"
adb_service_dev;adb_service_dev;etl;repl__core__claim_appeal;TRIGGER;ADBT Owner Etl;"REVOKE TRIGGER ON etl.repl__core__claim_appeal FROM adb_service_dev;"
adb_replicat_dev;adb_replicat_dev;etl;repl__core__claim_appeal;SELECT;ADBT Write Etl;"REVOKE SELECT ON etl.repl__core__claim_appeal FROM adb_replicat_dev;"
adb_service_dev;adb_service_dev;etl;repl__core__address_links;INSERT;ADBT Owner Etl;"REVOKE INSERT ON etl.repl__core__address_links FROM adb_service_dev;"
adb_service_dev;adb_service_dev;etl;repl__core__address_links;SELECT;ADBT Owner Etl;"REVOKE SELECT ON etl.repl__core__address_links FROM adb_service_dev;"
adb_service_dev;adb_service_dev;etl;repl__core__address_links;UPDATE;ADBT Owner Etl;"REVOKE UPDATE ON etl.repl__core__address_links FROM adb_service_dev;"
adb_service_dev;adb_service_dev;etl;repl__core__address_links;DELETE;ADBT Owner Etl;"REVOKE DELETE ON etl.repl__core__address_links FROM adb_service_dev;"
adb_service_dev;adb_service_dev;etl;repl__core__address_links;TRUNCATE;ADBT Owner Etl;"REVOKE TRUNCATE ON etl.repl__core__address_links FROM adb_service_dev;"
adb_service_dev;adb_service_dev;etl;repl__core__address_links;REFERENCES;ADBT Owner Etl;"REVOKE REFERENCES ON etl.repl__core__address_links FROM adb_service_dev;"
adb_service_dev;adb_service_dev;etl;repl__core__address_links;TRIGGER;ADBT Owner Etl;"REVOKE TRIGGER ON etl.repl__core__address_links FROM adb_service_dev;"
adb_replicat_dev;adb_replicat_dev;etl;repl__core__address_links;SELECT;ADBT Write Etl;"REVOKE SELECT ON etl.repl__core__address_links FROM adb_replicat_dev;"
adb_service_dev;adb_service_dev;etl;repl__core__object_risk_info;INSERT;ADBT Owner Etl;"REVOKE INSERT ON etl.repl__core__object_risk_info FROM adb_service_dev;"
adb_service_dev;adb_service_dev;etl;repl__core__object_risk_info;SELECT;ADBT Owner Etl;"REVOKE SELECT ON etl.repl__core__object_risk_info FROM adb_service_dev;"
adb_service_dev;adb_service_dev;etl;repl__core__object_risk_info;UPDATE;ADBT Owner Etl;"REVOKE UPDATE ON etl.repl__core__object_risk_info FROM adb_service_dev;"
adb_service_dev;adb_service_dev;etl;repl__core__object_risk_info;DELETE;ADBT Owner Etl;"REVOKE DELETE ON etl.repl__core__object_risk_info FROM adb_service_dev;"
adb_service_dev;adb_service_dev;etl;repl__core__object_risk_info;TRUNCATE;ADBT Owner Etl;"REVOKE TRUNCATE ON etl.repl__core__object_risk_info FROM adb_service_dev;"
adb_service_dev;adb_service_dev;etl;repl__core__object_risk_info;REFERENCES;ADBT Owner Etl;"REVOKE REFERENCES ON etl.repl__core__object_risk_info FROM adb_service_dev;"
adb_service_dev;adb_service_dev;etl;repl__core__object_risk_info;TRIGGER;ADBT Owner Etl;"REVOKE TRIGGER ON etl.repl__core__object_risk_info FROM adb_service_dev;"
adb_replicat_dev;adb_replicat_dev;etl;repl__core__object_risk_info;SELECT;ADBT Write Etl;"REVOKE SELECT ON etl.repl__core__object_risk_info FROM adb_replicat_dev;"
adb_service_dev;adb_service_dev;etl;repl__core__paper_event;INSERT;ADBT Owner Etl;"REVOKE INSERT ON etl.repl__core__paper_event FROM adb_service_dev;"
adb_service_dev;adb_service_dev;etl;repl__core__paper_event;SELECT;ADBT Owner Etl;"REVOKE SELECT ON etl.repl__core__paper_event FROM adb_service_dev;"
adb_service_dev;adb_service_dev;etl;repl__core__paper_event;UPDATE;ADBT Owner Etl;"REVOKE UPDATE ON etl.repl__core__paper_event FROM adb_service_dev;"
adb_service_dev;adb_service_dev;etl;repl__core__paper_event;DELETE;ADBT Owner Etl;"REVOKE DELETE ON etl.repl__core__paper_event FROM adb_service_dev;"
adb_service_dev;adb_service_dev;etl;repl__core__paper_event;TRUNCATE;ADBT Owner Etl;"REVOKE TRUNCATE ON etl.repl__core__paper_event FROM adb_service_dev;"
adb_service_dev;adb_service_dev;etl;repl__core__paper_event;REFERENCES;ADBT Owner Etl;"REVOKE REFERENCES ON etl.repl__core__paper_event FROM adb_service_dev;"
adb_service_dev;adb_service_dev;etl;repl__core__paper_event;TRIGGER;ADBT Owner Etl;"REVOKE TRIGGER ON etl.repl__core__paper_event FROM adb_service_dev;"
adb_replicat_dev;adb_replicat_dev;etl;repl__core__paper_event;SELECT;ADBT Write Etl;"REVOKE SELECT ON etl.repl__core__paper_event FROM adb_replicat_dev;"
adb_service_dev;adb_service_dev;etl;repl__core__transaction;INSERT;ADBT Owner Etl;"REVOKE INSERT ON etl.repl__core__transaction FROM adb_service_dev;"
adb_service_dev;adb_service_dev;etl;repl__core__transaction;SELECT;ADBT Owner Etl;"REVOKE SELECT ON etl.repl__core__transaction FROM adb_service_dev;"
adb_service_dev;adb_service_dev;etl;repl__core__transaction;UPDATE;ADBT Owner Etl;"REVOKE UPDATE ON etl.repl__core__transaction FROM adb_service_dev;"
adb_service_dev;adb_service_dev;etl;repl__core__transaction;DELETE;ADBT Owner Etl;"REVOKE DELETE ON etl.repl__core__transaction FROM adb_service_dev;"
adb_service_dev;adb_service_dev;etl;repl__core__transaction;TRUNCATE;ADBT Owner Etl;"REVOKE TRUNCATE ON etl.repl__core__transaction FROM adb_service_dev;"
adb_service_dev;adb_service_dev;etl;repl__core__transaction;REFERENCES;ADBT Owner Etl;"REVOKE REFERENCES ON etl.repl__core__transaction FROM adb_service_dev;"
adb_service_dev;adb_service_dev;etl;repl__core__transaction;TRIGGER;ADBT Owner Etl;"REVOKE TRIGGER ON etl.repl__core__transaction FROM adb_service_dev;"
adb_replicat_dev;adb_replicat_dev;etl;repl__core__transaction;SELECT;ADBT Write Etl;"REVOKE SELECT ON etl.repl__core__transaction FROM adb_replicat_dev;"
adb_service_dev;adb_service_dev;etl;repl__kias_dm__load_counterparty;INSERT;ADBT Owner Etl;"REVOKE INSERT ON etl.repl__kias_dm__load_counterparty FROM adb_service_dev;"
adb_service_dev;adb_service_dev;etl;repl__kias_dm__load_counterparty;SELECT;ADBT Owner Etl;"REVOKE SELECT ON etl.repl__kias_dm__load_counterparty FROM adb_service_dev;"
adb_service_dev;adb_service_dev;etl;repl__kias_dm__load_counterparty;UPDATE;ADBT Owner Etl;"REVOKE UPDATE ON etl.repl__kias_dm__load_counterparty FROM adb_service_dev;"
adb_service_dev;adb_service_dev;etl;repl__kias_dm__load_counterparty;DELETE;ADBT Owner Etl;"REVOKE DELETE ON etl.repl__kias_dm__load_counterparty FROM adb_service_dev;"
adb_service_dev;adb_service_dev;etl;repl__kias_dm__load_counterparty;TRUNCATE;ADBT Owner Etl;"REVOKE TRUNCATE ON etl.repl__kias_dm__load_counterparty FROM adb_service_dev;"
adb_service_dev;adb_service_dev;etl;repl__kias_dm__load_counterparty;REFERENCES;ADBT Owner Etl;"REVOKE REFERENCES ON etl.repl__kias_dm__load_counterparty FROM adb_service_dev;"
adb_service_dev;adb_service_dev;etl;repl__kias_dm__load_counterparty;TRIGGER;ADBT Owner Etl;"REVOKE TRIGGER ON etl.repl__kias_dm__load_counterparty FROM adb_service_dev;"
adb_replicat_dev;adb_replicat_dev;etl;repl__kias_dm__load_counterparty;SELECT;ADBT Write Etl;"REVOKE SELECT ON etl.repl__kias_dm__load_counterparty FROM adb_replicat_dev;"
adb_service_dev;adb_service_dev;etl;repl__core__document;INSERT;ADBT Owner Etl;"REVOKE INSERT ON etl.repl__core__document FROM adb_service_dev;"
adb_service_dev;adb_service_dev;etl;repl__core__document;SELECT;ADBT Owner Etl;"REVOKE SELECT ON etl.repl__core__document FROM adb_service_dev;"
adb_service_dev;adb_service_dev;etl;repl__core__document;UPDATE;ADBT Owner Etl;"REVOKE UPDATE ON etl.repl__core__document FROM adb_service_dev;"
adb_service_dev;adb_service_dev;etl;repl__core__document;DELETE;ADBT Owner Etl;"REVOKE DELETE ON etl.repl__core__document FROM adb_service_dev;"
adb_service_dev;adb_service_dev;etl;repl__core__document;TRUNCATE;ADBT Owner Etl;"REVOKE TRUNCATE ON etl.repl__core__document FROM adb_service_dev;"
adb_service_dev;adb_service_dev;etl;repl__core__document;REFERENCES;ADBT Owner Etl;"REVOKE REFERENCES ON etl.repl__core__document FROM adb_service_dev;"
adb_service_dev;adb_service_dev;etl;repl__core__document;TRIGGER;ADBT Owner Etl;"REVOKE TRIGGER ON etl.repl__core__document FROM adb_service_dev;"
adb_replicat_dev;adb_replicat_dev;etl;repl__core__document;SELECT;ADBT Write Etl;"REVOKE SELECT ON etl.repl__core__document FROM adb_replicat_dev;"
adb_service_dev;adb_service_dev;etl;repl__core__subscription;INSERT;ADBT Owner Etl;"REVOKE INSERT ON etl.repl__core__subscription FROM adb_service_dev;"
adb_service_dev;adb_service_dev;etl;repl__core__subscription;SELECT;ADBT Owner Etl;"REVOKE SELECT ON etl.repl__core__subscription FROM adb_service_dev;"
adb_service_dev;adb_service_dev;etl;repl__core__subscription;UPDATE;ADBT Owner Etl;"REVOKE UPDATE ON etl.repl__core__subscription FROM adb_service_dev;"
adb_service_dev;adb_service_dev;etl;repl__core__subscription;DELETE;ADBT Owner Etl;"REVOKE DELETE ON etl.repl__core__subscription FROM adb_service_dev;"
adb_service_dev;adb_service_dev;etl;repl__core__subscription;TRUNCATE;ADBT Owner Etl;"REVOKE TRUNCATE ON etl.repl__core__subscription FROM adb_service_dev;"
adb_service_dev;adb_service_dev;etl;repl__core__subscription;REFERENCES;ADBT Owner Etl;"REVOKE REFERENCES ON etl.repl__core__subscription FROM adb_service_dev;"
adb_service_dev;adb_service_dev;etl;repl__core__subscription;TRIGGER;ADBT Owner Etl;"REVOKE TRIGGER ON etl.repl__core__subscription FROM adb_service_dev;"
adb_replicat_dev;adb_replicat_dev;etl;repl__core__subscription;SELECT;ADBT Write Etl;"REVOKE SELECT ON etl.repl__core__subscription FROM adb_replicat_dev;"
adb_service_dev;adb_service_dev;etl;repl__core__declared_return_long;INSERT;ADBT Owner Etl;"REVOKE INSERT ON etl.repl__core__declared_return_long FROM adb_service_dev;"
adb_service_dev;adb_service_dev;etl;repl__core__declared_return_long;SELECT;ADBT Owner Etl;"REVOKE SELECT ON etl.repl__core__declared_return_long FROM adb_service_dev;"
adb_service_dev;adb_service_dev;etl;repl__core__declared_return_long;UPDATE;ADBT Owner Etl;"REVOKE UPDATE ON etl.repl__core__declared_return_long FROM adb_service_dev;"
adb_service_dev;adb_service_dev;etl;repl__core__declared_return_long;DELETE;ADBT Owner Etl;"REVOKE DELETE ON etl.repl__core__declared_return_long FROM adb_service_dev;"
adb_service_dev;adb_service_dev;etl;repl__core__declared_return_long;TRUNCATE;ADBT Owner Etl;"REVOKE TRUNCATE ON etl.repl__core__declared_return_long FROM adb_service_dev;"
adb_service_dev;adb_service_dev;etl;repl__core__declared_return_long;REFERENCES;ADBT Owner Etl;"REVOKE REFERENCES ON etl.repl__core__declared_return_long FROM adb_service_dev;"
adb_service_dev;adb_service_dev;etl;repl__core__declared_return_long;TRIGGER;ADBT Owner Etl;"REVOKE TRIGGER ON etl.repl__core__declared_return_long FROM adb_service_dev;"
adb_replicat_dev;adb_replicat_dev;etl;repl__core__declared_return_long;SELECT;ADBT Write Etl;"REVOKE SELECT ON etl.repl__core__declared_return_long FROM adb_replicat_dev;"
adb_service_dev;adb_service_dev;etl;repl__core__transaction_mngr;INSERT;ADBT Owner Etl;"REVOKE INSERT ON etl.repl__core__transaction_mngr FROM adb_service_dev;"
adb_service_dev;adb_service_dev;etl;repl__core__transaction_mngr;SELECT;ADBT Owner Etl;"REVOKE SELECT ON etl.repl__core__transaction_mngr FROM adb_service_dev;"
adb_service_dev;adb_service_dev;etl;repl__core__transaction_mngr;UPDATE;ADBT Owner Etl;"REVOKE UPDATE ON etl.repl__core__transaction_mngr FROM adb_service_dev;"
adb_service_dev;adb_service_dev;etl;repl__core__transaction_mngr;DELETE;ADBT Owner Etl;"REVOKE DELETE ON etl.repl__core__transaction_mngr FROM adb_service_dev;"
adb_service_dev;adb_service_dev;etl;repl__core__transaction_mngr;TRUNCATE;ADBT Owner Etl;"REVOKE TRUNCATE ON etl.repl__core__transaction_mngr FROM adb_service_dev;"
adb_service_dev;adb_service_dev;etl;repl__core__transaction_mngr;REFERENCES;ADBT Owner Etl;"REVOKE REFERENCES ON etl.repl__core__transaction_mngr FROM adb_service_dev;"
adb_service_dev;adb_service_dev;etl;repl__core__transaction_mngr;TRIGGER;ADBT Owner Etl;"REVOKE TRIGGER ON etl.repl__core__transaction_mngr FROM adb_service_dev;"
adb_replicat_dev;adb_replicat_dev;etl;repl__core__transaction_mngr;SELECT;ADBT Write Etl;"REVOKE SELECT ON etl.repl__core__transaction_mngr FROM adb_replicat_dev;"
adb_service_dev;adb_service_dev;etl;repl__core__employee_link;INSERT;ADBT Owner Etl;"REVOKE INSERT ON etl.repl__core__employee_link FROM adb_service_dev;"
adb_service_dev;adb_service_dev;etl;repl__core__employee_link;SELECT;ADBT Owner Etl;"REVOKE SELECT ON etl.repl__core__employee_link FROM adb_service_dev;"
adb_service_dev;adb_service_dev;etl;repl__core__employee_link;UPDATE;ADBT Owner Etl;"REVOKE UPDATE ON etl.repl__core__employee_link FROM adb_service_dev;"
adb_service_dev;adb_service_dev;etl;repl__core__employee_link;DELETE;ADBT Owner Etl;"REVOKE DELETE ON etl.repl__core__employee_link FROM adb_service_dev;"
adb_service_dev;adb_service_dev;etl;repl__core__employee_link;TRUNCATE;ADBT Owner Etl;"REVOKE TRUNCATE ON etl.repl__core__employee_link FROM adb_service_dev;"
adb_service_dev;adb_service_dev;etl;repl__core__employee_link;REFERENCES;ADBT Owner Etl;"REVOKE REFERENCES ON etl.repl__core__employee_link FROM adb_service_dev;"
adb_service_dev;adb_service_dev;etl;repl__core__employee_link;TRIGGER;ADBT Owner Etl;"REVOKE TRIGGER ON etl.repl__core__employee_link FROM adb_service_dev;"
adb_replicat_dev;adb_replicat_dev;etl;repl__core__employee_link;SELECT;ADBT Write Etl;"REVOKE SELECT ON etl.repl__core__employee_link FROM adb_replicat_dev;"
adb_service_dev;adb_service_dev;check_dq;diff_repl_agent_invoice_2026_08_11__05_00_49_k_1_upsert;INSERT;ADBT Owner Check DQ;"REVOKE INSERT ON check_dq.diff_repl_agent_invoice_2026_08_11__05_00_49_k_1_upsert FROM adb_service_dev;"
adb_service_dev;adb_service_dev;check_dq;diff_repl_agent_invoice_2026_08_11__05_00_49_k_1_upsert;SELECT;ADBT Owner Check DQ;"REVOKE SELECT ON check_dq.diff_repl_agent_invoice_2026_08_11__05_00_49_k_1_upsert FROM adb_service_dev;"
adb_service_dev;adb_service_dev;check_dq;diff_repl_agent_invoice_2026_08_11__05_00_49_k_1_upsert;UPDATE;ADBT Owner Check DQ;"REVOKE UPDATE ON check_dq.diff_repl_agent_invoice_2026_08_11__05_00_49_k_1_upsert FROM adb_service_dev;"
adb_service_dev;adb_service_dev;check_dq;diff_repl_agent_invoice_2026_08_11__05_00_49_k_1_upsert;DELETE;ADBT Owner Check DQ;"REVOKE DELETE ON check_dq.diff_repl_agent_invoice_2026_08_11__05_00_49_k_1_upsert FROM adb_service_dev;"
adb_service_dev;adb_service_dev;check_dq;diff_repl_agent_invoice_2026_08_11__05_00_49_k_1_upsert;TRUNCATE;ADBT Owner Check DQ;"REVOKE TRUNCATE ON check_dq.diff_repl_agent_invoice_2026_08_11__05_00_49_k_1_upsert FROM adb_service_dev;"
adb_service_dev;adb_service_dev;check_dq;diff_repl_agent_invoice_2026_08_11__05_00_49_k_1_upsert;REFERENCES;ADBT Owner Check DQ;"REVOKE REFERENCES ON check_dq.diff_repl_agent_invoice_2026_08_11__05_00_49_k_1_upsert FROM adb_service_dev;"
adb_service_dev;adb_service_dev;check_dq;diff_repl_agent_invoice_2026_08_11__05_00_49_k_1_upsert;TRIGGER;ADBT Owner Check DQ;"REVOKE TRIGGER ON check_dq.diff_repl_agent_invoice_2026_08_11__05_00_49_k_1_upsert FROM adb_service_dev;"
adb_service_dev;adb_service_dev;etl;repl__comdm__sales_map;INSERT;ADBT Owner Etl;"REVOKE INSERT ON etl.repl__comdm__sales_map FROM adb_service_dev;"
adb_service_dev;adb_service_dev;etl;repl__comdm__sales_map;SELECT;ADBT Owner Etl;"REVOKE SELECT ON etl.repl__comdm__sales_map FROM adb_service_dev;"
adb_service_dev;adb_service_dev;etl;repl__comdm__sales_map;UPDATE;ADBT Owner Etl;"REVOKE UPDATE ON etl.repl__comdm__sales_map FROM adb_service_dev;"
adb_service_dev;adb_service_dev;etl;repl__comdm__sales_map;DELETE;ADBT Owner Etl;"REVOKE DELETE ON etl.repl__comdm__sales_map FROM adb_service_dev;"
adb_service_dev;adb_service_dev;etl;repl__comdm__sales_map;TRUNCATE;ADBT Owner Etl;"REVOKE TRUNCATE ON etl.repl__comdm__sales_map FROM adb_service_dev;"
adb_service_dev;adb_service_dev;etl;repl__comdm__sales_map;REFERENCES;ADBT Owner Etl;"REVOKE REFERENCES ON etl.repl__comdm__sales_map FROM adb_service_dev;"
adb_service_dev;adb_service_dev;etl;repl__comdm__sales_map;TRIGGER;ADBT Owner Etl;"REVOKE TRIGGER ON etl.repl__comdm__sales_map FROM adb_service_dev;"
adb_replicat_dev;adb_replicat_dev;etl;repl__comdm__sales_map;SELECT;ADBT Write Etl;"REVOKE SELECT ON etl.repl__comdm__sales_map FROM adb_replicat_dev;"
adb_service_dev;adb_service_dev;etl;repl__core__agent_statement;INSERT;ADBT Owner Etl;"REVOKE INSERT ON etl.repl__core__agent_statement FROM adb_service_dev;"
adb_service_dev;adb_service_dev;etl;repl__core__agent_statement;SELECT;ADBT Owner Etl;"REVOKE SELECT ON etl.repl__core__agent_statement FROM adb_service_dev;"
adb_service_dev;adb_service_dev;etl;repl__core__agent_statement;UPDATE;ADBT Owner Etl;"REVOKE UPDATE ON etl.repl__core__agent_statement FROM adb_service_dev;"
adb_service_dev;adb_service_dev;etl;repl__core__agent_statement;DELETE;ADBT Owner Etl;"REVOKE DELETE ON etl.repl__core__agent_statement FROM adb_service_dev;"
adb_service_dev;adb_service_dev;etl;repl__core__agent_statement;TRUNCATE;ADBT Owner Etl;"REVOKE TRUNCATE ON etl.repl__core__agent_statement FROM adb_service_dev;"
adb_service_dev;adb_service_dev;etl;repl__core__agent_statement;REFERENCES;ADBT Owner Etl;"REVOKE REFERENCES ON etl.repl__core__agent_statement FROM adb_service_dev;"
adb_service_dev;adb_service_dev;etl;repl__core__agent_statement;TRIGGER;ADBT Owner Etl;"REVOKE TRIGGER ON etl.repl__core__agent_statement FROM adb_service_dev;"
adb_replicat_dev;adb_replicat_dev;etl;repl__core__agent_statement;SELECT;ADBT Write Etl;"REVOKE SELECT ON etl.repl__core__agent_statement FROM adb_replicat_dev;"
adb_service_dev;adb_service_dev;etl;repl__core__contract_object_counterparty;INSERT;ADBT Owner Etl;"REVOKE INSERT ON etl.repl__core__contract_object_counterparty FROM adb_service_dev;"
adb_service_dev;adb_service_dev;etl;repl__core__contract_object_counterparty;SELECT;ADBT Owner Etl;"REVOKE SELECT ON etl.repl__core__contract_object_counterparty FROM adb_service_dev;"
adb_service_dev;adb_service_dev;etl;repl__core__contract_object_counterparty;UPDATE;ADBT Owner Etl;"REVOKE UPDATE ON etl.repl__core__contract_object_counterparty FROM adb_service_dev;"
adb_service_dev;adb_service_dev;etl;repl__core__contract_object_counterparty;DELETE;ADBT Owner Etl;"REVOKE DELETE ON etl.repl__core__contract_object_counterparty FROM adb_service_dev;"
adb_service_dev;adb_service_dev;etl;repl__core__contract_object_counterparty;TRUNCATE;ADBT Owner Etl;"REVOKE TRUNCATE ON etl.repl__core__contract_object_counterparty FROM adb_service_dev;"
adb_service_dev;adb_service_dev;etl;repl__core__contract_object_counterparty;REFERENCES;ADBT Owner Etl;"REVOKE REFERENCES ON etl.repl__core__contract_object_counterparty FROM adb_service_dev;"
adb_service_dev;adb_service_dev;etl;repl__core__contract_object_counterparty;TRIGGER;ADBT Owner Etl;"REVOKE TRIGGER ON etl.repl__core__contract_object_counterparty FROM adb_service_dev;"
adb_replicat_dev;adb_replicat_dev;etl;repl__core__contract_object_counterparty;SELECT;ADBT Write Etl;"REVOKE SELECT ON etl.repl__core__contract_object_counterparty FROM adb_replicat_dev;"
adb_service_dev;adb_service_dev;etl;repl__core__cancel_storno_long;INSERT;ADBT Owner Etl;"REVOKE INSERT ON etl.repl__core__cancel_storno_long FROM adb_service_dev;"
adb_service_dev;adb_service_dev;etl;repl__core__cancel_storno_long;SELECT;ADBT Owner Etl;"REVOKE SELECT ON etl.repl__core__cancel_storno_long FROM adb_service_dev;"
adb_service_dev;adb_service_dev;etl;repl__core__cancel_storno_long;UPDATE;ADBT Owner Etl;"REVOKE UPDATE ON etl.repl__core__cancel_storno_long FROM adb_service_dev;"
adb_service_dev;adb_service_dev;etl;repl__core__cancel_storno_long;DELETE;ADBT Owner Etl;"REVOKE DELETE ON etl.repl__core__cancel_storno_long FROM adb_service_dev;"
adb_service_dev;adb_service_dev;etl;repl__core__cancel_storno_long;TRUNCATE;ADBT Owner Etl;"REVOKE TRUNCATE ON etl.repl__core__cancel_storno_long FROM adb_service_dev;"
adb_service_dev;adb_service_dev;etl;repl__core__cancel_storno_long;REFERENCES;ADBT Owner Etl;"REVOKE REFERENCES ON etl.repl__core__cancel_storno_long FROM adb_service_dev;"
adb_service_dev;adb_service_dev;etl;repl__core__cancel_storno_long;TRIGGER;ADBT Owner Etl;"REVOKE TRIGGER ON etl.repl__core__cancel_storno_long FROM adb_service_dev;"
adb_replicat_dev;adb_replicat_dev;etl;repl__core__cancel_storno_long;SELECT;ADBT Write Etl;"REVOKE SELECT ON etl.repl__core__cancel_storno_long FROM adb_replicat_dev;"
adb_service_dev;adb_service_dev;etl;repl__core__commission_risk_sap_approv;INSERT;ADBT Owner Etl;"REVOKE INSERT ON etl.repl__core__commission_risk_sap_approv FROM adb_service_dev;"
adb_service_dev;adb_service_dev;etl;repl__core__commission_risk_sap_approv;SELECT;ADBT Owner Etl;"REVOKE SELECT ON etl.repl__core__commission_risk_sap_approv FROM adb_service_dev;"
adb_service_dev;adb_service_dev;etl;repl__core__commission_risk_sap_approv;UPDATE;ADBT Owner Etl;"REVOKE UPDATE ON etl.repl__core__commission_risk_sap_approv FROM adb_service_dev;"
adb_service_dev;adb_service_dev;etl;repl__core__commission_risk_sap_approv;DELETE;ADBT Owner Etl;"REVOKE DELETE ON etl.repl__core__commission_risk_sap_approv FROM adb_service_dev;"
adb_service_dev;adb_service_dev;etl;repl__core__commission_risk_sap_approv;TRUNCATE;ADBT Owner Etl;"REVOKE TRUNCATE ON etl.repl__core__commission_risk_sap_approv FROM adb_service_dev;"
adb_service_dev;adb_service_dev;etl;repl__core__commission_risk_sap_approv;REFERENCES;ADBT Owner Etl;"REVOKE REFERENCES ON etl.repl__core__commission_risk_sap_approv FROM adb_service_dev;"
adb_service_dev;adb_service_dev;etl;repl__core__commission_risk_sap_approv;TRIGGER;ADBT Owner Etl;"REVOKE TRIGGER ON etl.repl__core__commission_risk_sap_approv FROM adb_service_dev;"
adb_replicat_dev;adb_replicat_dev;etl;repl__core__commission_risk_sap_approv;SELECT;ADBT Write Etl;"REVOKE SELECT ON etl.repl__core__commission_risk_sap_approv FROM adb_replicat_dev;"
adb_service_dev;adb_service_dev;etl;repl__core__contract_contact_hist;INSERT;ADBT Owner Etl;"REVOKE INSERT ON etl.repl__core__contract_contact_hist FROM adb_service_dev;"
adb_service_dev;adb_service_dev;etl;repl__core__contract_contact_hist;SELECT;ADBT Owner Etl;"REVOKE SELECT ON etl.repl__core__contract_contact_hist FROM adb_service_dev;"
adb_service_dev;adb_service_dev;etl;repl__core__contract_contact_hist;UPDATE;ADBT Owner Etl;"REVOKE UPDATE ON etl.repl__core__contract_contact_hist FROM adb_service_dev;"
adb_service_dev;adb_service_dev;etl;repl__core__contract_contact_hist;DELETE;ADBT Owner Etl;"REVOKE DELETE ON etl.repl__core__contract_contact_hist FROM adb_service_dev;"
adb_service_dev;adb_service_dev;etl;repl__core__contract_contact_hist;TRUNCATE;ADBT Owner Etl;"REVOKE TRUNCATE ON etl.repl__core__contract_contact_hist FROM adb_service_dev;"
adb_service_dev;adb_service_dev;etl;repl__core__contract_contact_hist;REFERENCES;ADBT Owner Etl;"REVOKE REFERENCES ON etl.repl__core__contract_contact_hist FROM adb_service_dev;"
adb_service_dev;adb_service_dev;etl;repl__core__contract_contact_hist;TRIGGER;ADBT Owner Etl;"REVOKE TRIGGER ON etl.repl__core__contract_contact_hist FROM adb_service_dev;"
adb_replicat_dev;adb_replicat_dev;etl;repl__core__contract_contact_hist;SELECT;ADBT Write Etl;"REVOKE SELECT ON etl.repl__core__contract_contact_hist FROM adb_replicat_dev;"
adb_service_dev;adb_service_dev;etl;repl__core__source_user;INSERT;ADBT Owner Etl;"REVOKE INSERT ON etl.repl__core__source_user FROM adb_service_dev;"
adb_service_dev;adb_service_dev;etl;repl__core__source_user;SELECT;ADBT Owner Etl;"REVOKE SELECT ON etl.repl__core__source_user FROM adb_service_dev;"
adb_service_dev;adb_service_dev;etl;repl__core__source_user;UPDATE;ADBT Owner Etl;"REVOKE UPDATE ON etl.repl__core__source_user FROM adb_service_dev;"
adb_service_dev;adb_service_dev;etl;repl__core__source_user;DELETE;ADBT Owner Etl;"REVOKE DELETE ON etl.repl__core__source_user FROM adb_service_dev;"
adb_service_dev;adb_service_dev;etl;repl__core__source_user;TRUNCATE;ADBT Owner Etl;"REVOKE TRUNCATE ON etl.repl__core__source_user FROM adb_service_dev;"
adb_service_dev;adb_service_dev;etl;repl__core__source_user;REFERENCES;ADBT Owner Etl;"REVOKE REFERENCES ON etl.repl__core__source_user FROM adb_service_dev;"
adb_service_dev;adb_service_dev;etl;repl__core__source_user;TRIGGER;ADBT Owner Etl;"REVOKE TRIGGER ON etl.repl__core__source_user FROM adb_service_dev;"
adb_replicat_dev;adb_replicat_dev;etl;repl__core__source_user;SELECT;ADBT Write Etl;"REVOKE SELECT ON etl.repl__core__source_user FROM adb_replicat_dev;"
adb_service_dev;adb_service_dev;etl;repl__core__commission_risk_sap_paid;INSERT;ADBT Owner Etl;"REVOKE INSERT ON etl.repl__core__commission_risk_sap_paid FROM adb_service_dev;"
adb_service_dev;adb_service_dev;etl;repl__core__commission_risk_sap_paid;SELECT;ADBT Owner Etl;"REVOKE SELECT ON etl.repl__core__commission_risk_sap_paid FROM adb_service_dev;"
adb_service_dev;adb_service_dev;etl;repl__core__commission_risk_sap_paid;UPDATE;ADBT Owner Etl;"REVOKE UPDATE ON etl.repl__core__commission_risk_sap_paid FROM adb_service_dev;"
adb_service_dev;adb_service_dev;etl;repl__core__commission_risk_sap_paid;DELETE;ADBT Owner Etl;"REVOKE DELETE ON etl.repl__core__commission_risk_sap_paid FROM adb_service_dev;"
adb_service_dev;adb_service_dev;etl;repl__core__commission_risk_sap_paid;TRUNCATE;ADBT Owner Etl;"REVOKE TRUNCATE ON etl.repl__core__commission_risk_sap_paid FROM adb_service_dev;"
adb_service_dev;adb_service_dev;etl;repl__core__commission_risk_sap_paid;REFERENCES;ADBT Owner Etl;"REVOKE REFERENCES ON etl.repl__core__commission_risk_sap_paid FROM adb_service_dev;"
adb_service_dev;adb_service_dev;etl;repl__core__commission_risk_sap_paid;TRIGGER;ADBT Owner Etl;"REVOKE TRIGGER ON etl.repl__core__commission_risk_sap_paid FROM adb_service_dev;"
adb_replicat_dev;adb_replicat_dev;etl;repl__core__commission_risk_sap_paid;SELECT;ADBT Write Etl;"REVOKE SELECT ON etl.repl__core__commission_risk_sap_paid FROM adb_replicat_dev;"
adb_service_dev;adb_service_dev;etl;repl__core__object_risk_long;INSERT;ADBT Owner Etl;"REVOKE INSERT ON etl.repl__core__object_risk_long FROM adb_service_dev;"
adb_service_dev;adb_service_dev;etl;repl__core__object_risk_long;SELECT;ADBT Owner Etl;"REVOKE SELECT ON etl.repl__core__object_risk_long FROM adb_service_dev;"
adb_service_dev;adb_service_dev;etl;repl__core__object_risk_long;UPDATE;ADBT Owner Etl;"REVOKE UPDATE ON etl.repl__core__object_risk_long FROM adb_service_dev;"
adb_service_dev;adb_service_dev;etl;repl__core__object_risk_long;DELETE;ADBT Owner Etl;"REVOKE DELETE ON etl.repl__core__object_risk_long FROM adb_service_dev;"
adb_service_dev;adb_service_dev;etl;repl__core__object_risk_long;TRUNCATE;ADBT Owner Etl;"REVOKE TRUNCATE ON etl.repl__core__object_risk_long FROM adb_service_dev;"
adb_service_dev;adb_service_dev;etl;repl__core__object_risk_long;REFERENCES;ADBT Owner Etl;"REVOKE REFERENCES ON etl.repl__core__object_risk_long FROM adb_service_dev;"
adb_service_dev;adb_service_dev;etl;repl__core__object_risk_long;TRIGGER;ADBT Owner Etl;"REVOKE TRIGGER ON etl.repl__core__object_risk_long FROM adb_service_dev;"
adb_replicat_dev;adb_replicat_dev;etl;repl__core__object_risk_long;SELECT;ADBT Write Etl;"REVOKE SELECT ON etl.repl__core__object_risk_long FROM adb_replicat_dev;"
adb_service_dev;adb_service_dev;etl;repl__core__commission_risk_sap_progn_long;INSERT;ADBT Owner Etl;"REVOKE INSERT ON etl.repl__core__commission_risk_sap_progn_long FROM adb_service_dev;"
adb_service_dev;adb_service_dev;etl;repl__core__commission_risk_sap_progn_long;SELECT;ADBT Owner Etl;"REVOKE SELECT ON etl.repl__core__commission_risk_sap_progn_long FROM adb_service_dev;"
adb_service_dev;adb_service_dev;etl;repl__core__commission_risk_sap_progn_long;UPDATE;ADBT Owner Etl;"REVOKE UPDATE ON etl.repl__core__commission_risk_sap_progn_long FROM adb_service_dev;"
adb_service_dev;adb_service_dev;etl;repl__core__commission_risk_sap_progn_long;DELETE;ADBT Owner Etl;"REVOKE DELETE ON etl.repl__core__commission_risk_sap_progn_long FROM adb_service_dev;"
adb_service_dev;adb_service_dev;etl;repl__core__commission_risk_sap_progn_long;TRUNCATE;ADBT Owner Etl;"REVOKE TRUNCATE ON etl.repl__core__commission_risk_sap_progn_long FROM adb_service_dev;"
adb_service_dev;adb_service_dev;etl;repl__core__commission_risk_sap_progn_long;REFERENCES;ADBT Owner Etl;"REVOKE REFERENCES ON etl.repl__core__commission_risk_sap_progn_long FROM adb_service_dev;"
adb_service_dev;adb_service_dev;etl;repl__core__commission_risk_sap_progn_long;TRIGGER;ADBT Owner Etl;"REVOKE TRIGGER ON etl.repl__core__commission_risk_sap_progn_long FROM adb_service_dev;"
adb_replicat_dev;adb_replicat_dev;etl;repl__core__commission_risk_sap_progn_long;SELECT;ADBT Write Etl;"REVOKE SELECT ON etl.repl__core__commission_risk_sap_progn_long FROM adb_replicat_dev;"
adb_service_dev;adb_service_dev;etl;repl__core_sandbox__test_address_links;INSERT;ADBT Owner Etl;"REVOKE INSERT ON etl.repl__core_sandbox__test_address_links FROM adb_service_dev;"
adb_service_dev;adb_service_dev;etl;repl__core_sandbox__test_address_links;SELECT;ADBT Owner Etl;"REVOKE SELECT ON etl.repl__core_sandbox__test_address_links FROM adb_service_dev;"
adb_service_dev;adb_service_dev;etl;repl__core_sandbox__test_address_links;UPDATE;ADBT Owner Etl;"REVOKE UPDATE ON etl.repl__core_sandbox__test_address_links FROM adb_service_dev;"
adb_service_dev;adb_service_dev;etl;repl__core_sandbox__test_address_links;DELETE;ADBT Owner Etl;"REVOKE DELETE ON etl.repl__core_sandbox__test_address_links FROM adb_service_dev;"
adb_service_dev;adb_service_dev;etl;repl__core_sandbox__test_address_links;TRUNCATE;ADBT Owner Etl;"REVOKE TRUNCATE ON etl.repl__core_sandbox__test_address_links FROM adb_service_dev;"
adb_service_dev;adb_service_dev;etl;repl__core_sandbox__test_address_links;REFERENCES;ADBT Owner Etl;"REVOKE REFERENCES ON etl.repl__core_sandbox__test_address_links FROM adb_service_dev;"
adb_service_dev;adb_service_dev;etl;repl__core_sandbox__test_address_links;TRIGGER;ADBT Owner Etl;"REVOKE TRIGGER ON etl.repl__core_sandbox__test_address_links FROM adb_service_dev;"
adb_replicat_dev;adb_replicat_dev;etl;repl__core_sandbox__test_address_links;SELECT;ADBT Write Etl;"REVOKE SELECT ON etl.repl__core_sandbox__test_address_links FROM adb_replicat_dev;"
adb_replicat_dev;adb_replicat_dev;etl;repl__core_sandbox__repl_test_contract;SELECT;ADBT Write Etl;"REVOKE SELECT ON etl.repl__core_sandbox__repl_test_contract FROM adb_replicat_dev;"
adb_service_dev;adb_service_dev;etl;repl__core__file;INSERT;ADBT Owner Etl;"REVOKE INSERT ON etl.repl__core__file FROM adb_service_dev;"
adb_service_dev;adb_service_dev;etl;repl__core__file;SELECT;ADBT Owner Etl;"REVOKE SELECT ON etl.repl__core__file FROM adb_service_dev;"
adb_service_dev;adb_service_dev;etl;repl__core__file;UPDATE;ADBT Owner Etl;"REVOKE UPDATE ON etl.repl__core__file FROM adb_service_dev;"
adb_service_dev;adb_service_dev;etl;repl__core__file;DELETE;ADBT Owner Etl;"REVOKE DELETE ON etl.repl__core__file FROM adb_service_dev;"
adb_service_dev;adb_service_dev;etl;repl__core__file;TRUNCATE;ADBT Owner Etl;"REVOKE TRUNCATE ON etl.repl__core__file FROM adb_service_dev;"
adb_service_dev;adb_service_dev;etl;repl__core__file;REFERENCES;ADBT Owner Etl;"REVOKE REFERENCES ON etl.repl__core__file FROM adb_service_dev;"
adb_service_dev;adb_service_dev;etl;repl__core__file;TRIGGER;ADBT Owner Etl;"REVOKE TRIGGER ON etl.repl__core__file FROM adb_service_dev;"
adb_replicat_dev;adb_replicat_dev;etl;repl__core__file;SELECT;ADBT Write Etl;"REVOKE SELECT ON etl.repl__core__file FROM adb_replicat_dev;"
adb_service_dev;adb_service_dev;etl;repl__core__payment;INSERT;ADBT Owner Etl;"REVOKE INSERT ON etl.repl__core__payment FROM adb_service_dev;"
adb_service_dev;adb_service_dev;etl;repl__core__payment;SELECT;ADBT Owner Etl;"REVOKE SELECT ON etl.repl__core__payment FROM adb_service_dev;"
adb_service_dev;adb_service_dev;etl;repl__core__payment;UPDATE;ADBT Owner Etl;"REVOKE UPDATE ON etl.repl__core__payment FROM adb_service_dev;"
adb_service_dev;adb_service_dev;etl;repl__core__payment;DELETE;ADBT Owner Etl;"REVOKE DELETE ON etl.repl__core__payment FROM adb_service_dev;"
adb_service_dev;adb_service_dev;etl;repl__core__payment;TRUNCATE;ADBT Owner Etl;"REVOKE TRUNCATE ON etl.repl__core__payment FROM adb_service_dev;"
adb_service_dev;adb_service_dev;etl;repl__core__payment;REFERENCES;ADBT Owner Etl;"REVOKE REFERENCES ON etl.repl__core__payment FROM adb_service_dev;"
adb_service_dev;adb_service_dev;etl;repl__core__payment;TRIGGER;ADBT Owner Etl;"REVOKE TRIGGER ON etl.repl__core__payment FROM adb_service_dev;"
adb_replicat_dev;adb_replicat_dev;etl;repl__core__payment;SELECT;ADBT Write Etl;"REVOKE SELECT ON etl.repl__core__payment FROM adb_replicat_dev;"
adb_service_dev;adb_service_dev;etl;repl__core__agreement;INSERT;ADBT Owner Etl;"REVOKE INSERT ON etl.repl__core__agreement FROM adb_service_dev;"
adb_service_dev;adb_service_dev;etl;repl__core__agreement;SELECT;ADBT Owner Etl;"REVOKE SELECT ON etl.repl__core__agreement FROM adb_service_dev;"
adb_service_dev;adb_service_dev;etl;repl__core__agreement;UPDATE;ADBT Owner Etl;"REVOKE UPDATE ON etl.repl__core__agreement FROM adb_service_dev;"
adb_service_dev;adb_service_dev;etl;repl__core__agreement;DELETE;ADBT Owner Etl;"REVOKE DELETE ON etl.repl__core__agreement FROM adb_service_dev;"
adb_service_dev;adb_service_dev;etl;repl__core__agreement;TRUNCATE;ADBT Owner Etl;"REVOKE TRUNCATE ON etl.repl__core__agreement FROM adb_service_dev;"
adb_service_dev;adb_service_dev;etl;repl__core__agreement;REFERENCES;ADBT Owner Etl;"REVOKE REFERENCES ON etl.repl__core__agreement FROM adb_service_dev;"
adb_service_dev;adb_service_dev;etl;repl__core__agreement;TRIGGER;ADBT Owner Etl;"REVOKE TRIGGER ON etl.repl__core__agreement FROM adb_service_dev;"
adb_replicat_dev;adb_replicat_dev;etl;repl__core__agreement;SELECT;ADBT Write Etl;"REVOKE SELECT ON etl.repl__core__agreement FROM adb_replicat_dev;"
adb_service_dev;adb_service_dev;etl;repl__core__liability_allocation;INSERT;ADBT Owner Etl;"REVOKE INSERT ON etl.repl__core__liability_allocation FROM adb_service_dev;"
adb_service_dev;adb_service_dev;etl;repl__core__liability_allocation;SELECT;ADBT Owner Etl;"REVOKE SELECT ON etl.repl__core__liability_allocation FROM adb_service_dev;"
adb_service_dev;adb_service_dev;etl;repl__core__liability_allocation;UPDATE;ADBT Owner Etl;"REVOKE UPDATE ON etl.repl__core__liability_allocation FROM adb_service_dev;"
adb_service_dev;adb_service_dev;etl;repl__core__liability_allocation;DELETE;ADBT Owner Etl;"REVOKE DELETE ON etl.repl__core__liability_allocation FROM adb_service_dev;"
adb_service_dev;adb_service_dev;etl;repl__core__liability_allocation;TRUNCATE;ADBT Owner Etl;"REVOKE TRUNCATE ON etl.repl__core__liability_allocation FROM adb_service_dev;"
adb_service_dev;adb_service_dev;etl;repl__core__liability_allocation;REFERENCES;ADBT Owner Etl;"REVOKE REFERENCES ON etl.repl__core__liability_allocation FROM adb_service_dev;"
adb_service_dev;adb_service_dev;etl;repl__core__liability_allocation;TRIGGER;ADBT Owner Etl;"REVOKE TRIGGER ON etl.repl__core__liability_allocation FROM adb_service_dev;"
adb_replicat_dev;adb_replicat_dev;etl;repl__core__liability_allocation;SELECT;ADBT Write Etl;"REVOKE SELECT ON etl.repl__core__liability_allocation FROM adb_replicat_dev;"
adb_service_dev;adb_service_dev;etl;repl__kias_dm__load_agent_act_row;INSERT;ADBT Owner Etl;"REVOKE INSERT ON etl.repl__kias_dm__load_agent_act_row FROM adb_service_dev;"
adb_service_dev;adb_service_dev;etl;repl__kias_dm__load_agent_act_row;SELECT;ADBT Owner Etl;"REVOKE SELECT ON etl.repl__kias_dm__load_agent_act_row FROM adb_service_dev;"
adb_service_dev;adb_service_dev;etl;repl__kias_dm__load_agent_act_row;UPDATE;ADBT Owner Etl;"REVOKE UPDATE ON etl.repl__kias_dm__load_agent_act_row FROM adb_service_dev;"
adb_service_dev;adb_service_dev;etl;repl__kias_dm__load_agent_act_row;DELETE;ADBT Owner Etl;"REVOKE DELETE ON etl.repl__kias_dm__load_agent_act_row FROM adb_service_dev;"
adb_service_dev;adb_service_dev;etl;repl__kias_dm__load_agent_act_row;TRUNCATE;ADBT Owner Etl;"REVOKE TRUNCATE ON etl.repl__kias_dm__load_agent_act_row FROM adb_service_dev;"
adb_service_dev;adb_service_dev;etl;repl__kias_dm__load_agent_act_row;REFERENCES;ADBT Owner Etl;"REVOKE REFERENCES ON etl.repl__kias_dm__load_agent_act_row FROM adb_service_dev;"
adb_service_dev;adb_service_dev;etl;repl__kias_dm__load_agent_act_row;TRIGGER;ADBT Owner Etl;"REVOKE TRIGGER ON etl.repl__kias_dm__load_agent_act_row FROM adb_service_dev;"
adb_replicat_dev;adb_replicat_dev;etl;repl__kias_dm__load_agent_act_row;SELECT;ADBT Write Etl;"REVOKE SELECT ON etl.repl__kias_dm__load_agent_act_row FROM adb_replicat_dev;"
vatsvetkova;Цветкова Виктория Андреевна (Viktoriya Tsvetkova);cdm;vat_inc_veh_check;INSERT;ADBT Owner Cdm;"REVOKE INSERT ON cdm.vat_inc_veh_check FROM vatsvetkova;"
vatsvetkova;Цветкова Виктория Андреевна (Viktoriya Tsvetkova);cdm;vat_inc_veh_check;SELECT;ADBT Owner Cdm;"REVOKE SELECT ON cdm.vat_inc_veh_check FROM vatsvetkova;"
vatsvetkova;Цветкова Виктория Андреевна (Viktoriya Tsvetkova);cdm;vat_inc_veh_check;UPDATE;ADBT Owner Cdm;"REVOKE UPDATE ON cdm.vat_inc_veh_check FROM vatsvetkova;"
vatsvetkova;Цветкова Виктория Андреевна (Viktoriya Tsvetkova);cdm;vat_inc_veh_check;DELETE;ADBT Owner Cdm;"REVOKE DELETE ON cdm.vat_inc_veh_check FROM vatsvetkova;"
vatsvetkova;Цветкова Виктория Андреевна (Viktoriya Tsvetkova);cdm;vat_inc_veh_check;TRUNCATE;ADBT Owner Cdm;"REVOKE TRUNCATE ON cdm.vat_inc_veh_check FROM vatsvetkova;"
vatsvetkova;Цветкова Виктория Андреевна (Viktoriya Tsvetkova);cdm;vat_inc_veh_check;REFERENCES;ADBT Owner Cdm;"REVOKE REFERENCES ON cdm.vat_inc_veh_check FROM vatsvetkova;"
vatsvetkova;Цветкова Виктория Андреевна (Viktoriya Tsvetkova);cdm;vat_inc_veh_check;TRIGGER;ADBT Owner Cdm;"REVOKE TRIGGER ON cdm.vat_inc_veh_check FROM vatsvetkova;"
vatsvetkova;Цветкова Виктория Андреевна (Viktoriya Tsvetkova);cdm;vat_inc_veh_check0;INSERT;ADBT Owner Cdm;"REVOKE INSERT ON cdm.vat_inc_veh_check0 FROM vatsvetkova;"
vatsvetkova;Цветкова Виктория Андреевна (Viktoriya Tsvetkova);cdm;vat_inc_veh_check0;SELECT;ADBT Owner Cdm;"REVOKE SELECT ON cdm.vat_inc_veh_check0 FROM vatsvetkova;"
vatsvetkova;Цветкова Виктория Андреевна (Viktoriya Tsvetkova);cdm;vat_inc_veh_check0;UPDATE;ADBT Owner Cdm;"REVOKE UPDATE ON cdm.vat_inc_veh_check0 FROM vatsvetkova;"
vatsvetkova;Цветкова Виктория Андреевна (Viktoriya Tsvetkova);cdm;vat_inc_veh_check0;DELETE;ADBT Owner Cdm;"REVOKE DELETE ON cdm.vat_inc_veh_check0 FROM vatsvetkova;"
vatsvetkova;Цветкова Виктория Андреевна (Viktoriya Tsvetkova);cdm;vat_inc_veh_check0;TRUNCATE;ADBT Owner Cdm;"REVOKE TRUNCATE ON cdm.vat_inc_veh_check0 FROM vatsvetkova;"
vatsvetkova;Цветкова Виктория Андреевна (Viktoriya Tsvetkova);cdm;vat_inc_veh_check0;REFERENCES;ADBT Owner Cdm;"REVOKE REFERENCES ON cdm.vat_inc_veh_check0 FROM vatsvetkova;"
vatsvetkova;Цветкова Виктория Андреевна (Viktoriya Tsvetkova);cdm;vat_inc_veh_check0;TRIGGER;ADBT Owner Cdm;"REVOKE TRIGGER ON cdm.vat_inc_veh_check0 FROM vatsvetkova;"
aachernobrovkin;Чернобровкин Анатолий Андреевич (Anatoliy Chernobrovkin);dwh_settings;temp_2_2_10;INSERT;ADBT Owner Dwh Settings;"REVOKE INSERT ON dwh_settings.temp_2_2_10 FROM aachernobrovkin;"
aachernobrovkin;Чернобровкин Анатолий Андреевич (Anatoliy Chernobrovkin);dwh_settings;temp_2_2_10;SELECT;ADBT Owner Dwh Settings;"REVOKE SELECT ON dwh_settings.temp_2_2_10 FROM aachernobrovkin;"
aachernobrovkin;Чернобровкин Анатолий Андреевич (Anatoliy Chernobrovkin);dwh_settings;temp_2_2_10;UPDATE;ADBT Owner Dwh Settings;"REVOKE UPDATE ON dwh_settings.temp_2_2_10 FROM aachernobrovkin;"
aachernobrovkin;Чернобровкин Анатолий Андреевич (Anatoliy Chernobrovkin);dwh_settings;temp_2_2_10;DELETE;ADBT Owner Dwh Settings;"REVOKE DELETE ON dwh_settings.temp_2_2_10 FROM aachernobrovkin;"
aachernobrovkin;Чернобровкин Анатолий Андреевич (Anatoliy Chernobrovkin);dwh_settings;temp_2_2_10;TRUNCATE;ADBT Owner Dwh Settings;"REVOKE TRUNCATE ON dwh_settings.temp_2_2_10 FROM aachernobrovkin;"
aachernobrovkin;Чернобровкин Анатолий Андреевич (Anatoliy Chernobrovkin);dwh_settings;temp_2_2_10;REFERENCES;ADBT Owner Dwh Settings;"REVOKE REFERENCES ON dwh_settings.temp_2_2_10 FROM aachernobrovkin;"
aachernobrovkin;Чернобровкин Анатолий Андреевич (Anatoliy Chernobrovkin);dwh_settings;temp_2_2_10;TRIGGER;ADBT Owner Dwh Settings;"REVOKE TRIGGER ON dwh_settings.temp_2_2_10 FROM aachernobrovkin;"
vatsvetkova;Цветкова Виктория Андреевна (Viktoriya Tsvetkova);cdm;vat_inc_veh_check2;INSERT;ADBT Owner Cdm;"REVOKE INSERT ON cdm.vat_inc_veh_check2 FROM vatsvetkova;"
vatsvetkova;Цветкова Виктория Андреевна (Viktoriya Tsvetkova);cdm;vat_inc_veh_check2;SELECT;ADBT Owner Cdm;"REVOKE SELECT ON cdm.vat_inc_veh_check2 FROM vatsvetkova;"
vatsvetkova;Цветкова Виктория Андреевна (Viktoriya Tsvetkova);cdm;vat_inc_veh_check2;UPDATE;ADBT Owner Cdm;"REVOKE UPDATE ON cdm.vat_inc_veh_check2 FROM vatsvetkova;"
vatsvetkova;Цветкова Виктория Андреевна (Viktoriya Tsvetkova);cdm;vat_inc_veh_check2;DELETE;ADBT Owner Cdm;"REVOKE DELETE ON cdm.vat_inc_veh_check2 FROM vatsvetkova;"
vatsvetkova;Цветкова Виктория Андреевна (Viktoriya Tsvetkova);cdm;vat_inc_veh_check2;TRUNCATE;ADBT Owner Cdm;"REVOKE TRUNCATE ON cdm.vat_inc_veh_check2 FROM vatsvetkova;"
vatsvetkova;Цветкова Виктория Андреевна (Viktoriya Tsvetkova);cdm;vat_inc_veh_check2;REFERENCES;ADBT Owner Cdm;"REVOKE REFERENCES ON cdm.vat_inc_veh_check2 FROM vatsvetkova;"
vatsvetkova;Цветкова Виктория Андреевна (Viktoriya Tsvetkova);cdm;vat_inc_veh_check2;TRIGGER;ADBT Owner Cdm;"REVOKE TRIGGER ON cdm.vat_inc_veh_check2 FROM vatsvetkova;"
adb_service_dev;adb_service_dev;etl;repl__core__object_risk_type;INSERT;ADBT Owner Etl;"REVOKE INSERT ON etl.repl__core__object_risk_type FROM adb_service_dev;"
adb_service_dev;adb_service_dev;etl;repl__core__object_risk_type;SELECT;ADBT Owner Etl;"REVOKE SELECT ON etl.repl__core__object_risk_type FROM adb_service_dev;"
adb_service_dev;adb_service_dev;etl;repl__core__object_risk_type;UPDATE;ADBT Owner Etl;"REVOKE UPDATE ON etl.repl__core__object_risk_type FROM adb_service_dev;"
adb_service_dev;adb_service_dev;etl;repl__core__object_risk_type;DELETE;ADBT Owner Etl;"REVOKE DELETE ON etl.repl__core__object_risk_type FROM adb_service_dev;"
adb_service_dev;adb_service_dev;etl;repl__core__object_risk_type;TRUNCATE;ADBT Owner Etl;"REVOKE TRUNCATE ON etl.repl__core__object_risk_type FROM adb_service_dev;"
adb_service_dev;adb_service_dev;etl;repl__core__object_risk_type;REFERENCES;ADBT Owner Etl;"REVOKE REFERENCES ON etl.repl__core__object_risk_type FROM adb_service_dev;"
adb_service_dev;adb_service_dev;etl;repl__core__object_risk_type;TRIGGER;ADBT Owner Etl;"REVOKE TRIGGER ON etl.repl__core__object_risk_type FROM adb_service_dev;"
adb_replicat_dev;adb_replicat_dev;etl;repl__core__object_risk_type;SELECT;ADBT Write Etl;"REVOKE SELECT ON etl.repl__core__object_risk_type FROM adb_replicat_dev;"
adb_service_dev;adb_service_dev;etl;repl__core__department;INSERT;ADBT Owner Etl;"REVOKE INSERT ON etl.repl__core__department FROM adb_service_dev;"
adb_service_dev;adb_service_dev;etl;repl__core__department;SELECT;ADBT Owner Etl;"REVOKE SELECT ON etl.repl__core__department FROM adb_service_dev;"
adb_service_dev;adb_service_dev;etl;repl__core__department;UPDATE;ADBT Owner Etl;"REVOKE UPDATE ON etl.repl__core__department FROM adb_service_dev;"
adb_service_dev;adb_service_dev;etl;repl__core__department;DELETE;ADBT Owner Etl;"REVOKE DELETE ON etl.repl__core__department FROM adb_service_dev;"
adb_service_dev;adb_service_dev;etl;repl__core__department;TRUNCATE;ADBT Owner Etl;"REVOKE TRUNCATE ON etl.repl__core__department FROM adb_service_dev;"
adb_service_dev;adb_service_dev;etl;repl__core__department;REFERENCES;ADBT Owner Etl;"REVOKE REFERENCES ON etl.repl__core__department FROM adb_service_dev;"
adb_service_dev;adb_service_dev;etl;repl__core__department;TRIGGER;ADBT Owner Etl;"REVOKE TRIGGER ON etl.repl__core__department FROM adb_service_dev;"
adb_replicat_dev;adb_replicat_dev;etl;repl__core__department;SELECT;ADBT Write Etl;"REVOKE SELECT ON etl.repl__core__department FROM adb_replicat_dev;"
adb_service_dev;adb_service_dev;check_dq;diff_repl_agent_invoice_2026_08_13__05_00_03_k_1_upsert;INSERT;ADBT Owner Check DQ;"REVOKE INSERT ON check_dq.diff_repl_agent_invoice_2026_08_13__05_00_03_k_1_upsert FROM adb_service_dev;"
adb_service_dev;adb_service_dev;check_dq;diff_repl_agent_invoice_2026_08_13__05_00_03_k_1_upsert;SELECT;ADBT Owner Check DQ;"REVOKE SELECT ON check_dq.diff_repl_agent_invoice_2026_08_13__05_00_03_k_1_upsert FROM adb_service_dev;"
adb_service_dev;adb_service_dev;check_dq;diff_repl_agent_invoice_2026_08_13__05_00_03_k_1_upsert;UPDATE;ADBT Owner Check DQ;"REVOKE UPDATE ON check_dq.diff_repl_agent_invoice_2026_08_13__05_00_03_k_1_upsert FROM adb_service_dev;"
adb_service_dev;adb_service_dev;check_dq;diff_repl_agent_invoice_2026_08_13__05_00_03_k_1_upsert;DELETE;ADBT Owner Check DQ;"REVOKE DELETE ON check_dq.diff_repl_agent_invoice_2026_08_13__05_00_03_k_1_upsert FROM adb_service_dev;"
adb_service_dev;adb_service_dev;check_dq;diff_repl_agent_invoice_2026_08_13__05_00_03_k_1_upsert;TRUNCATE;ADBT Owner Check DQ;"REVOKE TRUNCATE ON check_dq.diff_repl_agent_invoice_2026_08_13__05_00_03_k_1_upsert FROM adb_service_dev;"
adb_service_dev;adb_service_dev;check_dq;diff_repl_agent_invoice_2026_08_13__05_00_03_k_1_upsert;REFERENCES;ADBT Owner Check DQ;"REVOKE REFERENCES ON check_dq.diff_repl_agent_invoice_2026_08_13__05_00_03_k_1_upsert FROM adb_service_dev;"
adb_service_dev;adb_service_dev;check_dq;diff_repl_agent_invoice_2026_08_13__05_00_03_k_1_upsert;TRIGGER;ADBT Owner Check DQ;"REVOKE TRIGGER ON check_dq.diff_repl_agent_invoice_2026_08_13__05_00_03_k_1_upsert FROM adb_service_dev;"
adb_replicat_dev;adb_replicat_dev;etl;repl__core_sandbox__address;SELECT;ADBT Write Etl;"REVOKE SELECT ON etl.repl__core_sandbox__address FROM adb_replicat_dev;"
adb_service_dev;adb_service_dev;etl;repl__core__counterparty_course;INSERT;ADBT Owner Etl;"REVOKE INSERT ON etl.repl__core__counterparty_course FROM adb_service_dev;"
adb_service_dev;adb_service_dev;etl;repl__core__counterparty_course;SELECT;ADBT Owner Etl;"REVOKE SELECT ON etl.repl__core__counterparty_course FROM adb_service_dev;"
adb_service_dev;adb_service_dev;etl;repl__core__counterparty_course;UPDATE;ADBT Owner Etl;"REVOKE UPDATE ON etl.repl__core__counterparty_course FROM adb_service_dev;"
adb_service_dev;adb_service_dev;etl;repl__core__counterparty_course;DELETE;ADBT Owner Etl;"REVOKE DELETE ON etl.repl__core__counterparty_course FROM adb_service_dev;"
adb_service_dev;adb_service_dev;etl;repl__core__counterparty_course;TRUNCATE;ADBT Owner Etl;"REVOKE TRUNCATE ON etl.repl__core__counterparty_course FROM adb_service_dev;"
adb_service_dev;adb_service_dev;etl;repl__core__counterparty_course;REFERENCES;ADBT Owner Etl;"REVOKE REFERENCES ON etl.repl__core__counterparty_course FROM adb_service_dev;"
adb_service_dev;adb_service_dev;etl;repl__core__counterparty_course;TRIGGER;ADBT Owner Etl;"REVOKE TRIGGER ON etl.repl__core__counterparty_course FROM adb_service_dev;"
adb_replicat_dev;adb_replicat_dev;etl;repl__core__counterparty_course;SELECT;ADBT Write Etl;"REVOKE SELECT ON etl.repl__core__counterparty_course FROM adb_replicat_dev;"
adb_service_dev;adb_service_dev;etl;repl__core__payment_counterparty;INSERT;ADBT Owner Etl;"REVOKE INSERT ON etl.repl__core__payment_counterparty FROM adb_service_dev;"
adb_service_dev;adb_service_dev;etl;repl__core__payment_counterparty;SELECT;ADBT Owner Etl;"REVOKE SELECT ON etl.repl__core__payment_counterparty FROM adb_service_dev;"
adb_service_dev;adb_service_dev;etl;repl__core__payment_counterparty;UPDATE;ADBT Owner Etl;"REVOKE UPDATE ON etl.repl__core__payment_counterparty FROM adb_service_dev;"
adb_service_dev;adb_service_dev;etl;repl__core__payment_counterparty;DELETE;ADBT Owner Etl;"REVOKE DELETE ON etl.repl__core__payment_counterparty FROM adb_service_dev;"
adb_service_dev;adb_service_dev;etl;repl__core__payment_counterparty;TRUNCATE;ADBT Owner Etl;"REVOKE TRUNCATE ON etl.repl__core__payment_counterparty FROM adb_service_dev;"
adb_service_dev;adb_service_dev;etl;repl__core__payment_counterparty;REFERENCES;ADBT Owner Etl;"REVOKE REFERENCES ON etl.repl__core__payment_counterparty FROM adb_service_dev;"
adb_service_dev;adb_service_dev;etl;repl__core__payment_counterparty;TRIGGER;ADBT Owner Etl;"REVOKE TRIGGER ON etl.repl__core__payment_counterparty FROM adb_service_dev;"
adb_replicat_dev;adb_replicat_dev;etl;repl__core__payment_counterparty;SELECT;ADBT Write Etl;"REVOKE SELECT ON etl.repl__core__payment_counterparty FROM adb_replicat_dev;"
adb_service_dev;adb_service_dev;etl;repl__core__strict_blank;INSERT;ADBT Owner Etl;"REVOKE INSERT ON etl.repl__core__strict_blank FROM adb_service_dev;"
adb_service_dev;adb_service_dev;etl;repl__core__strict_blank;SELECT;ADBT Owner Etl;"REVOKE SELECT ON etl.repl__core__strict_blank FROM adb_service_dev;"
adb_service_dev;adb_service_dev;etl;repl__core__strict_blank;UPDATE;ADBT Owner Etl;"REVOKE UPDATE ON etl.repl__core__strict_blank FROM adb_service_dev;"
adb_service_dev;adb_service_dev;etl;repl__core__strict_blank;DELETE;ADBT Owner Etl;"REVOKE DELETE ON etl.repl__core__strict_blank FROM adb_service_dev;"
adb_service_dev;adb_service_dev;etl;repl__core__strict_blank;TRUNCATE;ADBT Owner Etl;"REVOKE TRUNCATE ON etl.repl__core__strict_blank FROM adb_service_dev;"
adb_service_dev;adb_service_dev;etl;repl__core__strict_blank;REFERENCES;ADBT Owner Etl;"REVOKE REFERENCES ON etl.repl__core__strict_blank FROM adb_service_dev;"
adb_service_dev;adb_service_dev;etl;repl__core__strict_blank;TRIGGER;ADBT Owner Etl;"REVOKE TRIGGER ON etl.repl__core__strict_blank FROM adb_service_dev;"
adb_replicat_dev;adb_replicat_dev;etl;repl__core__strict_blank;SELECT;ADBT Write Etl;"REVOKE SELECT ON etl.repl__core__strict_blank FROM adb_replicat_dev;"
adb_service_dev;adb_service_dev;etl;repl__core__counterparty_link;INSERT;ADBT Owner Etl;"REVOKE INSERT ON etl.repl__core__counterparty_link FROM adb_service_dev;"
adb_service_dev;adb_service_dev;etl;repl__core__counterparty_link;SELECT;ADBT Owner Etl;"REVOKE SELECT ON etl.repl__core__counterparty_link FROM adb_service_dev;"
adb_service_dev;adb_service_dev;etl;repl__core__counterparty_link;UPDATE;ADBT Owner Etl;"REVOKE UPDATE ON etl.repl__core__counterparty_link FROM adb_service_dev;"
adb_service_dev;adb_service_dev;etl;repl__core__counterparty_link;DELETE;ADBT Owner Etl;"REVOKE DELETE ON etl.repl__core__counterparty_link FROM adb_service_dev;"
adb_service_dev;adb_service_dev;etl;repl__core__counterparty_link;TRUNCATE;ADBT Owner Etl;"REVOKE TRUNCATE ON etl.repl__core__counterparty_link FROM adb_service_dev;"
adb_service_dev;adb_service_dev;etl;repl__core__counterparty_link;REFERENCES;ADBT Owner Etl;"REVOKE REFERENCES ON etl.repl__core__counterparty_link FROM adb_service_dev;"
adb_service_dev;adb_service_dev;etl;repl__core__counterparty_link;TRIGGER;ADBT Owner Etl;"REVOKE TRIGGER ON etl.repl__core__counterparty_link FROM adb_service_dev;"
adb_replicat_dev;adb_replicat_dev;etl;repl__core__counterparty_link;SELECT;ADBT Write Etl;"REVOKE SELECT ON etl.repl__core__counterparty_link FROM adb_replicat_dev;"
vatsvetkova;Цветкова Виктория Андреевна (Viktoriya Tsvetkova);cdm;vat_agent_invoice;INSERT;ADBT Owner Cdm;"REVOKE INSERT ON cdm.vat_agent_invoice FROM vatsvetkova;"
vatsvetkova;Цветкова Виктория Андреевна (Viktoriya Tsvetkova);cdm;vat_agent_invoice;SELECT;ADBT Owner Cdm;"REVOKE SELECT ON cdm.vat_agent_invoice FROM vatsvetkova;"
vatsvetkova;Цветкова Виктория Андреевна (Viktoriya Tsvetkova);cdm;vat_agent_invoice;UPDATE;ADBT Owner Cdm;"REVOKE UPDATE ON cdm.vat_agent_invoice FROM vatsvetkova;"
vatsvetkova;Цветкова Виктория Андреевна (Viktoriya Tsvetkova);cdm;vat_agent_invoice;DELETE;ADBT Owner Cdm;"REVOKE DELETE ON cdm.vat_agent_invoice FROM vatsvetkova;"
vatsvetkova;Цветкова Виктория Андреевна (Viktoriya Tsvetkova);cdm;vat_agent_invoice;TRUNCATE;ADBT Owner Cdm;"REVOKE TRUNCATE ON cdm.vat_agent_invoice FROM vatsvetkova;"
vatsvetkova;Цветкова Виктория Андреевна (Viktoriya Tsvetkova);cdm;vat_agent_invoice;REFERENCES;ADBT Owner Cdm;"REVOKE REFERENCES ON cdm.vat_agent_invoice FROM vatsvetkova;"
vatsvetkova;Цветкова Виктория Андреевна (Viktoriya Tsvetkova);cdm;vat_agent_invoice;TRIGGER;ADBT Owner Cdm;"REVOKE TRIGGER ON cdm.vat_agent_invoice FROM vatsvetkova;"
adb_service_dev;adb_service_dev;etl;repl__core__transaction6;INSERT;ADBT Owner Etl;"REVOKE INSERT ON etl.repl__core__transaction6 FROM adb_service_dev;"
adb_service_dev;adb_service_dev;etl;repl__core__transaction6;SELECT;ADBT Owner Etl;"REVOKE SELECT ON etl.repl__core__transaction6 FROM adb_service_dev;"
adb_service_dev;adb_service_dev;etl;repl__core__transaction6;UPDATE;ADBT Owner Etl;"REVOKE UPDATE ON etl.repl__core__transaction6 FROM adb_service_dev;"
adb_service_dev;adb_service_dev;etl;repl__core__transaction6;DELETE;ADBT Owner Etl;"REVOKE DELETE ON etl.repl__core__transaction6 FROM adb_service_dev;"
adb_service_dev;adb_service_dev;etl;repl__core__transaction6;TRUNCATE;ADBT Owner Etl;"REVOKE TRUNCATE ON etl.repl__core__transaction6 FROM adb_service_dev;"
adb_service_dev;adb_service_dev;etl;repl__core__transaction6;REFERENCES;ADBT Owner Etl;"REVOKE REFERENCES ON etl.repl__core__transaction6 FROM adb_service_dev;"
adb_service_dev;adb_service_dev;etl;repl__core__transaction6;TRIGGER;ADBT Owner Etl;"REVOKE TRIGGER ON etl.repl__core__transaction6 FROM adb_service_dev;"
adb_replicat_dev;adb_replicat_dev;etl;repl__core__transaction6;SELECT;ADBT Write Etl;"REVOKE SELECT ON etl.repl__core__transaction6 FROM adb_replicat_dev;"
adb_service_dev;adb_service_dev;etl;repl__core__payment_risk;INSERT;ADBT Owner Etl;"REVOKE INSERT ON etl.repl__core__payment_risk FROM adb_service_dev;"
adb_service_dev;adb_service_dev;etl;repl__core__payment_risk;SELECT;ADBT Owner Etl;"REVOKE SELECT ON etl.repl__core__payment_risk FROM adb_service_dev;"
adb_service_dev;adb_service_dev;etl;repl__core__payment_risk;UPDATE;ADBT Owner Etl;"REVOKE UPDATE ON etl.repl__core__payment_risk FROM adb_service_dev;"
adb_service_dev;adb_service_dev;etl;repl__core__payment_risk;DELETE;ADBT Owner Etl;"REVOKE DELETE ON etl.repl__core__payment_risk FROM adb_service_dev;"
adb_service_dev;adb_service_dev;etl;repl__core__payment_risk;TRUNCATE;ADBT Owner Etl;"REVOKE TRUNCATE ON etl.repl__core__payment_risk FROM adb_service_dev;"
adb_service_dev;adb_service_dev;etl;repl__core__payment_risk;REFERENCES;ADBT Owner Etl;"REVOKE REFERENCES ON etl.repl__core__payment_risk FROM adb_service_dev;"
adb_service_dev;adb_service_dev;etl;repl__core__payment_risk;TRIGGER;ADBT Owner Etl;"REVOKE TRIGGER ON etl.repl__core__payment_risk FROM adb_service_dev;"
adb_replicat_dev;adb_replicat_dev;etl;repl__core__payment_risk;SELECT;ADBT Write Etl;"REVOKE SELECT ON etl.repl__core__payment_risk FROM adb_replicat_dev;"
adb_service_dev;adb_service_dev;etl;repl__core__contract_document_hist;INSERT;ADBT Owner Etl;"REVOKE INSERT ON etl.repl__core__contract_document_hist FROM adb_service_dev;"
adb_service_dev;adb_service_dev;etl;repl__core__contract_document_hist;SELECT;ADBT Owner Etl;"REVOKE SELECT ON etl.repl__core__contract_document_hist FROM adb_service_dev;"
adb_service_dev;adb_service_dev;etl;repl__core__contract_document_hist;UPDATE;ADBT Owner Etl;"REVOKE UPDATE ON etl.repl__core__contract_document_hist FROM adb_service_dev;"
adb_service_dev;adb_service_dev;etl;repl__core__contract_document_hist;DELETE;ADBT Owner Etl;"REVOKE DELETE ON etl.repl__core__contract_document_hist FROM adb_service_dev;"
adb_service_dev;adb_service_dev;etl;repl__core__contract_document_hist;TRUNCATE;ADBT Owner Etl;"REVOKE TRUNCATE ON etl.repl__core__contract_document_hist FROM adb_service_dev;"
adb_service_dev;adb_service_dev;etl;repl__core__contract_document_hist;REFERENCES;ADBT Owner Etl;"REVOKE REFERENCES ON etl.repl__core__contract_document_hist FROM adb_service_dev;"
adb_service_dev;adb_service_dev;etl;repl__core__contract_document_hist;TRIGGER;ADBT Owner Etl;"REVOKE TRIGGER ON etl.repl__core__contract_document_hist FROM adb_service_dev;"
adb_replicat_dev;adb_replicat_dev;etl;repl__core__contract_document_hist;SELECT;ADBT Write Etl;"REVOKE SELECT ON etl.repl__core__contract_document_hist FROM adb_replicat_dev;"
adb_service_dev;adb_service_dev;etl;repl__core__operator;INSERT;ADBT Owner Etl;"REVOKE INSERT ON etl.repl__core__operator FROM adb_service_dev;"
adb_service_dev;adb_service_dev;etl;repl__core__operator;SELECT;ADBT Owner Etl;"REVOKE SELECT ON etl.repl__core__operator FROM adb_service_dev;"
adb_service_dev;adb_service_dev;etl;repl__core__operator;UPDATE;ADBT Owner Etl;"REVOKE UPDATE ON etl.repl__core__operator FROM adb_service_dev;"
adb_service_dev;adb_service_dev;etl;repl__core__operator;DELETE;ADBT Owner Etl;"REVOKE DELETE ON etl.repl__core__operator FROM adb_service_dev;"
adb_service_dev;adb_service_dev;etl;repl__core__operator;TRUNCATE;ADBT Owner Etl;"REVOKE TRUNCATE ON etl.repl__core__operator FROM adb_service_dev;"
adb_service_dev;adb_service_dev;etl;repl__core__operator;REFERENCES;ADBT Owner Etl;"REVOKE REFERENCES ON etl.repl__core__operator FROM adb_service_dev;"
adb_service_dev;adb_service_dev;etl;repl__core__operator;TRIGGER;ADBT Owner Etl;"REVOKE TRIGGER ON etl.repl__core__operator FROM adb_service_dev;"
adb_replicat_dev;adb_replicat_dev;etl;repl__core__operator;SELECT;ADBT Write Etl;"REVOKE SELECT ON etl.repl__core__operator FROM adb_replicat_dev;"
adb_service_dev;adb_service_dev;etl;repl__core__non_insurance_reserve;INSERT;ADBT Owner Etl;"REVOKE INSERT ON etl.repl__core__non_insurance_reserve FROM adb_service_dev;"
adb_service_dev;adb_service_dev;etl;repl__core__non_insurance_reserve;SELECT;ADBT Owner Etl;"REVOKE SELECT ON etl.repl__core__non_insurance_reserve FROM adb_service_dev;"
adb_service_dev;adb_service_dev;etl;repl__core__non_insurance_reserve;UPDATE;ADBT Owner Etl;"REVOKE UPDATE ON etl.repl__core__non_insurance_reserve FROM adb_service_dev;"
adb_service_dev;adb_service_dev;etl;repl__core__non_insurance_reserve;DELETE;ADBT Owner Etl;"REVOKE DELETE ON etl.repl__core__non_insurance_reserve FROM adb_service_dev;"
adb_service_dev;adb_service_dev;etl;repl__core__non_insurance_reserve;TRUNCATE;ADBT Owner Etl;"REVOKE TRUNCATE ON etl.repl__core__non_insurance_reserve FROM adb_service_dev;"
adb_service_dev;adb_service_dev;etl;repl__core__non_insurance_reserve;REFERENCES;ADBT Owner Etl;"REVOKE REFERENCES ON etl.repl__core__non_insurance_reserve FROM adb_service_dev;"
adb_service_dev;adb_service_dev;etl;repl__core__non_insurance_reserve;TRIGGER;ADBT Owner Etl;"REVOKE TRIGGER ON etl.repl__core__non_insurance_reserve FROM adb_service_dev;"
adb_replicat_dev;adb_replicat_dev;etl;repl__core__non_insurance_reserve;SELECT;ADBT Write Etl;"REVOKE SELECT ON etl.repl__core__non_insurance_reserve FROM adb_replicat_dev;"
adb_service_dev;adb_service_dev;etl;repl__core__absence;INSERT;ADBT Owner Etl;"REVOKE INSERT ON etl.repl__core__absence FROM adb_service_dev;"
adb_service_dev;adb_service_dev;etl;repl__core__absence;SELECT;ADBT Owner Etl;"REVOKE SELECT ON etl.repl__core__absence FROM adb_service_dev;"
adb_service_dev;adb_service_dev;etl;repl__core__absence;UPDATE;ADBT Owner Etl;"REVOKE UPDATE ON etl.repl__core__absence FROM adb_service_dev;"
adb_service_dev;adb_service_dev;etl;repl__core__absence;DELETE;ADBT Owner Etl;"REVOKE DELETE ON etl.repl__core__absence FROM adb_service_dev;"
adb_service_dev;adb_service_dev;etl;repl__core__absence;TRUNCATE;ADBT Owner Etl;"REVOKE TRUNCATE ON etl.repl__core__absence FROM adb_service_dev;"
adb_service_dev;adb_service_dev;etl;repl__core__absence;REFERENCES;ADBT Owner Etl;"REVOKE REFERENCES ON etl.repl__core__absence FROM adb_service_dev;"
adb_service_dev;adb_service_dev;etl;repl__core__absence;TRIGGER;ADBT Owner Etl;"REVOKE TRIGGER ON etl.repl__core__absence FROM adb_service_dev;"
adb_replicat_dev;adb_replicat_dev;etl;repl__core__absence;SELECT;ADBT Write Etl;"REVOKE SELECT ON etl.repl__core__absence FROM adb_replicat_dev;"
adb_service_dev;adb_service_dev;etl;repl__core__agent_contract;INSERT;ADBT Owner Etl;"REVOKE INSERT ON etl.repl__core__agent_contract FROM adb_service_dev;"
adb_service_dev;adb_service_dev;etl;repl__core__agent_contract;SELECT;ADBT Owner Etl;"REVOKE SELECT ON etl.repl__core__agent_contract FROM adb_service_dev;"
adb_service_dev;adb_service_dev;etl;repl__core__agent_contract;UPDATE;ADBT Owner Etl;"REVOKE UPDATE ON etl.repl__core__agent_contract FROM adb_service_dev;"
adb_service_dev;adb_service_dev;etl;repl__core__agent_contract;DELETE;ADBT Owner Etl;"REVOKE DELETE ON etl.repl__core__agent_contract FROM adb_service_dev;"
adb_service_dev;adb_service_dev;etl;repl__core__agent_contract;TRUNCATE;ADBT Owner Etl;"REVOKE TRUNCATE ON etl.repl__core__agent_contract FROM adb_service_dev;"
adb_service_dev;adb_service_dev;etl;repl__core__agent_contract;REFERENCES;ADBT Owner Etl;"REVOKE REFERENCES ON etl.repl__core__agent_contract FROM adb_service_dev;"
adb_service_dev;adb_service_dev;etl;repl__core__agent_contract;TRIGGER;ADBT Owner Etl;"REVOKE TRIGGER ON etl.repl__core__agent_contract FROM adb_service_dev;"
adb_replicat_dev;adb_replicat_dev;etl;repl__core__agent_contract;SELECT;ADBT Write Etl;"REVOKE SELECT ON etl.repl__core__agent_contract FROM adb_replicat_dev;"
adb_service_dev;adb_service_dev;etl;repl__core__strict_blank_abort;INSERT;ADBT Owner Etl;"REVOKE INSERT ON etl.repl__core__strict_blank_abort FROM adb_service_dev;"
adb_service_dev;adb_service_dev;etl;repl__core__strict_blank_abort;SELECT;ADBT Owner Etl;"REVOKE SELECT ON etl.repl__core__strict_blank_abort FROM adb_service_dev;"
adb_service_dev;adb_service_dev;etl;repl__core__strict_blank_abort;UPDATE;ADBT Owner Etl;"REVOKE UPDATE ON etl.repl__core__strict_blank_abort FROM adb_service_dev;"
adb_service_dev;adb_service_dev;etl;repl__core__strict_blank_abort;DELETE;ADBT Owner Etl;"REVOKE DELETE ON etl.repl__core__strict_blank_abort FROM adb_service_dev;"
adb_service_dev;adb_service_dev;etl;repl__core__strict_blank_abort;TRUNCATE;ADBT Owner Etl;"REVOKE TRUNCATE ON etl.repl__core__strict_blank_abort FROM adb_service_dev;"
adb_service_dev;adb_service_dev;etl;repl__core__strict_blank_abort;REFERENCES;ADBT Owner Etl;"REVOKE REFERENCES ON etl.repl__core__strict_blank_abort FROM adb_service_dev;"
adb_service_dev;adb_service_dev;etl;repl__core__strict_blank_abort;TRIGGER;ADBT Owner Etl;"REVOKE TRIGGER ON etl.repl__core__strict_blank_abort FROM adb_service_dev;"
adb_replicat_dev;adb_replicat_dev;etl;repl__core__strict_blank_abort;SELECT;ADBT Write Etl;"REVOKE SELECT ON etl.repl__core__strict_blank_abort FROM adb_replicat_dev;"
adb_pdi_dev;adb_pdi_dev;cdm;rol_for_sum_claim_checked;INSERT;ADBT Owner Cdm;"REVOKE INSERT ON cdm.rol_for_sum_claim_checked FROM adb_pdi_dev;"
adb_pdi_dev;adb_pdi_dev;cdm;rol_for_sum_claim_checked;SELECT;ADBT Owner Cdm;"REVOKE SELECT ON cdm.rol_for_sum_claim_checked FROM adb_pdi_dev;"
adb_pdi_dev;adb_pdi_dev;cdm;rol_for_sum_claim_checked;UPDATE;ADBT Owner Cdm;"REVOKE UPDATE ON cdm.rol_for_sum_claim_checked FROM adb_pdi_dev;"
adb_pdi_dev;adb_pdi_dev;cdm;rol_for_sum_claim_checked;DELETE;ADBT Owner Cdm;"REVOKE DELETE ON cdm.rol_for_sum_claim_checked FROM adb_pdi_dev;"
adb_pdi_dev;adb_pdi_dev;cdm;rol_for_sum_claim_checked;TRUNCATE;ADBT Owner Cdm;"REVOKE TRUNCATE ON cdm.rol_for_sum_claim_checked FROM adb_pdi_dev;"
adb_pdi_dev;adb_pdi_dev;cdm;rol_for_sum_claim_checked;REFERENCES;ADBT Owner Cdm;"REVOKE REFERENCES ON cdm.rol_for_sum_claim_checked FROM adb_pdi_dev;"
adb_pdi_dev;adb_pdi_dev;cdm;rol_for_sum_claim_checked;TRIGGER;ADBT Owner Cdm;"REVOKE TRIGGER ON cdm.rol_for_sum_claim_checked FROM adb_pdi_dev;"
adb_pdi_dev;adb_pdi_dev;cdm;claim_collect_delta_rfs;INSERT;ADBT Owner Cdm;"REVOKE INSERT ON cdm.claim_collect_delta_rfs FROM adb_pdi_dev;"
adb_pdi_dev;adb_pdi_dev;cdm;claim_collect_delta_rfs;SELECT;ADBT Owner Cdm;"REVOKE SELECT ON cdm.claim_collect_delta_rfs FROM adb_pdi_dev;"
adb_pdi_dev;adb_pdi_dev;cdm;claim_collect_delta_rfs;UPDATE;ADBT Owner Cdm;"REVOKE UPDATE ON cdm.claim_collect_delta_rfs FROM adb_pdi_dev;"
adb_pdi_dev;adb_pdi_dev;cdm;claim_collect_delta_rfs;DELETE;ADBT Owner Cdm;"REVOKE DELETE ON cdm.claim_collect_delta_rfs FROM adb_pdi_dev;"
adb_pdi_dev;adb_pdi_dev;cdm;claim_collect_delta_rfs;TRUNCATE;ADBT Owner Cdm;"REVOKE TRUNCATE ON cdm.claim_collect_delta_rfs FROM adb_pdi_dev;"
adb_pdi_dev;adb_pdi_dev;cdm;claim_collect_delta_rfs;REFERENCES;ADBT Owner Cdm;"REVOKE REFERENCES ON cdm.claim_collect_delta_rfs FROM adb_pdi_dev;"
adb_pdi_dev;adb_pdi_dev;cdm;claim_collect_delta_rfs;TRIGGER;ADBT Owner Cdm;"REVOKE TRIGGER ON cdm.claim_collect_delta_rfs FROM adb_pdi_dev;"
adb_service_dev;adb_service_dev;check_dq;diff_repl_insured_vehicle_2026_08_15__05_00_06_k_1_upsert;INSERT;ADBT Owner Check DQ;"REVOKE INSERT ON check_dq.diff_repl_insured_vehicle_2026_08_15__05_00_06_k_1_upsert FROM adb_service_dev;"
adb_service_dev;adb_service_dev;check_dq;diff_repl_insured_vehicle_2026_08_15__05_00_06_k_1_upsert;SELECT;ADBT Owner Check DQ;"REVOKE SELECT ON check_dq.diff_repl_insured_vehicle_2026_08_15__05_00_06_k_1_upsert FROM adb_service_dev;"
adb_service_dev;adb_service_dev;check_dq;diff_repl_insured_vehicle_2026_08_15__05_00_06_k_1_upsert;UPDATE;ADBT Owner Check DQ;"REVOKE UPDATE ON check_dq.diff_repl_insured_vehicle_2026_08_15__05_00_06_k_1_upsert FROM adb_service_dev;"
adb_service_dev;adb_service_dev;check_dq;diff_repl_insured_vehicle_2026_08_15__05_00_06_k_1_upsert;DELETE;ADBT Owner Check DQ;"REVOKE DELETE ON check_dq.diff_repl_insured_vehicle_2026_08_15__05_00_06_k_1_upsert FROM adb_service_dev;"
adb_service_dev;adb_service_dev;check_dq;diff_repl_insured_vehicle_2026_08_15__05_00_06_k_1_upsert;TRUNCATE;ADBT Owner Check DQ;"REVOKE TRUNCATE ON check_dq.diff_repl_insured_vehicle_2026_08_15__05_00_06_k_1_upsert FROM adb_service_dev;"
adb_service_dev;adb_service_dev;check_dq;diff_repl_insured_vehicle_2026_08_15__05_00_06_k_1_upsert;REFERENCES;ADBT Owner Check DQ;"REVOKE REFERENCES ON check_dq.diff_repl_insured_vehicle_2026_08_15__05_00_06_k_1_upsert FROM adb_service_dev;"
adb_service_dev;adb_service_dev;check_dq;diff_repl_insured_vehicle_2026_08_15__05_00_06_k_1_upsert;TRIGGER;ADBT Owner Check DQ;"REVOKE TRIGGER ON check_dq.diff_repl_insured_vehicle_2026_08_15__05_00_06_k_1_upsert FROM adb_service_dev;"
adb_service_dev;adb_service_dev;etl;repl__core__operator_department;INSERT;ADBT Owner Etl;"REVOKE INSERT ON etl.repl__core__operator_department FROM adb_service_dev;"
adb_service_dev;adb_service_dev;etl;repl__core__operator_department;SELECT;ADBT Owner Etl;"REVOKE SELECT ON etl.repl__core__operator_department FROM adb_service_dev;"
adb_service_dev;adb_service_dev;etl;repl__core__operator_department;UPDATE;ADBT Owner Etl;"REVOKE UPDATE ON etl.repl__core__operator_department FROM adb_service_dev;"
adb_service_dev;adb_service_dev;etl;repl__core__operator_department;DELETE;ADBT Owner Etl;"REVOKE DELETE ON etl.repl__core__operator_department FROM adb_service_dev;"
adb_service_dev;adb_service_dev;etl;repl__core__operator_department;TRUNCATE;ADBT Owner Etl;"REVOKE TRUNCATE ON etl.repl__core__operator_department FROM adb_service_dev;"
adb_service_dev;adb_service_dev;etl;repl__core__operator_department;REFERENCES;ADBT Owner Etl;"REVOKE REFERENCES ON etl.repl__core__operator_department FROM adb_service_dev;"
adb_service_dev;adb_service_dev;etl;repl__core__operator_department;TRIGGER;ADBT Owner Etl;"REVOKE TRIGGER ON etl.repl__core__operator_department FROM adb_service_dev;"
adb_replicat_dev;adb_replicat_dev;etl;repl__core__operator_department;SELECT;ADBT Write Etl;"REVOKE SELECT ON etl.repl__core__operator_department FROM adb_replicat_dev;"
adb_service_dev;adb_service_dev;etl;repl__core__contract_object_reservation;INSERT;ADBT Owner Etl;"REVOKE INSERT ON etl.repl__core__contract_object_reservation FROM adb_service_dev;"
adb_service_dev;adb_service_dev;etl;repl__core__contract_object_reservation;SELECT;ADBT Owner Etl;"REVOKE SELECT ON etl.repl__core__contract_object_reservation FROM adb_service_dev;"
adb_service_dev;adb_service_dev;etl;repl__core__contract_object_reservation;UPDATE;ADBT Owner Etl;"REVOKE UPDATE ON etl.repl__core__contract_object_reservation FROM adb_service_dev;"
adb_service_dev;adb_service_dev;etl;repl__core__contract_object_reservation;DELETE;ADBT Owner Etl;"REVOKE DELETE ON etl.repl__core__contract_object_reservation FROM adb_service_dev;"
adb_service_dev;adb_service_dev;etl;repl__core__contract_object_reservation;TRUNCATE;ADBT Owner Etl;"REVOKE TRUNCATE ON etl.repl__core__contract_object_reservation FROM adb_service_dev;"
adb_service_dev;adb_service_dev;etl;repl__core__contract_object_reservation;REFERENCES;ADBT Owner Etl;"REVOKE REFERENCES ON etl.repl__core__contract_object_reservation FROM adb_service_dev;"
adb_service_dev;adb_service_dev;etl;repl__core__contract_object_reservation;TRIGGER;ADBT Owner Etl;"REVOKE TRIGGER ON etl.repl__core__contract_object_reservation FROM adb_service_dev;"
adb_replicat_dev;adb_replicat_dev;etl;repl__core__contract_object_reservation;SELECT;ADBT Write Etl;"REVOKE SELECT ON etl.repl__core__contract_object_reservation FROM adb_replicat_dev;"
adb_service_dev;adb_service_dev;etl;repl__core__counterparty_operator;INSERT;ADBT Owner Etl;"REVOKE INSERT ON etl.repl__core__counterparty_operator FROM adb_service_dev;"
adb_service_dev;adb_service_dev;etl;repl__core__counterparty_operator;SELECT;ADBT Owner Etl;"REVOKE SELECT ON etl.repl__core__counterparty_operator FROM adb_service_dev;"
adb_service_dev;adb_service_dev;etl;repl__core__counterparty_operator;UPDATE;ADBT Owner Etl;"REVOKE UPDATE ON etl.repl__core__counterparty_operator FROM adb_service_dev;"
adb_service_dev;adb_service_dev;etl;repl__core__counterparty_operator;DELETE;ADBT Owner Etl;"REVOKE DELETE ON etl.repl__core__counterparty_operator FROM adb_service_dev;"
adb_service_dev;adb_service_dev;etl;repl__core__counterparty_operator;TRUNCATE;ADBT Owner Etl;"REVOKE TRUNCATE ON etl.repl__core__counterparty_operator FROM adb_service_dev;"
adb_service_dev;adb_service_dev;etl;repl__core__counterparty_operator;REFERENCES;ADBT Owner Etl;"REVOKE REFERENCES ON etl.repl__core__counterparty_operator FROM adb_service_dev;"
adb_service_dev;adb_service_dev;etl;repl__core__counterparty_operator;TRIGGER;ADBT Owner Etl;"REVOKE TRIGGER ON etl.repl__core__counterparty_operator FROM adb_service_dev;"
adb_replicat_dev;adb_replicat_dev;etl;repl__core__counterparty_operator;SELECT;ADBT Write Etl;"REVOKE SELECT ON etl.repl__core__counterparty_operator FROM adb_replicat_dev;"
adb_service_dev;adb_service_dev;etl;repl__core__comission_discount;INSERT;ADBT Owner Etl;"REVOKE INSERT ON etl.repl__core__comission_discount FROM adb_service_dev;"
adb_service_dev;adb_service_dev;etl;repl__core__comission_discount;SELECT;ADBT Owner Etl;"REVOKE SELECT ON etl.repl__core__comission_discount FROM adb_service_dev;"
adb_service_dev;adb_service_dev;etl;repl__core__comission_discount;UPDATE;ADBT Owner Etl;"REVOKE UPDATE ON etl.repl__core__comission_discount FROM adb_service_dev;"
adb_service_dev;adb_service_dev;etl;repl__core__comission_discount;DELETE;ADBT Owner Etl;"REVOKE DELETE ON etl.repl__core__comission_discount FROM adb_service_dev;"
adb_service_dev;adb_service_dev;etl;repl__core__comission_discount;TRUNCATE;ADBT Owner Etl;"REVOKE TRUNCATE ON etl.repl__core__comission_discount FROM adb_service_dev;"
adb_service_dev;adb_service_dev;etl;repl__core__comission_discount;REFERENCES;ADBT Owner Etl;"REVOKE REFERENCES ON etl.repl__core__comission_discount FROM adb_service_dev;"
adb_service_dev;adb_service_dev;etl;repl__core__comission_discount;TRIGGER;ADBT Owner Etl;"REVOKE TRIGGER ON etl.repl__core__comission_discount FROM adb_service_dev;"
adb_replicat_dev;adb_replicat_dev;etl;repl__core__comission_discount;SELECT;ADBT Write Etl;"REVOKE SELECT ON etl.repl__core__comission_discount FROM adb_replicat_dev;"
adb_pdi_dev;adb_pdi_dev;cdm;rol_for_count_claim_checked;INSERT;ADBT Owner Cdm;"REVOKE INSERT ON cdm.rol_for_count_claim_checked FROM adb_pdi_dev;"
adb_pdi_dev;adb_pdi_dev;cdm;rol_for_count_claim_checked;SELECT;ADBT Owner Cdm;"REVOKE SELECT ON cdm.rol_for_count_claim_checked FROM adb_pdi_dev;"
adb_pdi_dev;adb_pdi_dev;cdm;rol_for_count_claim_checked;UPDATE;ADBT Owner Cdm;"REVOKE UPDATE ON cdm.rol_for_count_claim_checked FROM adb_pdi_dev;"
adb_pdi_dev;adb_pdi_dev;cdm;rol_for_count_claim_checked;DELETE;ADBT Owner Cdm;"REVOKE DELETE ON cdm.rol_for_count_claim_checked FROM adb_pdi_dev;"
adb_pdi_dev;adb_pdi_dev;cdm;rol_for_count_claim_checked;TRUNCATE;ADBT Owner Cdm;"REVOKE TRUNCATE ON cdm.rol_for_count_claim_checked FROM adb_pdi_dev;"
adb_pdi_dev;adb_pdi_dev;cdm;rol_for_count_claim_checked;REFERENCES;ADBT Owner Cdm;"REVOKE REFERENCES ON cdm.rol_for_count_claim_checked FROM adb_pdi_dev;"
adb_pdi_dev;adb_pdi_dev;cdm;rol_for_count_claim_checked;TRIGGER;ADBT Owner Cdm;"REVOKE TRIGGER ON cdm.rol_for_count_claim_checked FROM adb_pdi_dev;"
adb_pdi_dev;adb_pdi_dev;cdm;claim_collect_delta_rfc;INSERT;ADBT Owner Cdm;"REVOKE INSERT ON cdm.claim_collect_delta_rfc FROM adb_pdi_dev;"
adb_pdi_dev;adb_pdi_dev;cdm;claim_collect_delta_rfc;SELECT;ADBT Owner Cdm;"REVOKE SELECT ON cdm.claim_collect_delta_rfc FROM adb_pdi_dev;"
adb_pdi_dev;adb_pdi_dev;cdm;claim_collect_delta_rfc;UPDATE;ADBT Owner Cdm;"REVOKE UPDATE ON cdm.claim_collect_delta_rfc FROM adb_pdi_dev;"
adb_pdi_dev;adb_pdi_dev;cdm;claim_collect_delta_rfc;DELETE;ADBT Owner Cdm;"REVOKE DELETE ON cdm.claim_collect_delta_rfc FROM adb_pdi_dev;"
adb_pdi_dev;adb_pdi_dev;cdm;claim_collect_delta_rfc;TRUNCATE;ADBT Owner Cdm;"REVOKE TRUNCATE ON cdm.claim_collect_delta_rfc FROM adb_pdi_dev;"
adb_pdi_dev;adb_pdi_dev;cdm;claim_collect_delta_rfc;REFERENCES;ADBT Owner Cdm;"REVOKE REFERENCES ON cdm.claim_collect_delta_rfc FROM adb_pdi_dev;"
adb_pdi_dev;adb_pdi_dev;cdm;claim_collect_delta_rfc;TRIGGER;ADBT Owner Cdm;"REVOKE TRIGGER ON cdm.claim_collect_delta_rfc FROM adb_pdi_dev;"
adb_service_dev;adb_service_dev;etl;repl__core__contract_expense;INSERT;ADBT Owner Etl;"REVOKE INSERT ON etl.repl__core__contract_expense FROM adb_service_dev;"
adb_service_dev;adb_service_dev;etl;repl__core__contract_expense;SELECT;ADBT Owner Etl;"REVOKE SELECT ON etl.repl__core__contract_expense FROM adb_service_dev;"
adb_service_dev;adb_service_dev;etl;repl__core__contract_expense;UPDATE;ADBT Owner Etl;"REVOKE UPDATE ON etl.repl__core__contract_expense FROM adb_service_dev;"
adb_service_dev;adb_service_dev;etl;repl__core__contract_expense;DELETE;ADBT Owner Etl;"REVOKE DELETE ON etl.repl__core__contract_expense FROM adb_service_dev;"
adb_service_dev;adb_service_dev;etl;repl__core__contract_expense;TRUNCATE;ADBT Owner Etl;"REVOKE TRUNCATE ON etl.repl__core__contract_expense FROM adb_service_dev;"
adb_service_dev;adb_service_dev;etl;repl__core__contract_expense;REFERENCES;ADBT Owner Etl;"REVOKE REFERENCES ON etl.repl__core__contract_expense FROM adb_service_dev;"
adb_service_dev;adb_service_dev;etl;repl__core__contract_expense;TRIGGER;ADBT Owner Etl;"REVOKE TRIGGER ON etl.repl__core__contract_expense FROM adb_service_dev;"
adb_replicat_dev;adb_replicat_dev;etl;repl__core__contract_expense;SELECT;ADBT Write Etl;"REVOKE SELECT ON etl.repl__core__contract_expense FROM adb_replicat_dev;"
adb_pdi_dev;adb_pdi_dev;cdm;claim_exposure_inc;INSERT;ADBT Owner Cdm;"REVOKE INSERT ON cdm.claim_exposure_inc FROM adb_pdi_dev;"
adb_pdi_dev;adb_pdi_dev;cdm;claim_exposure_inc;SELECT;ADBT Owner Cdm;"REVOKE SELECT ON cdm.claim_exposure_inc FROM adb_pdi_dev;"
adb_pdi_dev;adb_pdi_dev;cdm;claim_exposure_inc;UPDATE;ADBT Owner Cdm;"REVOKE UPDATE ON cdm.claim_exposure_inc FROM adb_pdi_dev;"
adb_pdi_dev;adb_pdi_dev;cdm;claim_exposure_inc;DELETE;ADBT Owner Cdm;"REVOKE DELETE ON cdm.claim_exposure_inc FROM adb_pdi_dev;"
adb_pdi_dev;adb_pdi_dev;cdm;claim_exposure_inc;TRUNCATE;ADBT Owner Cdm;"REVOKE TRUNCATE ON cdm.claim_exposure_inc FROM adb_pdi_dev;"
adb_pdi_dev;adb_pdi_dev;cdm;claim_exposure_inc;REFERENCES;ADBT Owner Cdm;"REVOKE REFERENCES ON cdm.claim_exposure_inc FROM adb_pdi_dev;"
adb_pdi_dev;adb_pdi_dev;cdm;claim_exposure_inc;TRIGGER;ADBT Owner Cdm;"REVOKE TRIGGER ON cdm.claim_exposure_inc FROM adb_pdi_dev;"
adb_service_dev;adb_service_dev;etl;repl__core__commission_risk;INSERT;ADBT Owner Etl;"REVOKE INSERT ON etl.repl__core__commission_risk FROM adb_service_dev;"
adb_service_dev;adb_service_dev;etl;repl__core__commission_risk;SELECT;ADBT Owner Etl;"REVOKE SELECT ON etl.repl__core__commission_risk FROM adb_service_dev;"
adb_service_dev;adb_service_dev;etl;repl__core__commission_risk;UPDATE;ADBT Owner Etl;"REVOKE UPDATE ON etl.repl__core__commission_risk FROM adb_service_dev;"
adb_service_dev;adb_service_dev;etl;repl__core__commission_risk;DELETE;ADBT Owner Etl;"REVOKE DELETE ON etl.repl__core__commission_risk FROM adb_service_dev;"
adb_service_dev;adb_service_dev;etl;repl__core__commission_risk;TRUNCATE;ADBT Owner Etl;"REVOKE TRUNCATE ON etl.repl__core__commission_risk FROM adb_service_dev;"
adb_service_dev;adb_service_dev;etl;repl__core__commission_risk;REFERENCES;ADBT Owner Etl;"REVOKE REFERENCES ON etl.repl__core__commission_risk FROM adb_service_dev;"
adb_service_dev;adb_service_dev;etl;repl__core__commission_risk;TRIGGER;ADBT Owner Etl;"REVOKE TRIGGER ON etl.repl__core__commission_risk FROM adb_service_dev;"
adb_replicat_dev;adb_replicat_dev;etl;repl__core__commission_risk;SELECT;ADBT Write Etl;"REVOKE SELECT ON etl.repl__core__commission_risk FROM adb_replicat_dev;"
adb_service_dev;adb_service_dev;etl;repl__core__driver_license_category;INSERT;ADBT Owner Etl;"REVOKE INSERT ON etl.repl__core__driver_license_category FROM adb_service_dev;"
adb_service_dev;adb_service_dev;etl;repl__core__driver_license_category;SELECT;ADBT Owner Etl;"REVOKE SELECT ON etl.repl__core__driver_license_category FROM adb_service_dev;"
adb_service_dev;adb_service_dev;etl;repl__core__driver_license_category;UPDATE;ADBT Owner Etl;"REVOKE UPDATE ON etl.repl__core__driver_license_category FROM adb_service_dev;"
adb_service_dev;adb_service_dev;etl;repl__core__driver_license_category;DELETE;ADBT Owner Etl;"REVOKE DELETE ON etl.repl__core__driver_license_category FROM adb_service_dev;"
adb_service_dev;adb_service_dev;etl;repl__core__driver_license_category;TRUNCATE;ADBT Owner Etl;"REVOKE TRUNCATE ON etl.repl__core__driver_license_category FROM adb_service_dev;"
adb_service_dev;adb_service_dev;etl;repl__core__driver_license_category;REFERENCES;ADBT Owner Etl;"REVOKE REFERENCES ON etl.repl__core__driver_license_category FROM adb_service_dev;"
adb_service_dev;adb_service_dev;etl;repl__core__driver_license_category;TRIGGER;ADBT Owner Etl;"REVOKE TRIGGER ON etl.repl__core__driver_license_category FROM adb_service_dev;"
adb_replicat_dev;adb_replicat_dev;etl;repl__core__driver_license_category;SELECT;ADBT Write Etl;"REVOKE SELECT ON etl.repl__core__driver_license_category FROM adb_replicat_dev;"
adb_pdi_dev;adb_pdi_dev;cdm;counterparty_actual;INSERT;ADBT Owner Cdm;"REVOKE INSERT ON cdm.counterparty_actual FROM adb_pdi_dev;"
adb_pdi_dev;adb_pdi_dev;cdm;counterparty_actual;SELECT;ADBT Owner Cdm;"REVOKE SELECT ON cdm.counterparty_actual FROM adb_pdi_dev;"
adb_pdi_dev;adb_pdi_dev;cdm;counterparty_actual;UPDATE;ADBT Owner Cdm;"REVOKE UPDATE ON cdm.counterparty_actual FROM adb_pdi_dev;"
adb_pdi_dev;adb_pdi_dev;cdm;counterparty_actual;DELETE;ADBT Owner Cdm;"REVOKE DELETE ON cdm.counterparty_actual FROM adb_pdi_dev;"
adb_pdi_dev;adb_pdi_dev;cdm;counterparty_actual;TRUNCATE;ADBT Owner Cdm;"REVOKE TRUNCATE ON cdm.counterparty_actual FROM adb_pdi_dev;"
adb_pdi_dev;adb_pdi_dev;cdm;counterparty_actual;REFERENCES;ADBT Owner Cdm;"REVOKE REFERENCES ON cdm.counterparty_actual FROM adb_pdi_dev;"
adb_pdi_dev;adb_pdi_dev;cdm;counterparty_actual;TRIGGER;ADBT Owner Cdm;"REVOKE TRIGGER ON cdm.counterparty_actual FROM adb_pdi_dev;"
adb_service_dev;adb_service_dev;etl;repl__core__counterparty_role;INSERT;ADBT Owner Etl;"REVOKE INSERT ON etl.repl__core__counterparty_role FROM adb_service_dev;"
adb_service_dev;adb_service_dev;etl;repl__core__counterparty_role;SELECT;ADBT Owner Etl;"REVOKE SELECT ON etl.repl__core__counterparty_role FROM adb_service_dev;"
adb_service_dev;adb_service_dev;etl;repl__core__counterparty_role;UPDATE;ADBT Owner Etl;"REVOKE UPDATE ON etl.repl__core__counterparty_role FROM adb_service_dev;"
adb_service_dev;adb_service_dev;etl;repl__core__counterparty_role;DELETE;ADBT Owner Etl;"REVOKE DELETE ON etl.repl__core__counterparty_role FROM adb_service_dev;"
adb_service_dev;adb_service_dev;etl;repl__core__counterparty_role;TRUNCATE;ADBT Owner Etl;"REVOKE TRUNCATE ON etl.repl__core__counterparty_role FROM adb_service_dev;"
adb_service_dev;adb_service_dev;etl;repl__core__counterparty_role;REFERENCES;ADBT Owner Etl;"REVOKE REFERENCES ON etl.repl__core__counterparty_role FROM adb_service_dev;"
adb_service_dev;adb_service_dev;etl;repl__core__counterparty_role;TRIGGER;ADBT Owner Etl;"REVOKE TRIGGER ON etl.repl__core__counterparty_role FROM adb_service_dev;"
adb_replicat_dev;adb_replicat_dev;etl;repl__core__counterparty_role;SELECT;ADBT Write Etl;"REVOKE SELECT ON etl.repl__core__counterparty_role FROM adb_replicat_dev;"
adb_service_dev;adb_service_dev;etl;repl__core__agent_contract_addendum;INSERT;ADBT Owner Etl;"REVOKE INSERT ON etl.repl__core__agent_contract_addendum FROM adb_service_dev;"
adb_service_dev;adb_service_dev;etl;repl__core__agent_contract_addendum;SELECT;ADBT Owner Etl;"REVOKE SELECT ON etl.repl__core__agent_contract_addendum FROM adb_service_dev;"
adb_service_dev;adb_service_dev;etl;repl__core__agent_contract_addendum;UPDATE;ADBT Owner Etl;"REVOKE UPDATE ON etl.repl__core__agent_contract_addendum FROM adb_service_dev;"
adb_service_dev;adb_service_dev;etl;repl__core__agent_contract_addendum;DELETE;ADBT Owner Etl;"REVOKE DELETE ON etl.repl__core__agent_contract_addendum FROM adb_service_dev;"
adb_service_dev;adb_service_dev;etl;repl__core__agent_contract_addendum;TRUNCATE;ADBT Owner Etl;"REVOKE TRUNCATE ON etl.repl__core__agent_contract_addendum FROM adb_service_dev;"
adb_service_dev;adb_service_dev;etl;repl__core__agent_contract_addendum;REFERENCES;ADBT Owner Etl;"REVOKE REFERENCES ON etl.repl__core__agent_contract_addendum FROM adb_service_dev;"
adb_service_dev;adb_service_dev;etl;repl__core__agent_contract_addendum;TRIGGER;ADBT Owner Etl;"REVOKE TRIGGER ON etl.repl__core__agent_contract_addendum FROM adb_service_dev;"
adb_replicat_dev;adb_replicat_dev;etl;repl__core__agent_contract_addendum;SELECT;ADBT Write Etl;"REVOKE SELECT ON etl.repl__core__agent_contract_addendum FROM adb_replicat_dev;"
adb_pdi_dev;adb_pdi_dev;cdm;rol_for_sum_cost_claim_checked;INSERT;ADBT Owner Cdm;"REVOKE INSERT ON cdm.rol_for_sum_cost_claim_checked FROM adb_pdi_dev;"
adb_pdi_dev;adb_pdi_dev;cdm;rol_for_sum_cost_claim_checked;SELECT;ADBT Owner Cdm;"REVOKE SELECT ON cdm.rol_for_sum_cost_claim_checked FROM adb_pdi_dev;"
adb_pdi_dev;adb_pdi_dev;cdm;rol_for_sum_cost_claim_checked;UPDATE;ADBT Owner Cdm;"REVOKE UPDATE ON cdm.rol_for_sum_cost_claim_checked FROM adb_pdi_dev;"
adb_pdi_dev;adb_pdi_dev;cdm;rol_for_sum_cost_claim_checked;DELETE;ADBT Owner Cdm;"REVOKE DELETE ON cdm.rol_for_sum_cost_claim_checked FROM adb_pdi_dev;"
adb_pdi_dev;adb_pdi_dev;cdm;rol_for_sum_cost_claim_checked;TRUNCATE;ADBT Owner Cdm;"REVOKE TRUNCATE ON cdm.rol_for_sum_cost_claim_checked FROM adb_pdi_dev;"
adb_pdi_dev;adb_pdi_dev;cdm;rol_for_sum_cost_claim_checked;REFERENCES;ADBT Owner Cdm;"REVOKE REFERENCES ON cdm.rol_for_sum_cost_claim_checked FROM adb_pdi_dev;"
adb_pdi_dev;adb_pdi_dev;cdm;rol_for_sum_cost_claim_checked;TRIGGER;ADBT Owner Cdm;"REVOKE TRIGGER ON cdm.rol_for_sum_cost_claim_checked FROM adb_pdi_dev;"
adb_pdi_dev;adb_pdi_dev;cdm;claim_collect_delta_rfscost;INSERT;ADBT Owner Cdm;"REVOKE INSERT ON cdm.claim_collect_delta_rfscost FROM adb_pdi_dev;"
adb_pdi_dev;adb_pdi_dev;cdm;claim_collect_delta_rfscost;SELECT;ADBT Owner Cdm;"REVOKE SELECT ON cdm.claim_collect_delta_rfscost FROM adb_pdi_dev;"
adb_pdi_dev;adb_pdi_dev;cdm;claim_collect_delta_rfscost;UPDATE;ADBT Owner Cdm;"REVOKE UPDATE ON cdm.claim_collect_delta_rfscost FROM adb_pdi_dev;"
adb_pdi_dev;adb_pdi_dev;cdm;claim_collect_delta_rfscost;DELETE;ADBT Owner Cdm;"REVOKE DELETE ON cdm.claim_collect_delta_rfscost FROM adb_pdi_dev;"
adb_pdi_dev;adb_pdi_dev;cdm;claim_collect_delta_rfscost;TRUNCATE;ADBT Owner Cdm;"REVOKE TRUNCATE ON cdm.claim_collect_delta_rfscost FROM adb_pdi_dev;"
adb_pdi_dev;adb_pdi_dev;cdm;claim_collect_delta_rfscost;REFERENCES;ADBT Owner Cdm;"REVOKE REFERENCES ON cdm.claim_collect_delta_rfscost FROM adb_pdi_dev;"
adb_pdi_dev;adb_pdi_dev;cdm;claim_collect_delta_rfscost;TRIGGER;ADBT Owner Cdm;"REVOKE TRIGGER ON cdm.claim_collect_delta_rfscost FROM adb_pdi_dev;"
adb_service_dev;adb_service_dev;etl;repl__core__bank_account;INSERT;ADBT Owner Etl;"REVOKE INSERT ON etl.repl__core__bank_account FROM adb_service_dev;"
adb_service_dev;adb_service_dev;etl;repl__core__bank_account;SELECT;ADBT Owner Etl;"REVOKE SELECT ON etl.repl__core__bank_account FROM adb_service_dev;"
adb_service_dev;adb_service_dev;etl;repl__core__bank_account;UPDATE;ADBT Owner Etl;"REVOKE UPDATE ON etl.repl__core__bank_account FROM adb_service_dev;"
adb_service_dev;adb_service_dev;etl;repl__core__bank_account;DELETE;ADBT Owner Etl;"REVOKE DELETE ON etl.repl__core__bank_account FROM adb_service_dev;"
adb_service_dev;adb_service_dev;etl;repl__core__bank_account;TRUNCATE;ADBT Owner Etl;"REVOKE TRUNCATE ON etl.repl__core__bank_account FROM adb_service_dev;"
adb_service_dev;adb_service_dev;etl;repl__core__bank_account;REFERENCES;ADBT Owner Etl;"REVOKE REFERENCES ON etl.repl__core__bank_account FROM adb_service_dev;"
adb_service_dev;adb_service_dev;etl;repl__core__bank_account;TRIGGER;ADBT Owner Etl;"REVOKE TRIGGER ON etl.repl__core__bank_account FROM adb_service_dev;"
adb_replicat_dev;adb_replicat_dev;etl;repl__core__bank_account;SELECT;ADBT Write Etl;"REVOKE SELECT ON etl.repl__core__bank_account FROM adb_replicat_dev;"
adb_service_dev;adb_service_dev;etl;repl__core__strict_blank_hist;INSERT;ADBT Owner Etl;"REVOKE INSERT ON etl.repl__core__strict_blank_hist FROM adb_service_dev;"
adb_service_dev;adb_service_dev;etl;repl__core__strict_blank_hist;SELECT;ADBT Owner Etl;"REVOKE SELECT ON etl.repl__core__strict_blank_hist FROM adb_service_dev;"
adb_service_dev;adb_service_dev;etl;repl__core__strict_blank_hist;UPDATE;ADBT Owner Etl;"REVOKE UPDATE ON etl.repl__core__strict_blank_hist FROM adb_service_dev;"
adb_service_dev;adb_service_dev;etl;repl__core__strict_blank_hist;DELETE;ADBT Owner Etl;"REVOKE DELETE ON etl.repl__core__strict_blank_hist FROM adb_service_dev;"
adb_service_dev;adb_service_dev;etl;repl__core__strict_blank_hist;TRUNCATE;ADBT Owner Etl;"REVOKE TRUNCATE ON etl.repl__core__strict_blank_hist FROM adb_service_dev;"
adb_service_dev;adb_service_dev;etl;repl__core__strict_blank_hist;REFERENCES;ADBT Owner Etl;"REVOKE REFERENCES ON etl.repl__core__strict_blank_hist FROM adb_service_dev;"
adb_service_dev;adb_service_dev;etl;repl__core__strict_blank_hist;TRIGGER;ADBT Owner Etl;"REVOKE TRIGGER ON etl.repl__core__strict_blank_hist FROM adb_service_dev;"
adb_replicat_dev;adb_replicat_dev;etl;repl__core__strict_blank_hist;SELECT;ADBT Write Etl;"REVOKE SELECT ON etl.repl__core__strict_blank_hist FROM adb_replicat_dev;"
adb_pdi_dev;adb_pdi_dev;cdm;claim_policy_contract;INSERT;ADBT Owner Cdm;"REVOKE INSERT ON cdm.claim_policy_contract FROM adb_pdi_dev;"
adb_pdi_dev;adb_pdi_dev;cdm;claim_policy_contract;SELECT;ADBT Owner Cdm;"REVOKE SELECT ON cdm.claim_policy_contract FROM adb_pdi_dev;"
adb_pdi_dev;adb_pdi_dev;cdm;claim_policy_contract;UPDATE;ADBT Owner Cdm;"REVOKE UPDATE ON cdm.claim_policy_contract FROM adb_pdi_dev;"
adb_pdi_dev;adb_pdi_dev;cdm;claim_policy_contract;DELETE;ADBT Owner Cdm;"REVOKE DELETE ON cdm.claim_policy_contract FROM adb_pdi_dev;"
adb_pdi_dev;adb_pdi_dev;cdm;claim_policy_contract;TRUNCATE;ADBT Owner Cdm;"REVOKE TRUNCATE ON cdm.claim_policy_contract FROM adb_pdi_dev;"
adb_pdi_dev;adb_pdi_dev;cdm;claim_policy_contract;REFERENCES;ADBT Owner Cdm;"REVOKE REFERENCES ON cdm.claim_policy_contract FROM adb_pdi_dev;"
adb_pdi_dev;adb_pdi_dev;cdm;claim_policy_contract;TRIGGER;ADBT Owner Cdm;"REVOKE TRIGGER ON cdm.claim_policy_contract FROM adb_pdi_dev;"
adb_service_dev;adb_service_dev;etl;repl__core__notifications;INSERT;ADBT Owner Etl;"REVOKE INSERT ON etl.repl__core__notifications FROM adb_service_dev;"
adb_service_dev;adb_service_dev;etl;repl__core__notifications;SELECT;ADBT Owner Etl;"REVOKE SELECT ON etl.repl__core__notifications FROM adb_service_dev;"
adb_service_dev;adb_service_dev;etl;repl__core__notifications;UPDATE;ADBT Owner Etl;"REVOKE UPDATE ON etl.repl__core__notifications FROM adb_service_dev;"
adb_service_dev;adb_service_dev;etl;repl__core__notifications;DELETE;ADBT Owner Etl;"REVOKE DELETE ON etl.repl__core__notifications FROM adb_service_dev;"
adb_service_dev;adb_service_dev;etl;repl__core__notifications;TRUNCATE;ADBT Owner Etl;"REVOKE TRUNCATE ON etl.repl__core__notifications FROM adb_service_dev;"
adb_service_dev;adb_service_dev;etl;repl__core__notifications;REFERENCES;ADBT Owner Etl;"REVOKE REFERENCES ON etl.repl__core__notifications FROM adb_service_dev;"
adb_service_dev;adb_service_dev;etl;repl__core__notifications;TRIGGER;ADBT Owner Etl;"REVOKE TRIGGER ON etl.repl__core__notifications FROM adb_service_dev;"
adb_replicat_dev;adb_replicat_dev;etl;repl__core__notifications;SELECT;ADBT Write Etl;"REVOKE SELECT ON etl.repl__core__notifications FROM adb_replicat_dev;"
adb_pdi_dev;adb_pdi_dev;cdm;claim_inc_vin;INSERT;ADBT Owner Cdm;"REVOKE INSERT ON cdm.claim_inc_vin FROM adb_pdi_dev;"
adb_pdi_dev;adb_pdi_dev;cdm;claim_inc_vin;SELECT;ADBT Owner Cdm;"REVOKE SELECT ON cdm.claim_inc_vin FROM adb_pdi_dev;"
adb_pdi_dev;adb_pdi_dev;cdm;claim_inc_vin;UPDATE;ADBT Owner Cdm;"REVOKE UPDATE ON cdm.claim_inc_vin FROM adb_pdi_dev;"
adb_pdi_dev;adb_pdi_dev;cdm;claim_inc_vin;DELETE;ADBT Owner Cdm;"REVOKE DELETE ON cdm.claim_inc_vin FROM adb_pdi_dev;"
adb_pdi_dev;adb_pdi_dev;cdm;claim_inc_vin;TRUNCATE;ADBT Owner Cdm;"REVOKE TRUNCATE ON cdm.claim_inc_vin FROM adb_pdi_dev;"
adb_pdi_dev;adb_pdi_dev;cdm;claim_inc_vin;REFERENCES;ADBT Owner Cdm;"REVOKE REFERENCES ON cdm.claim_inc_vin FROM adb_pdi_dev;"
adb_pdi_dev;adb_pdi_dev;cdm;claim_inc_vin;TRIGGER;ADBT Owner Cdm;"REVOKE TRIGGER ON cdm.claim_inc_vin FROM adb_pdi_dev;"
adb_pdi_dev;adb_pdi_dev;cdm;claim_incident_veh;INSERT;ADBT Owner Cdm;"REVOKE INSERT ON cdm.claim_incident_veh FROM adb_pdi_dev;"
adb_pdi_dev;adb_pdi_dev;cdm;claim_incident_veh;SELECT;ADBT Owner Cdm;"REVOKE SELECT ON cdm.claim_incident_veh FROM adb_pdi_dev;"
adb_pdi_dev;adb_pdi_dev;cdm;claim_incident_veh;UPDATE;ADBT Owner Cdm;"REVOKE UPDATE ON cdm.claim_incident_veh FROM adb_pdi_dev;"
adb_pdi_dev;adb_pdi_dev;cdm;claim_incident_veh;DELETE;ADBT Owner Cdm;"REVOKE DELETE ON cdm.claim_incident_veh FROM adb_pdi_dev;"
adb_pdi_dev;adb_pdi_dev;cdm;claim_incident_veh;TRUNCATE;ADBT Owner Cdm;"REVOKE TRUNCATE ON cdm.claim_incident_veh FROM adb_pdi_dev;"
adb_pdi_dev;adb_pdi_dev;cdm;claim_incident_veh;REFERENCES;ADBT Owner Cdm;"REVOKE REFERENCES ON cdm.claim_incident_veh FROM adb_pdi_dev;"
adb_pdi_dev;adb_pdi_dev;cdm;claim_incident_veh;TRIGGER;ADBT Owner Cdm;"REVOKE TRIGGER ON cdm.claim_incident_veh FROM adb_pdi_dev;"
adb_pdi_dev;adb_pdi_dev;cdm;claim_exposure_incident;INSERT;ADBT Owner Cdm;"REVOKE INSERT ON cdm.claim_exposure_incident FROM adb_pdi_dev;"
adb_pdi_dev;adb_pdi_dev;cdm;claim_exposure_incident;SELECT;ADBT Owner Cdm;"REVOKE SELECT ON cdm.claim_exposure_incident FROM adb_pdi_dev;"
adb_pdi_dev;adb_pdi_dev;cdm;claim_exposure_incident;UPDATE;ADBT Owner Cdm;"REVOKE UPDATE ON cdm.claim_exposure_incident FROM adb_pdi_dev;"
adb_pdi_dev;adb_pdi_dev;cdm;claim_exposure_incident;DELETE;ADBT Owner Cdm;"REVOKE DELETE ON cdm.claim_exposure_incident FROM adb_pdi_dev;"
adb_pdi_dev;adb_pdi_dev;cdm;claim_exposure_incident;TRUNCATE;ADBT Owner Cdm;"REVOKE TRUNCATE ON cdm.claim_exposure_incident FROM adb_pdi_dev;"
adb_pdi_dev;adb_pdi_dev;cdm;claim_exposure_incident;REFERENCES;ADBT Owner Cdm;"REVOKE REFERENCES ON cdm.claim_exposure_incident FROM adb_pdi_dev;"
adb_pdi_dev;adb_pdi_dev;cdm;claim_exposure_incident;TRIGGER;ADBT Owner Cdm;"REVOKE TRIGGER ON cdm.claim_exposure_incident FROM adb_pdi_dev;"
adb_service_dev;adb_service_dev;etl;repl__core__contract_project;INSERT;ADBT Owner Etl;"REVOKE INSERT ON etl.repl__core__contract_project FROM adb_service_dev;"
adb_service_dev;adb_service_dev;etl;repl__core__contract_project;SELECT;ADBT Owner Etl;"REVOKE SELECT ON etl.repl__core__contract_project FROM adb_service_dev;"
adb_service_dev;adb_service_dev;etl;repl__core__contract_project;UPDATE;ADBT Owner Etl;"REVOKE UPDATE ON etl.repl__core__contract_project FROM adb_service_dev;"
adb_service_dev;adb_service_dev;etl;repl__core__contract_project;DELETE;ADBT Owner Etl;"REVOKE DELETE ON etl.repl__core__contract_project FROM adb_service_dev;"
adb_service_dev;adb_service_dev;etl;repl__core__contract_project;TRUNCATE;ADBT Owner Etl;"REVOKE TRUNCATE ON etl.repl__core__contract_project FROM adb_service_dev;"
adb_service_dev;adb_service_dev;etl;repl__core__contract_project;REFERENCES;ADBT Owner Etl;"REVOKE REFERENCES ON etl.repl__core__contract_project FROM adb_service_dev;"
adb_service_dev;adb_service_dev;etl;repl__core__contract_project;TRIGGER;ADBT Owner Etl;"REVOKE TRIGGER ON etl.repl__core__contract_project FROM adb_service_dev;"
adb_replicat_dev;adb_replicat_dev;etl;repl__core__contract_project;SELECT;ADBT Write Etl;"REVOKE SELECT ON etl.repl__core__contract_project FROM adb_replicat_dev;"
adb_service_dev;adb_service_dev;etl;repl__core__contract_counterparty;INSERT;ADBT Owner Etl;"REVOKE INSERT ON etl.repl__core__contract_counterparty FROM adb_service_dev;"
adb_service_dev;adb_service_dev;etl;repl__core__contract_counterparty;SELECT;ADBT Owner Etl;"REVOKE SELECT ON etl.repl__core__contract_counterparty FROM adb_service_dev;"
adb_service_dev;adb_service_dev;etl;repl__core__contract_counterparty;UPDATE;ADBT Owner Etl;"REVOKE UPDATE ON etl.repl__core__contract_counterparty FROM adb_service_dev;"
adb_service_dev;adb_service_dev;etl;repl__core__contract_counterparty;DELETE;ADBT Owner Etl;"REVOKE DELETE ON etl.repl__core__contract_counterparty FROM adb_service_dev;"
adb_service_dev;adb_service_dev;etl;repl__core__contract_counterparty;TRUNCATE;ADBT Owner Etl;"REVOKE TRUNCATE ON etl.repl__core__contract_counterparty FROM adb_service_dev;"
adb_service_dev;adb_service_dev;etl;repl__core__contract_counterparty;REFERENCES;ADBT Owner Etl;"REVOKE REFERENCES ON etl.repl__core__contract_counterparty FROM adb_service_dev;"
adb_service_dev;adb_service_dev;etl;repl__core__contract_counterparty;TRIGGER;ADBT Owner Etl;"REVOKE TRIGGER ON etl.repl__core__contract_counterparty FROM adb_service_dev;"
adb_replicat_dev;adb_replicat_dev;etl;repl__core__contract_counterparty;SELECT;ADBT Write Etl;"REVOKE SELECT ON etl.repl__core__contract_counterparty FROM adb_replicat_dev;"
adb_service_dev;adb_service_dev;etl;repl__core__employee;INSERT;ADBT Owner Etl;"REVOKE INSERT ON etl.repl__core__employee FROM adb_service_dev;"
adb_service_dev;adb_service_dev;etl;repl__core__employee;SELECT;ADBT Owner Etl;"REVOKE SELECT ON etl.repl__core__employee FROM adb_service_dev;"
adb_service_dev;adb_service_dev;etl;repl__core__employee;UPDATE;ADBT Owner Etl;"REVOKE UPDATE ON etl.repl__core__employee FROM adb_service_dev;"
adb_service_dev;adb_service_dev;etl;repl__core__employee;DELETE;ADBT Owner Etl;"REVOKE DELETE ON etl.repl__core__employee FROM adb_service_dev;"
adb_service_dev;adb_service_dev;etl;repl__core__employee;TRUNCATE;ADBT Owner Etl;"REVOKE TRUNCATE ON etl.repl__core__employee FROM adb_service_dev;"
adb_service_dev;adb_service_dev;etl;repl__core__employee;REFERENCES;ADBT Owner Etl;"REVOKE REFERENCES ON etl.repl__core__employee FROM adb_service_dev;"
adb_service_dev;adb_service_dev;etl;repl__core__employee;TRIGGER;ADBT Owner Etl;"REVOKE TRIGGER ON etl.repl__core__employee FROM adb_service_dev;"
adb_replicat_dev;adb_replicat_dev;etl;repl__core__employee;SELECT;ADBT Write Etl;"REVOKE SELECT ON etl.repl__core__employee FROM adb_replicat_dev;"
adb_service_dev;adb_service_dev;etl;repl__core__claim_subrogation_approvedsum;INSERT;ADBT Owner Etl;"REVOKE INSERT ON etl.repl__core__claim_subrogation_approvedsum FROM adb_service_dev;"
adb_service_dev;adb_service_dev;etl;repl__core__claim_subrogation_approvedsum;SELECT;ADBT Owner Etl;"REVOKE SELECT ON etl.repl__core__claim_subrogation_approvedsum FROM adb_service_dev;"
adb_service_dev;adb_service_dev;etl;repl__core__claim_subrogation_approvedsum;UPDATE;ADBT Owner Etl;"REVOKE UPDATE ON etl.repl__core__claim_subrogation_approvedsum FROM adb_service_dev;"
adb_service_dev;adb_service_dev;etl;repl__core__claim_subrogation_approvedsum;DELETE;ADBT Owner Etl;"REVOKE DELETE ON etl.repl__core__claim_subrogation_approvedsum FROM adb_service_dev;"
adb_service_dev;adb_service_dev;etl;repl__core__claim_subrogation_approvedsum;TRUNCATE;ADBT Owner Etl;"REVOKE TRUNCATE ON etl.repl__core__claim_subrogation_approvedsum FROM adb_service_dev;"
adb_service_dev;adb_service_dev;etl;repl__core__claim_subrogation_approvedsum;REFERENCES;ADBT Owner Etl;"REVOKE REFERENCES ON etl.repl__core__claim_subrogation_approvedsum FROM adb_service_dev;"
adb_service_dev;adb_service_dev;etl;repl__core__claim_subrogation_approvedsum;TRIGGER;ADBT Owner Etl;"REVOKE TRIGGER ON etl.repl__core__claim_subrogation_approvedsum FROM adb_service_dev;"
adb_replicat_dev;adb_replicat_dev;etl;repl__core__claim_subrogation_approvedsum;SELECT;ADBT Write Etl;"REVOKE SELECT ON etl.repl__core__claim_subrogation_approvedsum FROM adb_replicat_dev;"
adb_replicat_dev;adb_replicat_dev;etl;repl__core_sandbox__avbunina_counterparty;SELECT;ADBT Write Etl;"REVOKE SELECT ON etl.repl__core_sandbox__avbunina_counterparty FROM adb_replicat_dev;"
adb_service_dev;adb_service_dev;etl;repl__core__agent_invoice;INSERT;ADBT Owner Etl;"REVOKE INSERT ON etl.repl__core__agent_invoice FROM adb_service_dev;"
adb_service_dev;adb_service_dev;etl;repl__core__agent_invoice;SELECT;ADBT Owner Etl;"REVOKE SELECT ON etl.repl__core__agent_invoice FROM adb_service_dev;"
adb_service_dev;adb_service_dev;etl;repl__core__agent_invoice;UPDATE;ADBT Owner Etl;"REVOKE UPDATE ON etl.repl__core__agent_invoice FROM adb_service_dev;"
adb_service_dev;adb_service_dev;etl;repl__core__agent_invoice;DELETE;ADBT Owner Etl;"REVOKE DELETE ON etl.repl__core__agent_invoice FROM adb_service_dev;"
adb_service_dev;adb_service_dev;etl;repl__core__agent_invoice;TRUNCATE;ADBT Owner Etl;"REVOKE TRUNCATE ON etl.repl__core__agent_invoice FROM adb_service_dev;"
adb_service_dev;adb_service_dev;etl;repl__core__agent_invoice;REFERENCES;ADBT Owner Etl;"REVOKE REFERENCES ON etl.repl__core__agent_invoice FROM adb_service_dev;"
adb_service_dev;adb_service_dev;etl;repl__core__agent_invoice;TRIGGER;ADBT Owner Etl;"REVOKE TRIGGER ON etl.repl__core__agent_invoice FROM adb_service_dev;"
adb_replicat_dev;adb_replicat_dev;etl;repl__core__agent_invoice;SELECT;ADBT Write Etl;"REVOKE SELECT ON etl.repl__core__agent_invoice FROM adb_replicat_dev;"
adb_service_dev;adb_service_dev;etl;repl__core__strict_blank_limit;INSERT;ADBT Owner Etl;"REVOKE INSERT ON etl.repl__core__strict_blank_limit FROM adb_service_dev;"
adb_service_dev;adb_service_dev;etl;repl__core__strict_blank_limit;SELECT;ADBT Owner Etl;"REVOKE SELECT ON etl.repl__core__strict_blank_limit FROM adb_service_dev;"
adb_service_dev;adb_service_dev;etl;repl__core__strict_blank_limit;UPDATE;ADBT Owner Etl;"REVOKE UPDATE ON etl.repl__core__strict_blank_limit FROM adb_service_dev;"
adb_service_dev;adb_service_dev;etl;repl__core__strict_blank_limit;DELETE;ADBT Owner Etl;"REVOKE DELETE ON etl.repl__core__strict_blank_limit FROM adb_service_dev;"
adb_service_dev;adb_service_dev;etl;repl__core__strict_blank_limit;TRUNCATE;ADBT Owner Etl;"REVOKE TRUNCATE ON etl.repl__core__strict_blank_limit FROM adb_service_dev;"
adb_service_dev;adb_service_dev;etl;repl__core__strict_blank_limit;REFERENCES;ADBT Owner Etl;"REVOKE REFERENCES ON etl.repl__core__strict_blank_limit FROM adb_service_dev;"
adb_service_dev;adb_service_dev;etl;repl__core__strict_blank_limit;TRIGGER;ADBT Owner Etl;"REVOKE TRIGGER ON etl.repl__core__strict_blank_limit FROM adb_service_dev;"
adb_replicat_dev;adb_replicat_dev;etl;repl__core__strict_blank_limit;SELECT;ADBT Write Etl;"REVOKE SELECT ON etl.repl__core__strict_blank_limit FROM adb_replicat_dev;"
adb_service_dev;adb_service_dev;etl;repl__core__promocode_event;INSERT;ADBT Owner Etl;"REVOKE INSERT ON etl.repl__core__promocode_event FROM adb_service_dev;"
adb_service_dev;adb_service_dev;etl;repl__core__promocode_event;SELECT;ADBT Owner Etl;"REVOKE SELECT ON etl.repl__core__promocode_event FROM adb_service_dev;"
adb_service_dev;adb_service_dev;etl;repl__core__promocode_event;UPDATE;ADBT Owner Etl;"REVOKE UPDATE ON etl.repl__core__promocode_event FROM adb_service_dev;"
adb_service_dev;adb_service_dev;etl;repl__core__promocode_event;DELETE;ADBT Owner Etl;"REVOKE DELETE ON etl.repl__core__promocode_event FROM adb_service_dev;"
adb_service_dev;adb_service_dev;etl;repl__core__promocode_event;TRUNCATE;ADBT Owner Etl;"REVOKE TRUNCATE ON etl.repl__core__promocode_event FROM adb_service_dev;"
adb_service_dev;adb_service_dev;etl;repl__core__promocode_event;REFERENCES;ADBT Owner Etl;"REVOKE REFERENCES ON etl.repl__core__promocode_event FROM adb_service_dev;"
adb_service_dev;adb_service_dev;etl;repl__core__promocode_event;TRIGGER;ADBT Owner Etl;"REVOKE TRIGGER ON etl.repl__core__promocode_event FROM adb_service_dev;"
adb_replicat_dev;adb_replicat_dev;etl;repl__core__promocode_event;SELECT;ADBT Write Etl;"REVOKE SELECT ON etl.repl__core__promocode_event FROM adb_replicat_dev;"
adb_pdi_dev;adb_pdi_dev;cdm;clm_tran;INSERT;ADBT Owner Cdm;"REVOKE INSERT ON cdm.clm_tran FROM adb_pdi_dev;"
adb_pdi_dev;adb_pdi_dev;cdm;clm_tran;SELECT;ADBT Owner Cdm;"REVOKE SELECT ON cdm.clm_tran FROM adb_pdi_dev;"
adb_pdi_dev;adb_pdi_dev;cdm;clm_tran;UPDATE;ADBT Owner Cdm;"REVOKE UPDATE ON cdm.clm_tran FROM adb_pdi_dev;"
adb_pdi_dev;adb_pdi_dev;cdm;clm_tran;DELETE;ADBT Owner Cdm;"REVOKE DELETE ON cdm.clm_tran FROM adb_pdi_dev;"
adb_pdi_dev;adb_pdi_dev;cdm;clm_tran;TRUNCATE;ADBT Owner Cdm;"REVOKE TRUNCATE ON cdm.clm_tran FROM adb_pdi_dev;"
adb_pdi_dev;adb_pdi_dev;cdm;clm_tran;REFERENCES;ADBT Owner Cdm;"REVOKE REFERENCES ON cdm.clm_tran FROM adb_pdi_dev;"
adb_pdi_dev;adb_pdi_dev;cdm;clm_tran;TRIGGER;ADBT Owner Cdm;"REVOKE TRIGGER ON cdm.clm_tran FROM adb_pdi_dev;"
adb_pdi_dev;adb_pdi_dev;cdm;insurer;INSERT;ADBT Owner Cdm;"REVOKE INSERT ON cdm.insurer FROM adb_pdi_dev;"
adb_pdi_dev;adb_pdi_dev;cdm;insurer;SELECT;ADBT Owner Cdm;"REVOKE SELECT ON cdm.insurer FROM adb_pdi_dev;"
adb_pdi_dev;adb_pdi_dev;cdm;insurer;UPDATE;ADBT Owner Cdm;"REVOKE UPDATE ON cdm.insurer FROM adb_pdi_dev;"
adb_pdi_dev;adb_pdi_dev;cdm;insurer;DELETE;ADBT Owner Cdm;"REVOKE DELETE ON cdm.insurer FROM adb_pdi_dev;"
adb_pdi_dev;adb_pdi_dev;cdm;insurer;TRUNCATE;ADBT Owner Cdm;"REVOKE TRUNCATE ON cdm.insurer FROM adb_pdi_dev;"
adb_pdi_dev;adb_pdi_dev;cdm;insurer;REFERENCES;ADBT Owner Cdm;"REVOKE REFERENCES ON cdm.insurer FROM adb_pdi_dev;"
adb_pdi_dev;adb_pdi_dev;cdm;insurer;TRIGGER;ADBT Owner Cdm;"REVOKE TRIGGER ON cdm.insurer FROM adb_pdi_dev;"
adb_pdi_dev;adb_pdi_dev;cdm;cnt_or;INSERT;ADBT Owner Cdm;"REVOKE INSERT ON cdm.cnt_or FROM adb_pdi_dev;"
adb_pdi_dev;adb_pdi_dev;cdm;cnt_or;SELECT;ADBT Owner Cdm;"REVOKE SELECT ON cdm.cnt_or FROM adb_pdi_dev;"
adb_pdi_dev;adb_pdi_dev;cdm;cnt_or;UPDATE;ADBT Owner Cdm;"REVOKE UPDATE ON cdm.cnt_or FROM adb_pdi_dev;"
adb_pdi_dev;adb_pdi_dev;cdm;cnt_or;DELETE;ADBT Owner Cdm;"REVOKE DELETE ON cdm.cnt_or FROM adb_pdi_dev;"
adb_pdi_dev;adb_pdi_dev;cdm;cnt_or;TRUNCATE;ADBT Owner Cdm;"REVOKE TRUNCATE ON cdm.cnt_or FROM adb_pdi_dev;"
adb_pdi_dev;adb_pdi_dev;cdm;cnt_or;REFERENCES;ADBT Owner Cdm;"REVOKE REFERENCES ON cdm.cnt_or FROM adb_pdi_dev;"
adb_pdi_dev;adb_pdi_dev;cdm;cnt_or;TRIGGER;ADBT Owner Cdm;"REVOKE TRIGGER ON cdm.cnt_or FROM adb_pdi_dev;"
adb_pdi_dev;adb_pdi_dev;cdm;approved;INSERT;ADBT Owner Cdm;"REVOKE INSERT ON cdm.approved FROM adb_pdi_dev;"
adb_pdi_dev;adb_pdi_dev;cdm;approved;SELECT;ADBT Owner Cdm;"REVOKE SELECT ON cdm.approved FROM adb_pdi_dev;"
adb_pdi_dev;adb_pdi_dev;cdm;approved;UPDATE;ADBT Owner Cdm;"REVOKE UPDATE ON cdm.approved FROM adb_pdi_dev;"
adb_pdi_dev;adb_pdi_dev;cdm;approved;DELETE;ADBT Owner Cdm;"REVOKE DELETE ON cdm.approved FROM adb_pdi_dev;"
adb_pdi_dev;adb_pdi_dev;cdm;approved;TRUNCATE;ADBT Owner Cdm;"REVOKE TRUNCATE ON cdm.approved FROM adb_pdi_dev;"
adb_pdi_dev;adb_pdi_dev;cdm;approved;REFERENCES;ADBT Owner Cdm;"REVOKE REFERENCES ON cdm.approved FROM adb_pdi_dev;"
adb_pdi_dev;adb_pdi_dev;cdm;approved;TRIGGER;ADBT Owner Cdm;"REVOKE TRIGGER ON cdm.approved FROM adb_pdi_dev;"
adb_pdi_dev;adb_pdi_dev;cdm;tr_agg_rep_date;INSERT;ADBT Owner Cdm;"REVOKE INSERT ON cdm.tr_agg_rep_date FROM adb_pdi_dev;"
adb_pdi_dev;adb_pdi_dev;cdm;tr_agg_rep_date;SELECT;ADBT Owner Cdm;"REVOKE SELECT ON cdm.tr_agg_rep_date FROM adb_pdi_dev;"
adb_pdi_dev;adb_pdi_dev;cdm;tr_agg_rep_date;UPDATE;ADBT Owner Cdm;"REVOKE UPDATE ON cdm.tr_agg_rep_date FROM adb_pdi_dev;"
adb_pdi_dev;adb_pdi_dev;cdm;tr_agg_rep_date;DELETE;ADBT Owner Cdm;"REVOKE DELETE ON cdm.tr_agg_rep_date FROM adb_pdi_dev;"
adb_pdi_dev;adb_pdi_dev;cdm;tr_agg_rep_date;TRUNCATE;ADBT Owner Cdm;"REVOKE TRUNCATE ON cdm.tr_agg_rep_date FROM adb_pdi_dev;"
adb_pdi_dev;adb_pdi_dev;cdm;tr_agg_rep_date;REFERENCES;ADBT Owner Cdm;"REVOKE REFERENCES ON cdm.tr_agg_rep_date FROM adb_pdi_dev;"
adb_pdi_dev;adb_pdi_dev;cdm;tr_agg_rep_date;TRIGGER;ADBT Owner Cdm;"REVOKE TRIGGER ON cdm.tr_agg_rep_date FROM adb_pdi_dev;"
adb_pdi_dev;adb_pdi_dev;cdm;tr_agg_all;INSERT;ADBT Owner Cdm;"REVOKE INSERT ON cdm.tr_agg_all FROM adb_pdi_dev;"
adb_pdi_dev;adb_pdi_dev;cdm;tr_agg_all;SELECT;ADBT Owner Cdm;"REVOKE SELECT ON cdm.tr_agg_all FROM adb_pdi_dev;"
adb_pdi_dev;adb_pdi_dev;cdm;tr_agg_all;UPDATE;ADBT Owner Cdm;"REVOKE UPDATE ON cdm.tr_agg_all FROM adb_pdi_dev;"
adb_pdi_dev;adb_pdi_dev;cdm;tr_agg_all;DELETE;ADBT Owner Cdm;"REVOKE DELETE ON cdm.tr_agg_all FROM adb_pdi_dev;"
adb_pdi_dev;adb_pdi_dev;cdm;tr_agg_all;TRUNCATE;ADBT Owner Cdm;"REVOKE TRUNCATE ON cdm.tr_agg_all FROM adb_pdi_dev;"
adb_pdi_dev;adb_pdi_dev;cdm;tr_agg_all;REFERENCES;ADBT Owner Cdm;"REVOKE REFERENCES ON cdm.tr_agg_all FROM adb_pdi_dev;"
adb_pdi_dev;adb_pdi_dev;cdm;tr_agg_all;TRIGGER;ADBT Owner Cdm;"REVOKE TRIGGER ON cdm.tr_agg_all FROM adb_pdi_dev;"
adb_pdi_dev;adb_pdi_dev;cdm;rej_agg_all;INSERT;ADBT Owner Cdm;"REVOKE INSERT ON cdm.rej_agg_all FROM adb_pdi_dev;"
adb_pdi_dev;adb_pdi_dev;cdm;rej_agg_all;SELECT;ADBT Owner Cdm;"REVOKE SELECT ON cdm.rej_agg_all FROM adb_pdi_dev;"
adb_pdi_dev;adb_pdi_dev;cdm;rej_agg_all;UPDATE;ADBT Owner Cdm;"REVOKE UPDATE ON cdm.rej_agg_all FROM adb_pdi_dev;"
adb_pdi_dev;adb_pdi_dev;cdm;rej_agg_all;DELETE;ADBT Owner Cdm;"REVOKE DELETE ON cdm.rej_agg_all FROM adb_pdi_dev;"
adb_pdi_dev;adb_pdi_dev;cdm;rej_agg_all;TRUNCATE;ADBT Owner Cdm;"REVOKE TRUNCATE ON cdm.rej_agg_all FROM adb_pdi_dev;"
adb_pdi_dev;adb_pdi_dev;cdm;rej_agg_all;REFERENCES;ADBT Owner Cdm;"REVOKE REFERENCES ON cdm.rej_agg_all FROM adb_pdi_dev;"
adb_pdi_dev;adb_pdi_dev;cdm;rej_agg_all;TRIGGER;ADBT Owner Cdm;"REVOKE TRIGGER ON cdm.rej_agg_all FROM adb_pdi_dev;"
adb_pdi_dev;adb_pdi_dev;cdm;rej_agg_rep_date;INSERT;ADBT Owner Cdm;"REVOKE INSERT ON cdm.rej_agg_rep_date FROM adb_pdi_dev;"
adb_pdi_dev;adb_pdi_dev;cdm;rej_agg_rep_date;SELECT;ADBT Owner Cdm;"REVOKE SELECT ON cdm.rej_agg_rep_date FROM adb_pdi_dev;"
adb_pdi_dev;adb_pdi_dev;cdm;rej_agg_rep_date;UPDATE;ADBT Owner Cdm;"REVOKE UPDATE ON cdm.rej_agg_rep_date FROM adb_pdi_dev;"
adb_pdi_dev;adb_pdi_dev;cdm;rej_agg_rep_date;DELETE;ADBT Owner Cdm;"REVOKE DELETE ON cdm.rej_agg_rep_date FROM adb_pdi_dev;"
adb_pdi_dev;adb_pdi_dev;cdm;rej_agg_rep_date;TRUNCATE;ADBT Owner Cdm;"REVOKE TRUNCATE ON cdm.rej_agg_rep_date FROM adb_pdi_dev;"
adb_pdi_dev;adb_pdi_dev;cdm;rej_agg_rep_date;REFERENCES;ADBT Owner Cdm;"REVOKE REFERENCES ON cdm.rej_agg_rep_date FROM adb_pdi_dev;"
adb_pdi_dev;adb_pdi_dev;cdm;rej_agg_rep_date;TRIGGER;ADBT Owner Cdm;"REVOKE TRIGGER ON cdm.rej_agg_rep_date FROM adb_pdi_dev;"
adb_pdi_dev;adb_pdi_dev;cdm;max_rec_date;INSERT;ADBT Owner Cdm;"REVOKE INSERT ON cdm.max_rec_date FROM adb_pdi_dev;"
adb_pdi_dev;adb_pdi_dev;cdm;max_rec_date;SELECT;ADBT Owner Cdm;"REVOKE SELECT ON cdm.max_rec_date FROM adb_pdi_dev;"
adb_pdi_dev;adb_pdi_dev;cdm;max_rec_date;UPDATE;ADBT Owner Cdm;"REVOKE UPDATE ON cdm.max_rec_date FROM adb_pdi_dev;"
adb_pdi_dev;adb_pdi_dev;cdm;max_rec_date;DELETE;ADBT Owner Cdm;"REVOKE DELETE ON cdm.max_rec_date FROM adb_pdi_dev;"
adb_pdi_dev;adb_pdi_dev;cdm;max_rec_date;TRUNCATE;ADBT Owner Cdm;"REVOKE TRUNCATE ON cdm.max_rec_date FROM adb_pdi_dev;"
adb_pdi_dev;adb_pdi_dev;cdm;max_rec_date;REFERENCES;ADBT Owner Cdm;"REVOKE REFERENCES ON cdm.max_rec_date FROM adb_pdi_dev;"
adb_pdi_dev;adb_pdi_dev;cdm;max_rec_date;TRIGGER;ADBT Owner Cdm;"REVOKE TRIGGER ON cdm.max_rec_date FROM adb_pdi_dev;"
adb_pdi_dev;adb_pdi_dev;cdm;pay_date;INSERT;ADBT Owner Cdm;"REVOKE INSERT ON cdm.pay_date FROM adb_pdi_dev;"
adb_pdi_dev;adb_pdi_dev;cdm;pay_date;SELECT;ADBT Owner Cdm;"REVOKE SELECT ON cdm.pay_date FROM adb_pdi_dev;"
adb_pdi_dev;adb_pdi_dev;cdm;pay_date;UPDATE;ADBT Owner Cdm;"REVOKE UPDATE ON cdm.pay_date FROM adb_pdi_dev;"
adb_pdi_dev;adb_pdi_dev;cdm;pay_date;DELETE;ADBT Owner Cdm;"REVOKE DELETE ON cdm.pay_date FROM adb_pdi_dev;"
adb_pdi_dev;adb_pdi_dev;cdm;pay_date;TRUNCATE;ADBT Owner Cdm;"REVOKE TRUNCATE ON cdm.pay_date FROM adb_pdi_dev;"
adb_pdi_dev;adb_pdi_dev;cdm;pay_date;REFERENCES;ADBT Owner Cdm;"REVOKE REFERENCES ON cdm.pay_date FROM adb_pdi_dev;"
adb_pdi_dev;adb_pdi_dev;cdm;pay_date;TRIGGER;ADBT Owner Cdm;"REVOKE TRIGGER ON cdm.pay_date FROM adb_pdi_dev;"
adb_pdi_dev;adb_pdi_dev;cdm;rzu_act_r;INSERT;ADBT Owner Cdm;"REVOKE INSERT ON cdm.rzu_act_r FROM adb_pdi_dev;"
adb_pdi_dev;adb_pdi_dev;cdm;rzu_act_r;SELECT;ADBT Owner Cdm;"REVOKE SELECT ON cdm.rzu_act_r FROM adb_pdi_dev;"
adb_pdi_dev;adb_pdi_dev;cdm;rzu_act_r;UPDATE;ADBT Owner Cdm;"REVOKE UPDATE ON cdm.rzu_act_r FROM adb_pdi_dev;"
adb_pdi_dev;adb_pdi_dev;cdm;rzu_act_r;DELETE;ADBT Owner Cdm;"REVOKE DELETE ON cdm.rzu_act_r FROM adb_pdi_dev;"
adb_pdi_dev;adb_pdi_dev;cdm;rzu_act_r;TRUNCATE;ADBT Owner Cdm;"REVOKE TRUNCATE ON cdm.rzu_act_r FROM adb_pdi_dev;"
adb_pdi_dev;adb_pdi_dev;cdm;rzu_act_r;REFERENCES;ADBT Owner Cdm;"REVOKE REFERENCES ON cdm.rzu_act_r FROM adb_pdi_dev;"
adb_pdi_dev;adb_pdi_dev;cdm;rzu_act_r;TRIGGER;ADBT Owner Cdm;"REVOKE TRIGGER ON cdm.rzu_act_r FROM adb_pdi_dev;"
adb_pdi_dev;adb_pdi_dev;cdm;rzu_r;INSERT;ADBT Owner Cdm;"REVOKE INSERT ON cdm.rzu_r FROM adb_pdi_dev;"
adb_pdi_dev;adb_pdi_dev;cdm;rzu_r;SELECT;ADBT Owner Cdm;"REVOKE SELECT ON cdm.rzu_r FROM adb_pdi_dev;"
adb_pdi_dev;adb_pdi_dev;cdm;rzu_r;UPDATE;ADBT Owner Cdm;"REVOKE UPDATE ON cdm.rzu_r FROM adb_pdi_dev;"
adb_pdi_dev;adb_pdi_dev;cdm;rzu_r;DELETE;ADBT Owner Cdm;"REVOKE DELETE ON cdm.rzu_r FROM adb_pdi_dev;"
adb_pdi_dev;adb_pdi_dev;cdm;rzu_r;TRUNCATE;ADBT Owner Cdm;"REVOKE TRUNCATE ON cdm.rzu_r FROM adb_pdi_dev;"
adb_pdi_dev;adb_pdi_dev;cdm;rzu_r;REFERENCES;ADBT Owner Cdm;"REVOKE REFERENCES ON cdm.rzu_r FROM adb_pdi_dev;"
adb_pdi_dev;adb_pdi_dev;cdm;rzu_r;TRIGGER;ADBT Owner Cdm;"REVOKE TRIGGER ON cdm.rzu_r FROM adb_pdi_dev;"
adb_pdi_dev;adb_pdi_dev;cdm;rzu_p;INSERT;ADBT Owner Cdm;"REVOKE INSERT ON cdm.rzu_p FROM adb_pdi_dev;"
adb_pdi_dev;adb_pdi_dev;cdm;rzu_p;SELECT;ADBT Owner Cdm;"REVOKE SELECT ON cdm.rzu_p FROM adb_pdi_dev;"
adb_pdi_dev;adb_pdi_dev;cdm;rzu_p;UPDATE;ADBT Owner Cdm;"REVOKE UPDATE ON cdm.rzu_p FROM adb_pdi_dev;"
adb_pdi_dev;adb_pdi_dev;cdm;rzu_p;DELETE;ADBT Owner Cdm;"REVOKE DELETE ON cdm.rzu_p FROM adb_pdi_dev;"
adb_pdi_dev;adb_pdi_dev;cdm;rzu_p;TRUNCATE;ADBT Owner Cdm;"REVOKE TRUNCATE ON cdm.rzu_p FROM adb_pdi_dev;"
adb_pdi_dev;adb_pdi_dev;cdm;rzu_p;REFERENCES;ADBT Owner Cdm;"REVOKE REFERENCES ON cdm.rzu_p FROM adb_pdi_dev;"
adb_pdi_dev;adb_pdi_dev;cdm;rzu_p;TRIGGER;ADBT Owner Cdm;"REVOKE TRIGGER ON cdm.rzu_p FROM adb_pdi_dev;"
adb_pdi_dev;adb_pdi_dev;cdm;przu_actual;INSERT;ADBT Owner Cdm;"REVOKE INSERT ON cdm.przu_actual FROM adb_pdi_dev;"
adb_pdi_dev;adb_pdi_dev;cdm;przu_actual;SELECT;ADBT Owner Cdm;"REVOKE SELECT ON cdm.przu_actual FROM adb_pdi_dev;"
adb_pdi_dev;adb_pdi_dev;cdm;przu_actual;UPDATE;ADBT Owner Cdm;"REVOKE UPDATE ON cdm.przu_actual FROM adb_pdi_dev;"
adb_pdi_dev;adb_pdi_dev;cdm;przu_actual;DELETE;ADBT Owner Cdm;"REVOKE DELETE ON cdm.przu_actual FROM adb_pdi_dev;"
adb_pdi_dev;adb_pdi_dev;cdm;przu_actual;TRUNCATE;ADBT Owner Cdm;"REVOKE TRUNCATE ON cdm.przu_actual FROM adb_pdi_dev;"
adb_pdi_dev;adb_pdi_dev;cdm;przu_actual;REFERENCES;ADBT Owner Cdm;"REVOKE REFERENCES ON cdm.przu_actual FROM adb_pdi_dev;"
adb_pdi_dev;adb_pdi_dev;cdm;przu_actual;TRIGGER;ADBT Owner Cdm;"REVOKE TRIGGER ON cdm.przu_actual FROM adb_pdi_dev;"
adb_pdi_dev;adb_pdi_dev;cdm;compreq;INSERT;ADBT Owner Cdm;"REVOKE INSERT ON cdm.compreq FROM adb_pdi_dev;"
adb_pdi_dev;adb_pdi_dev;cdm;compreq;SELECT;ADBT Owner Cdm;"REVOKE SELECT ON cdm.compreq FROM adb_pdi_dev;"
adb_pdi_dev;adb_pdi_dev;cdm;compreq;UPDATE;ADBT Owner Cdm;"REVOKE UPDATE ON cdm.compreq FROM adb_pdi_dev;"
adb_pdi_dev;adb_pdi_dev;cdm;compreq;DELETE;ADBT Owner Cdm;"REVOKE DELETE ON cdm.compreq FROM adb_pdi_dev;"
adb_pdi_dev;adb_pdi_dev;cdm;compreq;TRUNCATE;ADBT Owner Cdm;"REVOKE TRUNCATE ON cdm.compreq FROM adb_pdi_dev;"
adb_pdi_dev;adb_pdi_dev;cdm;compreq;REFERENCES;ADBT Owner Cdm;"REVOKE REFERENCES ON cdm.compreq FROM adb_pdi_dev;"
adb_pdi_dev;adb_pdi_dev;cdm;compreq;TRIGGER;ADBT Owner Cdm;"REVOKE TRIGGER ON cdm.compreq FROM adb_pdi_dev;"
adb_pdi_dev;adb_pdi_dev;cdm;rzu_pre_check;INSERT;ADBT Owner Cdm;"REVOKE INSERT ON cdm.rzu_pre_check FROM adb_pdi_dev;"
adb_pdi_dev;adb_pdi_dev;cdm;rzu_pre_check;SELECT;ADBT Owner Cdm;"REVOKE SELECT ON cdm.rzu_pre_check FROM adb_pdi_dev;"
adb_pdi_dev;adb_pdi_dev;cdm;rzu_pre_check;UPDATE;ADBT Owner Cdm;"REVOKE UPDATE ON cdm.rzu_pre_check FROM adb_pdi_dev;"
adb_pdi_dev;adb_pdi_dev;cdm;rzu_pre_check;DELETE;ADBT Owner Cdm;"REVOKE DELETE ON cdm.rzu_pre_check FROM adb_pdi_dev;"
adb_pdi_dev;adb_pdi_dev;cdm;rzu_pre_check;TRUNCATE;ADBT Owner Cdm;"REVOKE TRUNCATE ON cdm.rzu_pre_check FROM adb_pdi_dev;"
adb_pdi_dev;adb_pdi_dev;cdm;rzu_pre_check;REFERENCES;ADBT Owner Cdm;"REVOKE REFERENCES ON cdm.rzu_pre_check FROM adb_pdi_dev;"
adb_pdi_dev;adb_pdi_dev;cdm;rzu_pre_check;TRIGGER;ADBT Owner Cdm;"REVOKE TRIGGER ON cdm.rzu_pre_check FROM adb_pdi_dev;"
adb_service_dev;adb_service_dev;etl;repl__core__contract_add;INSERT;ADBT Owner Etl;"REVOKE INSERT ON etl.repl__core__contract_add FROM adb_service_dev;"
adb_service_dev;adb_service_dev;etl;repl__core__contract_add;SELECT;ADBT Owner Etl;"REVOKE SELECT ON etl.repl__core__contract_add FROM adb_service_dev;"
adb_service_dev;adb_service_dev;etl;repl__core__contract_add;UPDATE;ADBT Owner Etl;"REVOKE UPDATE ON etl.repl__core__contract_add FROM adb_service_dev;"
adb_service_dev;adb_service_dev;etl;repl__core__contract_add;DELETE;ADBT Owner Etl;"REVOKE DELETE ON etl.repl__core__contract_add FROM adb_service_dev;"
adb_service_dev;adb_service_dev;etl;repl__core__contract_add;TRUNCATE;ADBT Owner Etl;"REVOKE TRUNCATE ON etl.repl__core__contract_add FROM adb_service_dev;"
adb_service_dev;adb_service_dev;etl;repl__core__contract_add;REFERENCES;ADBT Owner Etl;"REVOKE REFERENCES ON etl.repl__core__contract_add FROM adb_service_dev;"
adb_service_dev;adb_service_dev;etl;repl__core__contract_add;TRIGGER;ADBT Owner Etl;"REVOKE TRIGGER ON etl.repl__core__contract_add FROM adb_service_dev;"
adb_replicat_dev;adb_replicat_dev;etl;repl__core__contract_add;SELECT;ADBT Write Etl;"REVOKE SELECT ON etl.repl__core__contract_add FROM adb_replicat_dev;"
adb_pdi_dev;adb_pdi_dev;cdm;rzu_cur;INSERT;ADBT Owner Cdm;"REVOKE INSERT ON cdm.rzu_cur FROM adb_pdi_dev;"
adb_pdi_dev;adb_pdi_dev;cdm;rzu_cur;SELECT;ADBT Owner Cdm;"REVOKE SELECT ON cdm.rzu_cur FROM adb_pdi_dev;"
adb_pdi_dev;adb_pdi_dev;cdm;rzu_cur;UPDATE;ADBT Owner Cdm;"REVOKE UPDATE ON cdm.rzu_cur FROM adb_pdi_dev;"
adb_pdi_dev;adb_pdi_dev;cdm;rzu_cur;DELETE;ADBT Owner Cdm;"REVOKE DELETE ON cdm.rzu_cur FROM adb_pdi_dev;"
adb_pdi_dev;adb_pdi_dev;cdm;rzu_cur;TRUNCATE;ADBT Owner Cdm;"REVOKE TRUNCATE ON cdm.rzu_cur FROM adb_pdi_dev;"
adb_pdi_dev;adb_pdi_dev;cdm;rzu_cur;REFERENCES;ADBT Owner Cdm;"REVOKE REFERENCES ON cdm.rzu_cur FROM adb_pdi_dev;"
adb_pdi_dev;adb_pdi_dev;cdm;rzu_cur;TRIGGER;ADBT Owner Cdm;"REVOKE TRIGGER ON cdm.rzu_cur FROM adb_pdi_dev;"
adb_pdi_dev;adb_pdi_dev;cdm;rzu_actual_cur;INSERT;ADBT Owner Cdm;"REVOKE INSERT ON cdm.rzu_actual_cur FROM adb_pdi_dev;"
adb_pdi_dev;adb_pdi_dev;cdm;rzu_actual_cur;SELECT;ADBT Owner Cdm;"REVOKE SELECT ON cdm.rzu_actual_cur FROM adb_pdi_dev;"
adb_pdi_dev;adb_pdi_dev;cdm;rzu_actual_cur;UPDATE;ADBT Owner Cdm;"REVOKE UPDATE ON cdm.rzu_actual_cur FROM adb_pdi_dev;"
adb_pdi_dev;adb_pdi_dev;cdm;rzu_actual_cur;DELETE;ADBT Owner Cdm;"REVOKE DELETE ON cdm.rzu_actual_cur FROM adb_pdi_dev;"
adb_pdi_dev;adb_pdi_dev;cdm;rzu_actual_cur;TRUNCATE;ADBT Owner Cdm;"REVOKE TRUNCATE ON cdm.rzu_actual_cur FROM adb_pdi_dev;"
adb_pdi_dev;adb_pdi_dev;cdm;rzu_actual_cur;REFERENCES;ADBT Owner Cdm;"REVOKE REFERENCES ON cdm.rzu_actual_cur FROM adb_pdi_dev;"
adb_pdi_dev;adb_pdi_dev;cdm;rzu_actual_cur;TRIGGER;ADBT Owner Cdm;"REVOKE TRIGGER ON cdm.rzu_actual_cur FROM adb_pdi_dev;"
adb_pdi_dev;adb_pdi_dev;cdm;agr_exp_attr;INSERT;ADBT Owner Cdm;"REVOKE INSERT ON cdm.agr_exp_attr FROM adb_pdi_dev;"
adb_pdi_dev;adb_pdi_dev;cdm;agr_exp_attr;SELECT;ADBT Owner Cdm;"REVOKE SELECT ON cdm.agr_exp_attr FROM adb_pdi_dev;"
adb_pdi_dev;adb_pdi_dev;cdm;agr_exp_attr;UPDATE;ADBT Owner Cdm;"REVOKE UPDATE ON cdm.agr_exp_attr FROM adb_pdi_dev;"
adb_pdi_dev;adb_pdi_dev;cdm;agr_exp_attr;DELETE;ADBT Owner Cdm;"REVOKE DELETE ON cdm.agr_exp_attr FROM adb_pdi_dev;"
adb_pdi_dev;adb_pdi_dev;cdm;agr_exp_attr;TRUNCATE;ADBT Owner Cdm;"REVOKE TRUNCATE ON cdm.agr_exp_attr FROM adb_pdi_dev;"
adb_pdi_dev;adb_pdi_dev;cdm;agr_exp_attr;REFERENCES;ADBT Owner Cdm;"REVOKE REFERENCES ON cdm.agr_exp_attr FROM adb_pdi_dev;"
adb_pdi_dev;adb_pdi_dev;cdm;agr_exp_attr;TRIGGER;ADBT Owner Cdm;"REVOKE TRIGGER ON cdm.agr_exp_attr FROM adb_pdi_dev;"
adb_pdi_dev;adb_pdi_dev;cdm;rates;INSERT;ADBT Owner Cdm;"REVOKE INSERT ON cdm.rates FROM adb_pdi_dev;"
adb_pdi_dev;adb_pdi_dev;cdm;rates;SELECT;ADBT Owner Cdm;"REVOKE SELECT ON cdm.rates FROM adb_pdi_dev;"
adb_pdi_dev;adb_pdi_dev;cdm;rates;UPDATE;ADBT Owner Cdm;"REVOKE UPDATE ON cdm.rates FROM adb_pdi_dev;"
adb_pdi_dev;adb_pdi_dev;cdm;rates;DELETE;ADBT Owner Cdm;"REVOKE DELETE ON cdm.rates FROM adb_pdi_dev;"
adb_pdi_dev;adb_pdi_dev;cdm;rates;TRUNCATE;ADBT Owner Cdm;"REVOKE TRUNCATE ON cdm.rates FROM adb_pdi_dev;"
adb_pdi_dev;adb_pdi_dev;cdm;rates;REFERENCES;ADBT Owner Cdm;"REVOKE REFERENCES ON cdm.rates FROM adb_pdi_dev;"
adb_pdi_dev;adb_pdi_dev;cdm;rates;TRIGGER;ADBT Owner Cdm;"REVOKE TRIGGER ON cdm.rates FROM adb_pdi_dev;"
adb_pdi_dev;adb_pdi_dev;cdm;rol_for_count_pre;INSERT;ADBT Owner Cdm;"REVOKE INSERT ON cdm.rol_for_count_pre FROM adb_pdi_dev;"
adb_pdi_dev;adb_pdi_dev;cdm;rol_for_count_pre;SELECT;ADBT Owner Cdm;"REVOKE SELECT ON cdm.rol_for_count_pre FROM adb_pdi_dev;"
adb_pdi_dev;adb_pdi_dev;cdm;rol_for_count_pre;UPDATE;ADBT Owner Cdm;"REVOKE UPDATE ON cdm.rol_for_count_pre FROM adb_pdi_dev;"
adb_pdi_dev;adb_pdi_dev;cdm;rol_for_count_pre;DELETE;ADBT Owner Cdm;"REVOKE DELETE ON cdm.rol_for_count_pre FROM adb_pdi_dev;"
adb_pdi_dev;adb_pdi_dev;cdm;rol_for_count_pre;TRUNCATE;ADBT Owner Cdm;"REVOKE TRUNCATE ON cdm.rol_for_count_pre FROM adb_pdi_dev;"
adb_pdi_dev;adb_pdi_dev;cdm;rol_for_count_pre;REFERENCES;ADBT Owner Cdm;"REVOKE REFERENCES ON cdm.rol_for_count_pre FROM adb_pdi_dev;"
adb_pdi_dev;adb_pdi_dev;cdm;rol_for_count_pre;TRIGGER;ADBT Owner Cdm;"REVOKE TRIGGER ON cdm.rol_for_count_pre FROM adb_pdi_dev;"
adb_pdi_dev;adb_pdi_dev;cdm;rol_for_count_final;INSERT;ADBT Owner Cdm;"REVOKE INSERT ON cdm.rol_for_count_final FROM adb_pdi_dev;"
adb_pdi_dev;adb_pdi_dev;cdm;rol_for_count_final;SELECT;ADBT Owner Cdm;"REVOKE SELECT ON cdm.rol_for_count_final FROM adb_pdi_dev;"
adb_pdi_dev;adb_pdi_dev;cdm;rol_for_count_final;UPDATE;ADBT Owner Cdm;"REVOKE UPDATE ON cdm.rol_for_count_final FROM adb_pdi_dev;"
adb_pdi_dev;adb_pdi_dev;cdm;rol_for_count_final;DELETE;ADBT Owner Cdm;"REVOKE DELETE ON cdm.rol_for_count_final FROM adb_pdi_dev;"
adb_pdi_dev;adb_pdi_dev;cdm;rol_for_count_final;TRUNCATE;ADBT Owner Cdm;"REVOKE TRUNCATE ON cdm.rol_for_count_final FROM adb_pdi_dev;"
adb_pdi_dev;adb_pdi_dev;cdm;rol_for_count_final;REFERENCES;ADBT Owner Cdm;"REVOKE REFERENCES ON cdm.rol_for_count_final FROM adb_pdi_dev;"
adb_pdi_dev;adb_pdi_dev;cdm;rol_for_count_final;TRIGGER;ADBT Owner Cdm;"REVOKE TRIGGER ON cdm.rol_for_count_final FROM adb_pdi_dev;"
adb_replicat_dev;adb_replicat_dev;etl;repl__core__agent_report;SELECT;ADBT Write Etl;"REVOKE SELECT ON etl.repl__core__agent_report FROM adb_replicat_dev;"
adb_pdi_dev;adb_pdi_dev;cdm;claim_rep_proc;INSERT;ADBT Owner Cdm;"REVOKE INSERT ON cdm.claim_rep_proc FROM adb_pdi_dev;"
adb_pdi_dev;adb_pdi_dev;cdm;claim_rep_proc;SELECT;ADBT Owner Cdm;"REVOKE SELECT ON cdm.claim_rep_proc FROM adb_pdi_dev;"
adb_pdi_dev;adb_pdi_dev;cdm;claim_rep_proc;UPDATE;ADBT Owner Cdm;"REVOKE UPDATE ON cdm.claim_rep_proc FROM adb_pdi_dev;"
adb_pdi_dev;adb_pdi_dev;cdm;claim_rep_proc;DELETE;ADBT Owner Cdm;"REVOKE DELETE ON cdm.claim_rep_proc FROM adb_pdi_dev;"
adb_pdi_dev;adb_pdi_dev;cdm;claim_rep_proc;TRUNCATE;ADBT Owner Cdm;"REVOKE TRUNCATE ON cdm.claim_rep_proc FROM adb_pdi_dev;"
adb_pdi_dev;adb_pdi_dev;cdm;claim_rep_proc;REFERENCES;ADBT Owner Cdm;"REVOKE REFERENCES ON cdm.claim_rep_proc FROM adb_pdi_dev;"
adb_pdi_dev;adb_pdi_dev;cdm;claim_rep_proc;TRIGGER;ADBT Owner Cdm;"REVOKE TRIGGER ON cdm.claim_rep_proc FROM adb_pdi_dev;"
adb_pdi_dev;adb_pdi_dev;cdm;kladr;INSERT;ADBT Owner Cdm;"REVOKE INSERT ON cdm.kladr FROM adb_pdi_dev;"
adb_pdi_dev;adb_pdi_dev;cdm;kladr;SELECT;ADBT Owner Cdm;"REVOKE SELECT ON cdm.kladr FROM adb_pdi_dev;"
adb_pdi_dev;adb_pdi_dev;cdm;kladr;UPDATE;ADBT Owner Cdm;"REVOKE UPDATE ON cdm.kladr FROM adb_pdi_dev;"
adb_pdi_dev;adb_pdi_dev;cdm;kladr;DELETE;ADBT Owner Cdm;"REVOKE DELETE ON cdm.kladr FROM adb_pdi_dev;"
adb_pdi_dev;adb_pdi_dev;cdm;kladr;TRUNCATE;ADBT Owner Cdm;"REVOKE TRUNCATE ON cdm.kladr FROM adb_pdi_dev;"
adb_pdi_dev;adb_pdi_dev;cdm;kladr;REFERENCES;ADBT Owner Cdm;"REVOKE REFERENCES ON cdm.kladr FROM adb_pdi_dev;"
adb_pdi_dev;adb_pdi_dev;cdm;kladr;TRIGGER;ADBT Owner Cdm;"REVOKE TRIGGER ON cdm.kladr FROM adb_pdi_dev;"
adb_pdi_dev;adb_pdi_dev;cdm;odjrsk_atr;INSERT;ADBT Owner Cdm;"REVOKE INSERT ON cdm.odjrsk_atr FROM adb_pdi_dev;"
adb_pdi_dev;adb_pdi_dev;cdm;odjrsk_atr;SELECT;ADBT Owner Cdm;"REVOKE SELECT ON cdm.odjrsk_atr FROM adb_pdi_dev;"
adb_pdi_dev;adb_pdi_dev;cdm;odjrsk_atr;UPDATE;ADBT Owner Cdm;"REVOKE UPDATE ON cdm.odjrsk_atr FROM adb_pdi_dev;"
adb_pdi_dev;adb_pdi_dev;cdm;odjrsk_atr;DELETE;ADBT Owner Cdm;"REVOKE DELETE ON cdm.odjrsk_atr FROM adb_pdi_dev;"
adb_pdi_dev;adb_pdi_dev;cdm;odjrsk_atr;TRUNCATE;ADBT Owner Cdm;"REVOKE TRUNCATE ON cdm.odjrsk_atr FROM adb_pdi_dev;"
adb_pdi_dev;adb_pdi_dev;cdm;odjrsk_atr;REFERENCES;ADBT Owner Cdm;"REVOKE REFERENCES ON cdm.odjrsk_atr FROM adb_pdi_dev;"
adb_pdi_dev;adb_pdi_dev;cdm;odjrsk_atr;TRIGGER;ADBT Owner Cdm;"REVOKE TRIGGER ON cdm.odjrsk_atr FROM adb_pdi_dev;"
adb_pdi_dev;adb_pdi_dev;cdm;main_contract;INSERT;ADBT Owner Cdm;"REVOKE INSERT ON cdm.main_contract FROM adb_pdi_dev;"
adb_pdi_dev;adb_pdi_dev;cdm;main_contract;SELECT;ADBT Owner Cdm;"REVOKE SELECT ON cdm.main_contract FROM adb_pdi_dev;"
adb_pdi_dev;adb_pdi_dev;cdm;main_contract;UPDATE;ADBT Owner Cdm;"REVOKE UPDATE ON cdm.main_contract FROM adb_pdi_dev;"
adb_pdi_dev;adb_pdi_dev;cdm;main_contract;DELETE;ADBT Owner Cdm;"REVOKE DELETE ON cdm.main_contract FROM adb_pdi_dev;"
adb_pdi_dev;adb_pdi_dev;cdm;main_contract;TRUNCATE;ADBT Owner Cdm;"REVOKE TRUNCATE ON cdm.main_contract FROM adb_pdi_dev;"
adb_pdi_dev;adb_pdi_dev;cdm;main_contract;REFERENCES;ADBT Owner Cdm;"REVOKE REFERENCES ON cdm.main_contract FROM adb_pdi_dev;"
adb_pdi_dev;adb_pdi_dev;cdm;main_contract;TRIGGER;ADBT Owner Cdm;"REVOKE TRIGGER ON cdm.main_contract FROM adb_pdi_dev;"
adb_pdi_dev;adb_pdi_dev;cdm;request;INSERT;ADBT Owner Cdm;"REVOKE INSERT ON cdm.request FROM adb_pdi_dev;"
adb_pdi_dev;adb_pdi_dev;cdm;request;SELECT;ADBT Owner Cdm;"REVOKE SELECT ON cdm.request FROM adb_pdi_dev;"
adb_pdi_dev;adb_pdi_dev;cdm;request;UPDATE;ADBT Owner Cdm;"REVOKE UPDATE ON cdm.request FROM adb_pdi_dev;"
adb_pdi_dev;adb_pdi_dev;cdm;request;DELETE;ADBT Owner Cdm;"REVOKE DELETE ON cdm.request FROM adb_pdi_dev;"
adb_pdi_dev;adb_pdi_dev;cdm;request;TRUNCATE;ADBT Owner Cdm;"REVOKE TRUNCATE ON cdm.request FROM adb_pdi_dev;"
adb_pdi_dev;adb_pdi_dev;cdm;request;REFERENCES;ADBT Owner Cdm;"REVOKE REFERENCES ON cdm.request FROM adb_pdi_dev;"
adb_pdi_dev;adb_pdi_dev;cdm;request;TRIGGER;ADBT Owner Cdm;"REVOKE TRIGGER ON cdm.request FROM adb_pdi_dev;"
adb_pdi_dev;adb_pdi_dev;cdm;rol_for_sum_pre;INSERT;ADBT Owner Cdm;"REVOKE INSERT ON cdm.rol_for_sum_pre FROM adb_pdi_dev;"
adb_pdi_dev;adb_pdi_dev;cdm;rol_for_sum_pre;SELECT;ADBT Owner Cdm;"REVOKE SELECT ON cdm.rol_for_sum_pre FROM adb_pdi_dev;"
adb_pdi_dev;adb_pdi_dev;cdm;rol_for_sum_pre;UPDATE;ADBT Owner Cdm;"REVOKE UPDATE ON cdm.rol_for_sum_pre FROM adb_pdi_dev;"
adb_pdi_dev;adb_pdi_dev;cdm;rol_for_sum_pre;DELETE;ADBT Owner Cdm;"REVOKE DELETE ON cdm.rol_for_sum_pre FROM adb_pdi_dev;"
adb_pdi_dev;adb_pdi_dev;cdm;rol_for_sum_pre;TRUNCATE;ADBT Owner Cdm;"REVOKE TRUNCATE ON cdm.rol_for_sum_pre FROM adb_pdi_dev;"
adb_pdi_dev;adb_pdi_dev;cdm;rol_for_sum_pre;REFERENCES;ADBT Owner Cdm;"REVOKE REFERENCES ON cdm.rol_for_sum_pre FROM adb_pdi_dev;"
adb_pdi_dev;adb_pdi_dev;cdm;rol_for_sum_pre;TRIGGER;ADBT Owner Cdm;"REVOKE TRIGGER ON cdm.rol_for_sum_pre FROM adb_pdi_dev;"
adb_pdi_dev;adb_pdi_dev;cdm;rol_for_sum_final;INSERT;ADBT Owner Cdm;"REVOKE INSERT ON cdm.rol_for_sum_final FROM adb_pdi_dev;"
adb_pdi_dev;adb_pdi_dev;cdm;rol_for_sum_final;SELECT;ADBT Owner Cdm;"REVOKE SELECT ON cdm.rol_for_sum_final FROM adb_pdi_dev;"
adb_pdi_dev;adb_pdi_dev;cdm;rol_for_sum_final;UPDATE;ADBT Owner Cdm;"REVOKE UPDATE ON cdm.rol_for_sum_final FROM adb_pdi_dev;"
adb_pdi_dev;adb_pdi_dev;cdm;rol_for_sum_final;DELETE;ADBT Owner Cdm;"REVOKE DELETE ON cdm.rol_for_sum_final FROM adb_pdi_dev;"
adb_pdi_dev;adb_pdi_dev;cdm;rol_for_sum_final;TRUNCATE;ADBT Owner Cdm;"REVOKE TRUNCATE ON cdm.rol_for_sum_final FROM adb_pdi_dev;"
adb_pdi_dev;adb_pdi_dev;cdm;rol_for_sum_final;REFERENCES;ADBT Owner Cdm;"REVOKE REFERENCES ON cdm.rol_for_sum_final FROM adb_pdi_dev;"
adb_pdi_dev;adb_pdi_dev;cdm;rol_for_sum_final;TRIGGER;ADBT Owner Cdm;"REVOKE TRIGGER ON cdm.rol_for_sum_final FROM adb_pdi_dev;"
vatsvetkova;Цветкова Виктория Андреевна (Viktoriya Tsvetkova);cdm;vat_business_act;INSERT;ADBT Owner Cdm;"REVOKE INSERT ON cdm.vat_business_act FROM vatsvetkova;"
vatsvetkova;Цветкова Виктория Андреевна (Viktoriya Tsvetkova);cdm;vat_business_act;SELECT;ADBT Owner Cdm;"REVOKE SELECT ON cdm.vat_business_act FROM vatsvetkova;"
vatsvetkova;Цветкова Виктория Андреевна (Viktoriya Tsvetkova);cdm;vat_business_act;UPDATE;ADBT Owner Cdm;"REVOKE UPDATE ON cdm.vat_business_act FROM vatsvetkova;"
vatsvetkova;Цветкова Виктория Андреевна (Viktoriya Tsvetkova);cdm;vat_business_act;DELETE;ADBT Owner Cdm;"REVOKE DELETE ON cdm.vat_business_act FROM vatsvetkova;"
vatsvetkova;Цветкова Виктория Андреевна (Viktoriya Tsvetkova);cdm;vat_business_act;TRUNCATE;ADBT Owner Cdm;"REVOKE TRUNCATE ON cdm.vat_business_act FROM vatsvetkova;"
vatsvetkova;Цветкова Виктория Андреевна (Viktoriya Tsvetkova);cdm;vat_business_act;REFERENCES;ADBT Owner Cdm;"REVOKE REFERENCES ON cdm.vat_business_act FROM vatsvetkova;"
vatsvetkova;Цветкова Виктория Андреевна (Viktoriya Tsvetkova);cdm;vat_business_act;TRIGGER;ADBT Owner Cdm;"REVOKE TRIGGER ON cdm.vat_business_act FROM vatsvetkova;"
adb_service_dev;adb_service_dev;etl;repl__core__reinsurance_expense;INSERT;ADBT Owner Etl;"REVOKE INSERT ON etl.repl__core__reinsurance_expense FROM adb_service_dev;"
adb_service_dev;adb_service_dev;etl;repl__core__reinsurance_expense;SELECT;ADBT Owner Etl;"REVOKE SELECT ON etl.repl__core__reinsurance_expense FROM adb_service_dev;"
adb_service_dev;adb_service_dev;etl;repl__core__reinsurance_expense;UPDATE;ADBT Owner Etl;"REVOKE UPDATE ON etl.repl__core__reinsurance_expense FROM adb_service_dev;"
adb_service_dev;adb_service_dev;etl;repl__core__reinsurance_expense;DELETE;ADBT Owner Etl;"REVOKE DELETE ON etl.repl__core__reinsurance_expense FROM adb_service_dev;"
adb_service_dev;adb_service_dev;etl;repl__core__reinsurance_expense;TRUNCATE;ADBT Owner Etl;"REVOKE TRUNCATE ON etl.repl__core__reinsurance_expense FROM adb_service_dev;"
adb_service_dev;adb_service_dev;etl;repl__core__reinsurance_expense;REFERENCES;ADBT Owner Etl;"REVOKE REFERENCES ON etl.repl__core__reinsurance_expense FROM adb_service_dev;"
adb_service_dev;adb_service_dev;etl;repl__core__reinsurance_expense;TRIGGER;ADBT Owner Etl;"REVOKE TRIGGER ON etl.repl__core__reinsurance_expense FROM adb_service_dev;"
adb_replicat_dev;adb_replicat_dev;etl;repl__core__reinsurance_expense;SELECT;ADBT Write Etl;"REVOKE SELECT ON etl.repl__core__reinsurance_expense FROM adb_replicat_dev;"
adb_service_dev;adb_service_dev;etl;repl__core__claim_transaction;INSERT;ADBT Owner Etl;"REVOKE INSERT ON etl.repl__core__claim_transaction FROM adb_service_dev;"
adb_service_dev;adb_service_dev;etl;repl__core__claim_transaction;SELECT;ADBT Owner Etl;"REVOKE SELECT ON etl.repl__core__claim_transaction FROM adb_service_dev;"
adb_service_dev;adb_service_dev;etl;repl__core__claim_transaction;UPDATE;ADBT Owner Etl;"REVOKE UPDATE ON etl.repl__core__claim_transaction FROM adb_service_dev;"
adb_service_dev;adb_service_dev;etl;repl__core__claim_transaction;DELETE;ADBT Owner Etl;"REVOKE DELETE ON etl.repl__core__claim_transaction FROM adb_service_dev;"
adb_service_dev;adb_service_dev;etl;repl__core__claim_transaction;TRUNCATE;ADBT Owner Etl;"REVOKE TRUNCATE ON etl.repl__core__claim_transaction FROM adb_service_dev;"
adb_service_dev;adb_service_dev;etl;repl__core__claim_transaction;REFERENCES;ADBT Owner Etl;"REVOKE REFERENCES ON etl.repl__core__claim_transaction FROM adb_service_dev;"
adb_service_dev;adb_service_dev;etl;repl__core__claim_transaction;TRIGGER;ADBT Owner Etl;"REVOKE TRIGGER ON etl.repl__core__claim_transaction FROM adb_service_dev;"
adb_replicat_dev;adb_replicat_dev;etl;repl__core__claim_transaction;SELECT;ADBT Write Etl;"REVOKE SELECT ON etl.repl__core__claim_transaction FROM adb_replicat_dev;"
adc_dev;adc_dev;core;ref_contract_type;SELECT;ADBT Read Core;"REVOKE SELECT ON core.ref_contract_type FROM adc_dev;"
adb_replicat_dev;adb_replicat_dev;etl;repl__core_sandbox__contract;SELECT;ADBT Write Etl;"REVOKE SELECT ON etl.repl__core_sandbox__contract FROM adb_replicat_dev;"
adb_service_dev;adb_service_dev;etl;repl__core__incident_vehicle;INSERT;ADBT Owner Etl;"REVOKE INSERT ON etl.repl__core__incident_vehicle FROM adb_service_dev;"
adb_service_dev;adb_service_dev;etl;repl__core__incident_vehicle;SELECT;ADBT Owner Etl;"REVOKE SELECT ON etl.repl__core__incident_vehicle FROM adb_service_dev;"
adb_service_dev;adb_service_dev;etl;repl__core__incident_vehicle;UPDATE;ADBT Owner Etl;"REVOKE UPDATE ON etl.repl__core__incident_vehicle FROM adb_service_dev;"
adb_service_dev;adb_service_dev;etl;repl__core__incident_vehicle;DELETE;ADBT Owner Etl;"REVOKE DELETE ON etl.repl__core__incident_vehicle FROM adb_service_dev;"
adb_service_dev;adb_service_dev;etl;repl__core__incident_vehicle;TRUNCATE;ADBT Owner Etl;"REVOKE TRUNCATE ON etl.repl__core__incident_vehicle FROM adb_service_dev;"
adb_service_dev;adb_service_dev;etl;repl__core__incident_vehicle;REFERENCES;ADBT Owner Etl;"REVOKE REFERENCES ON etl.repl__core__incident_vehicle FROM adb_service_dev;"
adb_service_dev;adb_service_dev;etl;repl__core__incident_vehicle;TRIGGER;ADBT Owner Etl;"REVOKE TRIGGER ON etl.repl__core__incident_vehicle FROM adb_service_dev;"
adb_replicat_dev;adb_replicat_dev;etl;repl__core__incident_vehicle;SELECT;ADBT Write Etl;"REVOKE SELECT ON etl.repl__core__incident_vehicle FROM adb_replicat_dev;"
adc_dev;adc_dev;core;dict_acc_group_limit_period;SELECT;ADBT Read Core;"REVOKE SELECT ON core.dict_acc_group_limit_period FROM adc_dev;"
adb_service_dev;adb_service_dev;etl;repl__core__claim_compensationrequest;INSERT;ADBT Owner Etl;"REVOKE INSERT ON etl.repl__core__claim_compensationrequest FROM adb_service_dev;"
adb_service_dev;adb_service_dev;etl;repl__core__claim_compensationrequest;SELECT;ADBT Owner Etl;"REVOKE SELECT ON etl.repl__core__claim_compensationrequest FROM adb_service_dev;"
adb_service_dev;adb_service_dev;etl;repl__core__claim_compensationrequest;UPDATE;ADBT Owner Etl;"REVOKE UPDATE ON etl.repl__core__claim_compensationrequest FROM adb_service_dev;"
adb_service_dev;adb_service_dev;etl;repl__core__claim_compensationrequest;DELETE;ADBT Owner Etl;"REVOKE DELETE ON etl.repl__core__claim_compensationrequest FROM adb_service_dev;"
adb_service_dev;adb_service_dev;etl;repl__core__claim_compensationrequest;TRUNCATE;ADBT Owner Etl;"REVOKE TRUNCATE ON etl.repl__core__claim_compensationrequest FROM adb_service_dev;"
adb_service_dev;adb_service_dev;etl;repl__core__claim_compensationrequest;REFERENCES;ADBT Owner Etl;"REVOKE REFERENCES ON etl.repl__core__claim_compensationrequest FROM adb_service_dev;"
adb_service_dev;adb_service_dev;etl;repl__core__claim_compensationrequest;TRIGGER;ADBT Owner Etl;"REVOKE TRIGGER ON etl.repl__core__claim_compensationrequest FROM adb_service_dev;"
adb_replicat_dev;adb_replicat_dev;etl;repl__core__claim_compensationrequest;SELECT;ADBT Write Etl;"REVOKE SELECT ON etl.repl__core__claim_compensationrequest FROM adb_replicat_dev;"
adc_dev;adc_dev;core;ref_d_transport_type;SELECT;ADBT Read Core;"REVOKE SELECT ON core.ref_d_transport_type FROM adc_dev;"
adc_dev;adc_dev;core;ref_dict7gs_22;SELECT;ADBT Read Core;"REVOKE SELECT ON core.ref_dict7gs_22 FROM adc_dev;"
adc_dev;adc_dev;core;ref_guru_reserve_group;SELECT;ADBT Read Core;"REVOKE SELECT ON core.ref_guru_reserve_group FROM adc_dev;"
adc_dev;adc_dev;core;ref_payment_method;SELECT;ADBT Read Core;"REVOKE SELECT ON core.ref_payment_method FROM adc_dev;"
adc_dev;adc_dev;core;remuneration_map_tab_1;SELECT;ADBT Read Core;"REVOKE SELECT ON core.remuneration_map_tab_1 FROM adc_dev;"
adc_dev;adc_dev;core;ref_allocation;SELECT;ADBT Read Core;"REVOKE SELECT ON core.ref_allocation FROM adc_dev;"
adc_dev;adc_dev;core;claim2delete;SELECT;ADBT Read Core;"REVOKE SELECT ON core.claim2delete FROM adc_dev;"
adc_dev;adc_dev;core;ref_allocation_type;SELECT;ADBT Read Core;"REVOKE SELECT ON core.ref_allocation_type FROM adc_dev;"
adc_dev;adc_dev;core;ref_elementary_risk;SELECT;ADBT Read Core;"REVOKE SELECT ON core.ref_elementary_risk FROM adc_dev;"
adc_dev;adc_dev;core;ref_equipment_condition;SELECT;ADBT Read Core;"REVOKE SELECT ON core.ref_equipment_condition FROM adc_dev;"
adc_dev;adc_dev;core;ref_gvs_ifrs17;SELECT;ADBT Read Core;"REVOKE SELECT ON core.ref_gvs_ifrs17 FROM adc_dev;"
adc_dev;adc_dev;core;ref_gvs_uo;SELECT;ADBT Read Core;"REVOKE SELECT ON core.ref_gvs_uo FROM adc_dev;"
adc_dev;adc_dev;core;ref_ifrs17_portfolio;SELECT;ADBT Read Core;"REVOKE SELECT ON core.ref_ifrs17_portfolio FROM adc_dev;"
adc_dev;adc_dev;core;ref_insurance_type;SELECT;ADBT Read Core;"REVOKE SELECT ON core.ref_insurance_type FROM adc_dev;"
adc_dev;adc_dev;core;dict_kk_region_vip;SELECT;ADBT Read Core;"REVOKE SELECT ON core.dict_kk_region_vip FROM adc_dev;"
adc_dev;adc_dev;core;ref_add_coverage;SELECT;ADBT Read Core;"REVOKE SELECT ON core.ref_add_coverage FROM adc_dev;"
adc_dev;adc_dev;core;yrc_r1_exp_claimant_test;SELECT;ADBT Read Core;"REVOKE SELECT ON core.yrc_r1_exp_claimant_test FROM adc_dev;"
adb_replicat_dev;adb_replicat_dev;etl;repl__core_sandbox__avbunina_address;SELECT;ADBT Write Etl;"REVOKE SELECT ON etl.repl__core_sandbox__avbunina_address FROM adb_replicat_dev;"
adb_replicat_dev;adb_replicat_dev;etl;repl__core_sandbox__avbunina_transaction;SELECT;ADBT Write Etl;"REVOKE SELECT ON etl.repl__core_sandbox__avbunina_transaction FROM adb_replicat_dev;"
adc_dev;adc_dev;core;uo_name_product;SELECT;ADBT Read Core;"REVOKE SELECT ON core.uo_name_product FROM adc_dev;"
adc_dev;adc_dev;core;ref_payment_period;SELECT;ADBT Read Core;"REVOKE SELECT ON core.ref_payment_period FROM adc_dev;"
adc_dev;adc_dev;core;tr_mngr;SELECT;ADBT Read Core;"REVOKE SELECT ON core.tr_mngr FROM adc_dev;"
adc_dev;adc_dev;core;transaction_bk;SELECT;ADBT Read Core;"REVOKE SELECT ON core.transaction_bk FROM adc_dev;"
adc_dev;adc_dev;core;federal_district;SELECT;ADBT Read Core;"REVOKE SELECT ON core.federal_district FROM adc_dev;"
adb_replicat_dev;adb_replicat_dev;etl;repl__core_sandbox__address_links;SELECT;ADBT Write Etl;"REVOKE SELECT ON etl.repl__core_sandbox__address_links FROM adb_replicat_dev;"
adb_replicat_dev;adb_replicat_dev;etl;repl__core_sandbox__agent_contract;SELECT;ADBT Write Etl;"REVOKE SELECT ON etl.repl__core_sandbox__agent_contract FROM adb_replicat_dev;"
adb_replicat_dev;adb_replicat_dev;etl;repl__core_sandbox__agreement;SELECT;ADBT Write Etl;"REVOKE SELECT ON etl.repl__core_sandbox__agreement FROM adb_replicat_dev;"
adc_dev;adc_dev;core;other_partner;SELECT;ADBT Read Core;"REVOKE SELECT ON core.other_partner FROM adc_dev;"
adb_replicat_dev;adb_replicat_dev;etl;repl__core_sandbox__payment_schedule;SELECT;ADBT Write Etl;"REVOKE SELECT ON etl.repl__core_sandbox__payment_schedule FROM adb_replicat_dev;"
adc_dev;adc_dev;core;kias_product;SELECT;ADBT Read Core;"REVOKE SELECT ON core.kias_product FROM adc_dev;"
adb_replicat_dev;adb_replicat_dev;etl;repl__core_sandbox__payment_risk;SELECT;ADBT Write Etl;"REVOKE SELECT ON etl.repl__core_sandbox__payment_risk FROM adb_replicat_dev;"
adb_replicat_dev;adb_replicat_dev;etl;repl__core_sandbox__alarmguard_insured_vehicle;SELECT;ADBT Write Etl;"REVOKE SELECT ON etl.repl__core_sandbox__alarmguard_insured_vehicle FROM adb_replicat_dev;"
adb_replicat_dev;adb_replicat_dev;etl;repl__core_sandbox__insured_vehicle;SELECT;ADBT Write Etl;"REVOKE SELECT ON etl.repl__core_sandbox__insured_vehicle FROM adb_replicat_dev;"
adb_replicat_dev;adb_replicat_dev;etl;repl__core_sandbox__incident_vehicle;SELECT;ADBT Write Etl;"REVOKE SELECT ON etl.repl__core_sandbox__incident_vehicle FROM adb_replicat_dev;"
adb_replicat_dev;adb_replicat_dev;etl;repl__core_sandbox__claim_matter;SELECT;ADBT Write Etl;"REVOKE SELECT ON etl.repl__core_sandbox__claim_matter FROM adb_replicat_dev;"
adb_replicat_dev;adb_replicat_dev;etl;repl__core_sandbox__bordereau;SELECT;ADBT Write Etl;"REVOKE SELECT ON etl.repl__core_sandbox__bordereau FROM adb_replicat_dev;"
adb_replicat_dev;adb_replicat_dev;etl;repl__core_sandbox__claim_subroadverseparty;SELECT;ADBT Write Etl;"REVOKE SELECT ON etl.repl__core_sandbox__claim_subroadverseparty FROM adb_replicat_dev;"
adb_replicat_dev;adb_replicat_dev;etl;repl__core_sandbox__claim_transaction;SELECT;ADBT Write Etl;"REVOKE SELECT ON etl.repl__core_sandbox__claim_transaction FROM adb_replicat_dev;"
adb_replicat_dev;adb_replicat_dev;etl;repl__core_sandbox__object_risk_elementary_risk;SELECT;ADBT Write Etl;"REVOKE SELECT ON etl.repl__core_sandbox__object_risk_elementary_risk FROM adb_replicat_dev;"
adb_service_dev;adb_service_dev;etl;repl__core_sandbox__claim;INSERT;ADBT Owner Etl;"REVOKE INSERT ON etl.repl__core_sandbox__claim FROM adb_service_dev;"
adb_service_dev;adb_service_dev;etl;repl__core_sandbox__claim;SELECT;ADBT Owner Etl;"REVOKE SELECT ON etl.repl__core_sandbox__claim FROM adb_service_dev;"
adb_service_dev;adb_service_dev;etl;repl__core_sandbox__claim;UPDATE;ADBT Owner Etl;"REVOKE UPDATE ON etl.repl__core_sandbox__claim FROM adb_service_dev;"
adb_service_dev;adb_service_dev;etl;repl__core_sandbox__claim;DELETE;ADBT Owner Etl;"REVOKE DELETE ON etl.repl__core_sandbox__claim FROM adb_service_dev;"
adb_service_dev;adb_service_dev;etl;repl__core_sandbox__claim;TRUNCATE;ADBT Owner Etl;"REVOKE TRUNCATE ON etl.repl__core_sandbox__claim FROM adb_service_dev;"
adb_service_dev;adb_service_dev;etl;repl__core_sandbox__claim;REFERENCES;ADBT Owner Etl;"REVOKE REFERENCES ON etl.repl__core_sandbox__claim FROM adb_service_dev;"
adb_service_dev;adb_service_dev;etl;repl__core_sandbox__claim;TRIGGER;ADBT Owner Etl;"REVOKE TRIGGER ON etl.repl__core_sandbox__claim FROM adb_service_dev;"
adb_replicat_dev;adb_replicat_dev;etl;repl__core_sandbox__claim;SELECT;ADBT Write Etl;"REVOKE SELECT ON etl.repl__core_sandbox__claim FROM adb_replicat_dev;"
adb_replicat_dev;adb_replicat_dev;etl;repl__core_sandbox__claim_compensationrequest;SELECT;ADBT Write Etl;"REVOKE SELECT ON etl.repl__core_sandbox__claim_compensationrequest FROM adb_replicat_dev;"
adb_replicat_dev;adb_replicat_dev;etl;repl__core_sandbox__notifications;SELECT;ADBT Write Etl;"REVOKE SELECT ON etl.repl__core_sandbox__notifications FROM adb_replicat_dev;"
adb_replicat_dev;adb_replicat_dev;etl;repl__core_sandbox__claim_subrogation_approvedsum;SELECT;ADBT Write Etl;"REVOKE SELECT ON etl.repl__core_sandbox__claim_subrogation_approvedsum FROM adb_replicat_dev;"
adb_replicat_dev;adb_replicat_dev;etl;repl__core_sandbox__claim_policy;SELECT;ADBT Write Etl;"REVOKE SELECT ON etl.repl__core_sandbox__claim_policy FROM adb_replicat_dev;"
adb_replicat_dev;adb_replicat_dev;etl;repl__core_sandbox__bank_account;SELECT;ADBT Write Etl;"REVOKE SELECT ON etl.repl__core_sandbox__bank_account FROM adb_replicat_dev;"
adb_replicat_dev;adb_replicat_dev;etl;repl__core_sandbox__claim_compensationrecipient;SELECT;ADBT Write Etl;"REVOKE SELECT ON etl.repl__core_sandbox__claim_compensationrecipient FROM adb_replicat_dev;"
adb_replicat_dev;adb_replicat_dev;etl;repl__core_sandbox__claim_courtorder;SELECT;ADBT Write Etl;"REVOKE SELECT ON etl.repl__core_sandbox__claim_courtorder FROM adb_replicat_dev;"
adb_replicat_dev;adb_replicat_dev;etl;repl__core_sandbox__regress;SELECT;ADBT Write Etl;"REVOKE SELECT ON etl.repl__core_sandbox__regress FROM adb_replicat_dev;"
adb_replicat_dev;adb_replicat_dev;etl;repl__core_sandbox__commission_risk_sap_paid;SELECT;ADBT Write Etl;"REVOKE SELECT ON etl.repl__core_sandbox__commission_risk_sap_paid FROM adb_replicat_dev;"
adb_replicat_dev;adb_replicat_dev;etl;repl__core_sandbox__claim_counterparty;SELECT;ADBT Write Etl;"REVOKE SELECT ON etl.repl__core_sandbox__claim_counterparty FROM adb_replicat_dev;"
adb_replicat_dev;adb_replicat_dev;etl;repl__core_sandbox__claim_incident;SELECT;ADBT Write Etl;"REVOKE SELECT ON etl.repl__core_sandbox__claim_incident FROM adb_replicat_dev;"
adb_replicat_dev;adb_replicat_dev;etl;repl__core_sandbox__claim_check;SELECT;ADBT Write Etl;"REVOKE SELECT ON etl.repl__core_sandbox__claim_check FROM adb_replicat_dev;"
adb_replicat_dev;adb_replicat_dev;etl;repl__core_sandbox__claim_reserverejection;SELECT;ADBT Write Etl;"REVOKE SELECT ON etl.repl__core_sandbox__claim_reserverejection FROM adb_replicat_dev;"
adb_replicat_dev;adb_replicat_dev;etl;repl__core_sandbox__claim_policyexternal;SELECT;ADBT Write Etl;"REVOKE SELECT ON etl.repl__core_sandbox__claim_policyexternal FROM adb_replicat_dev;"
adb_replicat_dev;adb_replicat_dev;etl;repl__core_sandbox__liability_allocation;SELECT;ADBT Write Etl;"REVOKE SELECT ON etl.repl__core_sandbox__liability_allocation FROM adb_replicat_dev;"
adb_replicat_dev;adb_replicat_dev;etl;repl__core_sandbox__commission_risk_sap_approv;SELECT;ADBT Write Etl;"REVOKE SELECT ON etl.repl__core_sandbox__commission_risk_sap_approv FROM adb_replicat_dev;"
adb_replicat_dev;adb_replicat_dev;etl;repl__core_sandbox__vehicle;SELECT;ADBT Write Etl;"REVOKE SELECT ON etl.repl__core_sandbox__vehicle FROM adb_replicat_dev;"
adb_replicat_dev;adb_replicat_dev;etl;repl__core_sandbox__employee_insurance_type;SELECT;ADBT Write Etl;"REVOKE SELECT ON etl.repl__core_sandbox__employee_insurance_type FROM adb_replicat_dev;"
adb_replicat_dev;adb_replicat_dev;etl;repl__core_sandbox__households;SELECT;ADBT Write Etl;"REVOKE SELECT ON etl.repl__core_sandbox__households FROM adb_replicat_dev;"
adb_replicat_dev;adb_replicat_dev;etl;repl__core_sandbox__claim_exposure;SELECT;ADBT Write Etl;"REVOKE SELECT ON etl.repl__core_sandbox__claim_exposure FROM adb_replicat_dev;"
adb_replicat_dev;adb_replicat_dev;etl;repl__core_sandbox__object_risk_info;SELECT;ADBT Write Etl;"REVOKE SELECT ON etl.repl__core_sandbox__object_risk_info FROM adb_replicat_dev;"
adb_replicat_dev;adb_replicat_dev;etl;repl__core_sandbox__group;SELECT;ADBT Write Etl;"REVOKE SELECT ON etl.repl__core_sandbox__group FROM adb_replicat_dev;"
adb_replicat_dev;adb_replicat_dev;etl;repl__core_sandbox__agent_statement;SELECT;ADBT Write Etl;"REVOKE SELECT ON etl.repl__core_sandbox__agent_statement FROM adb_replicat_dev;"
adb_replicat_dev;adb_replicat_dev;etl;repl__core_sandbox__commission_risk_sap_progn_long;SELECT;ADBT Write Etl;"REVOKE SELECT ON etl.repl__core_sandbox__commission_risk_sap_progn_long FROM adb_replicat_dev;"
adb_replicat_dev;adb_replicat_dev;etl;repl__core_sandbox__comission_discount;SELECT;ADBT Write Etl;"REVOKE SELECT ON etl.repl__core_sandbox__comission_discount FROM adb_replicat_dev;"
adb_replicat_dev;adb_replicat_dev;etl;repl__core_sandbox__segment;SELECT;ADBT Write Etl;"REVOKE SELECT ON etl.repl__core_sandbox__segment FROM adb_replicat_dev;"
adb_replicat_dev;adb_replicat_dev;etl;repl__core_sandbox__declared_return;SELECT;ADBT Write Etl;"REVOKE SELECT ON etl.repl__core_sandbox__declared_return FROM adb_replicat_dev;"
adb_replicat_dev;adb_replicat_dev;etl;repl__core_sandbox__commission_risk_sap_progn;SELECT;ADBT Write Etl;"REVOKE SELECT ON etl.repl__core_sandbox__commission_risk_sap_progn FROM adb_replicat_dev;"
adc_dev;adc_dev;core;ref_counterparty_role;SELECT;ADBT Read Core;"REVOKE SELECT ON core.ref_counterparty_role FROM adc_dev;"
adb_replicat_dev;adb_replicat_dev;etl;repl__core_sandbox__counterparty_link;SELECT;ADBT Write Etl;"REVOKE SELECT ON etl.repl__core_sandbox__counterparty_link FROM adb_replicat_dev;"
adb_replicat_dev;adb_replicat_dev;etl;repl__core_sandbox__declared_return_long;SELECT;ADBT Write Etl;"REVOKE SELECT ON etl.repl__core_sandbox__declared_return_long FROM adb_replicat_dev;"
adb_replicat_dev;adb_replicat_dev;etl;repl__core_sandbox__commission_risk;SELECT;ADBT Write Etl;"REVOKE SELECT ON etl.repl__core_sandbox__commission_risk FROM adb_replicat_dev;"
adb_replicat_dev;adb_replicat_dev;etl;repl__core_sandbox__cancel_storno;SELECT;ADBT Write Etl;"REVOKE SELECT ON etl.repl__core_sandbox__cancel_storno FROM adb_replicat_dev;"
adb_replicat_dev;adb_replicat_dev;etl;repl__core_sandbox__cancel_storno_long;SELECT;ADBT Write Etl;"REVOKE SELECT ON etl.repl__core_sandbox__cancel_storno_long FROM adb_replicat_dev;"
adc_dev;adc_dev;core;ref_immovable_property;SELECT;ADBT Read Core;"REVOKE SELECT ON core.ref_immovable_property FROM adc_dev;"
adc_dev;adc_dev;core;cdi_mappings;SELECT;ADBT Read Core;"REVOKE SELECT ON core.cdi_mappings FROM adc_dev;"
adc_dev;adc_dev;core;month_close_calendar;SELECT;ADBT Read Core;"REVOKE SELECT ON core.month_close_calendar FROM adc_dev;"
adc_dev;adc_dev;core;transaction;SELECT;ADBT Read Core;"REVOKE SELECT ON core.transaction FROM adc_dev;"
adc_dev;adc_dev;core;transaction_hist;SELECT;ADBT Read Core;"REVOKE SELECT ON core.transaction_hist FROM adc_dev;"
adc_dev;adc_dev;core;claim_counterparty_proc_tst;SELECT;ADBT Read Core;"REVOKE SELECT ON core.claim_counterparty_proc_tst FROM adc_dev;"
adc_dev;adc_dev;core;ref_communication_type;SELECT;ADBT Read Core;"REVOKE SELECT ON core.ref_communication_type FROM adc_dev;"
adc_dev;adc_dev;core;ref_construction_condition_delta_old;SELECT;ADBT Read Core;"REVOKE SELECT ON core.ref_construction_condition_delta_old FROM adc_dev;"
adc_dev;adc_dev;core;ref_landscape;SELECT;ADBT Read Core;"REVOKE SELECT ON core.ref_landscape FROM adc_dev;"
adc_dev;adc_dev;core;de_terr_group;SELECT;ADBT Read Core;"REVOKE SELECT ON core.de_terr_group FROM adc_dev;"
adc_dev;adc_dev;core;ref_leaser;SELECT;ADBT Read Core;"REVOKE SELECT ON core.ref_leaser FROM adc_dev;"
adc_dev;adc_dev;core;ref_material;SELECT;ADBT Read Core;"REVOKE SELECT ON core.ref_material FROM adc_dev;"
adc_dev;adc_dev;core;dict_agent_rgs_group;SELECT;ADBT Read Core;"REVOKE SELECT ON core.dict_agent_rgs_group FROM adc_dev;"
adc_dev;adc_dev;core;ref_nonstandard_criteria;SELECT;ADBT Read Core;"REVOKE SELECT ON core.ref_nonstandard_criteria FROM adc_dev;"
adc_dev;adc_dev;core;dict_tax_rates;SELECT;ADBT Read Core;"REVOKE SELECT ON core.dict_tax_rates FROM adc_dev;"
adc_dev;adc_dev;core;ref_offeringgwpc;SELECT;ADBT Read Core;"REVOKE SELECT ON core.ref_offeringgwpc FROM adc_dev;"
adc_dev;adc_dev;core;ref_paper_kind;SELECT;ADBT Read Core;"REVOKE SELECT ON core.ref_paper_kind FROM adc_dev;"
adc_dev;adc_dev;core;driver_license_category_1_prt_9;SELECT;ADBT Read Core;"REVOKE SELECT ON core.driver_license_category_1_prt_9 FROM adc_dev;"
adc_dev;adc_dev;core;ref_premise;SELECT;ADBT Read Core;"REVOKE SELECT ON core.ref_premise FROM adc_dev;"
adc_dev;adc_dev;core;driver_license_category_1_prt_6;SELECT;ADBT Read Core;"REVOKE SELECT ON core.driver_license_category_1_prt_6 FROM adc_dev;"
adc_dev;adc_dev;core;ref_product;SELECT;ADBT Read Core;"REVOKE SELECT ON core.ref_product FROM adc_dev;"
adc_dev;adc_dev;core;ref_product_mapping;SELECT;ADBT Read Core;"REVOKE SELECT ON core.ref_product_mapping FROM adc_dev;"
adc_dev;adc_dev;core;ref_risk_factor;SELECT;ADBT Read Core;"REVOKE SELECT ON core.ref_risk_factor FROM adc_dev;"
adc_dev;adc_dev;core;ref_soil_type;SELECT;ADBT Read Core;"REVOKE SELECT ON core.ref_soil_type FROM adc_dev;"
adc_dev;adc_dev;core;mr_7gs_instype_cat;SELECT;ADBT Read Core;"REVOKE SELECT ON core.mr_7gs_instype_cat FROM adc_dev;"
adc_dev;adc_dev;core;ref_additional_equipment;SELECT;ADBT Read Core;"REVOKE SELECT ON core.ref_additional_equipment FROM adc_dev;"
adc_dev;adc_dev;core;ref_allocation_subtype;SELECT;ADBT Read Core;"REVOKE SELECT ON core.ref_allocation_subtype FROM adc_dev;"
adc_dev;adc_dev;core;ref_bordereau_type;SELECT;ADBT Read Core;"REVOKE SELECT ON core.ref_bordereau_type FROM adc_dev;"
adc_dev;adc_dev;core;ref_communication_status;SELECT;ADBT Read Core;"REVOKE SELECT ON core.ref_communication_status FROM adc_dev;"
adc_dev;adc_dev;core;ref_construction_condition;SELECT;ADBT Read Core;"REVOKE SELECT ON core.ref_construction_condition FROM adc_dev;"
adc_dev;adc_dev;core;ref_currencies;SELECT;ADBT Read Core;"REVOKE SELECT ON core.ref_currencies FROM adc_dev;"
adc_dev;adc_dev;core;auto_dealer;SELECT;ADBT Read Core;"REVOKE SELECT ON core.auto_dealer FROM adc_dev;"
adc_dev;adc_dev;core;branches;SELECT;ADBT Read Core;"REVOKE SELECT ON core.branches FROM adc_dev;"
adc_dev;adc_dev;core;claim_check_bridge_proc;SELECT;ADBT Read Core;"REVOKE SELECT ON core.claim_check_bridge_proc FROM adc_dev;"
adc_dev;adc_dev;core;claim_keygen_bridge;SELECT;ADBT Read Core;"REVOKE SELECT ON core.claim_keygen_bridge FROM adc_dev;"
adc_dev;adc_dev;core;claim_state_region;SELECT;ADBT Read Core;"REVOKE SELECT ON core.claim_state_region FROM adc_dev;"
adc_dev;adc_dev;core;dict_insured_rgs_group;SELECT;ADBT Read Core;"REVOKE SELECT ON core.dict_insured_rgs_group FROM adc_dev;"
adc_dev;adc_dev;core;dict_kv_tariff_rate;SELECT;ADBT Read Core;"REVOKE SELECT ON core.dict_kv_tariff_rate FROM adc_dev;"
adc_dev;adc_dev;core;driver_license_category_1_prt_2;SELECT;ADBT Read Core;"REVOKE SELECT ON core.driver_license_category_1_prt_2 FROM adc_dev;"
adc_dev;adc_dev;core;driver_license_category_1_prt_3;SELECT;ADBT Read Core;"REVOKE SELECT ON core.driver_license_category_1_prt_3 FROM adc_dev;"
adc_dev;adc_dev;core;driver_license_category_1_prt_4;SELECT;ADBT Read Core;"REVOKE SELECT ON core.driver_license_category_1_prt_4 FROM adc_dev;"
adc_dev;adc_dev;core;jb_log_tmp;SELECT;ADBT Read Core;"REVOKE SELECT ON core.jb_log_tmp FROM adc_dev;"
adc_dev;adc_dev;core;leasing_company;SELECT;ADBT Read Core;"REVOKE SELECT ON core.leasing_company FROM adc_dev;"
adc_dev;adc_dev;core;ref_allocation_element;SELECT;ADBT Read Core;"REVOKE SELECT ON core.ref_allocation_element FROM adc_dev;"
adc_dev;adc_dev;core;ref_coverage_area;SELECT;ADBT Read Core;"REVOKE SELECT ON core.ref_coverage_area FROM adc_dev;"
adc_dev;adc_dev;core;ref_dc_acc_group_22;SELECT;ADBT Read Core;"REVOKE SELECT ON core.ref_dc_acc_group_22 FROM adc_dev;"
adc_dev;adc_dev;core;ref_dcaccountingrisk;SELECT;ADBT Read Core;"REVOKE SELECT ON core.ref_dcaccountingrisk FROM adc_dev;"
adc_dev;adc_dev;core;ref_dict7gs;SELECT;ADBT Read Core;"REVOKE SELECT ON core.ref_dict7gs FROM adc_dev;"
adc_dev;adc_dev;core;ref_kladr_okato;SELECT;ADBT Read Core;"REVOKE SELECT ON core.ref_kladr_okato FROM adc_dev;"
adc_dev;adc_dev;core;ref_partner;SELECT;ADBT Read Core;"REVOKE SELECT ON core.ref_partner FROM adc_dev;"
adc_dev;adc_dev;core;ref_redefcode7gs;SELECT;ADBT Read Core;"REVOKE SELECT ON core.ref_redefcode7gs FROM adc_dev;"
adc_dev;adc_dev;core;ref_reservation_value;SELECT;ADBT Read Core;"REVOKE SELECT ON core.ref_reservation_value FROM adc_dev;"
adc_dev;adc_dev;core;ref_reserve_groups_def;SELECT;ADBT Read Core;"REVOKE SELECT ON core.ref_reserve_groups_def FROM adc_dev;"
adc_dev;adc_dev;core;ref_risk_package;SELECT;ADBT Read Core;"REVOKE SELECT ON core.ref_risk_package FROM adc_dev;"
adc_dev;adc_dev;core;ref_sale_channel_groupmk;SELECT;ADBT Read Core;"REVOKE SELECT ON core.ref_sale_channel_groupmk FROM adc_dev;"
adc_dev;adc_dev;core;ref_sale_channel_mk;SELECT;ADBT Read Core;"REVOKE SELECT ON core.ref_sale_channel_mk FROM adc_dev;"
adc_dev;adc_dev;core;sale_channel_162_agent_link;SELECT;ADBT Read Core;"REVOKE SELECT ON core.sale_channel_162_agent_link FROM adc_dev;"
adc_dev;adc_dev;core;settled_claim_proc;SELECT;ADBT Read Core;"REVOKE SELECT ON core.settled_claim_proc FROM adc_dev;"
adc_dev;adc_dev;core;t_131_139;SELECT;ADBT Read Core;"REVOKE SELECT ON core.t_131_139 FROM adc_dev;"
adc_dev;adc_dev;core;transaction_mngr;SELECT;ADBT Read Core;"REVOKE SELECT ON core.transaction_mngr FROM adc_dev;"
adc_dev;adc_dev;core;uo_mapsale2020;SELECT;ADBT Read Core;"REVOKE SELECT ON core.uo_mapsale2020 FROM adc_dev;"
adc_dev;adc_dev;core;uo_partner_fp2024;SELECT;ADBT Read Core;"REVOKE SELECT ON core.uo_partner_fp2024 FROM adc_dev;"
adc_dev;adc_dev;core;all_ids;SELECT;ADBT Read Core;"REVOKE SELECT ON core.all_ids FROM adc_dev;"
adc_dev;adc_dev;core;loading_stats1;SELECT;ADBT Read Core;"REVOKE SELECT ON core.loading_stats1 FROM adc_dev;"
adc_dev;adc_dev;core;ref_payment_frequency;SELECT;ADBT Read Core;"REVOKE SELECT ON core.ref_payment_frequency FROM adc_dev;"
adc_dev;adc_dev;core;ref_payment_quantity;SELECT;ADBT Read Core;"REVOKE SELECT ON core.ref_payment_quantity FROM adc_dev;"
adc_dev;adc_dev;core;check_log;SELECT;ADBT Read Core;"REVOKE SELECT ON core.check_log FROM adc_dev;"
adc_dev;adc_dev;core;acc_counterparty_risk;SELECT;ADBT Read Core;"REVOKE SELECT ON core.acc_counterparty_risk FROM adc_dev;"
adc_dev;adc_dev;core;acc_operation_map;SELECT;ADBT Read Core;"REVOKE SELECT ON core.acc_operation_map FROM adc_dev;"
adc_dev;adc_dev;core;acc_reserve_group;SELECT;ADBT Read Core;"REVOKE SELECT ON core.acc_reserve_group FROM adc_dev;"
adc_dev;adc_dev;core;branch_organization_type;SELECT;ADBT Read Core;"REVOKE SELECT ON core.branch_organization_type FROM adc_dev;"
adc_dev;adc_dev;core;calendar;SELECT;ADBT Read Core;"REVOKE SELECT ON core.calendar FROM adc_dev;"
adc_dev;adc_dev;core;claim_accidenttype;SELECT;ADBT Read Core;"REVOKE SELECT ON core.claim_accidenttype FROM adc_dev;"
adc_dev;adc_dev;core;claim_check_proc;SELECT;ADBT Read Core;"REVOKE SELECT ON core.claim_check_proc FROM adc_dev;"
adc_dev;adc_dev;core;de_map_arm_plan;SELECT;ADBT Read Core;"REVOKE SELECT ON core.de_map_arm_plan FROM adc_dev;"
adc_dev;adc_dev;core;de_plan_region;SELECT;ADBT Read Core;"REVOKE SELECT ON core.de_plan_region FROM adc_dev;"
adc_dev;adc_dev;core;driver_license_category;SELECT;ADBT Read Core;"REVOKE SELECT ON core.driver_license_category FROM adc_dev;"
adc_dev;adc_dev;core;driver_license_category_1_prt_5;SELECT;ADBT Read Core;"REVOKE SELECT ON core.driver_license_category_1_prt_5 FROM adc_dev;"
adc_dev;adc_dev;core;driver_license_category_1_prt_7;SELECT;ADBT Read Core;"REVOKE SELECT ON core.driver_license_category_1_prt_7 FROM adc_dev;"
adc_dev;adc_dev;core;jb_log;SELECT;ADBT Read Core;"REVOKE SELECT ON core.jb_log FROM adc_dev;"
adc_dev;adc_dev;core;claim_counterparty_proc;SELECT;ADBT Read Core;"REVOKE SELECT ON core.claim_counterparty_proc FROM adc_dev;"
adc_dev;adc_dev;core;ref_reservation;SELECT;ADBT Read Core;"REVOKE SELECT ON core.ref_reservation FROM adc_dev;"
adc_dev;adc_dev;core;test;SELECT;ADBT Read Core;"REVOKE SELECT ON core.test FROM adc_dev;"
adc_dev;adc_dev;core;type_ins_form162;SELECT;ADBT Read Core;"REVOKE SELECT ON core.type_ins_form162 FROM adc_dev;"
adc_dev;adc_dev;core;cdi_address_quality;SELECT;ADBT Read Core;"REVOKE SELECT ON core.cdi_address_quality FROM adc_dev;"
adc_dev;adc_dev;core;cdi_ph_full_name_quality;SELECT;ADBT Read Core;"REVOKE SELECT ON core.cdi_ph_full_name_quality FROM adc_dev;"
adc_dev;adc_dev;core;claim_costtype;SELECT;ADBT Read Core;"REVOKE SELECT ON core.claim_costtype FROM adc_dev;"
adc_dev;adc_dev;core;debt_client;SELECT;ADBT Read Core;"REVOKE SELECT ON core.debt_client FROM adc_dev;"
adc_dev;adc_dev;core;month_close_calendar_temp;SELECT;ADBT Read Core;"REVOKE SELECT ON core.month_close_calendar_temp FROM adc_dev;"
adc_dev;adc_dev;core;ref_account_group_781p;SELECT;ADBT Read Core;"REVOKE SELECT ON core.ref_account_group_781p FROM adc_dev;"
adc_dev;adc_dev;core;ref_accrual_compensation;SELECT;ADBT Read Core;"REVOKE SELECT ON core.ref_accrual_compensation FROM adc_dev;"
adc_dev;adc_dev;core;ref_autodictpaymentmethod;SELECT;ADBT Read Core;"REVOKE SELECT ON core.ref_autodictpaymentmethod FROM adc_dev;"
adc_dev;adc_dev;core;ref_bank_email;SELECT;ADBT Read Core;"REVOKE SELECT ON core.ref_bank_email FROM adc_dev;"
adc_dev;adc_dev;core;ref_carrier_type;SELECT;ADBT Read Core;"REVOKE SELECT ON core.ref_carrier_type FROM adc_dev;"
adc_dev;adc_dev;core;ref_counterparty_link_type;SELECT;ADBT Read Core;"REVOKE SELECT ON core.ref_counterparty_link_type FROM adc_dev;"
adc_dev;adc_dev;core;ref_countries;SELECT;ADBT Read Core;"REVOKE SELECT ON core.ref_countries FROM adc_dev;"
adc_dev;adc_dev;core;ref_dc_acc_group;SELECT;ADBT Read Core;"REVOKE SELECT ON core.ref_dc_acc_group FROM adc_dev;"
adc_dev;adc_dev;core;ref_debit_writeoff_reason;SELECT;ADBT Read Core;"REVOKE SELECT ON core.ref_debit_writeoff_reason FROM adc_dev;"
adc_dev;adc_dev;core;ref_detail_location;SELECT;ADBT Read Core;"REVOKE SELECT ON core.ref_detail_location FROM adc_dev;"
adc_dev;adc_dev;core;ref_dictinsurer;SELECT;ADBT Read Core;"REVOKE SELECT ON core.ref_dictinsurer FROM adc_dev;"
adc_dev;adc_dev;core;ref_dictproject;SELECT;ADBT Read Core;"REVOKE SELECT ON core.ref_dictproject FROM adc_dev;"
adc_dev;adc_dev;core;ref_dominant_currency;SELECT;ADBT Read Core;"REVOKE SELECT ON core.ref_dominant_currency FROM adc_dev;"
adc_dev;adc_dev;core;ref_external_equipment;SELECT;ADBT Read Core;"REVOKE SELECT ON core.ref_external_equipment FROM adc_dev;"
adc_dev;adc_dev;core;ref_finishing_type;SELECT;ADBT Read Core;"REVOKE SELECT ON core.ref_finishing_type FROM adc_dev;"
adc_dev;adc_dev;core;ref_gvs;SELECT;ADBT Read Core;"REVOKE SELECT ON core.ref_gvs FROM adc_dev;"
adc_dev;adc_dev;core;ref_movable_property;SELECT;ADBT Read Core;"REVOKE SELECT ON core.ref_movable_property FROM adc_dev;"
adc_dev;adc_dev;core;ref_osago_segment;SELECT;ADBT Read Core;"REVOKE SELECT ON core.ref_osago_segment FROM adc_dev;"
adc_dev;adc_dev;core;ref_product_catalog;SELECT;ADBT Read Core;"REVOKE SELECT ON core.ref_product_catalog FROM adc_dev;"
adc_dev;adc_dev;core;ref_relation_type;SELECT;ADBT Read Core;"REVOKE SELECT ON core.ref_relation_type FROM adc_dev;"
adc_dev;adc_dev;core;ref_resgroup_osbu_resgr;SELECT;ADBT Read Core;"REVOKE SELECT ON core.ref_resgroup_osbu_resgr FROM adc_dev;"
adc_dev;adc_dev;core;ref_sale_channel_bk;SELECT;ADBT Read Core;"REVOKE SELECT ON core.ref_sale_channel_bk FROM adc_dev;"
adc_dev;adc_dev;core;sale_channel_162;SELECT;ADBT Read Core;"REVOKE SELECT ON core.sale_channel_162 FROM adc_dev;"
adc_dev;adc_dev;core;sale_channel_type;SELECT;ADBT Read Core;"REVOKE SELECT ON core.sale_channel_type FROM adc_dev;"
adc_dev;adc_dev;core;subject_federation;SELECT;ADBT Read Core;"REVOKE SELECT ON core.subject_federation FROM adc_dev;"
adc_dev;adc_dev;core;tr_errorslog;SELECT;ADBT Read Core;"REVOKE SELECT ON core.tr_errorslog FROM adc_dev;"
adc_dev;adc_dev;core;tr_log;SELECT;ADBT Read Core;"REVOKE SELECT ON core.tr_log FROM adc_dev;"
adc_dev;adc_dev;core;tr_perfomance;SELECT;ADBT Read Core;"REVOKE SELECT ON core.tr_perfomance FROM adc_dev;"
adc_dev;adc_dev;core;acc_f162_okato;SELECT;ADBT Read Core;"REVOKE SELECT ON core.acc_f162_okato FROM adc_dev;"
adc_dev;adc_dev;core;acc_broker;SELECT;ADBT Read Core;"REVOKE SELECT ON core.acc_broker FROM adc_dev;"
adc_dev;adc_dev;core;ref_build_part;SELECT;ADBT Read Core;"REVOKE SELECT ON core.ref_build_part FROM adc_dev;"
adc_dev;adc_dev;core;transaction_bkp;SELECT;ADBT Read Core;"REVOKE SELECT ON core.transaction_bkp FROM adc_dev;"
adc_dev;adc_dev;core;driver_license_category_1_prt_10;SELECT;ADBT Read Core;"REVOKE SELECT ON core.driver_license_category_1_prt_10 FROM adc_dev;"
adc_dev;adc_dev;core;driver_license_category_1_prt_other_driver_license_category;SELECT;ADBT Read Core;"REVOKE SELECT ON core.driver_license_category_1_prt_other_driver_license_category FROM adc_dev;"
adc_dev;adc_dev;core;ref_structural_element;SELECT;ADBT Read Core;"REVOKE SELECT ON core.ref_structural_element FROM adc_dev;"
adc_dev;adc_dev;core;region_vip;SELECT;ADBT Read Core;"REVOKE SELECT ON core.region_vip FROM adc_dev;"
adc_dev;adc_dev;core;repl_test_contract_object_1_prt_5;SELECT;ADBT Read Core;"REVOKE SELECT ON core.repl_test_contract_object_1_prt_5 FROM adc_dev;"
adc_dev;adc_dev;core;repl_test_contract_object_1_prt_6;SELECT;ADBT Read Core;"REVOKE SELECT ON core.repl_test_contract_object_1_prt_6 FROM adc_dev;"
adc_dev;adc_dev;core;repl_test_households_1_prt_2;SELECT;ADBT Read Core;"REVOKE SELECT ON core.repl_test_households_1_prt_2 FROM adc_dev;"
adc_dev;adc_dev;core;repl_test_households_1_prt_3;SELECT;ADBT Read Core;"REVOKE SELECT ON core.repl_test_households_1_prt_3 FROM adc_dev;"
adc_dev;adc_dev;core;repl_test_households_1_prt_4;SELECT;ADBT Read Core;"REVOKE SELECT ON core.repl_test_households_1_prt_4 FROM adc_dev;"
adc_dev;adc_dev;core;repl_test_households_1_prt_5;SELECT;ADBT Read Core;"REVOKE SELECT ON core.repl_test_households_1_prt_5 FROM adc_dev;"
adc_dev;adc_dev;core;repl_test_households_1_prt_6;SELECT;ADBT Read Core;"REVOKE SELECT ON core.repl_test_households_1_prt_6 FROM adc_dev;"
adc_dev;adc_dev;core;repl_test_commission_risk_sap_progn_1_prt_2;SELECT;ADBT Read Core;"REVOKE SELECT ON core.repl_test_commission_risk_sap_progn_1_prt_2 FROM adc_dev;"
adc_dev;adc_dev;core;repl_test_commission_risk_sap_progn_1_prt_3;SELECT;ADBT Read Core;"REVOKE SELECT ON core.repl_test_commission_risk_sap_progn_1_prt_3 FROM adc_dev;"
adc_dev;adc_dev;core;repl_test_commission_risk_sap_progn_1_prt_4;SELECT;ADBT Read Core;"REVOKE SELECT ON core.repl_test_commission_risk_sap_progn_1_prt_4 FROM adc_dev;"
adc_dev;adc_dev;core;repl_test_commission_risk_sap_progn_1_prt_5;SELECT;ADBT Read Core;"REVOKE SELECT ON core.repl_test_commission_risk_sap_progn_1_prt_5 FROM adc_dev;"
adc_dev;adc_dev;core;repl_test_commission_risk_sap_progn_1_prt_6;SELECT;ADBT Read Core;"REVOKE SELECT ON core.repl_test_commission_risk_sap_progn_1_prt_6 FROM adc_dev;"
adc_dev;adc_dev;core;repl_test_commission_risk_sap_progn_1_prt_7;SELECT;ADBT Read Core;"REVOKE SELECT ON core.repl_test_commission_risk_sap_progn_1_prt_7 FROM adc_dev;"
adc_dev;adc_dev;core;repl_test_commission_risk_sap_progn_1_prt_8;SELECT;ADBT Read Core;"REVOKE SELECT ON core.repl_test_commission_risk_sap_progn_1_prt_8 FROM adc_dev;"
adc_dev;adc_dev;core;repl_test_commission_risk_sap_progn_1_prt_9;SELECT;ADBT Read Core;"REVOKE SELECT ON core.repl_test_commission_risk_sap_progn_1_prt_9 FROM adc_dev;"
adc_dev;adc_dev;core;repl_test_commission_risk_1_prt_other_commission_risk_sap_progn;SELECT;ADBT Read Core;"REVOKE SELECT ON core.repl_test_commission_risk_1_prt_other_commission_risk_sap_progn FROM adc_dev;"
adc_dev;adc_dev;core;repl_test_commission_risk_sap_progn;SELECT;ADBT Read Core;"REVOKE SELECT ON core.repl_test_commission_risk_sap_progn FROM adc_dev;"
adc_dev;adc_dev;core;repl_test_contract_object_1_prt_2;SELECT;ADBT Read Core;"REVOKE SELECT ON core.repl_test_contract_object_1_prt_2 FROM adc_dev;"
adc_dev;adc_dev;core;repl_test_contract_object_1_prt_3;SELECT;ADBT Read Core;"REVOKE SELECT ON core.repl_test_contract_object_1_prt_3 FROM adc_dev;"
adc_dev;adc_dev;core;repl_test_contract_object_1_prt_4;SELECT;ADBT Read Core;"REVOKE SELECT ON core.repl_test_contract_object_1_prt_4 FROM adc_dev;"
adc_dev;adc_dev;core;repl_test_contract_object_1_prt_7;SELECT;ADBT Read Core;"REVOKE SELECT ON core.repl_test_contract_object_1_prt_7 FROM adc_dev;"
adc_dev;adc_dev;core;repl_test_contract_object_1_prt_8;SELECT;ADBT Read Core;"REVOKE SELECT ON core.repl_test_contract_object_1_prt_8 FROM adc_dev;"
adc_dev;adc_dev;core;repl_test_contract_object_1_prt_9;SELECT;ADBT Read Core;"REVOKE SELECT ON core.repl_test_contract_object_1_prt_9 FROM adc_dev;"
adc_dev;adc_dev;core;repl_test_contract_object_1_prt_other_contract_object;SELECT;ADBT Read Core;"REVOKE SELECT ON core.repl_test_contract_object_1_prt_other_contract_object FROM adc_dev;"
adc_dev;adc_dev;core;repl_test_households_1_prt_7;SELECT;ADBT Read Core;"REVOKE SELECT ON core.repl_test_households_1_prt_7 FROM adc_dev;"
adc_dev;adc_dev;core;repl_test_households_1_prt_8;SELECT;ADBT Read Core;"REVOKE SELECT ON core.repl_test_households_1_prt_8 FROM adc_dev;"
adc_dev;adc_dev;core;repl_test_households_1_prt_9;SELECT;ADBT Read Core;"REVOKE SELECT ON core.repl_test_households_1_prt_9 FROM adc_dev;"
adc_dev;adc_dev;core;repl_test_households_1_prt_other_households;SELECT;ADBT Read Core;"REVOKE SELECT ON core.repl_test_households_1_prt_other_households FROM adc_dev;"
adc_dev;adc_dev;core;repl_test_households;SELECT;ADBT Read Core;"REVOKE SELECT ON core.repl_test_households FROM adc_dev;"
adc_dev;adc_dev;core;repl_test_vehicle_1_prt_2;SELECT;ADBT Read Core;"REVOKE SELECT ON core.repl_test_vehicle_1_prt_2 FROM adc_dev;"
adc_dev;adc_dev;core;repl_test_vehicle_1_prt_3;SELECT;ADBT Read Core;"REVOKE SELECT ON core.repl_test_vehicle_1_prt_3 FROM adc_dev;"
adc_dev;adc_dev;core;repl_test_vehicle_1_prt_4;SELECT;ADBT Read Core;"REVOKE SELECT ON core.repl_test_vehicle_1_prt_4 FROM adc_dev;"
adc_dev;adc_dev;core;repl_test_vehicle_1_prt_5;SELECT;ADBT Read Core;"REVOKE SELECT ON core.repl_test_vehicle_1_prt_5 FROM adc_dev;"
adc_dev;adc_dev;core;repl_test_vehicle_1_prt_6;SELECT;ADBT Read Core;"REVOKE SELECT ON core.repl_test_vehicle_1_prt_6 FROM adc_dev;"
adc_dev;adc_dev;core;repl_test_vehicle_1_prt_7;SELECT;ADBT Read Core;"REVOKE SELECT ON core.repl_test_vehicle_1_prt_7 FROM adc_dev;"
adc_dev;adc_dev;core;repl_test_vehicle_1_prt_8;SELECT;ADBT Read Core;"REVOKE SELECT ON core.repl_test_vehicle_1_prt_8 FROM adc_dev;"
adc_dev;adc_dev;core;repl_test_vehicle_1_prt_9;SELECT;ADBT Read Core;"REVOKE SELECT ON core.repl_test_vehicle_1_prt_9 FROM adc_dev;"
adc_dev;adc_dev;core;repl_test_vehicle_1_prt_other_vehicle;SELECT;ADBT Read Core;"REVOKE SELECT ON core.repl_test_vehicle_1_prt_other_vehicle FROM adc_dev;"
adc_dev;adc_dev;core;repl_test_vehicle;SELECT;ADBT Read Core;"REVOKE SELECT ON core.repl_test_vehicle FROM adc_dev;"
adc_dev;adc_dev;core;claim_coveragetype;SELECT;ADBT Read Core;"REVOKE SELECT ON core.claim_coveragetype FROM adc_dev;"
adc_dev;adc_dev;core;claim_exception;SELECT;ADBT Read Core;"REVOKE SELECT ON core.claim_exception FROM adc_dev;"
adc_dev;adc_dev;core;claim_refundcategory;SELECT;ADBT Read Core;"REVOKE SELECT ON core.claim_refundcategory FROM adc_dev;"
adc_dev;adc_dev;core;claim_rep_proc;SELECT;ADBT Read Core;"REVOKE SELECT ON core.claim_rep_proc FROM adc_dev;"
adc_dev;adc_dev;core;claim_rep_proc_tst;SELECT;ADBT Read Core;"REVOKE SELECT ON core.claim_rep_proc_tst FROM adc_dev;"
adc_dev;adc_dev;core;debt_agent;SELECT;ADBT Read Core;"REVOKE SELECT ON core.debt_agent FROM adc_dev;"
adc_dev;adc_dev;core;claim_costcategory;SELECT;ADBT Read Core;"REVOKE SELECT ON core.claim_costcategory FROM adc_dev;"
adc_dev;adc_dev;core;repl_test_contract_object;SELECT;ADBT Read Core;"REVOKE SELECT ON core.repl_test_contract_object FROM adc_dev;"
adc_dev;adc_dev;core;dict_actuary_mon_channel_map;SELECT;ADBT Read Core;"REVOKE SELECT ON core.dict_actuary_mon_channel_map FROM adc_dev;"
adc_dev;adc_dev;core;dict_actuary_mon_channel_map_new;SELECT;ADBT Read Core;"REVOKE SELECT ON core.dict_actuary_mon_channel_map_new FROM adc_dev;"
adc_dev;adc_dev;core;driver_license_category_1_prt_8;SELECT;ADBT Read Core;"REVOKE SELECT ON core.driver_license_category_1_prt_8 FROM adc_dev;"
adc_dev;adc_dev;core;metrics;SELECT;ADBT Read Core;"REVOKE SELECT ON core.metrics FROM adc_dev;"
adc_dev;adc_dev;core;bank;SELECT;ADBT Read Core;"REVOKE SELECT ON core.bank FROM adc_dev;"
adc_dev;adc_dev;core;ref_partner_type;SELECT;ADBT Read Core;"REVOKE SELECT ON core.ref_partner_type FROM adc_dev;"
aabazaev;Базаев Алексей Александрович (Aleksey Bazaev);dm_fb;acc_premium_f_1_9;INSERT;ADBT Owner Dm Fb;"REVOKE INSERT ON dm_fb.acc_premium_f_1_9 FROM aabazaev;"
aabazaev;Базаев Алексей Александрович (Aleksey Bazaev);dm_fb;acc_premium_f_1_9;SELECT;ADBT Owner Dm Fb;"REVOKE SELECT ON dm_fb.acc_premium_f_1_9 FROM aabazaev;"
aabazaev;Базаев Алексей Александрович (Aleksey Bazaev);dm_fb;acc_premium_f_1_9;UPDATE;ADBT Owner Dm Fb;"REVOKE UPDATE ON dm_fb.acc_premium_f_1_9 FROM aabazaev;"
aabazaev;Базаев Алексей Александрович (Aleksey Bazaev);dm_fb;acc_premium_f_1_9;DELETE;ADBT Owner Dm Fb;"REVOKE DELETE ON dm_fb.acc_premium_f_1_9 FROM aabazaev;"
aabazaev;Базаев Алексей Александрович (Aleksey Bazaev);dm_fb;acc_premium_f_1_9;TRUNCATE;ADBT Owner Dm Fb;"REVOKE TRUNCATE ON dm_fb.acc_premium_f_1_9 FROM aabazaev;"
aabazaev;Базаев Алексей Александрович (Aleksey Bazaev);dm_fb;acc_premium_f_1_9;REFERENCES;ADBT Owner Dm Fb;"REVOKE REFERENCES ON dm_fb.acc_premium_f_1_9 FROM aabazaev;"
aabazaev;Базаев Алексей Александрович (Aleksey Bazaev);dm_fb;acc_premium_f_1_9;TRIGGER;ADBT Owner Dm Fb;"REVOKE TRIGGER ON dm_fb.acc_premium_f_1_9 FROM aabazaev;"
adb_service_dev;adb_service_dev;etl;repl__core__alarmguard_insured_vehicle;INSERT;ADBT Owner Etl;"REVOKE INSERT ON etl.repl__core__alarmguard_insured_vehicle FROM adb_service_dev;"
adb_service_dev;adb_service_dev;etl;repl__core__alarmguard_insured_vehicle;SELECT;ADBT Owner Etl;"REVOKE SELECT ON etl.repl__core__alarmguard_insured_vehicle FROM adb_service_dev;"
adb_service_dev;adb_service_dev;etl;repl__core__alarmguard_insured_vehicle;UPDATE;ADBT Owner Etl;"REVOKE UPDATE ON etl.repl__core__alarmguard_insured_vehicle FROM adb_service_dev;"
adb_service_dev;adb_service_dev;etl;repl__core__alarmguard_insured_vehicle;DELETE;ADBT Owner Etl;"REVOKE DELETE ON etl.repl__core__alarmguard_insured_vehicle FROM adb_service_dev;"
adb_service_dev;adb_service_dev;etl;repl__core__alarmguard_insured_vehicle;TRUNCATE;ADBT Owner Etl;"REVOKE TRUNCATE ON etl.repl__core__alarmguard_insured_vehicle FROM adb_service_dev;"
adb_service_dev;adb_service_dev;etl;repl__core__alarmguard_insured_vehicle;REFERENCES;ADBT Owner Etl;"REVOKE REFERENCES ON etl.repl__core__alarmguard_insured_vehicle FROM adb_service_dev;"
adb_service_dev;adb_service_dev;etl;repl__core__alarmguard_insured_vehicle;TRIGGER;ADBT Owner Etl;"REVOKE TRIGGER ON etl.repl__core__alarmguard_insured_vehicle FROM adb_service_dev;"
adb_replicat_dev;adb_replicat_dev;etl;repl__core__alarmguard_insured_vehicle;SELECT;ADBT Write Etl;"REVOKE SELECT ON etl.repl__core__alarmguard_insured_vehicle FROM adb_replicat_dev;"
adb_service_dev;adb_service_dev;etl;repl__core__claim_appeal_requirement_type;INSERT;ADBT Owner Etl;"REVOKE INSERT ON etl.repl__core__claim_appeal_requirement_type FROM adb_service_dev;"
adb_service_dev;adb_service_dev;etl;repl__core__claim_appeal_requirement_type;SELECT;ADBT Owner Etl;"REVOKE SELECT ON etl.repl__core__claim_appeal_requirement_type FROM adb_service_dev;"
adb_service_dev;adb_service_dev;etl;repl__core__claim_appeal_requirement_type;UPDATE;ADBT Owner Etl;"REVOKE UPDATE ON etl.repl__core__claim_appeal_requirement_type FROM adb_service_dev;"
adb_service_dev;adb_service_dev;etl;repl__core__claim_appeal_requirement_type;DELETE;ADBT Owner Etl;"REVOKE DELETE ON etl.repl__core__claim_appeal_requirement_type FROM adb_service_dev;"
adb_service_dev;adb_service_dev;etl;repl__core__claim_appeal_requirement_type;TRUNCATE;ADBT Owner Etl;"REVOKE TRUNCATE ON etl.repl__core__claim_appeal_requirement_type FROM adb_service_dev;"
adb_service_dev;adb_service_dev;etl;repl__core__claim_appeal_requirement_type;REFERENCES;ADBT Owner Etl;"REVOKE REFERENCES ON etl.repl__core__claim_appeal_requirement_type FROM adb_service_dev;"
adb_service_dev;adb_service_dev;etl;repl__core__claim_appeal_requirement_type;TRIGGER;ADBT Owner Etl;"REVOKE TRIGGER ON etl.repl__core__claim_appeal_requirement_type FROM adb_service_dev;"
adb_replicat_dev;adb_replicat_dev;etl;repl__core__claim_appeal_requirement_type;SELECT;ADBT Write Etl;"REVOKE SELECT ON etl.repl__core__claim_appeal_requirement_type FROM adb_replicat_dev;"
adb_service_dev;adb_service_dev;etl;repl__core__avto_usage;INSERT;ADBT Owner Etl;"REVOKE INSERT ON etl.repl__core__avto_usage FROM adb_service_dev;"
adb_service_dev;adb_service_dev;etl;repl__core__avto_usage;SELECT;ADBT Owner Etl;"REVOKE SELECT ON etl.repl__core__avto_usage FROM adb_service_dev;"
adb_service_dev;adb_service_dev;etl;repl__core__avto_usage;UPDATE;ADBT Owner Etl;"REVOKE UPDATE ON etl.repl__core__avto_usage FROM adb_service_dev;"
adb_service_dev;adb_service_dev;etl;repl__core__avto_usage;DELETE;ADBT Owner Etl;"REVOKE DELETE ON etl.repl__core__avto_usage FROM adb_service_dev;"
adb_service_dev;adb_service_dev;etl;repl__core__avto_usage;TRUNCATE;ADBT Owner Etl;"REVOKE TRUNCATE ON etl.repl__core__avto_usage FROM adb_service_dev;"
adb_service_dev;adb_service_dev;etl;repl__core__avto_usage;REFERENCES;ADBT Owner Etl;"REVOKE REFERENCES ON etl.repl__core__avto_usage FROM adb_service_dev;"
adb_service_dev;adb_service_dev;etl;repl__core__avto_usage;TRIGGER;ADBT Owner Etl;"REVOKE TRIGGER ON etl.repl__core__avto_usage FROM adb_service_dev;"
adb_replicat_dev;adb_replicat_dev;etl;repl__core__avto_usage;SELECT;ADBT Write Etl;"REVOKE SELECT ON etl.repl__core__avto_usage FROM adb_replicat_dev;"
adb_service_dev;adb_service_dev;etl;repl__core__regress;INSERT;ADBT Owner Etl;"REVOKE INSERT ON etl.repl__core__regress FROM adb_service_dev;"
adb_service_dev;adb_service_dev;etl;repl__core__regress;SELECT;ADBT Owner Etl;"REVOKE SELECT ON etl.repl__core__regress FROM adb_service_dev;"
adb_service_dev;adb_service_dev;etl;repl__core__regress;UPDATE;ADBT Owner Etl;"REVOKE UPDATE ON etl.repl__core__regress FROM adb_service_dev;"
adb_service_dev;adb_service_dev;etl;repl__core__regress;DELETE;ADBT Owner Etl;"REVOKE DELETE ON etl.repl__core__regress FROM adb_service_dev;"
adb_service_dev;adb_service_dev;etl;repl__core__regress;TRUNCATE;ADBT Owner Etl;"REVOKE TRUNCATE ON etl.repl__core__regress FROM adb_service_dev;"
adb_service_dev;adb_service_dev;etl;repl__core__regress;REFERENCES;ADBT Owner Etl;"REVOKE REFERENCES ON etl.repl__core__regress FROM adb_service_dev;"
adb_service_dev;adb_service_dev;etl;repl__core__regress;TRIGGER;ADBT Owner Etl;"REVOKE TRIGGER ON etl.repl__core__regress FROM adb_service_dev;"
adb_replicat_dev;adb_replicat_dev;etl;repl__core__regress;SELECT;ADBT Write Etl;"REVOKE SELECT ON etl.repl__core__regress FROM adb_replicat_dev;"
adb_service_dev;adb_service_dev;etl;repl__core__contract_add_coverage;INSERT;ADBT Owner Etl;"REVOKE INSERT ON etl.repl__core__contract_add_coverage FROM adb_service_dev;"
adb_service_dev;adb_service_dev;etl;repl__core__contract_add_coverage;SELECT;ADBT Owner Etl;"REVOKE SELECT ON etl.repl__core__contract_add_coverage FROM adb_service_dev;"
adb_service_dev;adb_service_dev;etl;repl__core__contract_add_coverage;UPDATE;ADBT Owner Etl;"REVOKE UPDATE ON etl.repl__core__contract_add_coverage FROM adb_service_dev;"
adb_service_dev;adb_service_dev;etl;repl__core__contract_add_coverage;DELETE;ADBT Owner Etl;"REVOKE DELETE ON etl.repl__core__contract_add_coverage FROM adb_service_dev;"
adb_service_dev;adb_service_dev;etl;repl__core__contract_add_coverage;TRUNCATE;ADBT Owner Etl;"REVOKE TRUNCATE ON etl.repl__core__contract_add_coverage FROM adb_service_dev;"
adb_service_dev;adb_service_dev;etl;repl__core__contract_add_coverage;REFERENCES;ADBT Owner Etl;"REVOKE REFERENCES ON etl.repl__core__contract_add_coverage FROM adb_service_dev;"
adb_service_dev;adb_service_dev;etl;repl__core__contract_add_coverage;TRIGGER;ADBT Owner Etl;"REVOKE TRIGGER ON etl.repl__core__contract_add_coverage FROM adb_service_dev;"
adb_replicat_dev;adb_replicat_dev;etl;repl__core__contract_add_coverage;SELECT;ADBT Write Etl;"REVOKE SELECT ON etl.repl__core__contract_add_coverage FROM adb_replicat_dev;"
adb_service_dev;adb_service_dev;etl;repl__core__paid_return;INSERT;ADBT Owner Etl;"REVOKE INSERT ON etl.repl__core__paid_return FROM adb_service_dev;"
adb_service_dev;adb_service_dev;etl;repl__core__paid_return;SELECT;ADBT Owner Etl;"REVOKE SELECT ON etl.repl__core__paid_return FROM adb_service_dev;"
adb_service_dev;adb_service_dev;etl;repl__core__paid_return;UPDATE;ADBT Owner Etl;"REVOKE UPDATE ON etl.repl__core__paid_return FROM adb_service_dev;"
adb_service_dev;adb_service_dev;etl;repl__core__paid_return;DELETE;ADBT Owner Etl;"REVOKE DELETE ON etl.repl__core__paid_return FROM adb_service_dev;"
adb_service_dev;adb_service_dev;etl;repl__core__paid_return;TRUNCATE;ADBT Owner Etl;"REVOKE TRUNCATE ON etl.repl__core__paid_return FROM adb_service_dev;"
adb_service_dev;adb_service_dev;etl;repl__core__paid_return;REFERENCES;ADBT Owner Etl;"REVOKE REFERENCES ON etl.repl__core__paid_return FROM adb_service_dev;"
adb_service_dev;adb_service_dev;etl;repl__core__paid_return;TRIGGER;ADBT Owner Etl;"REVOKE TRIGGER ON etl.repl__core__paid_return FROM adb_service_dev;"
adb_replicat_dev;adb_replicat_dev;etl;repl__core__paid_return;SELECT;ADBT Write Etl;"REVOKE SELECT ON etl.repl__core__paid_return FROM adb_replicat_dev;"
adb_service_dev;adb_service_dev;etl;repl__core__claim_compensationrecipient;INSERT;ADBT Owner Etl;"REVOKE INSERT ON etl.repl__core__claim_compensationrecipient FROM adb_service_dev;"
adb_service_dev;adb_service_dev;etl;repl__core__claim_compensationrecipient;SELECT;ADBT Owner Etl;"REVOKE SELECT ON etl.repl__core__claim_compensationrecipient FROM adb_service_dev;"
adb_service_dev;adb_service_dev;etl;repl__core__claim_compensationrecipient;UPDATE;ADBT Owner Etl;"REVOKE UPDATE ON etl.repl__core__claim_compensationrecipient FROM adb_service_dev;"
adb_service_dev;adb_service_dev;etl;repl__core__claim_compensationrecipient;DELETE;ADBT Owner Etl;"REVOKE DELETE ON etl.repl__core__claim_compensationrecipient FROM adb_service_dev;"
adb_service_dev;adb_service_dev;etl;repl__core__claim_compensationrecipient;TRUNCATE;ADBT Owner Etl;"REVOKE TRUNCATE ON etl.repl__core__claim_compensationrecipient FROM adb_service_dev;"
adb_service_dev;adb_service_dev;etl;repl__core__claim_compensationrecipient;REFERENCES;ADBT Owner Etl;"REVOKE REFERENCES ON etl.repl__core__claim_compensationrecipient FROM adb_service_dev;"
adb_service_dev;adb_service_dev;etl;repl__core__claim_compensationrecipient;TRIGGER;ADBT Owner Etl;"REVOKE TRIGGER ON etl.repl__core__claim_compensationrecipient FROM adb_service_dev;"
adb_replicat_dev;adb_replicat_dev;etl;repl__core__claim_compensationrecipient;SELECT;ADBT Write Etl;"REVOKE SELECT ON etl.repl__core__claim_compensationrecipient FROM adb_replicat_dev;"
adb_service_dev;adb_service_dev;etl;repl__core__course;INSERT;ADBT Owner Etl;"REVOKE INSERT ON etl.repl__core__course FROM adb_service_dev;"
adb_service_dev;adb_service_dev;etl;repl__core__course;SELECT;ADBT Owner Etl;"REVOKE SELECT ON etl.repl__core__course FROM adb_service_dev;"
adb_service_dev;adb_service_dev;etl;repl__core__course;UPDATE;ADBT Owner Etl;"REVOKE UPDATE ON etl.repl__core__course FROM adb_service_dev;"
adb_service_dev;adb_service_dev;etl;repl__core__course;DELETE;ADBT Owner Etl;"REVOKE DELETE ON etl.repl__core__course FROM adb_service_dev;"
adb_service_dev;adb_service_dev;etl;repl__core__course;TRUNCATE;ADBT Owner Etl;"REVOKE TRUNCATE ON etl.repl__core__course FROM adb_service_dev;"
adb_service_dev;adb_service_dev;etl;repl__core__course;REFERENCES;ADBT Owner Etl;"REVOKE REFERENCES ON etl.repl__core__course FROM adb_service_dev;"
adb_service_dev;adb_service_dev;etl;repl__core__course;TRIGGER;ADBT Owner Etl;"REVOKE TRIGGER ON etl.repl__core__course FROM adb_service_dev;"
adb_replicat_dev;adb_replicat_dev;etl;repl__core__course;SELECT;ADBT Write Etl;"REVOKE SELECT ON etl.repl__core__course FROM adb_replicat_dev;"
adb_service_dev;adb_service_dev;etl;repl__core__object_risk;INSERT;ADBT Owner Etl;"REVOKE INSERT ON etl.repl__core__object_risk FROM adb_service_dev;"
adb_service_dev;adb_service_dev;etl;repl__core__object_risk;SELECT;ADBT Owner Etl;"REVOKE SELECT ON etl.repl__core__object_risk FROM adb_service_dev;"
adb_service_dev;adb_service_dev;etl;repl__core__object_risk;UPDATE;ADBT Owner Etl;"REVOKE UPDATE ON etl.repl__core__object_risk FROM adb_service_dev;"
adb_service_dev;adb_service_dev;etl;repl__core__object_risk;DELETE;ADBT Owner Etl;"REVOKE DELETE ON etl.repl__core__object_risk FROM adb_service_dev;"
adb_service_dev;adb_service_dev;etl;repl__core__object_risk;TRUNCATE;ADBT Owner Etl;"REVOKE TRUNCATE ON etl.repl__core__object_risk FROM adb_service_dev;"
adb_service_dev;adb_service_dev;etl;repl__core__object_risk;REFERENCES;ADBT Owner Etl;"REVOKE REFERENCES ON etl.repl__core__object_risk FROM adb_service_dev;"
adb_service_dev;adb_service_dev;etl;repl__core__object_risk;TRIGGER;ADBT Owner Etl;"REVOKE TRIGGER ON etl.repl__core__object_risk FROM adb_service_dev;"
adb_replicat_dev;adb_replicat_dev;etl;repl__core__object_risk;SELECT;ADBT Write Etl;"REVOKE SELECT ON etl.repl__core__object_risk FROM adb_replicat_dev;"
adb_service_dev;adb_service_dev;etl;repl__core__claim_matter;INSERT;ADBT Owner Etl;"REVOKE INSERT ON etl.repl__core__claim_matter FROM adb_service_dev;"
adb_service_dev;adb_service_dev;etl;repl__core__claim_matter;SELECT;ADBT Owner Etl;"REVOKE SELECT ON etl.repl__core__claim_matter FROM adb_service_dev;"
adb_service_dev;adb_service_dev;etl;repl__core__claim_matter;UPDATE;ADBT Owner Etl;"REVOKE UPDATE ON etl.repl__core__claim_matter FROM adb_service_dev;"
adb_service_dev;adb_service_dev;etl;repl__core__claim_matter;DELETE;ADBT Owner Etl;"REVOKE DELETE ON etl.repl__core__claim_matter FROM adb_service_dev;"
adb_service_dev;adb_service_dev;etl;repl__core__claim_matter;TRUNCATE;ADBT Owner Etl;"REVOKE TRUNCATE ON etl.repl__core__claim_matter FROM adb_service_dev;"
adb_service_dev;adb_service_dev;etl;repl__core__claim_matter;REFERENCES;ADBT Owner Etl;"REVOKE REFERENCES ON etl.repl__core__claim_matter FROM adb_service_dev;"
adb_service_dev;adb_service_dev;etl;repl__core__claim_matter;TRIGGER;ADBT Owner Etl;"REVOKE TRIGGER ON etl.repl__core__claim_matter FROM adb_service_dev;"
adb_replicat_dev;adb_replicat_dev;etl;repl__core__claim_matter;SELECT;ADBT Write Etl;"REVOKE SELECT ON etl.repl__core__claim_matter FROM adb_replicat_dev;"
adb_service_dev;adb_service_dev;etl;repl__core__claim;INSERT;ADBT Owner Etl;"REVOKE INSERT ON etl.repl__core__claim FROM adb_service_dev;"
adb_service_dev;adb_service_dev;etl;repl__core__claim;SELECT;ADBT Owner Etl;"REVOKE SELECT ON etl.repl__core__claim FROM adb_service_dev;"
adb_service_dev;adb_service_dev;etl;repl__core__claim;UPDATE;ADBT Owner Etl;"REVOKE UPDATE ON etl.repl__core__claim FROM adb_service_dev;"
adb_service_dev;adb_service_dev;etl;repl__core__claim;DELETE;ADBT Owner Etl;"REVOKE DELETE ON etl.repl__core__claim FROM adb_service_dev;"
adb_service_dev;adb_service_dev;etl;repl__core__claim;TRUNCATE;ADBT Owner Etl;"REVOKE TRUNCATE ON etl.repl__core__claim FROM adb_service_dev;"
adb_service_dev;adb_service_dev;etl;repl__core__claim;REFERENCES;ADBT Owner Etl;"REVOKE REFERENCES ON etl.repl__core__claim FROM adb_service_dev;"
adb_service_dev;adb_service_dev;etl;repl__core__claim;TRIGGER;ADBT Owner Etl;"REVOKE TRIGGER ON etl.repl__core__claim FROM adb_service_dev;"
adb_replicat_dev;adb_replicat_dev;etl;repl__core__claim;SELECT;ADBT Write Etl;"REVOKE SELECT ON etl.repl__core__claim FROM adb_replicat_dev;"
adb_service_dev;adb_service_dev;etl;repl__core__deferred_payment;INSERT;ADBT Owner Etl;"REVOKE INSERT ON etl.repl__core__deferred_payment FROM adb_service_dev;"
adb_service_dev;adb_service_dev;etl;repl__core__deferred_payment;SELECT;ADBT Owner Etl;"REVOKE SELECT ON etl.repl__core__deferred_payment FROM adb_service_dev;"
adb_service_dev;adb_service_dev;etl;repl__core__deferred_payment;UPDATE;ADBT Owner Etl;"REVOKE UPDATE ON etl.repl__core__deferred_payment FROM adb_service_dev;"
adb_service_dev;adb_service_dev;etl;repl__core__deferred_payment;DELETE;ADBT Owner Etl;"REVOKE DELETE ON etl.repl__core__deferred_payment FROM adb_service_dev;"
adb_service_dev;adb_service_dev;etl;repl__core__deferred_payment;TRUNCATE;ADBT Owner Etl;"REVOKE TRUNCATE ON etl.repl__core__deferred_payment FROM adb_service_dev;"
adb_service_dev;adb_service_dev;etl;repl__core__deferred_payment;REFERENCES;ADBT Owner Etl;"REVOKE REFERENCES ON etl.repl__core__deferred_payment FROM adb_service_dev;"
adb_service_dev;adb_service_dev;etl;repl__core__deferred_payment;TRIGGER;ADBT Owner Etl;"REVOKE TRIGGER ON etl.repl__core__deferred_payment FROM adb_service_dev;"
adb_replicat_dev;adb_replicat_dev;etl;repl__core__deferred_payment;SELECT;ADBT Write Etl;"REVOKE SELECT ON etl.repl__core__deferred_payment FROM adb_replicat_dev;"
adb_service_dev;adb_service_dev;etl;repl__core__contract_reinsurance;INSERT;ADBT Owner Etl;"REVOKE INSERT ON etl.repl__core__contract_reinsurance FROM adb_service_dev;"
adb_service_dev;adb_service_dev;etl;repl__core__contract_reinsurance;SELECT;ADBT Owner Etl;"REVOKE SELECT ON etl.repl__core__contract_reinsurance FROM adb_service_dev;"
adb_service_dev;adb_service_dev;etl;repl__core__contract_reinsurance;UPDATE;ADBT Owner Etl;"REVOKE UPDATE ON etl.repl__core__contract_reinsurance FROM adb_service_dev;"
adb_service_dev;adb_service_dev;etl;repl__core__contract_reinsurance;DELETE;ADBT Owner Etl;"REVOKE DELETE ON etl.repl__core__contract_reinsurance FROM adb_service_dev;"
adb_service_dev;adb_service_dev;etl;repl__core__contract_reinsurance;TRUNCATE;ADBT Owner Etl;"REVOKE TRUNCATE ON etl.repl__core__contract_reinsurance FROM adb_service_dev;"
adb_service_dev;adb_service_dev;etl;repl__core__contract_reinsurance;REFERENCES;ADBT Owner Etl;"REVOKE REFERENCES ON etl.repl__core__contract_reinsurance FROM adb_service_dev;"
adb_service_dev;adb_service_dev;etl;repl__core__contract_reinsurance;TRIGGER;ADBT Owner Etl;"REVOKE TRIGGER ON etl.repl__core__contract_reinsurance FROM adb_service_dev;"
adb_replicat_dev;adb_replicat_dev;etl;repl__core__contract_reinsurance;SELECT;ADBT Write Etl;"REVOKE SELECT ON etl.repl__core__contract_reinsurance FROM adb_replicat_dev;"
adb_service_dev;adb_service_dev;etl;repl__core__claim_check;INSERT;ADBT Owner Etl;"REVOKE INSERT ON etl.repl__core__claim_check FROM adb_service_dev;"
adb_service_dev;adb_service_dev;etl;repl__core__claim_check;SELECT;ADBT Owner Etl;"REVOKE SELECT ON etl.repl__core__claim_check FROM adb_service_dev;"
adb_service_dev;adb_service_dev;etl;repl__core__claim_check;UPDATE;ADBT Owner Etl;"REVOKE UPDATE ON etl.repl__core__claim_check FROM adb_service_dev;"
adb_service_dev;adb_service_dev;etl;repl__core__claim_check;DELETE;ADBT Owner Etl;"REVOKE DELETE ON etl.repl__core__claim_check FROM adb_service_dev;"
adb_service_dev;adb_service_dev;etl;repl__core__claim_check;TRUNCATE;ADBT Owner Etl;"REVOKE TRUNCATE ON etl.repl__core__claim_check FROM adb_service_dev;"
adb_service_dev;adb_service_dev;etl;repl__core__claim_check;REFERENCES;ADBT Owner Etl;"REVOKE REFERENCES ON etl.repl__core__claim_check FROM adb_service_dev;"
adb_service_dev;adb_service_dev;etl;repl__core__claim_check;TRIGGER;ADBT Owner Etl;"REVOKE TRIGGER ON etl.repl__core__claim_check FROM adb_service_dev;"
adb_replicat_dev;adb_replicat_dev;etl;repl__core__claim_check;SELECT;ADBT Write Etl;"REVOKE SELECT ON etl.repl__core__claim_check FROM adb_replicat_dev;"
adb_service_dev;adb_service_dev;etl;repl__core__reinsurance_transaction;INSERT;ADBT Owner Etl;"REVOKE INSERT ON etl.repl__core__reinsurance_transaction FROM adb_service_dev;"
adb_service_dev;adb_service_dev;etl;repl__core__reinsurance_transaction;SELECT;ADBT Owner Etl;"REVOKE SELECT ON etl.repl__core__reinsurance_transaction FROM adb_service_dev;"
adb_service_dev;adb_service_dev;etl;repl__core__reinsurance_transaction;UPDATE;ADBT Owner Etl;"REVOKE UPDATE ON etl.repl__core__reinsurance_transaction FROM adb_service_dev;"
adb_service_dev;adb_service_dev;etl;repl__core__reinsurance_transaction;DELETE;ADBT Owner Etl;"REVOKE DELETE ON etl.repl__core__reinsurance_transaction FROM adb_service_dev;"
adb_service_dev;adb_service_dev;etl;repl__core__reinsurance_transaction;TRUNCATE;ADBT Owner Etl;"REVOKE TRUNCATE ON etl.repl__core__reinsurance_transaction FROM adb_service_dev;"
adb_service_dev;adb_service_dev;etl;repl__core__reinsurance_transaction;REFERENCES;ADBT Owner Etl;"REVOKE REFERENCES ON etl.repl__core__reinsurance_transaction FROM adb_service_dev;"
adb_service_dev;adb_service_dev;etl;repl__core__reinsurance_transaction;TRIGGER;ADBT Owner Etl;"REVOKE TRIGGER ON etl.repl__core__reinsurance_transaction FROM adb_service_dev;"
adb_replicat_dev;adb_replicat_dev;etl;repl__core__reinsurance_transaction;SELECT;ADBT Write Etl;"REVOKE SELECT ON etl.repl__core__reinsurance_transaction FROM adb_replicat_dev;"
adb_service_dev;adb_service_dev;etl;repl__core__claim_counterparty;INSERT;ADBT Owner Etl;"REVOKE INSERT ON etl.repl__core__claim_counterparty FROM adb_service_dev;"
adb_service_dev;adb_service_dev;etl;repl__core__claim_counterparty;SELECT;ADBT Owner Etl;"REVOKE SELECT ON etl.repl__core__claim_counterparty FROM adb_service_dev;"
adb_service_dev;adb_service_dev;etl;repl__core__claim_counterparty;UPDATE;ADBT Owner Etl;"REVOKE UPDATE ON etl.repl__core__claim_counterparty FROM adb_service_dev;"
adb_service_dev;adb_service_dev;etl;repl__core__claim_counterparty;DELETE;ADBT Owner Etl;"REVOKE DELETE ON etl.repl__core__claim_counterparty FROM adb_service_dev;"
adb_service_dev;adb_service_dev;etl;repl__core__claim_counterparty;TRUNCATE;ADBT Owner Etl;"REVOKE TRUNCATE ON etl.repl__core__claim_counterparty FROM adb_service_dev;"
adb_service_dev;adb_service_dev;etl;repl__core__claim_counterparty;REFERENCES;ADBT Owner Etl;"REVOKE REFERENCES ON etl.repl__core__claim_counterparty FROM adb_service_dev;"
adb_service_dev;adb_service_dev;etl;repl__core__claim_counterparty;TRIGGER;ADBT Owner Etl;"REVOKE TRIGGER ON etl.repl__core__claim_counterparty FROM adb_service_dev;"
adb_replicat_dev;adb_replicat_dev;etl;repl__core__claim_counterparty;SELECT;ADBT Write Etl;"REVOKE SELECT ON etl.repl__core__claim_counterparty FROM adb_replicat_dev;"
