rolname;Name;table_schema;table_name;privilege_type;duplicate_ad_group;revoke_sql
mpmashin;Машин Максим Павлович (Maksim Mashin);property;gdi_tmp_corp_not_in_dmcorp2_f;INSERT;EDW All Property;"REVOKE INSERT ON property.gdi_tmp_corp_not_in_dmcorp2_f FROM mpmashin;"
mpmashin;Машин Максим Павлович (Maksim Mashin);property;gdi_tmp_corp_not_in_dmcorp2_f;SELECT;EDW All Property;"REVOKE SELECT ON property.gdi_tmp_corp_not_in_dmcorp2_f FROM mpmashin;"
mpmashin;Машин Максим Павлович (Maksim Mashin);property;gdi_tmp_corp_not_in_dmcorp2_f;UPDATE;EDW All Property;"REVOKE UPDATE ON property.gdi_tmp_corp_not_in_dmcorp2_f FROM mpmashin;"
mpmashin;Машин Максим Павлович (Maksim Mashin);property;gdi_tmp_corp_not_in_dmcorp2_f;DELETE;EDW All Property;"REVOKE DELETE ON property.gdi_tmp_corp_not_in_dmcorp2_f FROM mpmashin;"
mpmashin;Машин Максим Павлович (Maksim Mashin);property;gdi_tmp_corp_not_in_dmcorp2_f;TRUNCATE;EDW All Property;"REVOKE TRUNCATE ON property.gdi_tmp_corp_not_in_dmcorp2_f FROM mpmashin;"
mpmashin;Машин Максим Павлович (Maksim Mashin);property;gdi_tmp_corp_not_in_dmcorp2_f;REFERENCES;EDW All Property;"REVOKE REFERENCES ON property.gdi_tmp_corp_not_in_dmcorp2_f FROM mpmashin;"
mpmashin;Машин Максим Павлович (Maksim Mashin);property;gdi_tmp_corp_not_in_dmcorp2_f;TRIGGER;EDW All Property;"REVOKE TRIGGER ON property.gdi_tmp_corp_not_in_dmcorp2_f FROM mpmashin;"
mpmashin;Машин Максим Павлович (Maksim Mashin);property;gdi_ntd_ul_contr_insurant_fin_2;INSERT;EDW All Property;"REVOKE INSERT ON property.gdi_ntd_ul_contr_insurant_fin_2 FROM mpmashin;"
mpmashin;Машин Максим Павлович (Maksim Mashin);property;gdi_ntd_ul_contr_insurant_fin_2;SELECT;EDW All Property;"REVOKE SELECT ON property.gdi_ntd_ul_contr_insurant_fin_2 FROM mpmashin;"
mpmashin;Машин Максим Павлович (Maksim Mashin);property;gdi_ntd_ul_contr_insurant_fin_2;UPDATE;EDW All Property;"REVOKE UPDATE ON property.gdi_ntd_ul_contr_insurant_fin_2 FROM mpmashin;"
mpmashin;Машин Максим Павлович (Maksim Mashin);property;gdi_ntd_ul_contr_insurant_fin_2;DELETE;EDW All Property;"REVOKE DELETE ON property.gdi_ntd_ul_contr_insurant_fin_2 FROM mpmashin;"
mpmashin;Машин Максим Павлович (Maksim Mashin);property;gdi_ntd_ul_contr_insurant_fin_2;TRUNCATE;EDW All Property;"REVOKE TRUNCATE ON property.gdi_ntd_ul_contr_insurant_fin_2 FROM mpmashin;"
mpmashin;Машин Максим Павлович (Maksim Mashin);property;gdi_ntd_ul_contr_insurant_fin_2;REFERENCES;EDW All Property;"REVOKE REFERENCES ON property.gdi_ntd_ul_contr_insurant_fin_2 FROM mpmashin;"
mpmashin;Машин Максим Павлович (Maksim Mashin);property;gdi_ntd_ul_contr_insurant_fin_2;TRIGGER;EDW All Property;"REVOKE TRIGGER ON property.gdi_ntd_ul_contr_insurant_fin_2 FROM mpmashin;"
alvreus;Реус Александр Валерьевич (Aleksandr Reus);core;tr_step;SELECT;EDW Read Core;"REVOKE SELECT ON core.tr_step FROM alvreus;"
vatsvetkova;Цветкова Виктория Андреевна (Viktoriya Tsvetkova);core;tr_step;SELECT;EDW Read Core;"REVOKE SELECT ON core.tr_step FROM vatsvetkova;"
mpmashin;Машин Максим Павлович (Maksim Mashin);core;tr_step;SELECT;EDW All Core;"REVOKE SELECT ON core.tr_step FROM mpmashin;"
evzubkov;Зубков Евгений Валентинович (Evgeniy Zubkov);core;tr_errorslog;INSERT;EDW All Core;"REVOKE INSERT ON core.tr_errorslog FROM evzubkov;"
evzubkov;Зубков Евгений Валентинович (Evgeniy Zubkov);core;tr_errorslog;SELECT;EDW All Core;"REVOKE SELECT ON core.tr_errorslog FROM evzubkov;"
evzubkov;Зубков Евгений Валентинович (Evgeniy Zubkov);core;tr_errorslog;UPDATE;EDW All Core;"REVOKE UPDATE ON core.tr_errorslog FROM evzubkov;"
evzubkov;Зубков Евгений Валентинович (Evgeniy Zubkov);core;tr_errorslog;DELETE;EDW All Core;"REVOKE DELETE ON core.tr_errorslog FROM evzubkov;"
evzubkov;Зубков Евгений Валентинович (Evgeniy Zubkov);core;tr_errorslog;TRUNCATE;EDW All Core;"REVOKE TRUNCATE ON core.tr_errorslog FROM evzubkov;"
evzubkov;Зубков Евгений Валентинович (Evgeniy Zubkov);core;tr_errorslog;REFERENCES;EDW All Core;"REVOKE REFERENCES ON core.tr_errorslog FROM evzubkov;"
evzubkov;Зубков Евгений Валентинович (Evgeniy Zubkov);core;tr_errorslog;TRIGGER;EDW All Core;"REVOKE TRIGGER ON core.tr_errorslog FROM evzubkov;"
alvreus;Реус Александр Валерьевич (Aleksandr Reus);core;tr_errorslog;SELECT;EDW Read Core;"REVOKE SELECT ON core.tr_errorslog FROM alvreus;"
vatsvetkova;Цветкова Виктория Андреевна (Viktoriya Tsvetkova);core;tr_errorslog;SELECT;EDW Read Core;"REVOKE SELECT ON core.tr_errorslog FROM vatsvetkova;"
mpmashin;Машин Максим Павлович (Maksim Mashin);core;tr_errorslog;SELECT;EDW All Core;"REVOKE SELECT ON core.tr_errorslog FROM mpmashin;"
evzubkov;Зубков Евгений Валентинович (Evgeniy Zubkov);core;metrics;INSERT;EDW All Core;"REVOKE INSERT ON core.metrics FROM evzubkov;"
evzubkov;Зубков Евгений Валентинович (Evgeniy Zubkov);core;metrics;SELECT;EDW All Core;"REVOKE SELECT ON core.metrics FROM evzubkov;"
evzubkov;Зубков Евгений Валентинович (Evgeniy Zubkov);core;metrics;UPDATE;EDW All Core;"REVOKE UPDATE ON core.metrics FROM evzubkov;"
evzubkov;Зубков Евгений Валентинович (Evgeniy Zubkov);core;metrics;DELETE;EDW All Core;"REVOKE DELETE ON core.metrics FROM evzubkov;"
evzubkov;Зубков Евгений Валентинович (Evgeniy Zubkov);core;metrics;TRUNCATE;EDW All Core;"REVOKE TRUNCATE ON core.metrics FROM evzubkov;"
evzubkov;Зубков Евгений Валентинович (Evgeniy Zubkov);core;metrics;REFERENCES;EDW All Core;"REVOKE REFERENCES ON core.metrics FROM evzubkov;"
evzubkov;Зубков Евгений Валентинович (Evgeniy Zubkov);core;metrics;TRIGGER;EDW All Core;"REVOKE TRIGGER ON core.metrics FROM evzubkov;"
alvreus;Реус Александр Валерьевич (Aleksandr Reus);core;metrics;SELECT;EDW Read Core;"REVOKE SELECT ON core.metrics FROM alvreus;"
vatsvetkova;Цветкова Виктория Андреевна (Viktoriya Tsvetkova);core;metrics;SELECT;EDW Read Core;"REVOKE SELECT ON core.metrics FROM vatsvetkova;"
mpmashin;Машин Максим Павлович (Maksim Mashin);core;metrics;SELECT;EDW All Core;"REVOKE SELECT ON core.metrics FROM mpmashin;"
alvreus;Реус Александр Валерьевич (Aleksandr Reus);core;claim_subroadverseparty;SELECT;EDW Read Core;"REVOKE SELECT ON core.claim_subroadverseparty FROM alvreus;"
vatsvetkova;Цветкова Виктория Андреевна (Viktoriya Tsvetkova);core;claim_subroadverseparty;SELECT;EDW Read Core;"REVOKE SELECT ON core.claim_subroadverseparty FROM vatsvetkova;"
mpmashin;Машин Максим Павлович (Maksim Mashin);core;claim_subroadverseparty;SELECT;EDW All Core;"REVOKE SELECT ON core.claim_subroadverseparty FROM mpmashin;"
evzubkov;Зубков Евгений Валентинович (Evgeniy Zubkov);core;claim_reserverejection;INSERT;EDW All Core;"REVOKE INSERT ON core.claim_reserverejection FROM evzubkov;"
evzubkov;Зубков Евгений Валентинович (Evgeniy Zubkov);core;claim_reserverejection;SELECT;EDW All Core;"REVOKE SELECT ON core.claim_reserverejection FROM evzubkov;"
evzubkov;Зубков Евгений Валентинович (Evgeniy Zubkov);core;claim_reserverejection;UPDATE;EDW All Core;"REVOKE UPDATE ON core.claim_reserverejection FROM evzubkov;"
evzubkov;Зубков Евгений Валентинович (Evgeniy Zubkov);core;claim_reserverejection;DELETE;EDW All Core;"REVOKE DELETE ON core.claim_reserverejection FROM evzubkov;"
evzubkov;Зубков Евгений Валентинович (Evgeniy Zubkov);core;claim_reserverejection;TRUNCATE;EDW All Core;"REVOKE TRUNCATE ON core.claim_reserverejection FROM evzubkov;"
evzubkov;Зубков Евгений Валентинович (Evgeniy Zubkov);core;claim_reserverejection;REFERENCES;EDW All Core;"REVOKE REFERENCES ON core.claim_reserverejection FROM evzubkov;"
evzubkov;Зубков Евгений Валентинович (Evgeniy Zubkov);core;claim_reserverejection;TRIGGER;EDW All Core;"REVOKE TRIGGER ON core.claim_reserverejection FROM evzubkov;"
alvreus;Реус Александр Валерьевич (Aleksandr Reus);core;claim_reserverejection;SELECT;EDW Read Core;"REVOKE SELECT ON core.claim_reserverejection FROM alvreus;"
vatsvetkova;Цветкова Виктория Андреевна (Viktoriya Tsvetkova);core;claim_reserverejection;SELECT;EDW Read Core;"REVOKE SELECT ON core.claim_reserverejection FROM vatsvetkova;"
mpmashin;Машин Максим Павлович (Maksim Mashin);core;claim_reserverejection;SELECT;EDW All Core;"REVOKE SELECT ON core.claim_reserverejection FROM mpmashin;"
evzubkov;Зубков Евгений Валентинович (Evgeniy Zubkov);core;claim_policyexternal;INSERT;EDW All Core;"REVOKE INSERT ON core.claim_policyexternal FROM evzubkov;"
evzubkov;Зубков Евгений Валентинович (Evgeniy Zubkov);core;claim_policyexternal;SELECT;EDW All Core;"REVOKE SELECT ON core.claim_policyexternal FROM evzubkov;"
evzubkov;Зубков Евгений Валентинович (Evgeniy Zubkov);core;claim_policyexternal;UPDATE;EDW All Core;"REVOKE UPDATE ON core.claim_policyexternal FROM evzubkov;"
evzubkov;Зубков Евгений Валентинович (Evgeniy Zubkov);core;claim_policyexternal;DELETE;EDW All Core;"REVOKE DELETE ON core.claim_policyexternal FROM evzubkov;"
evzubkov;Зубков Евгений Валентинович (Evgeniy Zubkov);core;claim_policyexternal;TRUNCATE;EDW All Core;"REVOKE TRUNCATE ON core.claim_policyexternal FROM evzubkov;"
evzubkov;Зубков Евгений Валентинович (Evgeniy Zubkov);core;claim_policyexternal;REFERENCES;EDW All Core;"REVOKE REFERENCES ON core.claim_policyexternal FROM evzubkov;"
evzubkov;Зубков Евгений Валентинович (Evgeniy Zubkov);core;claim_policyexternal;TRIGGER;EDW All Core;"REVOKE TRIGGER ON core.claim_policyexternal FROM evzubkov;"
alvreus;Реус Александр Валерьевич (Aleksandr Reus);core;claim_policyexternal;SELECT;EDW Read Core;"REVOKE SELECT ON core.claim_policyexternal FROM alvreus;"
vatsvetkova;Цветкова Виктория Андреевна (Viktoriya Tsvetkova);core;claim_policyexternal;SELECT;EDW Read Core;"REVOKE SELECT ON core.claim_policyexternal FROM vatsvetkova;"
mpmashin;Машин Максим Павлович (Maksim Mashin);core;claim_policyexternal;SELECT;EDW All Core;"REVOKE SELECT ON core.claim_policyexternal FROM mpmashin;"
evzubkov;Зубков Евгений Валентинович (Evgeniy Zubkov);core;commission_risk_sap_progn_long;INSERT;EDW All Core;"REVOKE INSERT ON core.commission_risk_sap_progn_long FROM evzubkov;"
evzubkov;Зубков Евгений Валентинович (Evgeniy Zubkov);core;commission_risk_sap_progn_long;SELECT;EDW All Core;"REVOKE SELECT ON core.commission_risk_sap_progn_long FROM evzubkov;"
evzubkov;Зубков Евгений Валентинович (Evgeniy Zubkov);core;commission_risk_sap_progn_long;UPDATE;EDW All Core;"REVOKE UPDATE ON core.commission_risk_sap_progn_long FROM evzubkov;"
evzubkov;Зубков Евгений Валентинович (Evgeniy Zubkov);core;commission_risk_sap_progn_long;DELETE;EDW All Core;"REVOKE DELETE ON core.commission_risk_sap_progn_long FROM evzubkov;"
evzubkov;Зубков Евгений Валентинович (Evgeniy Zubkov);core;commission_risk_sap_progn_long;TRUNCATE;EDW All Core;"REVOKE TRUNCATE ON core.commission_risk_sap_progn_long FROM evzubkov;"
evzubkov;Зубков Евгений Валентинович (Evgeniy Zubkov);core;commission_risk_sap_progn_long;REFERENCES;EDW All Core;"REVOKE REFERENCES ON core.commission_risk_sap_progn_long FROM evzubkov;"
evzubkov;Зубков Евгений Валентинович (Evgeniy Zubkov);core;commission_risk_sap_progn_long;TRIGGER;EDW All Core;"REVOKE TRIGGER ON core.commission_risk_sap_progn_long FROM evzubkov;"
alvreus;Реус Александр Валерьевич (Aleksandr Reus);core;commission_risk_sap_progn_long;SELECT;EDW Read Core;"REVOKE SELECT ON core.commission_risk_sap_progn_long FROM alvreus;"
vatsvetkova;Цветкова Виктория Андреевна (Viktoriya Tsvetkova);core;commission_risk_sap_progn_long;SELECT;EDW Read Core;"REVOKE SELECT ON core.commission_risk_sap_progn_long FROM vatsvetkova;"
mpmashin;Машин Максим Павлович (Maksim Mashin);core;commission_risk_sap_progn_long;SELECT;EDW All Core;"REVOKE SELECT ON core.commission_risk_sap_progn_long FROM mpmashin;"
alvreus;Реус Александр Валерьевич (Aleksandr Reus);core;counterparty_link;SELECT;EDW Read Core;"REVOKE SELECT ON core.counterparty_link FROM alvreus;"
vatsvetkova;Цветкова Виктория Андреевна (Viktoriya Tsvetkova);core;counterparty_link;SELECT;EDW Read Core;"REVOKE SELECT ON core.counterparty_link FROM vatsvetkova;"
mpmashin;Машин Максим Павлович (Maksim Mashin);core;counterparty_link;SELECT;EDW All Core;"REVOKE SELECT ON core.counterparty_link FROM mpmashin;"
evzubkov;Зубков Евгений Валентинович (Evgeniy Zubkov);core;declared_return_long;INSERT;EDW All Core;"REVOKE INSERT ON core.declared_return_long FROM evzubkov;"
evzubkov;Зубков Евгений Валентинович (Evgeniy Zubkov);core;declared_return_long;SELECT;EDW All Core;"REVOKE SELECT ON core.declared_return_long FROM evzubkov;"
evzubkov;Зубков Евгений Валентинович (Evgeniy Zubkov);core;declared_return_long;UPDATE;EDW All Core;"REVOKE UPDATE ON core.declared_return_long FROM evzubkov;"
evzubkov;Зубков Евгений Валентинович (Evgeniy Zubkov);core;declared_return_long;DELETE;EDW All Core;"REVOKE DELETE ON core.declared_return_long FROM evzubkov;"
evzubkov;Зубков Евгений Валентинович (Evgeniy Zubkov);core;declared_return_long;TRUNCATE;EDW All Core;"REVOKE TRUNCATE ON core.declared_return_long FROM evzubkov;"
evzubkov;Зубков Евгений Валентинович (Evgeniy Zubkov);core;declared_return_long;REFERENCES;EDW All Core;"REVOKE REFERENCES ON core.declared_return_long FROM evzubkov;"
evzubkov;Зубков Евгений Валентинович (Evgeniy Zubkov);core;declared_return_long;TRIGGER;EDW All Core;"REVOKE TRIGGER ON core.declared_return_long FROM evzubkov;"
alvreus;Реус Александр Валерьевич (Aleksandr Reus);core;declared_return_long;SELECT;EDW Read Core;"REVOKE SELECT ON core.declared_return_long FROM alvreus;"
vatsvetkova;Цветкова Виктория Андреевна (Viktoriya Tsvetkova);core;declared_return_long;SELECT;EDW Read Core;"REVOKE SELECT ON core.declared_return_long FROM vatsvetkova;"
mpmashin;Машин Максим Павлович (Maksim Mashin);core;declared_return_long;SELECT;EDW All Core;"REVOKE SELECT ON core.declared_return_long FROM mpmashin;"
alvreus;Реус Александр Валерьевич (Aleksandr Reus);core;deferred_payment;SELECT;EDW Read Core;"REVOKE SELECT ON core.deferred_payment FROM alvreus;"
vatsvetkova;Цветкова Виктория Андреевна (Viktoriya Tsvetkova);core;deferred_payment;SELECT;EDW Read Core;"REVOKE SELECT ON core.deferred_payment FROM vatsvetkova;"
mpmashin;Машин Максим Павлович (Maksim Mashin);core;deferred_payment;SELECT;EDW All Core;"REVOKE SELECT ON core.deferred_payment FROM mpmashin;"
alvreus;Реус Александр Валерьевич (Aleksandr Reus);core;department;SELECT;EDW Read Core;"REVOKE SELECT ON core.department FROM alvreus;"
vatsvetkova;Цветкова Виктория Андреевна (Viktoriya Tsvetkova);core;department;SELECT;EDW Read Core;"REVOKE SELECT ON core.department FROM vatsvetkova;"
mpmashin;Машин Максим Павлович (Maksim Mashin);core;department;SELECT;EDW All Core;"REVOKE SELECT ON core.department FROM mpmashin;"
alvreus;Реус Александр Валерьевич (Aleksandr Reus);core;employee_insurance_type;SELECT;EDW Read Core;"REVOKE SELECT ON core.employee_insurance_type FROM alvreus;"
vatsvetkova;Цветкова Виктория Андреевна (Viktoriya Tsvetkova);core;employee_insurance_type;SELECT;EDW Read Core;"REVOKE SELECT ON core.employee_insurance_type FROM vatsvetkova;"
mpmashin;Машин Максим Павлович (Maksim Mashin);core;employee_insurance_type;SELECT;EDW All Core;"REVOKE SELECT ON core.employee_insurance_type FROM mpmashin;"
alvreus;Реус Александр Валерьевич (Aleksandr Reus);core;reinsurance_transaction;SELECT;EDW Read Core;"REVOKE SELECT ON core.reinsurance_transaction FROM alvreus;"
vatsvetkova;Цветкова Виктория Андреевна (Viktoriya Tsvetkova);core;reinsurance_transaction;SELECT;EDW Read Core;"REVOKE SELECT ON core.reinsurance_transaction FROM vatsvetkova;"
mpmashin;Машин Максим Павлович (Maksim Mashin);core;reinsurance_transaction;SELECT;EDW All Core;"REVOKE SELECT ON core.reinsurance_transaction FROM mpmashin;"
alvreus;Реус Александр Валерьевич (Aleksandr Reus);core;relation;SELECT;EDW Read Core;"REVOKE SELECT ON core.relation FROM alvreus;"
vatsvetkova;Цветкова Виктория Андреевна (Viktoriya Tsvetkova);core;relation;SELECT;EDW Read Core;"REVOKE SELECT ON core.relation FROM vatsvetkova;"
mpmashin;Машин Максим Павлович (Maksim Mashin);core;relation;SELECT;EDW All Core;"REVOKE SELECT ON core.relation FROM mpmashin;"
alvreus;Реус Александр Валерьевич (Aleksandr Reus);core;strict_blank_abort;SELECT;EDW Read Core;"REVOKE SELECT ON core.strict_blank_abort FROM alvreus;"
vatsvetkova;Цветкова Виктория Андреевна (Viktoriya Tsvetkova);core;strict_blank_abort;SELECT;EDW Read Core;"REVOKE SELECT ON core.strict_blank_abort FROM vatsvetkova;"
mpmashin;Машин Максим Павлович (Maksim Mashin);core;strict_blank_abort;SELECT;EDW All Core;"REVOKE SELECT ON core.strict_blank_abort FROM mpmashin;"
alvreus;Реус Александр Валерьевич (Aleksandr Reus);core;strict_blank_rsa_hist;SELECT;EDW Read Core;"REVOKE SELECT ON core.strict_blank_rsa_hist FROM alvreus;"
vatsvetkova;Цветкова Виктория Андреевна (Viktoriya Tsvetkova);core;strict_blank_rsa_hist;SELECT;EDW Read Core;"REVOKE SELECT ON core.strict_blank_rsa_hist FROM vatsvetkova;"
mpmashin;Машин Максим Павлович (Maksim Mashin);core;strict_blank_rsa_hist;SELECT;EDW All Core;"REVOKE SELECT ON core.strict_blank_rsa_hist FROM mpmashin;"
evzubkov;Зубков Евгений Валентинович (Evgeniy Zubkov);core;transaction_mngr;INSERT;EDW All Core;"REVOKE INSERT ON core.transaction_mngr FROM evzubkov;"
evzubkov;Зубков Евгений Валентинович (Evgeniy Zubkov);core;transaction_mngr;SELECT;EDW All Core;"REVOKE SELECT ON core.transaction_mngr FROM evzubkov;"
evzubkov;Зубков Евгений Валентинович (Evgeniy Zubkov);core;transaction_mngr;UPDATE;EDW All Core;"REVOKE UPDATE ON core.transaction_mngr FROM evzubkov;"
evzubkov;Зубков Евгений Валентинович (Evgeniy Zubkov);core;transaction_mngr;DELETE;EDW All Core;"REVOKE DELETE ON core.transaction_mngr FROM evzubkov;"
evzubkov;Зубков Евгений Валентинович (Evgeniy Zubkov);core;transaction_mngr;TRUNCATE;EDW All Core;"REVOKE TRUNCATE ON core.transaction_mngr FROM evzubkov;"
evzubkov;Зубков Евгений Валентинович (Evgeniy Zubkov);core;transaction_mngr;REFERENCES;EDW All Core;"REVOKE REFERENCES ON core.transaction_mngr FROM evzubkov;"
evzubkov;Зубков Евгений Валентинович (Evgeniy Zubkov);core;transaction_mngr;TRIGGER;EDW All Core;"REVOKE TRIGGER ON core.transaction_mngr FROM evzubkov;"
alvreus;Реус Александр Валерьевич (Aleksandr Reus);core;transaction_mngr;SELECT;EDW Read Core;"REVOKE SELECT ON core.transaction_mngr FROM alvreus;"
vatsvetkova;Цветкова Виктория Андреевна (Viktoriya Tsvetkova);core;transaction_mngr;SELECT;EDW Read Core;"REVOKE SELECT ON core.transaction_mngr FROM vatsvetkova;"
mpmashin;Машин Максим Павлович (Maksim Mashin);core;transaction_mngr;SELECT;EDW All Core;"REVOKE SELECT ON core.transaction_mngr FROM mpmashin;"
adc_prod;adc_prod;cdm_analysis;commission_risk_adb_pxf_test;SELECT;EDW Read Cdm Analysis;"REVOKE SELECT ON cdm_analysis.commission_risk_adb_pxf_test FROM adc_prod;"
adb_loader_prod;adb_loader_prod;cdm_analysis;commission_risk_adb_pxf_test;SELECT;EDW Read Cdm Analysis;"REVOKE SELECT ON cdm_analysis.commission_risk_adb_pxf_test FROM adb_loader_prod;"
alvreus;Реус Александр Валерьевич (Aleksandr Reus);core;contract_ins_type_monitor;SELECT;EDW Read Core;"REVOKE SELECT ON core.contract_ins_type_monitor FROM alvreus;"
vatsvetkova;Цветкова Виктория Андреевна (Viktoriya Tsvetkova);core;contract_ins_type_monitor;SELECT;EDW Read Core;"REVOKE SELECT ON core.contract_ins_type_monitor FROM vatsvetkova;"
mpmashin;Машин Максим Павлович (Maksim Mashin);core;contract_ins_type_monitor;SELECT;EDW All Core;"REVOKE SELECT ON core.contract_ins_type_monitor FROM mpmashin;"
evzubkov;Зубков Евгений Валентинович (Evgeniy Zubkov);core;comission_discount;INSERT;EDW All Core;"REVOKE INSERT ON core.comission_discount FROM evzubkov;"
evzubkov;Зубков Евгений Валентинович (Evgeniy Zubkov);core;comission_discount;SELECT;EDW All Core;"REVOKE SELECT ON core.comission_discount FROM evzubkov;"
evzubkov;Зубков Евгений Валентинович (Evgeniy Zubkov);core;comission_discount;UPDATE;EDW All Core;"REVOKE UPDATE ON core.comission_discount FROM evzubkov;"
evzubkov;Зубков Евгений Валентинович (Evgeniy Zubkov);core;comission_discount;DELETE;EDW All Core;"REVOKE DELETE ON core.comission_discount FROM evzubkov;"
evzubkov;Зубков Евгений Валентинович (Evgeniy Zubkov);core;comission_discount;TRUNCATE;EDW All Core;"REVOKE TRUNCATE ON core.comission_discount FROM evzubkov;"
evzubkov;Зубков Евгений Валентинович (Evgeniy Zubkov);core;comission_discount;REFERENCES;EDW All Core;"REVOKE REFERENCES ON core.comission_discount FROM evzubkov;"
evzubkov;Зубков Евгений Валентинович (Evgeniy Zubkov);core;comission_discount;TRIGGER;EDW All Core;"REVOKE TRIGGER ON core.comission_discount FROM evzubkov;"
alvreus;Реус Александр Валерьевич (Aleksandr Reus);core;comission_discount;SELECT;EDW Read Core;"REVOKE SELECT ON core.comission_discount FROM alvreus;"
vatsvetkova;Цветкова Виктория Андреевна (Viktoriya Tsvetkova);core;comission_discount;SELECT;EDW Read Core;"REVOKE SELECT ON core.comission_discount FROM vatsvetkova;"
mpmashin;Машин Максим Павлович (Maksim Mashin);core;comission_discount;SELECT;EDW All Core;"REVOKE SELECT ON core.comission_discount FROM mpmashin;"
qlik_ad;qlik_ad;cdm_analysis;payments_reports;SELECT;EDW Read Cdm Analysis;"REVOKE SELECT ON cdm_analysis.payments_reports FROM qlik_ad;"
vatsvetkova;Цветкова Виктория Андреевна (Viktoriya Tsvetkova);kias_dm;base1;INSERT;EDW All Kias DM;"REVOKE INSERT ON kias_dm.base1 FROM vatsvetkova;"
vatsvetkova;Цветкова Виктория Андреевна (Viktoriya Tsvetkova);kias_dm;base1;SELECT;EDW All Kias DM;"REVOKE SELECT ON kias_dm.base1 FROM vatsvetkova;"
vatsvetkova;Цветкова Виктория Андреевна (Viktoriya Tsvetkova);kias_dm;base1;UPDATE;EDW All Kias DM;"REVOKE UPDATE ON kias_dm.base1 FROM vatsvetkova;"
vatsvetkova;Цветкова Виктория Андреевна (Viktoriya Tsvetkova);kias_dm;base1;DELETE;EDW All Kias DM;"REVOKE DELETE ON kias_dm.base1 FROM vatsvetkova;"
vatsvetkova;Цветкова Виктория Андреевна (Viktoriya Tsvetkova);kias_dm;base1;TRUNCATE;EDW All Kias DM;"REVOKE TRUNCATE ON kias_dm.base1 FROM vatsvetkova;"
vatsvetkova;Цветкова Виктория Андреевна (Viktoriya Tsvetkova);kias_dm;base1;REFERENCES;EDW All Kias DM;"REVOKE REFERENCES ON kias_dm.base1 FROM vatsvetkova;"
vatsvetkova;Цветкова Виктория Андреевна (Viktoriya Tsvetkova);kias_dm;base1;TRIGGER;EDW All Kias DM;"REVOKE TRIGGER ON kias_dm.base1 FROM vatsvetkova;"
alvreus;Реус Александр Валерьевич (Aleksandr Reus);kias_dm;base1;INSERT;EDW All Kias DM;"REVOKE INSERT ON kias_dm.base1 FROM alvreus;"
alvreus;Реус Александр Валерьевич (Aleksandr Reus);kias_dm;base1;SELECT;EDW All Kias DM;"REVOKE SELECT ON kias_dm.base1 FROM alvreus;"
alvreus;Реус Александр Валерьевич (Aleksandr Reus);kias_dm;base1;UPDATE;EDW All Kias DM;"REVOKE UPDATE ON kias_dm.base1 FROM alvreus;"
alvreus;Реус Александр Валерьевич (Aleksandr Reus);kias_dm;base1;DELETE;EDW All Kias DM;"REVOKE DELETE ON kias_dm.base1 FROM alvreus;"
alvreus;Реус Александр Валерьевич (Aleksandr Reus);kias_dm;base1;TRUNCATE;EDW All Kias DM;"REVOKE TRUNCATE ON kias_dm.base1 FROM alvreus;"
alvreus;Реус Александр Валерьевич (Aleksandr Reus);kias_dm;base1;REFERENCES;EDW All Kias DM;"REVOKE REFERENCES ON kias_dm.base1 FROM alvreus;"
alvreus;Реус Александр Валерьевич (Aleksandr Reus);kias_dm;base1;TRIGGER;EDW All Kias DM;"REVOKE TRIGGER ON kias_dm.base1 FROM alvreus;"
mpmashin;Машин Максим Павлович (Maksim Mashin);kias_dm;base1;INSERT;EDW All Kias DM;"REVOKE INSERT ON kias_dm.base1 FROM mpmashin;"
mpmashin;Машин Максим Павлович (Maksim Mashin);kias_dm;base1;SELECT;EDW All Kias DM;"REVOKE SELECT ON kias_dm.base1 FROM mpmashin;"
mpmashin;Машин Максим Павлович (Maksim Mashin);kias_dm;base1;UPDATE;EDW All Kias DM;"REVOKE UPDATE ON kias_dm.base1 FROM mpmashin;"
mpmashin;Машин Максим Павлович (Maksim Mashin);kias_dm;base1;DELETE;EDW All Kias DM;"REVOKE DELETE ON kias_dm.base1 FROM mpmashin;"
mpmashin;Машин Максим Павлович (Maksim Mashin);kias_dm;base1;TRUNCATE;EDW All Kias DM;"REVOKE TRUNCATE ON kias_dm.base1 FROM mpmashin;"
mpmashin;Машин Максим Павлович (Maksim Mashin);kias_dm;base1;REFERENCES;EDW All Kias DM;"REVOKE REFERENCES ON kias_dm.base1 FROM mpmashin;"
mpmashin;Машин Максим Павлович (Maksim Mashin);kias_dm;base1;TRIGGER;EDW All Kias DM;"REVOKE TRIGGER ON kias_dm.base1 FROM mpmashin;"
vatsvetkova;Цветкова Виктория Андреевна (Viktoriya Tsvetkova);kias_dm;kias_dict_codes;INSERT;EDW All Kias DM;"REVOKE INSERT ON kias_dm.kias_dict_codes FROM vatsvetkova;"
vatsvetkova;Цветкова Виктория Андреевна (Viktoriya Tsvetkova);kias_dm;kias_dict_codes;SELECT;EDW All Kias DM;"REVOKE SELECT ON kias_dm.kias_dict_codes FROM vatsvetkova;"
vatsvetkova;Цветкова Виктория Андреевна (Viktoriya Tsvetkova);kias_dm;kias_dict_codes;UPDATE;EDW All Kias DM;"REVOKE UPDATE ON kias_dm.kias_dict_codes FROM vatsvetkova;"
vatsvetkova;Цветкова Виктория Андреевна (Viktoriya Tsvetkova);kias_dm;kias_dict_codes;DELETE;EDW All Kias DM;"REVOKE DELETE ON kias_dm.kias_dict_codes FROM vatsvetkova;"
vatsvetkova;Цветкова Виктория Андреевна (Viktoriya Tsvetkova);kias_dm;kias_dict_codes;TRUNCATE;EDW All Kias DM;"REVOKE TRUNCATE ON kias_dm.kias_dict_codes FROM vatsvetkova;"
vatsvetkova;Цветкова Виктория Андреевна (Viktoriya Tsvetkova);kias_dm;kias_dict_codes;REFERENCES;EDW All Kias DM;"REVOKE REFERENCES ON kias_dm.kias_dict_codes FROM vatsvetkova;"
vatsvetkova;Цветкова Виктория Андреевна (Viktoriya Tsvetkova);kias_dm;kias_dict_codes;TRIGGER;EDW All Kias DM;"REVOKE TRIGGER ON kias_dm.kias_dict_codes FROM vatsvetkova;"
alvreus;Реус Александр Валерьевич (Aleksandr Reus);kias_dm;kias_dict_codes;INSERT;EDW All Kias DM;"REVOKE INSERT ON kias_dm.kias_dict_codes FROM alvreus;"
alvreus;Реус Александр Валерьевич (Aleksandr Reus);kias_dm;kias_dict_codes;SELECT;EDW All Kias DM;"REVOKE SELECT ON kias_dm.kias_dict_codes FROM alvreus;"
alvreus;Реус Александр Валерьевич (Aleksandr Reus);kias_dm;kias_dict_codes;UPDATE;EDW All Kias DM;"REVOKE UPDATE ON kias_dm.kias_dict_codes FROM alvreus;"
alvreus;Реус Александр Валерьевич (Aleksandr Reus);kias_dm;kias_dict_codes;DELETE;EDW All Kias DM;"REVOKE DELETE ON kias_dm.kias_dict_codes FROM alvreus;"
alvreus;Реус Александр Валерьевич (Aleksandr Reus);kias_dm;kias_dict_codes;TRUNCATE;EDW All Kias DM;"REVOKE TRUNCATE ON kias_dm.kias_dict_codes FROM alvreus;"
alvreus;Реус Александр Валерьевич (Aleksandr Reus);kias_dm;kias_dict_codes;REFERENCES;EDW All Kias DM;"REVOKE REFERENCES ON kias_dm.kias_dict_codes FROM alvreus;"
alvreus;Реус Александр Валерьевич (Aleksandr Reus);kias_dm;kias_dict_codes;TRIGGER;EDW All Kias DM;"REVOKE TRIGGER ON kias_dm.kias_dict_codes FROM alvreus;"
mpmashin;Машин Максим Павлович (Maksim Mashin);kias_dm;kias_dict_codes;INSERT;EDW All Kias DM;"REVOKE INSERT ON kias_dm.kias_dict_codes FROM mpmashin;"
mpmashin;Машин Максим Павлович (Maksim Mashin);kias_dm;kias_dict_codes;SELECT;EDW All Kias DM;"REVOKE SELECT ON kias_dm.kias_dict_codes FROM mpmashin;"
mpmashin;Машин Максим Павлович (Maksim Mashin);kias_dm;kias_dict_codes;UPDATE;EDW All Kias DM;"REVOKE UPDATE ON kias_dm.kias_dict_codes FROM mpmashin;"
mpmashin;Машин Максим Павлович (Maksim Mashin);kias_dm;kias_dict_codes;DELETE;EDW All Kias DM;"REVOKE DELETE ON kias_dm.kias_dict_codes FROM mpmashin;"
mpmashin;Машин Максим Павлович (Maksim Mashin);kias_dm;kias_dict_codes;TRUNCATE;EDW All Kias DM;"REVOKE TRUNCATE ON kias_dm.kias_dict_codes FROM mpmashin;"
mpmashin;Машин Максим Павлович (Maksim Mashin);kias_dm;kias_dict_codes;REFERENCES;EDW All Kias DM;"REVOKE REFERENCES ON kias_dm.kias_dict_codes FROM mpmashin;"
mpmashin;Машин Максим Павлович (Maksim Mashin);kias_dm;kias_dict_codes;TRIGGER;EDW All Kias DM;"REVOKE TRIGGER ON kias_dm.kias_dict_codes FROM mpmashin;"
vatsvetkova;Цветкова Виктория Андреевна (Viktoriya Tsvetkova);kias_dm;load_agent_act;INSERT;EDW All Kias DM;"REVOKE INSERT ON kias_dm.load_agent_act FROM vatsvetkova;"
vatsvetkova;Цветкова Виктория Андреевна (Viktoriya Tsvetkova);kias_dm;load_agent_act;SELECT;EDW All Kias DM;"REVOKE SELECT ON kias_dm.load_agent_act FROM vatsvetkova;"
vatsvetkova;Цветкова Виктория Андреевна (Viktoriya Tsvetkova);kias_dm;load_agent_act;UPDATE;EDW All Kias DM;"REVOKE UPDATE ON kias_dm.load_agent_act FROM vatsvetkova;"
vatsvetkova;Цветкова Виктория Андреевна (Viktoriya Tsvetkova);kias_dm;load_agent_act;DELETE;EDW All Kias DM;"REVOKE DELETE ON kias_dm.load_agent_act FROM vatsvetkova;"
vatsvetkova;Цветкова Виктория Андреевна (Viktoriya Tsvetkova);kias_dm;load_agent_act;TRUNCATE;EDW All Kias DM;"REVOKE TRUNCATE ON kias_dm.load_agent_act FROM vatsvetkova;"
vatsvetkova;Цветкова Виктория Андреевна (Viktoriya Tsvetkova);kias_dm;load_agent_act;REFERENCES;EDW All Kias DM;"REVOKE REFERENCES ON kias_dm.load_agent_act FROM vatsvetkova;"
vatsvetkova;Цветкова Виктория Андреевна (Viktoriya Tsvetkova);kias_dm;load_agent_act;TRIGGER;EDW All Kias DM;"REVOKE TRIGGER ON kias_dm.load_agent_act FROM vatsvetkova;"
alvreus;Реус Александр Валерьевич (Aleksandr Reus);kias_dm;load_agent_act;INSERT;EDW All Kias DM;"REVOKE INSERT ON kias_dm.load_agent_act FROM alvreus;"
alvreus;Реус Александр Валерьевич (Aleksandr Reus);kias_dm;load_agent_act;SELECT;EDW All Kias DM;"REVOKE SELECT ON kias_dm.load_agent_act FROM alvreus;"
alvreus;Реус Александр Валерьевич (Aleksandr Reus);kias_dm;load_agent_act;UPDATE;EDW All Kias DM;"REVOKE UPDATE ON kias_dm.load_agent_act FROM alvreus;"
alvreus;Реус Александр Валерьевич (Aleksandr Reus);kias_dm;load_agent_act;DELETE;EDW All Kias DM;"REVOKE DELETE ON kias_dm.load_agent_act FROM alvreus;"
alvreus;Реус Александр Валерьевич (Aleksandr Reus);kias_dm;load_agent_act;TRUNCATE;EDW All Kias DM;"REVOKE TRUNCATE ON kias_dm.load_agent_act FROM alvreus;"
alvreus;Реус Александр Валерьевич (Aleksandr Reus);kias_dm;load_agent_act;REFERENCES;EDW All Kias DM;"REVOKE REFERENCES ON kias_dm.load_agent_act FROM alvreus;"
alvreus;Реус Александр Валерьевич (Aleksandr Reus);kias_dm;load_agent_act;TRIGGER;EDW All Kias DM;"REVOKE TRIGGER ON kias_dm.load_agent_act FROM alvreus;"
mpmashin;Машин Максим Павлович (Maksim Mashin);kias_dm;load_agent_act;INSERT;EDW All Kias DM;"REVOKE INSERT ON kias_dm.load_agent_act FROM mpmashin;"
mpmashin;Машин Максим Павлович (Maksim Mashin);kias_dm;load_agent_act;SELECT;EDW All Kias DM;"REVOKE SELECT ON kias_dm.load_agent_act FROM mpmashin;"
mpmashin;Машин Максим Павлович (Maksim Mashin);kias_dm;load_agent_act;UPDATE;EDW All Kias DM;"REVOKE UPDATE ON kias_dm.load_agent_act FROM mpmashin;"
mpmashin;Машин Максим Павлович (Maksim Mashin);kias_dm;load_agent_act;DELETE;EDW All Kias DM;"REVOKE DELETE ON kias_dm.load_agent_act FROM mpmashin;"
mpmashin;Машин Максим Павлович (Maksim Mashin);kias_dm;load_agent_act;TRUNCATE;EDW All Kias DM;"REVOKE TRUNCATE ON kias_dm.load_agent_act FROM mpmashin;"
mpmashin;Машин Максим Павлович (Maksim Mashin);kias_dm;load_agent_act;REFERENCES;EDW All Kias DM;"REVOKE REFERENCES ON kias_dm.load_agent_act FROM mpmashin;"
mpmashin;Машин Максим Павлович (Maksim Mashin);kias_dm;load_agent_act;TRIGGER;EDW All Kias DM;"REVOKE TRIGGER ON kias_dm.load_agent_act FROM mpmashin;"
vatsvetkova;Цветкова Виктория Андреевна (Viktoriya Tsvetkova);kias_dm;load_contract_counterparty;INSERT;EDW All Kias DM;"REVOKE INSERT ON kias_dm.load_contract_counterparty FROM vatsvetkova;"
vatsvetkova;Цветкова Виктория Андреевна (Viktoriya Tsvetkova);kias_dm;load_contract_counterparty;SELECT;EDW All Kias DM;"REVOKE SELECT ON kias_dm.load_contract_counterparty FROM vatsvetkova;"
vatsvetkova;Цветкова Виктория Андреевна (Viktoriya Tsvetkova);kias_dm;load_contract_counterparty;UPDATE;EDW All Kias DM;"REVOKE UPDATE ON kias_dm.load_contract_counterparty FROM vatsvetkova;"
vatsvetkova;Цветкова Виктория Андреевна (Viktoriya Tsvetkova);kias_dm;load_contract_counterparty;DELETE;EDW All Kias DM;"REVOKE DELETE ON kias_dm.load_contract_counterparty FROM vatsvetkova;"
vatsvetkova;Цветкова Виктория Андреевна (Viktoriya Tsvetkova);kias_dm;load_contract_counterparty;TRUNCATE;EDW All Kias DM;"REVOKE TRUNCATE ON kias_dm.load_contract_counterparty FROM vatsvetkova;"
vatsvetkova;Цветкова Виктория Андреевна (Viktoriya Tsvetkova);kias_dm;load_contract_counterparty;REFERENCES;EDW All Kias DM;"REVOKE REFERENCES ON kias_dm.load_contract_counterparty FROM vatsvetkova;"
vatsvetkova;Цветкова Виктория Андреевна (Viktoriya Tsvetkova);kias_dm;load_contract_counterparty;TRIGGER;EDW All Kias DM;"REVOKE TRIGGER ON kias_dm.load_contract_counterparty FROM vatsvetkova;"
alvreus;Реус Александр Валерьевич (Aleksandr Reus);kias_dm;load_contract_counterparty;INSERT;EDW All Kias DM;"REVOKE INSERT ON kias_dm.load_contract_counterparty FROM alvreus;"
alvreus;Реус Александр Валерьевич (Aleksandr Reus);kias_dm;load_contract_counterparty;SELECT;EDW All Kias DM;"REVOKE SELECT ON kias_dm.load_contract_counterparty FROM alvreus;"
alvreus;Реус Александр Валерьевич (Aleksandr Reus);kias_dm;load_contract_counterparty;UPDATE;EDW All Kias DM;"REVOKE UPDATE ON kias_dm.load_contract_counterparty FROM alvreus;"
alvreus;Реус Александр Валерьевич (Aleksandr Reus);kias_dm;load_contract_counterparty;DELETE;EDW All Kias DM;"REVOKE DELETE ON kias_dm.load_contract_counterparty FROM alvreus;"
alvreus;Реус Александр Валерьевич (Aleksandr Reus);kias_dm;load_contract_counterparty;TRUNCATE;EDW All Kias DM;"REVOKE TRUNCATE ON kias_dm.load_contract_counterparty FROM alvreus;"
alvreus;Реус Александр Валерьевич (Aleksandr Reus);kias_dm;load_contract_counterparty;REFERENCES;EDW All Kias DM;"REVOKE REFERENCES ON kias_dm.load_contract_counterparty FROM alvreus;"
alvreus;Реус Александр Валерьевич (Aleksandr Reus);kias_dm;load_contract_counterparty;TRIGGER;EDW All Kias DM;"REVOKE TRIGGER ON kias_dm.load_contract_counterparty FROM alvreus;"
mpmashin;Машин Максим Павлович (Maksim Mashin);kias_dm;load_contract_counterparty;INSERT;EDW All Kias DM;"REVOKE INSERT ON kias_dm.load_contract_counterparty FROM mpmashin;"
mpmashin;Машин Максим Павлович (Maksim Mashin);kias_dm;load_contract_counterparty;SELECT;EDW All Kias DM;"REVOKE SELECT ON kias_dm.load_contract_counterparty FROM mpmashin;"
mpmashin;Машин Максим Павлович (Maksim Mashin);kias_dm;load_contract_counterparty;UPDATE;EDW All Kias DM;"REVOKE UPDATE ON kias_dm.load_contract_counterparty FROM mpmashin;"
mpmashin;Машин Максим Павлович (Maksim Mashin);kias_dm;load_contract_counterparty;DELETE;EDW All Kias DM;"REVOKE DELETE ON kias_dm.load_contract_counterparty FROM mpmashin;"
mpmashin;Машин Максим Павлович (Maksim Mashin);kias_dm;load_contract_counterparty;TRUNCATE;EDW All Kias DM;"REVOKE TRUNCATE ON kias_dm.load_contract_counterparty FROM mpmashin;"
mpmashin;Машин Максим Павлович (Maksim Mashin);kias_dm;load_contract_counterparty;REFERENCES;EDW All Kias DM;"REVOKE REFERENCES ON kias_dm.load_contract_counterparty FROM mpmashin;"
mpmashin;Машин Максим Павлович (Maksim Mashin);kias_dm;load_contract_counterparty;TRIGGER;EDW All Kias DM;"REVOKE TRIGGER ON kias_dm.load_contract_counterparty FROM mpmashin;"
vatsvetkova;Цветкова Виктория Андреевна (Viktoriya Tsvetkova);kias_dm;load_counterparty;INSERT;EDW All Kias DM;"REVOKE INSERT ON kias_dm.load_counterparty FROM vatsvetkova;"
vatsvetkova;Цветкова Виктория Андреевна (Viktoriya Tsvetkova);kias_dm;load_counterparty;SELECT;EDW All Kias DM;"REVOKE SELECT ON kias_dm.load_counterparty FROM vatsvetkova;"
vatsvetkova;Цветкова Виктория Андреевна (Viktoriya Tsvetkova);kias_dm;load_counterparty;UPDATE;EDW All Kias DM;"REVOKE UPDATE ON kias_dm.load_counterparty FROM vatsvetkova;"
vatsvetkova;Цветкова Виктория Андреевна (Viktoriya Tsvetkova);kias_dm;load_counterparty;DELETE;EDW All Kias DM;"REVOKE DELETE ON kias_dm.load_counterparty FROM vatsvetkova;"
vatsvetkova;Цветкова Виктория Андреевна (Viktoriya Tsvetkova);kias_dm;load_counterparty;TRUNCATE;EDW All Kias DM;"REVOKE TRUNCATE ON kias_dm.load_counterparty FROM vatsvetkova;"
vatsvetkova;Цветкова Виктория Андреевна (Viktoriya Tsvetkova);kias_dm;load_counterparty;REFERENCES;EDW All Kias DM;"REVOKE REFERENCES ON kias_dm.load_counterparty FROM vatsvetkova;"
vatsvetkova;Цветкова Виктория Андреевна (Viktoriya Tsvetkova);kias_dm;load_counterparty;TRIGGER;EDW All Kias DM;"REVOKE TRIGGER ON kias_dm.load_counterparty FROM vatsvetkova;"
alvreus;Реус Александр Валерьевич (Aleksandr Reus);kias_dm;load_counterparty;INSERT;EDW All Kias DM;"REVOKE INSERT ON kias_dm.load_counterparty FROM alvreus;"
alvreus;Реус Александр Валерьевич (Aleksandr Reus);kias_dm;load_counterparty;SELECT;EDW All Kias DM;"REVOKE SELECT ON kias_dm.load_counterparty FROM alvreus;"
alvreus;Реус Александр Валерьевич (Aleksandr Reus);kias_dm;load_counterparty;UPDATE;EDW All Kias DM;"REVOKE UPDATE ON kias_dm.load_counterparty FROM alvreus;"
alvreus;Реус Александр Валерьевич (Aleksandr Reus);kias_dm;load_counterparty;DELETE;EDW All Kias DM;"REVOKE DELETE ON kias_dm.load_counterparty FROM alvreus;"
alvreus;Реус Александр Валерьевич (Aleksandr Reus);kias_dm;load_counterparty;TRUNCATE;EDW All Kias DM;"REVOKE TRUNCATE ON kias_dm.load_counterparty FROM alvreus;"
alvreus;Реус Александр Валерьевич (Aleksandr Reus);kias_dm;load_counterparty;REFERENCES;EDW All Kias DM;"REVOKE REFERENCES ON kias_dm.load_counterparty FROM alvreus;"
alvreus;Реус Александр Валерьевич (Aleksandr Reus);kias_dm;load_counterparty;TRIGGER;EDW All Kias DM;"REVOKE TRIGGER ON kias_dm.load_counterparty FROM alvreus;"
mpmashin;Машин Максим Павлович (Maksim Mashin);kias_dm;load_counterparty;INSERT;EDW All Kias DM;"REVOKE INSERT ON kias_dm.load_counterparty FROM mpmashin;"
mpmashin;Машин Максим Павлович (Maksim Mashin);kias_dm;load_counterparty;SELECT;EDW All Kias DM;"REVOKE SELECT ON kias_dm.load_counterparty FROM mpmashin;"
mpmashin;Машин Максим Павлович (Maksim Mashin);kias_dm;load_counterparty;UPDATE;EDW All Kias DM;"REVOKE UPDATE ON kias_dm.load_counterparty FROM mpmashin;"
mpmashin;Машин Максим Павлович (Maksim Mashin);kias_dm;load_counterparty;DELETE;EDW All Kias DM;"REVOKE DELETE ON kias_dm.load_counterparty FROM mpmashin;"
mpmashin;Машин Максим Павлович (Maksim Mashin);kias_dm;load_counterparty;TRUNCATE;EDW All Kias DM;"REVOKE TRUNCATE ON kias_dm.load_counterparty FROM mpmashin;"
mpmashin;Машин Максим Павлович (Maksim Mashin);kias_dm;load_counterparty;REFERENCES;EDW All Kias DM;"REVOKE REFERENCES ON kias_dm.load_counterparty FROM mpmashin;"
mpmashin;Машин Максим Павлович (Maksim Mashin);kias_dm;load_counterparty;TRIGGER;EDW All Kias DM;"REVOKE TRIGGER ON kias_dm.load_counterparty FROM mpmashin;"
vatsvetkova;Цветкова Виктория Андреевна (Viktoriya Tsvetkova);kias_dm;loadopersum;INSERT;EDW All Kias DM;"REVOKE INSERT ON kias_dm.loadopersum FROM vatsvetkova;"
vatsvetkova;Цветкова Виктория Андреевна (Viktoriya Tsvetkova);kias_dm;loadopersum;SELECT;EDW All Kias DM;"REVOKE SELECT ON kias_dm.loadopersum FROM vatsvetkova;"
vatsvetkova;Цветкова Виктория Андреевна (Viktoriya Tsvetkova);kias_dm;loadopersum;UPDATE;EDW All Kias DM;"REVOKE UPDATE ON kias_dm.loadopersum FROM vatsvetkova;"
vatsvetkova;Цветкова Виктория Андреевна (Viktoriya Tsvetkova);kias_dm;loadopersum;DELETE;EDW All Kias DM;"REVOKE DELETE ON kias_dm.loadopersum FROM vatsvetkova;"
vatsvetkova;Цветкова Виктория Андреевна (Viktoriya Tsvetkova);kias_dm;loadopersum;TRUNCATE;EDW All Kias DM;"REVOKE TRUNCATE ON kias_dm.loadopersum FROM vatsvetkova;"
vatsvetkova;Цветкова Виктория Андреевна (Viktoriya Tsvetkova);kias_dm;loadopersum;REFERENCES;EDW All Kias DM;"REVOKE REFERENCES ON kias_dm.loadopersum FROM vatsvetkova;"
vatsvetkova;Цветкова Виктория Андреевна (Viktoriya Tsvetkova);kias_dm;loadopersum;TRIGGER;EDW All Kias DM;"REVOKE TRIGGER ON kias_dm.loadopersum FROM vatsvetkova;"
alvreus;Реус Александр Валерьевич (Aleksandr Reus);kias_dm;loadopersum;INSERT;EDW All Kias DM;"REVOKE INSERT ON kias_dm.loadopersum FROM alvreus;"
alvreus;Реус Александр Валерьевич (Aleksandr Reus);kias_dm;loadopersum;SELECT;EDW All Kias DM;"REVOKE SELECT ON kias_dm.loadopersum FROM alvreus;"
alvreus;Реус Александр Валерьевич (Aleksandr Reus);kias_dm;loadopersum;UPDATE;EDW All Kias DM;"REVOKE UPDATE ON kias_dm.loadopersum FROM alvreus;"
alvreus;Реус Александр Валерьевич (Aleksandr Reus);kias_dm;loadopersum;DELETE;EDW All Kias DM;"REVOKE DELETE ON kias_dm.loadopersum FROM alvreus;"
alvreus;Реус Александр Валерьевич (Aleksandr Reus);kias_dm;loadopersum;TRUNCATE;EDW All Kias DM;"REVOKE TRUNCATE ON kias_dm.loadopersum FROM alvreus;"
alvreus;Реус Александр Валерьевич (Aleksandr Reus);kias_dm;loadopersum;REFERENCES;EDW All Kias DM;"REVOKE REFERENCES ON kias_dm.loadopersum FROM alvreus;"
alvreus;Реус Александр Валерьевич (Aleksandr Reus);kias_dm;loadopersum;TRIGGER;EDW All Kias DM;"REVOKE TRIGGER ON kias_dm.loadopersum FROM alvreus;"
mpmashin;Машин Максим Павлович (Maksim Mashin);kias_dm;loadopersum;INSERT;EDW All Kias DM;"REVOKE INSERT ON kias_dm.loadopersum FROM mpmashin;"
mpmashin;Машин Максим Павлович (Maksim Mashin);kias_dm;loadopersum;SELECT;EDW All Kias DM;"REVOKE SELECT ON kias_dm.loadopersum FROM mpmashin;"
mpmashin;Машин Максим Павлович (Maksim Mashin);kias_dm;loadopersum;UPDATE;EDW All Kias DM;"REVOKE UPDATE ON kias_dm.loadopersum FROM mpmashin;"
mpmashin;Машин Максим Павлович (Maksim Mashin);kias_dm;loadopersum;DELETE;EDW All Kias DM;"REVOKE DELETE ON kias_dm.loadopersum FROM mpmashin;"
mpmashin;Машин Максим Павлович (Maksim Mashin);kias_dm;loadopersum;TRUNCATE;EDW All Kias DM;"REVOKE TRUNCATE ON kias_dm.loadopersum FROM mpmashin;"
mpmashin;Машин Максим Павлович (Maksim Mashin);kias_dm;loadopersum;REFERENCES;EDW All Kias DM;"REVOKE REFERENCES ON kias_dm.loadopersum FROM mpmashin;"
mpmashin;Машин Максим Павлович (Maksim Mashin);kias_dm;loadopersum;TRIGGER;EDW All Kias DM;"REVOKE TRIGGER ON kias_dm.loadopersum FROM mpmashin;"
vatsvetkova;Цветкова Виктория Андреевна (Viktoriya Tsvetkova);kias_dm;load_agent_report;INSERT;EDW All Kias DM;"REVOKE INSERT ON kias_dm.load_agent_report FROM vatsvetkova;"
vatsvetkova;Цветкова Виктория Андреевна (Viktoriya Tsvetkova);kias_dm;load_agent_report;SELECT;EDW All Kias DM;"REVOKE SELECT ON kias_dm.load_agent_report FROM vatsvetkova;"
vatsvetkova;Цветкова Виктория Андреевна (Viktoriya Tsvetkova);kias_dm;load_agent_report;UPDATE;EDW All Kias DM;"REVOKE UPDATE ON kias_dm.load_agent_report FROM vatsvetkova;"
vatsvetkova;Цветкова Виктория Андреевна (Viktoriya Tsvetkova);kias_dm;load_agent_report;DELETE;EDW All Kias DM;"REVOKE DELETE ON kias_dm.load_agent_report FROM vatsvetkova;"
vatsvetkova;Цветкова Виктория Андреевна (Viktoriya Tsvetkova);kias_dm;load_agent_report;TRUNCATE;EDW All Kias DM;"REVOKE TRUNCATE ON kias_dm.load_agent_report FROM vatsvetkova;"
vatsvetkova;Цветкова Виктория Андреевна (Viktoriya Tsvetkova);kias_dm;load_agent_report;REFERENCES;EDW All Kias DM;"REVOKE REFERENCES ON kias_dm.load_agent_report FROM vatsvetkova;"
vatsvetkova;Цветкова Виктория Андреевна (Viktoriya Tsvetkova);kias_dm;load_agent_report;TRIGGER;EDW All Kias DM;"REVOKE TRIGGER ON kias_dm.load_agent_report FROM vatsvetkova;"
alvreus;Реус Александр Валерьевич (Aleksandr Reus);kias_dm;load_agent_report;INSERT;EDW All Kias DM;"REVOKE INSERT ON kias_dm.load_agent_report FROM alvreus;"
alvreus;Реус Александр Валерьевич (Aleksandr Reus);kias_dm;load_agent_report;SELECT;EDW All Kias DM;"REVOKE SELECT ON kias_dm.load_agent_report FROM alvreus;"
alvreus;Реус Александр Валерьевич (Aleksandr Reus);kias_dm;load_agent_report;UPDATE;EDW All Kias DM;"REVOKE UPDATE ON kias_dm.load_agent_report FROM alvreus;"
alvreus;Реус Александр Валерьевич (Aleksandr Reus);kias_dm;load_agent_report;DELETE;EDW All Kias DM;"REVOKE DELETE ON kias_dm.load_agent_report FROM alvreus;"
alvreus;Реус Александр Валерьевич (Aleksandr Reus);kias_dm;load_agent_report;TRUNCATE;EDW All Kias DM;"REVOKE TRUNCATE ON kias_dm.load_agent_report FROM alvreus;"
alvreus;Реус Александр Валерьевич (Aleksandr Reus);kias_dm;load_agent_report;REFERENCES;EDW All Kias DM;"REVOKE REFERENCES ON kias_dm.load_agent_report FROM alvreus;"
alvreus;Реус Александр Валерьевич (Aleksandr Reus);kias_dm;load_agent_report;TRIGGER;EDW All Kias DM;"REVOKE TRIGGER ON kias_dm.load_agent_report FROM alvreus;"
mpmashin;Машин Максим Павлович (Maksim Mashin);kias_dm;load_agent_report;INSERT;EDW All Kias DM;"REVOKE INSERT ON kias_dm.load_agent_report FROM mpmashin;"
mpmashin;Машин Максим Павлович (Maksim Mashin);kias_dm;load_agent_report;SELECT;EDW All Kias DM;"REVOKE SELECT ON kias_dm.load_agent_report FROM mpmashin;"
mpmashin;Машин Максим Павлович (Maksim Mashin);kias_dm;load_agent_report;UPDATE;EDW All Kias DM;"REVOKE UPDATE ON kias_dm.load_agent_report FROM mpmashin;"
mpmashin;Машин Максим Павлович (Maksim Mashin);kias_dm;load_agent_report;DELETE;EDW All Kias DM;"REVOKE DELETE ON kias_dm.load_agent_report FROM mpmashin;"
mpmashin;Машин Максим Павлович (Maksim Mashin);kias_dm;load_agent_report;TRUNCATE;EDW All Kias DM;"REVOKE TRUNCATE ON kias_dm.load_agent_report FROM mpmashin;"
mpmashin;Машин Максим Павлович (Maksim Mashin);kias_dm;load_agent_report;REFERENCES;EDW All Kias DM;"REVOKE REFERENCES ON kias_dm.load_agent_report FROM mpmashin;"
mpmashin;Машин Максим Павлович (Maksim Mashin);kias_dm;load_agent_report;TRIGGER;EDW All Kias DM;"REVOKE TRIGGER ON kias_dm.load_agent_report FROM mpmashin;"
aisadilov;Садилов Антон Игоревич (Anton Sadilov);aiszhl;zhl_log_process;SELECT;EDW Read AISZHL;"REVOKE SELECT ON aiszhl.zhl_log_process FROM aisadilov;"
vatsvetkova;Цветкова Виктория Андреевна (Viktoriya Tsvetkova);aiszhl;zhl_log_process;INSERT;EDW All AISZHL;"REVOKE INSERT ON aiszhl.zhl_log_process FROM vatsvetkova;"
vatsvetkova;Цветкова Виктория Андреевна (Viktoriya Tsvetkova);aiszhl;zhl_log_process;SELECT;EDW All AISZHL;"REVOKE SELECT ON aiszhl.zhl_log_process FROM vatsvetkova;"
vatsvetkova;Цветкова Виктория Андреевна (Viktoriya Tsvetkova);aiszhl;zhl_log_process;UPDATE;EDW All AISZHL;"REVOKE UPDATE ON aiszhl.zhl_log_process FROM vatsvetkova;"
vatsvetkova;Цветкова Виктория Андреевна (Viktoriya Tsvetkova);aiszhl;zhl_log_process;DELETE;EDW All AISZHL;"REVOKE DELETE ON aiszhl.zhl_log_process FROM vatsvetkova;"
vatsvetkova;Цветкова Виктория Андреевна (Viktoriya Tsvetkova);aiszhl;zhl_log_process;TRUNCATE;EDW All AISZHL;"REVOKE TRUNCATE ON aiszhl.zhl_log_process FROM vatsvetkova;"
vatsvetkova;Цветкова Виктория Андреевна (Viktoriya Tsvetkova);aiszhl;zhl_log_process;REFERENCES;EDW All AISZHL;"REVOKE REFERENCES ON aiszhl.zhl_log_process FROM vatsvetkova;"
vatsvetkova;Цветкова Виктория Андреевна (Viktoriya Tsvetkova);aiszhl;zhl_log_process;TRIGGER;EDW All AISZHL;"REVOKE TRIGGER ON aiszhl.zhl_log_process FROM vatsvetkova;"
alvreus;Реус Александр Валерьевич (Aleksandr Reus);aiszhl;zhl_log_process;INSERT;EDW All AISZHL;"REVOKE INSERT ON aiszhl.zhl_log_process FROM alvreus;"
alvreus;Реус Александр Валерьевич (Aleksandr Reus);aiszhl;zhl_log_process;SELECT;EDW All AISZHL;"REVOKE SELECT ON aiszhl.zhl_log_process FROM alvreus;"
alvreus;Реус Александр Валерьевич (Aleksandr Reus);aiszhl;zhl_log_process;UPDATE;EDW All AISZHL;"REVOKE UPDATE ON aiszhl.zhl_log_process FROM alvreus;"
alvreus;Реус Александр Валерьевич (Aleksandr Reus);aiszhl;zhl_log_process;DELETE;EDW All AISZHL;"REVOKE DELETE ON aiszhl.zhl_log_process FROM alvreus;"
alvreus;Реус Александр Валерьевич (Aleksandr Reus);aiszhl;zhl_log_process;TRUNCATE;EDW All AISZHL;"REVOKE TRUNCATE ON aiszhl.zhl_log_process FROM alvreus;"
alvreus;Реус Александр Валерьевич (Aleksandr Reus);aiszhl;zhl_log_process;REFERENCES;EDW All AISZHL;"REVOKE REFERENCES ON aiszhl.zhl_log_process FROM alvreus;"
alvreus;Реус Александр Валерьевич (Aleksandr Reus);aiszhl;zhl_log_process;TRIGGER;EDW All AISZHL;"REVOKE TRIGGER ON aiszhl.zhl_log_process FROM alvreus;"
mpmashin;Машин Максим Павлович (Maksim Mashin);aiszhl;zhl_log_process;INSERT;EDW All AISZHL;"REVOKE INSERT ON aiszhl.zhl_log_process FROM mpmashin;"
mpmashin;Машин Максим Павлович (Maksim Mashin);aiszhl;zhl_log_process;SELECT;EDW All AISZHL;"REVOKE SELECT ON aiszhl.zhl_log_process FROM mpmashin;"
mpmashin;Машин Максим Павлович (Maksim Mashin);aiszhl;zhl_log_process;UPDATE;EDW All AISZHL;"REVOKE UPDATE ON aiszhl.zhl_log_process FROM mpmashin;"
mpmashin;Машин Максим Павлович (Maksim Mashin);aiszhl;zhl_log_process;DELETE;EDW All AISZHL;"REVOKE DELETE ON aiszhl.zhl_log_process FROM mpmashin;"
mpmashin;Машин Максим Павлович (Maksim Mashin);aiszhl;zhl_log_process;TRUNCATE;EDW All AISZHL;"REVOKE TRUNCATE ON aiszhl.zhl_log_process FROM mpmashin;"
mpmashin;Машин Максим Павлович (Maksim Mashin);aiszhl;zhl_log_process;REFERENCES;EDW All AISZHL;"REVOKE REFERENCES ON aiszhl.zhl_log_process FROM mpmashin;"
mpmashin;Машин Максим Павлович (Maksim Mashin);aiszhl;zhl_log_process;TRIGGER;EDW All AISZHL;"REVOKE TRIGGER ON aiszhl.zhl_log_process FROM mpmashin;"
aisadilov;Садилов Антон Игоревич (Anton Sadilov);aiszhl;zhl_log_entity;SELECT;EDW Read AISZHL;"REVOKE SELECT ON aiszhl.zhl_log_entity FROM aisadilov;"
vatsvetkova;Цветкова Виктория Андреевна (Viktoriya Tsvetkova);aiszhl;zhl_log_entity;INSERT;EDW All AISZHL;"REVOKE INSERT ON aiszhl.zhl_log_entity FROM vatsvetkova;"
vatsvetkova;Цветкова Виктория Андреевна (Viktoriya Tsvetkova);aiszhl;zhl_log_entity;SELECT;EDW All AISZHL;"REVOKE SELECT ON aiszhl.zhl_log_entity FROM vatsvetkova;"
vatsvetkova;Цветкова Виктория Андреевна (Viktoriya Tsvetkova);aiszhl;zhl_log_entity;UPDATE;EDW All AISZHL;"REVOKE UPDATE ON aiszhl.zhl_log_entity FROM vatsvetkova;"
vatsvetkova;Цветкова Виктория Андреевна (Viktoriya Tsvetkova);aiszhl;zhl_log_entity;DELETE;EDW All AISZHL;"REVOKE DELETE ON aiszhl.zhl_log_entity FROM vatsvetkova;"
vatsvetkova;Цветкова Виктория Андреевна (Viktoriya Tsvetkova);aiszhl;zhl_log_entity;TRUNCATE;EDW All AISZHL;"REVOKE TRUNCATE ON aiszhl.zhl_log_entity FROM vatsvetkova;"
vatsvetkova;Цветкова Виктория Андреевна (Viktoriya Tsvetkova);aiszhl;zhl_log_entity;REFERENCES;EDW All AISZHL;"REVOKE REFERENCES ON aiszhl.zhl_log_entity FROM vatsvetkova;"
vatsvetkova;Цветкова Виктория Андреевна (Viktoriya Tsvetkova);aiszhl;zhl_log_entity;TRIGGER;EDW All AISZHL;"REVOKE TRIGGER ON aiszhl.zhl_log_entity FROM vatsvetkova;"
alvreus;Реус Александр Валерьевич (Aleksandr Reus);aiszhl;zhl_log_entity;INSERT;EDW All AISZHL;"REVOKE INSERT ON aiszhl.zhl_log_entity FROM alvreus;"
alvreus;Реус Александр Валерьевич (Aleksandr Reus);aiszhl;zhl_log_entity;SELECT;EDW All AISZHL;"REVOKE SELECT ON aiszhl.zhl_log_entity FROM alvreus;"
alvreus;Реус Александр Валерьевич (Aleksandr Reus);aiszhl;zhl_log_entity;UPDATE;EDW All AISZHL;"REVOKE UPDATE ON aiszhl.zhl_log_entity FROM alvreus;"
alvreus;Реус Александр Валерьевич (Aleksandr Reus);aiszhl;zhl_log_entity;DELETE;EDW All AISZHL;"REVOKE DELETE ON aiszhl.zhl_log_entity FROM alvreus;"
alvreus;Реус Александр Валерьевич (Aleksandr Reus);aiszhl;zhl_log_entity;TRUNCATE;EDW All AISZHL;"REVOKE TRUNCATE ON aiszhl.zhl_log_entity FROM alvreus;"
alvreus;Реус Александр Валерьевич (Aleksandr Reus);aiszhl;zhl_log_entity;REFERENCES;EDW All AISZHL;"REVOKE REFERENCES ON aiszhl.zhl_log_entity FROM alvreus;"
alvreus;Реус Александр Валерьевич (Aleksandr Reus);aiszhl;zhl_log_entity;TRIGGER;EDW All AISZHL;"REVOKE TRIGGER ON aiszhl.zhl_log_entity FROM alvreus;"
mpmashin;Машин Максим Павлович (Maksim Mashin);aiszhl;zhl_log_entity;INSERT;EDW All AISZHL;"REVOKE INSERT ON aiszhl.zhl_log_entity FROM mpmashin;"
mpmashin;Машин Максим Павлович (Maksim Mashin);aiszhl;zhl_log_entity;SELECT;EDW All AISZHL;"REVOKE SELECT ON aiszhl.zhl_log_entity FROM mpmashin;"
mpmashin;Машин Максим Павлович (Maksim Mashin);aiszhl;zhl_log_entity;UPDATE;EDW All AISZHL;"REVOKE UPDATE ON aiszhl.zhl_log_entity FROM mpmashin;"
mpmashin;Машин Максим Павлович (Maksim Mashin);aiszhl;zhl_log_entity;DELETE;EDW All AISZHL;"REVOKE DELETE ON aiszhl.zhl_log_entity FROM mpmashin;"
mpmashin;Машин Максим Павлович (Maksim Mashin);aiszhl;zhl_log_entity;TRUNCATE;EDW All AISZHL;"REVOKE TRUNCATE ON aiszhl.zhl_log_entity FROM mpmashin;"
mpmashin;Машин Максим Павлович (Maksim Mashin);aiszhl;zhl_log_entity;REFERENCES;EDW All AISZHL;"REVOKE REFERENCES ON aiszhl.zhl_log_entity FROM mpmashin;"
mpmashin;Машин Максим Павлович (Maksim Mashin);aiszhl;zhl_log_entity;TRIGGER;EDW All AISZHL;"REVOKE TRIGGER ON aiszhl.zhl_log_entity FROM mpmashin;"
aisadilov;Садилов Антон Игоревич (Anton Sadilov);aiszhl;zhl_log_process_preprod;SELECT;EDW Read AISZHL;"REVOKE SELECT ON aiszhl.zhl_log_process_preprod FROM aisadilov;"
vatsvetkova;Цветкова Виктория Андреевна (Viktoriya Tsvetkova);aiszhl;zhl_log_process_preprod;INSERT;EDW All AISZHL;"REVOKE INSERT ON aiszhl.zhl_log_process_preprod FROM vatsvetkova;"
vatsvetkova;Цветкова Виктория Андреевна (Viktoriya Tsvetkova);aiszhl;zhl_log_process_preprod;SELECT;EDW All AISZHL;"REVOKE SELECT ON aiszhl.zhl_log_process_preprod FROM vatsvetkova;"
vatsvetkova;Цветкова Виктория Андреевна (Viktoriya Tsvetkova);aiszhl;zhl_log_process_preprod;UPDATE;EDW All AISZHL;"REVOKE UPDATE ON aiszhl.zhl_log_process_preprod FROM vatsvetkova;"
vatsvetkova;Цветкова Виктория Андреевна (Viktoriya Tsvetkova);aiszhl;zhl_log_process_preprod;DELETE;EDW All AISZHL;"REVOKE DELETE ON aiszhl.zhl_log_process_preprod FROM vatsvetkova;"
vatsvetkova;Цветкова Виктория Андреевна (Viktoriya Tsvetkova);aiszhl;zhl_log_process_preprod;TRUNCATE;EDW All AISZHL;"REVOKE TRUNCATE ON aiszhl.zhl_log_process_preprod FROM vatsvetkova;"
vatsvetkova;Цветкова Виктория Андреевна (Viktoriya Tsvetkova);aiszhl;zhl_log_process_preprod;REFERENCES;EDW All AISZHL;"REVOKE REFERENCES ON aiszhl.zhl_log_process_preprod FROM vatsvetkova;"
vatsvetkova;Цветкова Виктория Андреевна (Viktoriya Tsvetkova);aiszhl;zhl_log_process_preprod;TRIGGER;EDW All AISZHL;"REVOKE TRIGGER ON aiszhl.zhl_log_process_preprod FROM vatsvetkova;"
alvreus;Реус Александр Валерьевич (Aleksandr Reus);aiszhl;zhl_log_process_preprod;INSERT;EDW All AISZHL;"REVOKE INSERT ON aiszhl.zhl_log_process_preprod FROM alvreus;"
alvreus;Реус Александр Валерьевич (Aleksandr Reus);aiszhl;zhl_log_process_preprod;SELECT;EDW All AISZHL;"REVOKE SELECT ON aiszhl.zhl_log_process_preprod FROM alvreus;"
alvreus;Реус Александр Валерьевич (Aleksandr Reus);aiszhl;zhl_log_process_preprod;UPDATE;EDW All AISZHL;"REVOKE UPDATE ON aiszhl.zhl_log_process_preprod FROM alvreus;"
alvreus;Реус Александр Валерьевич (Aleksandr Reus);aiszhl;zhl_log_process_preprod;DELETE;EDW All AISZHL;"REVOKE DELETE ON aiszhl.zhl_log_process_preprod FROM alvreus;"
alvreus;Реус Александр Валерьевич (Aleksandr Reus);aiszhl;zhl_log_process_preprod;TRUNCATE;EDW All AISZHL;"REVOKE TRUNCATE ON aiszhl.zhl_log_process_preprod FROM alvreus;"
alvreus;Реус Александр Валерьевич (Aleksandr Reus);aiszhl;zhl_log_process_preprod;REFERENCES;EDW All AISZHL;"REVOKE REFERENCES ON aiszhl.zhl_log_process_preprod FROM alvreus;"
alvreus;Реус Александр Валерьевич (Aleksandr Reus);aiszhl;zhl_log_process_preprod;TRIGGER;EDW All AISZHL;"REVOKE TRIGGER ON aiszhl.zhl_log_process_preprod FROM alvreus;"
mpmashin;Машин Максим Павлович (Maksim Mashin);aiszhl;zhl_log_process_preprod;INSERT;EDW All AISZHL;"REVOKE INSERT ON aiszhl.zhl_log_process_preprod FROM mpmashin;"
mpmashin;Машин Максим Павлович (Maksim Mashin);aiszhl;zhl_log_process_preprod;SELECT;EDW All AISZHL;"REVOKE SELECT ON aiszhl.zhl_log_process_preprod FROM mpmashin;"
mpmashin;Машин Максим Павлович (Maksim Mashin);aiszhl;zhl_log_process_preprod;UPDATE;EDW All AISZHL;"REVOKE UPDATE ON aiszhl.zhl_log_process_preprod FROM mpmashin;"
mpmashin;Машин Максим Павлович (Maksim Mashin);aiszhl;zhl_log_process_preprod;DELETE;EDW All AISZHL;"REVOKE DELETE ON aiszhl.zhl_log_process_preprod FROM mpmashin;"
mpmashin;Машин Максим Павлович (Maksim Mashin);aiszhl;zhl_log_process_preprod;TRUNCATE;EDW All AISZHL;"REVOKE TRUNCATE ON aiszhl.zhl_log_process_preprod FROM mpmashin;"
mpmashin;Машин Максим Павлович (Maksim Mashin);aiszhl;zhl_log_process_preprod;REFERENCES;EDW All AISZHL;"REVOKE REFERENCES ON aiszhl.zhl_log_process_preprod FROM mpmashin;"
mpmashin;Машин Максим Павлович (Maksim Mashin);aiszhl;zhl_log_process_preprod;TRIGGER;EDW All AISZHL;"REVOKE TRIGGER ON aiszhl.zhl_log_process_preprod FROM mpmashin;"
aisadilov;Садилов Антон Игоревич (Anton Sadilov);aiszhl;zhl_log_request_preprod;SELECT;EDW Read AISZHL;"REVOKE SELECT ON aiszhl.zhl_log_request_preprod FROM aisadilov;"
vatsvetkova;Цветкова Виктория Андреевна (Viktoriya Tsvetkova);aiszhl;zhl_log_request_preprod;INSERT;EDW All AISZHL;"REVOKE INSERT ON aiszhl.zhl_log_request_preprod FROM vatsvetkova;"
vatsvetkova;Цветкова Виктория Андреевна (Viktoriya Tsvetkova);aiszhl;zhl_log_request_preprod;SELECT;EDW All AISZHL;"REVOKE SELECT ON aiszhl.zhl_log_request_preprod FROM vatsvetkova;"
vatsvetkova;Цветкова Виктория Андреевна (Viktoriya Tsvetkova);aiszhl;zhl_log_request_preprod;UPDATE;EDW All AISZHL;"REVOKE UPDATE ON aiszhl.zhl_log_request_preprod FROM vatsvetkova;"
vatsvetkova;Цветкова Виктория Андреевна (Viktoriya Tsvetkova);aiszhl;zhl_log_request_preprod;DELETE;EDW All AISZHL;"REVOKE DELETE ON aiszhl.zhl_log_request_preprod FROM vatsvetkova;"
vatsvetkova;Цветкова Виктория Андреевна (Viktoriya Tsvetkova);aiszhl;zhl_log_request_preprod;TRUNCATE;EDW All AISZHL;"REVOKE TRUNCATE ON aiszhl.zhl_log_request_preprod FROM vatsvetkova;"
vatsvetkova;Цветкова Виктория Андреевна (Viktoriya Tsvetkova);aiszhl;zhl_log_request_preprod;REFERENCES;EDW All AISZHL;"REVOKE REFERENCES ON aiszhl.zhl_log_request_preprod FROM vatsvetkova;"
vatsvetkova;Цветкова Виктория Андреевна (Viktoriya Tsvetkova);aiszhl;zhl_log_request_preprod;TRIGGER;EDW All AISZHL;"REVOKE TRIGGER ON aiszhl.zhl_log_request_preprod FROM vatsvetkova;"
alvreus;Реус Александр Валерьевич (Aleksandr Reus);aiszhl;zhl_log_request_preprod;INSERT;EDW All AISZHL;"REVOKE INSERT ON aiszhl.zhl_log_request_preprod FROM alvreus;"
alvreus;Реус Александр Валерьевич (Aleksandr Reus);aiszhl;zhl_log_request_preprod;SELECT;EDW All AISZHL;"REVOKE SELECT ON aiszhl.zhl_log_request_preprod FROM alvreus;"
alvreus;Реус Александр Валерьевич (Aleksandr Reus);aiszhl;zhl_log_request_preprod;UPDATE;EDW All AISZHL;"REVOKE UPDATE ON aiszhl.zhl_log_request_preprod FROM alvreus;"
alvreus;Реус Александр Валерьевич (Aleksandr Reus);aiszhl;zhl_log_request_preprod;DELETE;EDW All AISZHL;"REVOKE DELETE ON aiszhl.zhl_log_request_preprod FROM alvreus;"
alvreus;Реус Александр Валерьевич (Aleksandr Reus);aiszhl;zhl_log_request_preprod;TRUNCATE;EDW All AISZHL;"REVOKE TRUNCATE ON aiszhl.zhl_log_request_preprod FROM alvreus;"
alvreus;Реус Александр Валерьевич (Aleksandr Reus);aiszhl;zhl_log_request_preprod;REFERENCES;EDW All AISZHL;"REVOKE REFERENCES ON aiszhl.zhl_log_request_preprod FROM alvreus;"
alvreus;Реус Александр Валерьевич (Aleksandr Reus);aiszhl;zhl_log_request_preprod;TRIGGER;EDW All AISZHL;"REVOKE TRIGGER ON aiszhl.zhl_log_request_preprod FROM alvreus;"
mpmashin;Машин Максим Павлович (Maksim Mashin);aiszhl;zhl_log_request_preprod;INSERT;EDW All AISZHL;"REVOKE INSERT ON aiszhl.zhl_log_request_preprod FROM mpmashin;"
mpmashin;Машин Максим Павлович (Maksim Mashin);aiszhl;zhl_log_request_preprod;SELECT;EDW All AISZHL;"REVOKE SELECT ON aiszhl.zhl_log_request_preprod FROM mpmashin;"
mpmashin;Машин Максим Павлович (Maksim Mashin);aiszhl;zhl_log_request_preprod;UPDATE;EDW All AISZHL;"REVOKE UPDATE ON aiszhl.zhl_log_request_preprod FROM mpmashin;"
mpmashin;Машин Максим Павлович (Maksim Mashin);aiszhl;zhl_log_request_preprod;DELETE;EDW All AISZHL;"REVOKE DELETE ON aiszhl.zhl_log_request_preprod FROM mpmashin;"
mpmashin;Машин Максим Павлович (Maksim Mashin);aiszhl;zhl_log_request_preprod;TRUNCATE;EDW All AISZHL;"REVOKE TRUNCATE ON aiszhl.zhl_log_request_preprod FROM mpmashin;"
mpmashin;Машин Максим Павлович (Maksim Mashin);aiszhl;zhl_log_request_preprod;REFERENCES;EDW All AISZHL;"REVOKE REFERENCES ON aiszhl.zhl_log_request_preprod FROM mpmashin;"
mpmashin;Машин Максим Павлович (Maksim Mashin);aiszhl;zhl_log_request_preprod;TRIGGER;EDW All AISZHL;"REVOKE TRIGGER ON aiszhl.zhl_log_request_preprod FROM mpmashin;"
aisadilov;Садилов Антон Игоревич (Anton Sadilov);aiszhl;zhl_request_addendum_preprod;SELECT;EDW Read AISZHL;"REVOKE SELECT ON aiszhl.zhl_request_addendum_preprod FROM aisadilov;"
vatsvetkova;Цветкова Виктория Андреевна (Viktoriya Tsvetkova);aiszhl;zhl_request_addendum_preprod;INSERT;EDW All AISZHL;"REVOKE INSERT ON aiszhl.zhl_request_addendum_preprod FROM vatsvetkova;"
vatsvetkova;Цветкова Виктория Андреевна (Viktoriya Tsvetkova);aiszhl;zhl_request_addendum_preprod;SELECT;EDW All AISZHL;"REVOKE SELECT ON aiszhl.zhl_request_addendum_preprod FROM vatsvetkova;"
vatsvetkova;Цветкова Виктория Андреевна (Viktoriya Tsvetkova);aiszhl;zhl_request_addendum_preprod;UPDATE;EDW All AISZHL;"REVOKE UPDATE ON aiszhl.zhl_request_addendum_preprod FROM vatsvetkova;"
vatsvetkova;Цветкова Виктория Андреевна (Viktoriya Tsvetkova);aiszhl;zhl_request_addendum_preprod;DELETE;EDW All AISZHL;"REVOKE DELETE ON aiszhl.zhl_request_addendum_preprod FROM vatsvetkova;"
vatsvetkova;Цветкова Виктория Андреевна (Viktoriya Tsvetkova);aiszhl;zhl_request_addendum_preprod;TRUNCATE;EDW All AISZHL;"REVOKE TRUNCATE ON aiszhl.zhl_request_addendum_preprod FROM vatsvetkova;"
vatsvetkova;Цветкова Виктория Андреевна (Viktoriya Tsvetkova);aiszhl;zhl_request_addendum_preprod;REFERENCES;EDW All AISZHL;"REVOKE REFERENCES ON aiszhl.zhl_request_addendum_preprod FROM vatsvetkova;"
vatsvetkova;Цветкова Виктория Андреевна (Viktoriya Tsvetkova);aiszhl;zhl_request_addendum_preprod;TRIGGER;EDW All AISZHL;"REVOKE TRIGGER ON aiszhl.zhl_request_addendum_preprod FROM vatsvetkova;"
alvreus;Реус Александр Валерьевич (Aleksandr Reus);aiszhl;zhl_request_addendum_preprod;INSERT;EDW All AISZHL;"REVOKE INSERT ON aiszhl.zhl_request_addendum_preprod FROM alvreus;"
alvreus;Реус Александр Валерьевич (Aleksandr Reus);aiszhl;zhl_request_addendum_preprod;SELECT;EDW All AISZHL;"REVOKE SELECT ON aiszhl.zhl_request_addendum_preprod FROM alvreus;"
alvreus;Реус Александр Валерьевич (Aleksandr Reus);aiszhl;zhl_request_addendum_preprod;UPDATE;EDW All AISZHL;"REVOKE UPDATE ON aiszhl.zhl_request_addendum_preprod FROM alvreus;"
alvreus;Реус Александр Валерьевич (Aleksandr Reus);aiszhl;zhl_request_addendum_preprod;DELETE;EDW All AISZHL;"REVOKE DELETE ON aiszhl.zhl_request_addendum_preprod FROM alvreus;"
alvreus;Реус Александр Валерьевич (Aleksandr Reus);aiszhl;zhl_request_addendum_preprod;TRUNCATE;EDW All AISZHL;"REVOKE TRUNCATE ON aiszhl.zhl_request_addendum_preprod FROM alvreus;"
alvreus;Реус Александр Валерьевич (Aleksandr Reus);aiszhl;zhl_request_addendum_preprod;REFERENCES;EDW All AISZHL;"REVOKE REFERENCES ON aiszhl.zhl_request_addendum_preprod FROM alvreus;"
alvreus;Реус Александр Валерьевич (Aleksandr Reus);aiszhl;zhl_request_addendum_preprod;TRIGGER;EDW All AISZHL;"REVOKE TRIGGER ON aiszhl.zhl_request_addendum_preprod FROM alvreus;"
mpmashin;Машин Максим Павлович (Maksim Mashin);aiszhl;zhl_request_addendum_preprod;INSERT;EDW All AISZHL;"REVOKE INSERT ON aiszhl.zhl_request_addendum_preprod FROM mpmashin;"
mpmashin;Машин Максим Павлович (Maksim Mashin);aiszhl;zhl_request_addendum_preprod;SELECT;EDW All AISZHL;"REVOKE SELECT ON aiszhl.zhl_request_addendum_preprod FROM mpmashin;"
mpmashin;Машин Максим Павлович (Maksim Mashin);aiszhl;zhl_request_addendum_preprod;UPDATE;EDW All AISZHL;"REVOKE UPDATE ON aiszhl.zhl_request_addendum_preprod FROM mpmashin;"
mpmashin;Машин Максим Павлович (Maksim Mashin);aiszhl;zhl_request_addendum_preprod;DELETE;EDW All AISZHL;"REVOKE DELETE ON aiszhl.zhl_request_addendum_preprod FROM mpmashin;"
mpmashin;Машин Максим Павлович (Maksim Mashin);aiszhl;zhl_request_addendum_preprod;TRUNCATE;EDW All AISZHL;"REVOKE TRUNCATE ON aiszhl.zhl_request_addendum_preprod FROM mpmashin;"
mpmashin;Машин Максим Павлович (Maksim Mashin);aiszhl;zhl_request_addendum_preprod;REFERENCES;EDW All AISZHL;"REVOKE REFERENCES ON aiszhl.zhl_request_addendum_preprod FROM mpmashin;"
mpmashin;Машин Максим Павлович (Maksim Mashin);aiszhl;zhl_request_addendum_preprod;TRIGGER;EDW All AISZHL;"REVOKE TRIGGER ON aiszhl.zhl_request_addendum_preprod FROM mpmashin;"
aisadilov;Садилов Антон Игоревич (Anton Sadilov);aiszhl;zhl_request_addendum_risk_preprod;SELECT;EDW Read AISZHL;"REVOKE SELECT ON aiszhl.zhl_request_addendum_risk_preprod FROM aisadilov;"
vatsvetkova;Цветкова Виктория Андреевна (Viktoriya Tsvetkova);aiszhl;zhl_request_addendum_risk_preprod;INSERT;EDW All AISZHL;"REVOKE INSERT ON aiszhl.zhl_request_addendum_risk_preprod FROM vatsvetkova;"
vatsvetkova;Цветкова Виктория Андреевна (Viktoriya Tsvetkova);aiszhl;zhl_request_addendum_risk_preprod;SELECT;EDW All AISZHL;"REVOKE SELECT ON aiszhl.zhl_request_addendum_risk_preprod FROM vatsvetkova;"
vatsvetkova;Цветкова Виктория Андреевна (Viktoriya Tsvetkova);aiszhl;zhl_request_addendum_risk_preprod;UPDATE;EDW All AISZHL;"REVOKE UPDATE ON aiszhl.zhl_request_addendum_risk_preprod FROM vatsvetkova;"
vatsvetkova;Цветкова Виктория Андреевна (Viktoriya Tsvetkova);aiszhl;zhl_request_addendum_risk_preprod;DELETE;EDW All AISZHL;"REVOKE DELETE ON aiszhl.zhl_request_addendum_risk_preprod FROM vatsvetkova;"
vatsvetkova;Цветкова Виктория Андреевна (Viktoriya Tsvetkova);aiszhl;zhl_request_addendum_risk_preprod;TRUNCATE;EDW All AISZHL;"REVOKE TRUNCATE ON aiszhl.zhl_request_addendum_risk_preprod FROM vatsvetkova;"
vatsvetkova;Цветкова Виктория Андреевна (Viktoriya Tsvetkova);aiszhl;zhl_request_addendum_risk_preprod;REFERENCES;EDW All AISZHL;"REVOKE REFERENCES ON aiszhl.zhl_request_addendum_risk_preprod FROM vatsvetkova;"
vatsvetkova;Цветкова Виктория Андреевна (Viktoriya Tsvetkova);aiszhl;zhl_request_addendum_risk_preprod;TRIGGER;EDW All AISZHL;"REVOKE TRIGGER ON aiszhl.zhl_request_addendum_risk_preprod FROM vatsvetkova;"
alvreus;Реус Александр Валерьевич (Aleksandr Reus);aiszhl;zhl_request_addendum_risk_preprod;INSERT;EDW All AISZHL;"REVOKE INSERT ON aiszhl.zhl_request_addendum_risk_preprod FROM alvreus;"
alvreus;Реус Александр Валерьевич (Aleksandr Reus);aiszhl;zhl_request_addendum_risk_preprod;SELECT;EDW All AISZHL;"REVOKE SELECT ON aiszhl.zhl_request_addendum_risk_preprod FROM alvreus;"
alvreus;Реус Александр Валерьевич (Aleksandr Reus);aiszhl;zhl_request_addendum_risk_preprod;UPDATE;EDW All AISZHL;"REVOKE UPDATE ON aiszhl.zhl_request_addendum_risk_preprod FROM alvreus;"
alvreus;Реус Александр Валерьевич (Aleksandr Reus);aiszhl;zhl_request_addendum_risk_preprod;DELETE;EDW All AISZHL;"REVOKE DELETE ON aiszhl.zhl_request_addendum_risk_preprod FROM alvreus;"
alvreus;Реус Александр Валерьевич (Aleksandr Reus);aiszhl;zhl_request_addendum_risk_preprod;TRUNCATE;EDW All AISZHL;"REVOKE TRUNCATE ON aiszhl.zhl_request_addendum_risk_preprod FROM alvreus;"
alvreus;Реус Александр Валерьевич (Aleksandr Reus);aiszhl;zhl_request_addendum_risk_preprod;REFERENCES;EDW All AISZHL;"REVOKE REFERENCES ON aiszhl.zhl_request_addendum_risk_preprod FROM alvreus;"
alvreus;Реус Александр Валерьевич (Aleksandr Reus);aiszhl;zhl_request_addendum_risk_preprod;TRIGGER;EDW All AISZHL;"REVOKE TRIGGER ON aiszhl.zhl_request_addendum_risk_preprod FROM alvreus;"
mpmashin;Машин Максим Павлович (Maksim Mashin);aiszhl;zhl_request_addendum_risk_preprod;INSERT;EDW All AISZHL;"REVOKE INSERT ON aiszhl.zhl_request_addendum_risk_preprod FROM mpmashin;"
mpmashin;Машин Максим Павлович (Maksim Mashin);aiszhl;zhl_request_addendum_risk_preprod;SELECT;EDW All AISZHL;"REVOKE SELECT ON aiszhl.zhl_request_addendum_risk_preprod FROM mpmashin;"
mpmashin;Машин Максим Павлович (Maksim Mashin);aiszhl;zhl_request_addendum_risk_preprod;UPDATE;EDW All AISZHL;"REVOKE UPDATE ON aiszhl.zhl_request_addendum_risk_preprod FROM mpmashin;"
mpmashin;Машин Максим Павлович (Maksim Mashin);aiszhl;zhl_request_addendum_risk_preprod;DELETE;EDW All AISZHL;"REVOKE DELETE ON aiszhl.zhl_request_addendum_risk_preprod FROM mpmashin;"
mpmashin;Машин Максим Павлович (Maksim Mashin);aiszhl;zhl_request_addendum_risk_preprod;TRUNCATE;EDW All AISZHL;"REVOKE TRUNCATE ON aiszhl.zhl_request_addendum_risk_preprod FROM mpmashin;"
mpmashin;Машин Максим Павлович (Maksim Mashin);aiszhl;zhl_request_addendum_risk_preprod;REFERENCES;EDW All AISZHL;"REVOKE REFERENCES ON aiszhl.zhl_request_addendum_risk_preprod FROM mpmashin;"
mpmashin;Машин Максим Павлович (Maksim Mashin);aiszhl;zhl_request_addendum_risk_preprod;TRIGGER;EDW All AISZHL;"REVOKE TRIGGER ON aiszhl.zhl_request_addendum_risk_preprod FROM mpmashin;"
aisadilov;Садилов Антон Игоревич (Anton Sadilov);aiszhl;zhl_request_payment_risk_preprod;SELECT;EDW Read AISZHL;"REVOKE SELECT ON aiszhl.zhl_request_payment_risk_preprod FROM aisadilov;"
vatsvetkova;Цветкова Виктория Андреевна (Viktoriya Tsvetkova);aiszhl;zhl_request_payment_risk_preprod;INSERT;EDW All AISZHL;"REVOKE INSERT ON aiszhl.zhl_request_payment_risk_preprod FROM vatsvetkova;"
vatsvetkova;Цветкова Виктория Андреевна (Viktoriya Tsvetkova);aiszhl;zhl_request_payment_risk_preprod;SELECT;EDW All AISZHL;"REVOKE SELECT ON aiszhl.zhl_request_payment_risk_preprod FROM vatsvetkova;"
vatsvetkova;Цветкова Виктория Андреевна (Viktoriya Tsvetkova);aiszhl;zhl_request_payment_risk_preprod;UPDATE;EDW All AISZHL;"REVOKE UPDATE ON aiszhl.zhl_request_payment_risk_preprod FROM vatsvetkova;"
vatsvetkova;Цветкова Виктория Андреевна (Viktoriya Tsvetkova);aiszhl;zhl_request_payment_risk_preprod;DELETE;EDW All AISZHL;"REVOKE DELETE ON aiszhl.zhl_request_payment_risk_preprod FROM vatsvetkova;"
vatsvetkova;Цветкова Виктория Андреевна (Viktoriya Tsvetkova);aiszhl;zhl_request_payment_risk_preprod;TRUNCATE;EDW All AISZHL;"REVOKE TRUNCATE ON aiszhl.zhl_request_payment_risk_preprod FROM vatsvetkova;"
vatsvetkova;Цветкова Виктория Андреевна (Viktoriya Tsvetkova);aiszhl;zhl_request_payment_risk_preprod;REFERENCES;EDW All AISZHL;"REVOKE REFERENCES ON aiszhl.zhl_request_payment_risk_preprod FROM vatsvetkova;"
vatsvetkova;Цветкова Виктория Андреевна (Viktoriya Tsvetkova);aiszhl;zhl_request_payment_risk_preprod;TRIGGER;EDW All AISZHL;"REVOKE TRIGGER ON aiszhl.zhl_request_payment_risk_preprod FROM vatsvetkova;"
alvreus;Реус Александр Валерьевич (Aleksandr Reus);aiszhl;zhl_request_payment_risk_preprod;INSERT;EDW All AISZHL;"REVOKE INSERT ON aiszhl.zhl_request_payment_risk_preprod FROM alvreus;"
alvreus;Реус Александр Валерьевич (Aleksandr Reus);aiszhl;zhl_request_payment_risk_preprod;SELECT;EDW All AISZHL;"REVOKE SELECT ON aiszhl.zhl_request_payment_risk_preprod FROM alvreus;"
alvreus;Реус Александр Валерьевич (Aleksandr Reus);aiszhl;zhl_request_payment_risk_preprod;UPDATE;EDW All AISZHL;"REVOKE UPDATE ON aiszhl.zhl_request_payment_risk_preprod FROM alvreus;"
alvreus;Реус Александр Валерьевич (Aleksandr Reus);aiszhl;zhl_request_payment_risk_preprod;DELETE;EDW All AISZHL;"REVOKE DELETE ON aiszhl.zhl_request_payment_risk_preprod FROM alvreus;"
alvreus;Реус Александр Валерьевич (Aleksandr Reus);aiszhl;zhl_request_payment_risk_preprod;TRUNCATE;EDW All AISZHL;"REVOKE TRUNCATE ON aiszhl.zhl_request_payment_risk_preprod FROM alvreus;"
alvreus;Реус Александр Валерьевич (Aleksandr Reus);aiszhl;zhl_request_payment_risk_preprod;REFERENCES;EDW All AISZHL;"REVOKE REFERENCES ON aiszhl.zhl_request_payment_risk_preprod FROM alvreus;"
alvreus;Реус Александр Валерьевич (Aleksandr Reus);aiszhl;zhl_request_payment_risk_preprod;TRIGGER;EDW All AISZHL;"REVOKE TRIGGER ON aiszhl.zhl_request_payment_risk_preprod FROM alvreus;"
mpmashin;Машин Максим Павлович (Maksim Mashin);aiszhl;zhl_request_payment_risk_preprod;INSERT;EDW All AISZHL;"REVOKE INSERT ON aiszhl.zhl_request_payment_risk_preprod FROM mpmashin;"
mpmashin;Машин Максим Павлович (Maksim Mashin);aiszhl;zhl_request_payment_risk_preprod;SELECT;EDW All AISZHL;"REVOKE SELECT ON aiszhl.zhl_request_payment_risk_preprod FROM mpmashin;"
mpmashin;Машин Максим Павлович (Maksim Mashin);aiszhl;zhl_request_payment_risk_preprod;UPDATE;EDW All AISZHL;"REVOKE UPDATE ON aiszhl.zhl_request_payment_risk_preprod FROM mpmashin;"
mpmashin;Машин Максим Павлович (Maksim Mashin);aiszhl;zhl_request_payment_risk_preprod;DELETE;EDW All AISZHL;"REVOKE DELETE ON aiszhl.zhl_request_payment_risk_preprod FROM mpmashin;"
mpmashin;Машин Максим Павлович (Maksim Mashin);aiszhl;zhl_request_payment_risk_preprod;TRUNCATE;EDW All AISZHL;"REVOKE TRUNCATE ON aiszhl.zhl_request_payment_risk_preprod FROM mpmashin;"
mpmashin;Машин Максим Павлович (Maksim Mashin);aiszhl;zhl_request_payment_risk_preprod;REFERENCES;EDW All AISZHL;"REVOKE REFERENCES ON aiszhl.zhl_request_payment_risk_preprod FROM mpmashin;"
mpmashin;Машин Максим Павлович (Maksim Mashin);aiszhl;zhl_request_payment_risk_preprod;TRIGGER;EDW All AISZHL;"REVOKE TRIGGER ON aiszhl.zhl_request_payment_risk_preprod FROM mpmashin;"
aisadilov;Садилов Антон Игоревич (Anton Sadilov);aiszhl;zhl_request_policy_preprod;SELECT;EDW Read AISZHL;"REVOKE SELECT ON aiszhl.zhl_request_policy_preprod FROM aisadilov;"
vatsvetkova;Цветкова Виктория Андреевна (Viktoriya Tsvetkova);aiszhl;zhl_request_policy_preprod;INSERT;EDW All AISZHL;"REVOKE INSERT ON aiszhl.zhl_request_policy_preprod FROM vatsvetkova;"
vatsvetkova;Цветкова Виктория Андреевна (Viktoriya Tsvetkova);aiszhl;zhl_request_policy_preprod;SELECT;EDW All AISZHL;"REVOKE SELECT ON aiszhl.zhl_request_policy_preprod FROM vatsvetkova;"
vatsvetkova;Цветкова Виктория Андреевна (Viktoriya Tsvetkova);aiszhl;zhl_request_policy_preprod;UPDATE;EDW All AISZHL;"REVOKE UPDATE ON aiszhl.zhl_request_policy_preprod FROM vatsvetkova;"
vatsvetkova;Цветкова Виктория Андреевна (Viktoriya Tsvetkova);aiszhl;zhl_request_policy_preprod;DELETE;EDW All AISZHL;"REVOKE DELETE ON aiszhl.zhl_request_policy_preprod FROM vatsvetkova;"
vatsvetkova;Цветкова Виктория Андреевна (Viktoriya Tsvetkova);aiszhl;zhl_request_policy_preprod;TRUNCATE;EDW All AISZHL;"REVOKE TRUNCATE ON aiszhl.zhl_request_policy_preprod FROM vatsvetkova;"
vatsvetkova;Цветкова Виктория Андреевна (Viktoriya Tsvetkova);aiszhl;zhl_request_policy_preprod;REFERENCES;EDW All AISZHL;"REVOKE REFERENCES ON aiszhl.zhl_request_policy_preprod FROM vatsvetkova;"
vatsvetkova;Цветкова Виктория Андреевна (Viktoriya Tsvetkova);aiszhl;zhl_request_policy_preprod;TRIGGER;EDW All AISZHL;"REVOKE TRIGGER ON aiszhl.zhl_request_policy_preprod FROM vatsvetkova;"
alvreus;Реус Александр Валерьевич (Aleksandr Reus);aiszhl;zhl_request_policy_preprod;INSERT;EDW All AISZHL;"REVOKE INSERT ON aiszhl.zhl_request_policy_preprod FROM alvreus;"
alvreus;Реус Александр Валерьевич (Aleksandr Reus);aiszhl;zhl_request_policy_preprod;SELECT;EDW All AISZHL;"REVOKE SELECT ON aiszhl.zhl_request_policy_preprod FROM alvreus;"
alvreus;Реус Александр Валерьевич (Aleksandr Reus);aiszhl;zhl_request_policy_preprod;UPDATE;EDW All AISZHL;"REVOKE UPDATE ON aiszhl.zhl_request_policy_preprod FROM alvreus;"
alvreus;Реус Александр Валерьевич (Aleksandr Reus);aiszhl;zhl_request_policy_preprod;DELETE;EDW All AISZHL;"REVOKE DELETE ON aiszhl.zhl_request_policy_preprod FROM alvreus;"
alvreus;Реус Александр Валерьевич (Aleksandr Reus);aiszhl;zhl_request_policy_preprod;TRUNCATE;EDW All AISZHL;"REVOKE TRUNCATE ON aiszhl.zhl_request_policy_preprod FROM alvreus;"
alvreus;Реус Александр Валерьевич (Aleksandr Reus);aiszhl;zhl_request_policy_preprod;REFERENCES;EDW All AISZHL;"REVOKE REFERENCES ON aiszhl.zhl_request_policy_preprod FROM alvreus;"
alvreus;Реус Александр Валерьевич (Aleksandr Reus);aiszhl;zhl_request_policy_preprod;TRIGGER;EDW All AISZHL;"REVOKE TRIGGER ON aiszhl.zhl_request_policy_preprod FROM alvreus;"
mpmashin;Машин Максим Павлович (Maksim Mashin);aiszhl;zhl_request_policy_preprod;INSERT;EDW All AISZHL;"REVOKE INSERT ON aiszhl.zhl_request_policy_preprod FROM mpmashin;"
mpmashin;Машин Максим Павлович (Maksim Mashin);aiszhl;zhl_request_policy_preprod;SELECT;EDW All AISZHL;"REVOKE SELECT ON aiszhl.zhl_request_policy_preprod FROM mpmashin;"
mpmashin;Машин Максим Павлович (Maksim Mashin);aiszhl;zhl_request_policy_preprod;UPDATE;EDW All AISZHL;"REVOKE UPDATE ON aiszhl.zhl_request_policy_preprod FROM mpmashin;"
mpmashin;Машин Максим Павлович (Maksim Mashin);aiszhl;zhl_request_policy_preprod;DELETE;EDW All AISZHL;"REVOKE DELETE ON aiszhl.zhl_request_policy_preprod FROM mpmashin;"
mpmashin;Машин Максим Павлович (Maksim Mashin);aiszhl;zhl_request_policy_preprod;TRUNCATE;EDW All AISZHL;"REVOKE TRUNCATE ON aiszhl.zhl_request_policy_preprod FROM mpmashin;"
mpmashin;Машин Максим Павлович (Maksim Mashin);aiszhl;zhl_request_policy_preprod;REFERENCES;EDW All AISZHL;"REVOKE REFERENCES ON aiszhl.zhl_request_policy_preprod FROM mpmashin;"
mpmashin;Машин Максим Павлович (Maksim Mashin);aiszhl;zhl_request_policy_preprod;TRIGGER;EDW All AISZHL;"REVOKE TRIGGER ON aiszhl.zhl_request_policy_preprod FROM mpmashin;"
aisadilov;Садилов Антон Игоревич (Anton Sadilov);aiszhl;zhl_request_termination_preprod;SELECT;EDW Read AISZHL;"REVOKE SELECT ON aiszhl.zhl_request_termination_preprod FROM aisadilov;"
vatsvetkova;Цветкова Виктория Андреевна (Viktoriya Tsvetkova);aiszhl;zhl_request_termination_preprod;INSERT;EDW All AISZHL;"REVOKE INSERT ON aiszhl.zhl_request_termination_preprod FROM vatsvetkova;"
vatsvetkova;Цветкова Виктория Андреевна (Viktoriya Tsvetkova);aiszhl;zhl_request_termination_preprod;SELECT;EDW All AISZHL;"REVOKE SELECT ON aiszhl.zhl_request_termination_preprod FROM vatsvetkova;"
vatsvetkova;Цветкова Виктория Андреевна (Viktoriya Tsvetkova);aiszhl;zhl_request_termination_preprod;UPDATE;EDW All AISZHL;"REVOKE UPDATE ON aiszhl.zhl_request_termination_preprod FROM vatsvetkova;"
vatsvetkova;Цветкова Виктория Андреевна (Viktoriya Tsvetkova);aiszhl;zhl_request_termination_preprod;DELETE;EDW All AISZHL;"REVOKE DELETE ON aiszhl.zhl_request_termination_preprod FROM vatsvetkova;"
vatsvetkova;Цветкова Виктория Андреевна (Viktoriya Tsvetkova);aiszhl;zhl_request_termination_preprod;TRUNCATE;EDW All AISZHL;"REVOKE TRUNCATE ON aiszhl.zhl_request_termination_preprod FROM vatsvetkova;"
vatsvetkova;Цветкова Виктория Андреевна (Viktoriya Tsvetkova);aiszhl;zhl_request_termination_preprod;REFERENCES;EDW All AISZHL;"REVOKE REFERENCES ON aiszhl.zhl_request_termination_preprod FROM vatsvetkova;"
vatsvetkova;Цветкова Виктория Андреевна (Viktoriya Tsvetkova);aiszhl;zhl_request_termination_preprod;TRIGGER;EDW All AISZHL;"REVOKE TRIGGER ON aiszhl.zhl_request_termination_preprod FROM vatsvetkova;"
alvreus;Реус Александр Валерьевич (Aleksandr Reus);aiszhl;zhl_request_termination_preprod;INSERT;EDW All AISZHL;"REVOKE INSERT ON aiszhl.zhl_request_termination_preprod FROM alvreus;"
alvreus;Реус Александр Валерьевич (Aleksandr Reus);aiszhl;zhl_request_termination_preprod;SELECT;EDW All AISZHL;"REVOKE SELECT ON aiszhl.zhl_request_termination_preprod FROM alvreus;"
alvreus;Реус Александр Валерьевич (Aleksandr Reus);aiszhl;zhl_request_termination_preprod;UPDATE;EDW All AISZHL;"REVOKE UPDATE ON aiszhl.zhl_request_termination_preprod FROM alvreus;"
alvreus;Реус Александр Валерьевич (Aleksandr Reus);aiszhl;zhl_request_termination_preprod;DELETE;EDW All AISZHL;"REVOKE DELETE ON aiszhl.zhl_request_termination_preprod FROM alvreus;"
alvreus;Реус Александр Валерьевич (Aleksandr Reus);aiszhl;zhl_request_termination_preprod;TRUNCATE;EDW All AISZHL;"REVOKE TRUNCATE ON aiszhl.zhl_request_termination_preprod FROM alvreus;"
alvreus;Реус Александр Валерьевич (Aleksandr Reus);aiszhl;zhl_request_termination_preprod;REFERENCES;EDW All AISZHL;"REVOKE REFERENCES ON aiszhl.zhl_request_termination_preprod FROM alvreus;"
alvreus;Реус Александр Валерьевич (Aleksandr Reus);aiszhl;zhl_request_termination_preprod;TRIGGER;EDW All AISZHL;"REVOKE TRIGGER ON aiszhl.zhl_request_termination_preprod FROM alvreus;"
mpmashin;Машин Максим Павлович (Maksim Mashin);aiszhl;zhl_request_termination_preprod;INSERT;EDW All AISZHL;"REVOKE INSERT ON aiszhl.zhl_request_termination_preprod FROM mpmashin;"
mpmashin;Машин Максим Павлович (Maksim Mashin);aiszhl;zhl_request_termination_preprod;SELECT;EDW All AISZHL;"REVOKE SELECT ON aiszhl.zhl_request_termination_preprod FROM mpmashin;"
mpmashin;Машин Максим Павлович (Maksim Mashin);aiszhl;zhl_request_termination_preprod;UPDATE;EDW All AISZHL;"REVOKE UPDATE ON aiszhl.zhl_request_termination_preprod FROM mpmashin;"
mpmashin;Машин Максим Павлович (Maksim Mashin);aiszhl;zhl_request_termination_preprod;DELETE;EDW All AISZHL;"REVOKE DELETE ON aiszhl.zhl_request_termination_preprod FROM mpmashin;"
mpmashin;Машин Максим Павлович (Maksim Mashin);aiszhl;zhl_request_termination_preprod;TRUNCATE;EDW All AISZHL;"REVOKE TRUNCATE ON aiszhl.zhl_request_termination_preprod FROM mpmashin;"
mpmashin;Машин Максим Павлович (Maksim Mashin);aiszhl;zhl_request_termination_preprod;REFERENCES;EDW All AISZHL;"REVOKE REFERENCES ON aiszhl.zhl_request_termination_preprod FROM mpmashin;"
mpmashin;Машин Максим Павлович (Maksim Mashin);aiszhl;zhl_request_termination_preprod;TRIGGER;EDW All AISZHL;"REVOKE TRIGGER ON aiszhl.zhl_request_termination_preprod FROM mpmashin;"
aisadilov;Садилов Антон Игоревич (Anton Sadilov);aiszhl;zhl_settings;SELECT;EDW Read AISZHL;"REVOKE SELECT ON aiszhl.zhl_settings FROM aisadilov;"
vatsvetkova;Цветкова Виктория Андреевна (Viktoriya Tsvetkova);aiszhl;zhl_settings;INSERT;EDW All AISZHL;"REVOKE INSERT ON aiszhl.zhl_settings FROM vatsvetkova;"
vatsvetkova;Цветкова Виктория Андреевна (Viktoriya Tsvetkova);aiszhl;zhl_settings;SELECT;EDW All AISZHL;"REVOKE SELECT ON aiszhl.zhl_settings FROM vatsvetkova;"
vatsvetkova;Цветкова Виктория Андреевна (Viktoriya Tsvetkova);aiszhl;zhl_settings;UPDATE;EDW All AISZHL;"REVOKE UPDATE ON aiszhl.zhl_settings FROM vatsvetkova;"
vatsvetkova;Цветкова Виктория Андреевна (Viktoriya Tsvetkova);aiszhl;zhl_settings;DELETE;EDW All AISZHL;"REVOKE DELETE ON aiszhl.zhl_settings FROM vatsvetkova;"
vatsvetkova;Цветкова Виктория Андреевна (Viktoriya Tsvetkova);aiszhl;zhl_settings;TRUNCATE;EDW All AISZHL;"REVOKE TRUNCATE ON aiszhl.zhl_settings FROM vatsvetkova;"
vatsvetkova;Цветкова Виктория Андреевна (Viktoriya Tsvetkova);aiszhl;zhl_settings;REFERENCES;EDW All AISZHL;"REVOKE REFERENCES ON aiszhl.zhl_settings FROM vatsvetkova;"
vatsvetkova;Цветкова Виктория Андреевна (Viktoriya Tsvetkova);aiszhl;zhl_settings;TRIGGER;EDW All AISZHL;"REVOKE TRIGGER ON aiszhl.zhl_settings FROM vatsvetkova;"
alvreus;Реус Александр Валерьевич (Aleksandr Reus);aiszhl;zhl_settings;INSERT;EDW All AISZHL;"REVOKE INSERT ON aiszhl.zhl_settings FROM alvreus;"
alvreus;Реус Александр Валерьевич (Aleksandr Reus);aiszhl;zhl_settings;SELECT;EDW All AISZHL;"REVOKE SELECT ON aiszhl.zhl_settings FROM alvreus;"
alvreus;Реус Александр Валерьевич (Aleksandr Reus);aiszhl;zhl_settings;UPDATE;EDW All AISZHL;"REVOKE UPDATE ON aiszhl.zhl_settings FROM alvreus;"
alvreus;Реус Александр Валерьевич (Aleksandr Reus);aiszhl;zhl_settings;DELETE;EDW All AISZHL;"REVOKE DELETE ON aiszhl.zhl_settings FROM alvreus;"
alvreus;Реус Александр Валерьевич (Aleksandr Reus);aiszhl;zhl_settings;TRUNCATE;EDW All AISZHL;"REVOKE TRUNCATE ON aiszhl.zhl_settings FROM alvreus;"
alvreus;Реус Александр Валерьевич (Aleksandr Reus);aiszhl;zhl_settings;REFERENCES;EDW All AISZHL;"REVOKE REFERENCES ON aiszhl.zhl_settings FROM alvreus;"
alvreus;Реус Александр Валерьевич (Aleksandr Reus);aiszhl;zhl_settings;TRIGGER;EDW All AISZHL;"REVOKE TRIGGER ON aiszhl.zhl_settings FROM alvreus;"
mpmashin;Машин Максим Павлович (Maksim Mashin);aiszhl;zhl_settings;INSERT;EDW All AISZHL;"REVOKE INSERT ON aiszhl.zhl_settings FROM mpmashin;"
mpmashin;Машин Максим Павлович (Maksim Mashin);aiszhl;zhl_settings;SELECT;EDW All AISZHL;"REVOKE SELECT ON aiszhl.zhl_settings FROM mpmashin;"
mpmashin;Машин Максим Павлович (Maksim Mashin);aiszhl;zhl_settings;UPDATE;EDW All AISZHL;"REVOKE UPDATE ON aiszhl.zhl_settings FROM mpmashin;"
mpmashin;Машин Максим Павлович (Maksim Mashin);aiszhl;zhl_settings;DELETE;EDW All AISZHL;"REVOKE DELETE ON aiszhl.zhl_settings FROM mpmashin;"
mpmashin;Машин Максим Павлович (Maksim Mashin);aiszhl;zhl_settings;TRUNCATE;EDW All AISZHL;"REVOKE TRUNCATE ON aiszhl.zhl_settings FROM mpmashin;"
mpmashin;Машин Максим Павлович (Maksim Mashin);aiszhl;zhl_settings;REFERENCES;EDW All AISZHL;"REVOKE REFERENCES ON aiszhl.zhl_settings FROM mpmashin;"
mpmashin;Машин Максим Павлович (Maksim Mashin);aiszhl;zhl_settings;TRIGGER;EDW All AISZHL;"REVOKE TRIGGER ON aiszhl.zhl_settings FROM mpmashin;"
aisadilov;Садилов Антон Игоревич (Anton Sadilov);aiszhl;zhl_where_preprod;SELECT;EDW Read AISZHL;"REVOKE SELECT ON aiszhl.zhl_where_preprod FROM aisadilov;"
vatsvetkova;Цветкова Виктория Андреевна (Viktoriya Tsvetkova);aiszhl;zhl_where_preprod;INSERT;EDW All AISZHL;"REVOKE INSERT ON aiszhl.zhl_where_preprod FROM vatsvetkova;"
vatsvetkova;Цветкова Виктория Андреевна (Viktoriya Tsvetkova);aiszhl;zhl_where_preprod;SELECT;EDW All AISZHL;"REVOKE SELECT ON aiszhl.zhl_where_preprod FROM vatsvetkova;"
vatsvetkova;Цветкова Виктория Андреевна (Viktoriya Tsvetkova);aiszhl;zhl_where_preprod;UPDATE;EDW All AISZHL;"REVOKE UPDATE ON aiszhl.zhl_where_preprod FROM vatsvetkova;"
vatsvetkova;Цветкова Виктория Андреевна (Viktoriya Tsvetkova);aiszhl;zhl_where_preprod;DELETE;EDW All AISZHL;"REVOKE DELETE ON aiszhl.zhl_where_preprod FROM vatsvetkova;"
vatsvetkova;Цветкова Виктория Андреевна (Viktoriya Tsvetkova);aiszhl;zhl_where_preprod;TRUNCATE;EDW All AISZHL;"REVOKE TRUNCATE ON aiszhl.zhl_where_preprod FROM vatsvetkova;"
vatsvetkova;Цветкова Виктория Андреевна (Viktoriya Tsvetkova);aiszhl;zhl_where_preprod;REFERENCES;EDW All AISZHL;"REVOKE REFERENCES ON aiszhl.zhl_where_preprod FROM vatsvetkova;"
vatsvetkova;Цветкова Виктория Андреевна (Viktoriya Tsvetkova);aiszhl;zhl_where_preprod;TRIGGER;EDW All AISZHL;"REVOKE TRIGGER ON aiszhl.zhl_where_preprod FROM vatsvetkova;"
alvreus;Реус Александр Валерьевич (Aleksandr Reus);aiszhl;zhl_where_preprod;INSERT;EDW All AISZHL;"REVOKE INSERT ON aiszhl.zhl_where_preprod FROM alvreus;"
alvreus;Реус Александр Валерьевич (Aleksandr Reus);aiszhl;zhl_where_preprod;SELECT;EDW All AISZHL;"REVOKE SELECT ON aiszhl.zhl_where_preprod FROM alvreus;"
alvreus;Реус Александр Валерьевич (Aleksandr Reus);aiszhl;zhl_where_preprod;UPDATE;EDW All AISZHL;"REVOKE UPDATE ON aiszhl.zhl_where_preprod FROM alvreus;"
alvreus;Реус Александр Валерьевич (Aleksandr Reus);aiszhl;zhl_where_preprod;DELETE;EDW All AISZHL;"REVOKE DELETE ON aiszhl.zhl_where_preprod FROM alvreus;"
alvreus;Реус Александр Валерьевич (Aleksandr Reus);aiszhl;zhl_where_preprod;TRUNCATE;EDW All AISZHL;"REVOKE TRUNCATE ON aiszhl.zhl_where_preprod FROM alvreus;"
alvreus;Реус Александр Валерьевич (Aleksandr Reus);aiszhl;zhl_where_preprod;REFERENCES;EDW All AISZHL;"REVOKE REFERENCES ON aiszhl.zhl_where_preprod FROM alvreus;"
alvreus;Реус Александр Валерьевич (Aleksandr Reus);aiszhl;zhl_where_preprod;TRIGGER;EDW All AISZHL;"REVOKE TRIGGER ON aiszhl.zhl_where_preprod FROM alvreus;"
mpmashin;Машин Максим Павлович (Maksim Mashin);aiszhl;zhl_where_preprod;INSERT;EDW All AISZHL;"REVOKE INSERT ON aiszhl.zhl_where_preprod FROM mpmashin;"
mpmashin;Машин Максим Павлович (Maksim Mashin);aiszhl;zhl_where_preprod;SELECT;EDW All AISZHL;"REVOKE SELECT ON aiszhl.zhl_where_preprod FROM mpmashin;"
mpmashin;Машин Максим Павлович (Maksim Mashin);aiszhl;zhl_where_preprod;UPDATE;EDW All AISZHL;"REVOKE UPDATE ON aiszhl.zhl_where_preprod FROM mpmashin;"
mpmashin;Машин Максим Павлович (Maksim Mashin);aiszhl;zhl_where_preprod;DELETE;EDW All AISZHL;"REVOKE DELETE ON aiszhl.zhl_where_preprod FROM mpmashin;"
mpmashin;Машин Максим Павлович (Maksim Mashin);aiszhl;zhl_where_preprod;TRUNCATE;EDW All AISZHL;"REVOKE TRUNCATE ON aiszhl.zhl_where_preprod FROM mpmashin;"
mpmashin;Машин Максим Павлович (Maksim Mashin);aiszhl;zhl_where_preprod;REFERENCES;EDW All AISZHL;"REVOKE REFERENCES ON aiszhl.zhl_where_preprod FROM mpmashin;"
mpmashin;Машин Максим Павлович (Maksim Mashin);aiszhl;zhl_where_preprod;TRIGGER;EDW All AISZHL;"REVOKE TRIGGER ON aiszhl.zhl_where_preprod FROM mpmashin;"
aisadilov;Садилов Антон Игоревич (Anton Sadilov);aiszhl;zhl_where_table;SELECT;EDW Read AISZHL;"REVOKE SELECT ON aiszhl.zhl_where_table FROM aisadilov;"
vatsvetkova;Цветкова Виктория Андреевна (Viktoriya Tsvetkova);aiszhl;zhl_where_table;INSERT;EDW All AISZHL;"REVOKE INSERT ON aiszhl.zhl_where_table FROM vatsvetkova;"
vatsvetkova;Цветкова Виктория Андреевна (Viktoriya Tsvetkova);aiszhl;zhl_where_table;SELECT;EDW All AISZHL;"REVOKE SELECT ON aiszhl.zhl_where_table FROM vatsvetkova;"
vatsvetkova;Цветкова Виктория Андреевна (Viktoriya Tsvetkova);aiszhl;zhl_where_table;UPDATE;EDW All AISZHL;"REVOKE UPDATE ON aiszhl.zhl_where_table FROM vatsvetkova;"
vatsvetkova;Цветкова Виктория Андреевна (Viktoriya Tsvetkova);aiszhl;zhl_where_table;DELETE;EDW All AISZHL;"REVOKE DELETE ON aiszhl.zhl_where_table FROM vatsvetkova;"
vatsvetkova;Цветкова Виктория Андреевна (Viktoriya Tsvetkova);aiszhl;zhl_where_table;TRUNCATE;EDW All AISZHL;"REVOKE TRUNCATE ON aiszhl.zhl_where_table FROM vatsvetkova;"
vatsvetkova;Цветкова Виктория Андреевна (Viktoriya Tsvetkova);aiszhl;zhl_where_table;REFERENCES;EDW All AISZHL;"REVOKE REFERENCES ON aiszhl.zhl_where_table FROM vatsvetkova;"
vatsvetkova;Цветкова Виктория Андреевна (Viktoriya Tsvetkova);aiszhl;zhl_where_table;TRIGGER;EDW All AISZHL;"REVOKE TRIGGER ON aiszhl.zhl_where_table FROM vatsvetkova;"
alvreus;Реус Александр Валерьевич (Aleksandr Reus);aiszhl;zhl_where_table;INSERT;EDW All AISZHL;"REVOKE INSERT ON aiszhl.zhl_where_table FROM alvreus;"
alvreus;Реус Александр Валерьевич (Aleksandr Reus);aiszhl;zhl_where_table;SELECT;EDW All AISZHL;"REVOKE SELECT ON aiszhl.zhl_where_table FROM alvreus;"
alvreus;Реус Александр Валерьевич (Aleksandr Reus);aiszhl;zhl_where_table;UPDATE;EDW All AISZHL;"REVOKE UPDATE ON aiszhl.zhl_where_table FROM alvreus;"
alvreus;Реус Александр Валерьевич (Aleksandr Reus);aiszhl;zhl_where_table;DELETE;EDW All AISZHL;"REVOKE DELETE ON aiszhl.zhl_where_table FROM alvreus;"
alvreus;Реус Александр Валерьевич (Aleksandr Reus);aiszhl;zhl_where_table;TRUNCATE;EDW All AISZHL;"REVOKE TRUNCATE ON aiszhl.zhl_where_table FROM alvreus;"
alvreus;Реус Александр Валерьевич (Aleksandr Reus);aiszhl;zhl_where_table;REFERENCES;EDW All AISZHL;"REVOKE REFERENCES ON aiszhl.zhl_where_table FROM alvreus;"
alvreus;Реус Александр Валерьевич (Aleksandr Reus);aiszhl;zhl_where_table;TRIGGER;EDW All AISZHL;"REVOKE TRIGGER ON aiszhl.zhl_where_table FROM alvreus;"
mpmashin;Машин Максим Павлович (Maksim Mashin);aiszhl;zhl_where_table;INSERT;EDW All AISZHL;"REVOKE INSERT ON aiszhl.zhl_where_table FROM mpmashin;"
mpmashin;Машин Максим Павлович (Maksim Mashin);aiszhl;zhl_where_table;SELECT;EDW All AISZHL;"REVOKE SELECT ON aiszhl.zhl_where_table FROM mpmashin;"
mpmashin;Машин Максим Павлович (Maksim Mashin);aiszhl;zhl_where_table;UPDATE;EDW All AISZHL;"REVOKE UPDATE ON aiszhl.zhl_where_table FROM mpmashin;"
mpmashin;Машин Максим Павлович (Maksim Mashin);aiszhl;zhl_where_table;DELETE;EDW All AISZHL;"REVOKE DELETE ON aiszhl.zhl_where_table FROM mpmashin;"
mpmashin;Машин Максим Павлович (Maksim Mashin);aiszhl;zhl_where_table;TRUNCATE;EDW All AISZHL;"REVOKE TRUNCATE ON aiszhl.zhl_where_table FROM mpmashin;"
mpmashin;Машин Максим Павлович (Maksim Mashin);aiszhl;zhl_where_table;REFERENCES;EDW All AISZHL;"REVOKE REFERENCES ON aiszhl.zhl_where_table FROM mpmashin;"
mpmashin;Машин Максим Павлович (Maksim Mashin);aiszhl;zhl_where_table;TRIGGER;EDW All AISZHL;"REVOKE TRIGGER ON aiszhl.zhl_where_table FROM mpmashin;"
report;Сервер отчетов;cdm_analysis_out;dict_reject_reason_nsa;INSERT;EDW All Cdm Analysis Out;"REVOKE INSERT ON cdm_analysis_out.dict_reject_reason_nsa FROM report;"
report;Сервер отчетов;cdm_analysis_out;dict_reject_reason_nsa;SELECT;EDW Read Cdm Analysis Out;"REVOKE SELECT ON cdm_analysis_out.dict_reject_reason_nsa FROM report;"
report;Сервер отчетов;cdm_analysis_out;dict_reject_reason_nsa;TRUNCATE;EDW All Cdm Analysis Out;"REVOKE TRUNCATE ON cdm_analysis_out.dict_reject_reason_nsa FROM report;"
report;Сервер отчетов;cdm_analysis_out;dict_accident_name_nsa;INSERT;EDW All Cdm Analysis Out;"REVOKE INSERT ON cdm_analysis_out.dict_accident_name_nsa FROM report;"
report;Сервер отчетов;cdm_analysis_out;dict_accident_name_nsa;SELECT;EDW Read Cdm Analysis Out;"REVOKE SELECT ON cdm_analysis_out.dict_accident_name_nsa FROM report;"
report;Сервер отчетов;cdm_analysis_out;dict_accident_name_nsa;TRUNCATE;EDW All Cdm Analysis Out;"REVOKE TRUNCATE ON cdm_analysis_out.dict_accident_name_nsa FROM report;"
report;Сервер отчетов;cdm_analysis_out;dict_risk_object_name_nsa;INSERT;EDW All Cdm Analysis Out;"REVOKE INSERT ON cdm_analysis_out.dict_risk_object_name_nsa FROM report;"
report;Сервер отчетов;cdm_analysis_out;dict_risk_object_name_nsa;SELECT;EDW Read Cdm Analysis Out;"REVOKE SELECT ON cdm_analysis_out.dict_risk_object_name_nsa FROM report;"
report;Сервер отчетов;cdm_analysis_out;dict_risk_object_name_nsa;TRUNCATE;EDW All Cdm Analysis Out;"REVOKE TRUNCATE ON cdm_analysis_out.dict_risk_object_name_nsa FROM report;"
report;Сервер отчетов;cdm_analysis_out;dict_region_name_okato;INSERT;EDW All Cdm Analysis Out;"REVOKE INSERT ON cdm_analysis_out.dict_region_name_okato FROM report;"
report;Сервер отчетов;cdm_analysis_out;dict_region_name_okato;SELECT;EDW Read Cdm Analysis Out;"REVOKE SELECT ON cdm_analysis_out.dict_region_name_okato FROM report;"
report;Сервер отчетов;cdm_analysis_out;dict_region_name_okato;TRUNCATE;EDW All Cdm Analysis Out;"REVOKE TRUNCATE ON cdm_analysis_out.dict_region_name_okato FROM report;"
aisadilov;Садилов Антон Игоревич (Anton Sadilov);aiszhl;zhl_log_entity_preprod;SELECT;EDW Read AISZHL;"REVOKE SELECT ON aiszhl.zhl_log_entity_preprod FROM aisadilov;"
vatsvetkova;Цветкова Виктория Андреевна (Viktoriya Tsvetkova);aiszhl;zhl_log_entity_preprod;INSERT;EDW All AISZHL;"REVOKE INSERT ON aiszhl.zhl_log_entity_preprod FROM vatsvetkova;"
vatsvetkova;Цветкова Виктория Андреевна (Viktoriya Tsvetkova);aiszhl;zhl_log_entity_preprod;SELECT;EDW All AISZHL;"REVOKE SELECT ON aiszhl.zhl_log_entity_preprod FROM vatsvetkova;"
vatsvetkova;Цветкова Виктория Андреевна (Viktoriya Tsvetkova);aiszhl;zhl_log_entity_preprod;UPDATE;EDW All AISZHL;"REVOKE UPDATE ON aiszhl.zhl_log_entity_preprod FROM vatsvetkova;"
vatsvetkova;Цветкова Виктория Андреевна (Viktoriya Tsvetkova);aiszhl;zhl_log_entity_preprod;DELETE;EDW All AISZHL;"REVOKE DELETE ON aiszhl.zhl_log_entity_preprod FROM vatsvetkova;"
vatsvetkova;Цветкова Виктория Андреевна (Viktoriya Tsvetkova);aiszhl;zhl_log_entity_preprod;TRUNCATE;EDW All AISZHL;"REVOKE TRUNCATE ON aiszhl.zhl_log_entity_preprod FROM vatsvetkova;"
vatsvetkova;Цветкова Виктория Андреевна (Viktoriya Tsvetkova);aiszhl;zhl_log_entity_preprod;REFERENCES;EDW All AISZHL;"REVOKE REFERENCES ON aiszhl.zhl_log_entity_preprod FROM vatsvetkova;"
vatsvetkova;Цветкова Виктория Андреевна (Viktoriya Tsvetkova);aiszhl;zhl_log_entity_preprod;TRIGGER;EDW All AISZHL;"REVOKE TRIGGER ON aiszhl.zhl_log_entity_preprod FROM vatsvetkova;"
alvreus;Реус Александр Валерьевич (Aleksandr Reus);aiszhl;zhl_log_entity_preprod;INSERT;EDW All AISZHL;"REVOKE INSERT ON aiszhl.zhl_log_entity_preprod FROM alvreus;"
alvreus;Реус Александр Валерьевич (Aleksandr Reus);aiszhl;zhl_log_entity_preprod;SELECT;EDW All AISZHL;"REVOKE SELECT ON aiszhl.zhl_log_entity_preprod FROM alvreus;"
alvreus;Реус Александр Валерьевич (Aleksandr Reus);aiszhl;zhl_log_entity_preprod;UPDATE;EDW All AISZHL;"REVOKE UPDATE ON aiszhl.zhl_log_entity_preprod FROM alvreus;"
alvreus;Реус Александр Валерьевич (Aleksandr Reus);aiszhl;zhl_log_entity_preprod;DELETE;EDW All AISZHL;"REVOKE DELETE ON aiszhl.zhl_log_entity_preprod FROM alvreus;"
alvreus;Реус Александр Валерьевич (Aleksandr Reus);aiszhl;zhl_log_entity_preprod;TRUNCATE;EDW All AISZHL;"REVOKE TRUNCATE ON aiszhl.zhl_log_entity_preprod FROM alvreus;"
alvreus;Реус Александр Валерьевич (Aleksandr Reus);aiszhl;zhl_log_entity_preprod;REFERENCES;EDW All AISZHL;"REVOKE REFERENCES ON aiszhl.zhl_log_entity_preprod FROM alvreus;"
alvreus;Реус Александр Валерьевич (Aleksandr Reus);aiszhl;zhl_log_entity_preprod;TRIGGER;EDW All AISZHL;"REVOKE TRIGGER ON aiszhl.zhl_log_entity_preprod FROM alvreus;"
mpmashin;Машин Максим Павлович (Maksim Mashin);aiszhl;zhl_log_entity_preprod;INSERT;EDW All AISZHL;"REVOKE INSERT ON aiszhl.zhl_log_entity_preprod FROM mpmashin;"
mpmashin;Машин Максим Павлович (Maksim Mashin);aiszhl;zhl_log_entity_preprod;SELECT;EDW All AISZHL;"REVOKE SELECT ON aiszhl.zhl_log_entity_preprod FROM mpmashin;"
mpmashin;Машин Максим Павлович (Maksim Mashin);aiszhl;zhl_log_entity_preprod;UPDATE;EDW All AISZHL;"REVOKE UPDATE ON aiszhl.zhl_log_entity_preprod FROM mpmashin;"
mpmashin;Машин Максим Павлович (Maksim Mashin);aiszhl;zhl_log_entity_preprod;DELETE;EDW All AISZHL;"REVOKE DELETE ON aiszhl.zhl_log_entity_preprod FROM mpmashin;"
mpmashin;Машин Максим Павлович (Maksim Mashin);aiszhl;zhl_log_entity_preprod;TRUNCATE;EDW All AISZHL;"REVOKE TRUNCATE ON aiszhl.zhl_log_entity_preprod FROM mpmashin;"
mpmashin;Машин Максим Павлович (Maksim Mashin);aiszhl;zhl_log_entity_preprod;REFERENCES;EDW All AISZHL;"REVOKE REFERENCES ON aiszhl.zhl_log_entity_preprod FROM mpmashin;"
mpmashin;Машин Максим Павлович (Maksim Mashin);aiszhl;zhl_log_entity_preprod;TRIGGER;EDW All AISZHL;"REVOKE TRIGGER ON aiszhl.zhl_log_entity_preprod FROM mpmashin;"
aisadilov;Садилов Антон Игоревич (Anton Sadilov);aiszhl;zhl_log_mismatch;SELECT;EDW Read AISZHL;"REVOKE SELECT ON aiszhl.zhl_log_mismatch FROM aisadilov;"
vatsvetkova;Цветкова Виктория Андреевна (Viktoriya Tsvetkova);aiszhl;zhl_log_mismatch;INSERT;EDW All AISZHL;"REVOKE INSERT ON aiszhl.zhl_log_mismatch FROM vatsvetkova;"
vatsvetkova;Цветкова Виктория Андреевна (Viktoriya Tsvetkova);aiszhl;zhl_log_mismatch;SELECT;EDW All AISZHL;"REVOKE SELECT ON aiszhl.zhl_log_mismatch FROM vatsvetkova;"
vatsvetkova;Цветкова Виктория Андреевна (Viktoriya Tsvetkova);aiszhl;zhl_log_mismatch;UPDATE;EDW All AISZHL;"REVOKE UPDATE ON aiszhl.zhl_log_mismatch FROM vatsvetkova;"
vatsvetkova;Цветкова Виктория Андреевна (Viktoriya Tsvetkova);aiszhl;zhl_log_mismatch;DELETE;EDW All AISZHL;"REVOKE DELETE ON aiszhl.zhl_log_mismatch FROM vatsvetkova;"
vatsvetkova;Цветкова Виктория Андреевна (Viktoriya Tsvetkova);aiszhl;zhl_log_mismatch;TRUNCATE;EDW All AISZHL;"REVOKE TRUNCATE ON aiszhl.zhl_log_mismatch FROM vatsvetkova;"
vatsvetkova;Цветкова Виктория Андреевна (Viktoriya Tsvetkova);aiszhl;zhl_log_mismatch;REFERENCES;EDW All AISZHL;"REVOKE REFERENCES ON aiszhl.zhl_log_mismatch FROM vatsvetkova;"
vatsvetkova;Цветкова Виктория Андреевна (Viktoriya Tsvetkova);aiszhl;zhl_log_mismatch;TRIGGER;EDW All AISZHL;"REVOKE TRIGGER ON aiszhl.zhl_log_mismatch FROM vatsvetkova;"
alvreus;Реус Александр Валерьевич (Aleksandr Reus);aiszhl;zhl_log_mismatch;INSERT;EDW All AISZHL;"REVOKE INSERT ON aiszhl.zhl_log_mismatch FROM alvreus;"
alvreus;Реус Александр Валерьевич (Aleksandr Reus);aiszhl;zhl_log_mismatch;SELECT;EDW All AISZHL;"REVOKE SELECT ON aiszhl.zhl_log_mismatch FROM alvreus;"
alvreus;Реус Александр Валерьевич (Aleksandr Reus);aiszhl;zhl_log_mismatch;UPDATE;EDW All AISZHL;"REVOKE UPDATE ON aiszhl.zhl_log_mismatch FROM alvreus;"
alvreus;Реус Александр Валерьевич (Aleksandr Reus);aiszhl;zhl_log_mismatch;DELETE;EDW All AISZHL;"REVOKE DELETE ON aiszhl.zhl_log_mismatch FROM alvreus;"
alvreus;Реус Александр Валерьевич (Aleksandr Reus);aiszhl;zhl_log_mismatch;TRUNCATE;EDW All AISZHL;"REVOKE TRUNCATE ON aiszhl.zhl_log_mismatch FROM alvreus;"
alvreus;Реус Александр Валерьевич (Aleksandr Reus);aiszhl;zhl_log_mismatch;REFERENCES;EDW All AISZHL;"REVOKE REFERENCES ON aiszhl.zhl_log_mismatch FROM alvreus;"
alvreus;Реус Александр Валерьевич (Aleksandr Reus);aiszhl;zhl_log_mismatch;TRIGGER;EDW All AISZHL;"REVOKE TRIGGER ON aiszhl.zhl_log_mismatch FROM alvreus;"
mpmashin;Машин Максим Павлович (Maksim Mashin);aiszhl;zhl_log_mismatch;INSERT;EDW All AISZHL;"REVOKE INSERT ON aiszhl.zhl_log_mismatch FROM mpmashin;"
mpmashin;Машин Максим Павлович (Maksim Mashin);aiszhl;zhl_log_mismatch;SELECT;EDW All AISZHL;"REVOKE SELECT ON aiszhl.zhl_log_mismatch FROM mpmashin;"
mpmashin;Машин Максим Павлович (Maksim Mashin);aiszhl;zhl_log_mismatch;UPDATE;EDW All AISZHL;"REVOKE UPDATE ON aiszhl.zhl_log_mismatch FROM mpmashin;"
mpmashin;Машин Максим Павлович (Maksim Mashin);aiszhl;zhl_log_mismatch;DELETE;EDW All AISZHL;"REVOKE DELETE ON aiszhl.zhl_log_mismatch FROM mpmashin;"
mpmashin;Машин Максим Павлович (Maksim Mashin);aiszhl;zhl_log_mismatch;TRUNCATE;EDW All AISZHL;"REVOKE TRUNCATE ON aiszhl.zhl_log_mismatch FROM mpmashin;"
mpmashin;Машин Максим Павлович (Maksim Mashin);aiszhl;zhl_log_mismatch;REFERENCES;EDW All AISZHL;"REVOKE REFERENCES ON aiszhl.zhl_log_mismatch FROM mpmashin;"
mpmashin;Машин Максим Павлович (Maksim Mashin);aiszhl;zhl_log_mismatch;TRIGGER;EDW All AISZHL;"REVOKE TRIGGER ON aiszhl.zhl_log_mismatch FROM mpmashin;"
aisadilov;Садилов Антон Игоревич (Anton Sadilov);aiszhl;zhl_request_policy_risk_preprod;SELECT;EDW Read AISZHL;"REVOKE SELECT ON aiszhl.zhl_request_policy_risk_preprod FROM aisadilov;"
vatsvetkova;Цветкова Виктория Андреевна (Viktoriya Tsvetkova);aiszhl;zhl_request_policy_risk_preprod;INSERT;EDW All AISZHL;"REVOKE INSERT ON aiszhl.zhl_request_policy_risk_preprod FROM vatsvetkova;"
vatsvetkova;Цветкова Виктория Андреевна (Viktoriya Tsvetkova);aiszhl;zhl_request_policy_risk_preprod;SELECT;EDW All AISZHL;"REVOKE SELECT ON aiszhl.zhl_request_policy_risk_preprod FROM vatsvetkova;"
vatsvetkova;Цветкова Виктория Андреевна (Viktoriya Tsvetkova);aiszhl;zhl_request_policy_risk_preprod;UPDATE;EDW All AISZHL;"REVOKE UPDATE ON aiszhl.zhl_request_policy_risk_preprod FROM vatsvetkova;"
vatsvetkova;Цветкова Виктория Андреевна (Viktoriya Tsvetkova);aiszhl;zhl_request_policy_risk_preprod;DELETE;EDW All AISZHL;"REVOKE DELETE ON aiszhl.zhl_request_policy_risk_preprod FROM vatsvetkova;"
vatsvetkova;Цветкова Виктория Андреевна (Viktoriya Tsvetkova);aiszhl;zhl_request_policy_risk_preprod;TRUNCATE;EDW All AISZHL;"REVOKE TRUNCATE ON aiszhl.zhl_request_policy_risk_preprod FROM vatsvetkova;"
vatsvetkova;Цветкова Виктория Андреевна (Viktoriya Tsvetkova);aiszhl;zhl_request_policy_risk_preprod;REFERENCES;EDW All AISZHL;"REVOKE REFERENCES ON aiszhl.zhl_request_policy_risk_preprod FROM vatsvetkova;"
vatsvetkova;Цветкова Виктория Андреевна (Viktoriya Tsvetkova);aiszhl;zhl_request_policy_risk_preprod;TRIGGER;EDW All AISZHL;"REVOKE TRIGGER ON aiszhl.zhl_request_policy_risk_preprod FROM vatsvetkova;"
alvreus;Реус Александр Валерьевич (Aleksandr Reus);aiszhl;zhl_request_policy_risk_preprod;INSERT;EDW All AISZHL;"REVOKE INSERT ON aiszhl.zhl_request_policy_risk_preprod FROM alvreus;"
alvreus;Реус Александр Валерьевич (Aleksandr Reus);aiszhl;zhl_request_policy_risk_preprod;SELECT;EDW All AISZHL;"REVOKE SELECT ON aiszhl.zhl_request_policy_risk_preprod FROM alvreus;"
alvreus;Реус Александр Валерьевич (Aleksandr Reus);aiszhl;zhl_request_policy_risk_preprod;UPDATE;EDW All AISZHL;"REVOKE UPDATE ON aiszhl.zhl_request_policy_risk_preprod FROM alvreus;"
alvreus;Реус Александр Валерьевич (Aleksandr Reus);aiszhl;zhl_request_policy_risk_preprod;DELETE;EDW All AISZHL;"REVOKE DELETE ON aiszhl.zhl_request_policy_risk_preprod FROM alvreus;"
alvreus;Реус Александр Валерьевич (Aleksandr Reus);aiszhl;zhl_request_policy_risk_preprod;TRUNCATE;EDW All AISZHL;"REVOKE TRUNCATE ON aiszhl.zhl_request_policy_risk_preprod FROM alvreus;"
alvreus;Реус Александр Валерьевич (Aleksandr Reus);aiszhl;zhl_request_policy_risk_preprod;REFERENCES;EDW All AISZHL;"REVOKE REFERENCES ON aiszhl.zhl_request_policy_risk_preprod FROM alvreus;"
alvreus;Реус Александр Валерьевич (Aleksandr Reus);aiszhl;zhl_request_policy_risk_preprod;TRIGGER;EDW All AISZHL;"REVOKE TRIGGER ON aiszhl.zhl_request_policy_risk_preprod FROM alvreus;"
mpmashin;Машин Максим Павлович (Maksim Mashin);aiszhl;zhl_request_policy_risk_preprod;INSERT;EDW All AISZHL;"REVOKE INSERT ON aiszhl.zhl_request_policy_risk_preprod FROM mpmashin;"
mpmashin;Машин Максим Павлович (Maksim Mashin);aiszhl;zhl_request_policy_risk_preprod;SELECT;EDW All AISZHL;"REVOKE SELECT ON aiszhl.zhl_request_policy_risk_preprod FROM mpmashin;"
mpmashin;Машин Максим Павлович (Maksim Mashin);aiszhl;zhl_request_policy_risk_preprod;UPDATE;EDW All AISZHL;"REVOKE UPDATE ON aiszhl.zhl_request_policy_risk_preprod FROM mpmashin;"
mpmashin;Машин Максим Павлович (Maksim Mashin);aiszhl;zhl_request_policy_risk_preprod;DELETE;EDW All AISZHL;"REVOKE DELETE ON aiszhl.zhl_request_policy_risk_preprod FROM mpmashin;"
mpmashin;Машин Максим Павлович (Maksim Mashin);aiszhl;zhl_request_policy_risk_preprod;TRUNCATE;EDW All AISZHL;"REVOKE TRUNCATE ON aiszhl.zhl_request_policy_risk_preprod FROM mpmashin;"
mpmashin;Машин Максим Павлович (Maksim Mashin);aiszhl;zhl_request_policy_risk_preprod;REFERENCES;EDW All AISZHL;"REVOKE REFERENCES ON aiszhl.zhl_request_policy_risk_preprod FROM mpmashin;"
mpmashin;Машин Максим Павлович (Maksim Mashin);aiszhl;zhl_request_policy_risk_preprod;TRIGGER;EDW All AISZHL;"REVOKE TRIGGER ON aiszhl.zhl_request_policy_risk_preprod FROM mpmashin;"
aisadilov;Садилов Антон Игоревич (Anton Sadilov);aiszhl;zhl_where_table_gwpc;SELECT;EDW Read AISZHL;"REVOKE SELECT ON aiszhl.zhl_where_table_gwpc FROM aisadilov;"
vatsvetkova;Цветкова Виктория Андреевна (Viktoriya Tsvetkova);aiszhl;zhl_where_table_gwpc;INSERT;EDW All AISZHL;"REVOKE INSERT ON aiszhl.zhl_where_table_gwpc FROM vatsvetkova;"
vatsvetkova;Цветкова Виктория Андреевна (Viktoriya Tsvetkova);aiszhl;zhl_where_table_gwpc;SELECT;EDW All AISZHL;"REVOKE SELECT ON aiszhl.zhl_where_table_gwpc FROM vatsvetkova;"
vatsvetkova;Цветкова Виктория Андреевна (Viktoriya Tsvetkova);aiszhl;zhl_where_table_gwpc;UPDATE;EDW All AISZHL;"REVOKE UPDATE ON aiszhl.zhl_where_table_gwpc FROM vatsvetkova;"
vatsvetkova;Цветкова Виктория Андреевна (Viktoriya Tsvetkova);aiszhl;zhl_where_table_gwpc;DELETE;EDW All AISZHL;"REVOKE DELETE ON aiszhl.zhl_where_table_gwpc FROM vatsvetkova;"
vatsvetkova;Цветкова Виктория Андреевна (Viktoriya Tsvetkova);aiszhl;zhl_where_table_gwpc;TRUNCATE;EDW All AISZHL;"REVOKE TRUNCATE ON aiszhl.zhl_where_table_gwpc FROM vatsvetkova;"
vatsvetkova;Цветкова Виктория Андреевна (Viktoriya Tsvetkova);aiszhl;zhl_where_table_gwpc;REFERENCES;EDW All AISZHL;"REVOKE REFERENCES ON aiszhl.zhl_where_table_gwpc FROM vatsvetkova;"
vatsvetkova;Цветкова Виктория Андреевна (Viktoriya Tsvetkova);aiszhl;zhl_where_table_gwpc;TRIGGER;EDW All AISZHL;"REVOKE TRIGGER ON aiszhl.zhl_where_table_gwpc FROM vatsvetkova;"
alvreus;Реус Александр Валерьевич (Aleksandr Reus);aiszhl;zhl_where_table_gwpc;INSERT;EDW All AISZHL;"REVOKE INSERT ON aiszhl.zhl_where_table_gwpc FROM alvreus;"
alvreus;Реус Александр Валерьевич (Aleksandr Reus);aiszhl;zhl_where_table_gwpc;SELECT;EDW All AISZHL;"REVOKE SELECT ON aiszhl.zhl_where_table_gwpc FROM alvreus;"
alvreus;Реус Александр Валерьевич (Aleksandr Reus);aiszhl;zhl_where_table_gwpc;UPDATE;EDW All AISZHL;"REVOKE UPDATE ON aiszhl.zhl_where_table_gwpc FROM alvreus;"
alvreus;Реус Александр Валерьевич (Aleksandr Reus);aiszhl;zhl_where_table_gwpc;DELETE;EDW All AISZHL;"REVOKE DELETE ON aiszhl.zhl_where_table_gwpc FROM alvreus;"
alvreus;Реус Александр Валерьевич (Aleksandr Reus);aiszhl;zhl_where_table_gwpc;TRUNCATE;EDW All AISZHL;"REVOKE TRUNCATE ON aiszhl.zhl_where_table_gwpc FROM alvreus;"
alvreus;Реус Александр Валерьевич (Aleksandr Reus);aiszhl;zhl_where_table_gwpc;REFERENCES;EDW All AISZHL;"REVOKE REFERENCES ON aiszhl.zhl_where_table_gwpc FROM alvreus;"
alvreus;Реус Александр Валерьевич (Aleksandr Reus);aiszhl;zhl_where_table_gwpc;TRIGGER;EDW All AISZHL;"REVOKE TRIGGER ON aiszhl.zhl_where_table_gwpc FROM alvreus;"
mpmashin;Машин Максим Павлович (Maksim Mashin);aiszhl;zhl_where_table_gwpc;INSERT;EDW All AISZHL;"REVOKE INSERT ON aiszhl.zhl_where_table_gwpc FROM mpmashin;"
mpmashin;Машин Максим Павлович (Maksim Mashin);aiszhl;zhl_where_table_gwpc;SELECT;EDW All AISZHL;"REVOKE SELECT ON aiszhl.zhl_where_table_gwpc FROM mpmashin;"
mpmashin;Машин Максим Павлович (Maksim Mashin);aiszhl;zhl_where_table_gwpc;UPDATE;EDW All AISZHL;"REVOKE UPDATE ON aiszhl.zhl_where_table_gwpc FROM mpmashin;"
mpmashin;Машин Максим Павлович (Maksim Mashin);aiszhl;zhl_where_table_gwpc;DELETE;EDW All AISZHL;"REVOKE DELETE ON aiszhl.zhl_where_table_gwpc FROM mpmashin;"
mpmashin;Машин Максим Павлович (Maksim Mashin);aiszhl;zhl_where_table_gwpc;TRUNCATE;EDW All AISZHL;"REVOKE TRUNCATE ON aiszhl.zhl_where_table_gwpc FROM mpmashin;"
mpmashin;Машин Максим Павлович (Maksim Mashin);aiszhl;zhl_where_table_gwpc;REFERENCES;EDW All AISZHL;"REVOKE REFERENCES ON aiszhl.zhl_where_table_gwpc FROM mpmashin;"
mpmashin;Машин Максим Павлович (Maksim Mashin);aiszhl;zhl_where_table_gwpc;TRIGGER;EDW All AISZHL;"REVOKE TRIGGER ON aiszhl.zhl_where_table_gwpc FROM mpmashin;"
aisadilov;Садилов Антон Игоревич (Anton Sadilov);aiszhl;zhl_contract_link_preprod;SELECT;EDW Read AISZHL;"REVOKE SELECT ON aiszhl.zhl_contract_link_preprod FROM aisadilov;"
vatsvetkova;Цветкова Виктория Андреевна (Viktoriya Tsvetkova);aiszhl;zhl_contract_link_preprod;INSERT;EDW All AISZHL;"REVOKE INSERT ON aiszhl.zhl_contract_link_preprod FROM vatsvetkova;"
vatsvetkova;Цветкова Виктория Андреевна (Viktoriya Tsvetkova);aiszhl;zhl_contract_link_preprod;SELECT;EDW All AISZHL;"REVOKE SELECT ON aiszhl.zhl_contract_link_preprod FROM vatsvetkova;"
vatsvetkova;Цветкова Виктория Андреевна (Viktoriya Tsvetkova);aiszhl;zhl_contract_link_preprod;UPDATE;EDW All AISZHL;"REVOKE UPDATE ON aiszhl.zhl_contract_link_preprod FROM vatsvetkova;"
vatsvetkova;Цветкова Виктория Андреевна (Viktoriya Tsvetkova);aiszhl;zhl_contract_link_preprod;DELETE;EDW All AISZHL;"REVOKE DELETE ON aiszhl.zhl_contract_link_preprod FROM vatsvetkova;"
vatsvetkova;Цветкова Виктория Андреевна (Viktoriya Tsvetkova);aiszhl;zhl_contract_link_preprod;TRUNCATE;EDW All AISZHL;"REVOKE TRUNCATE ON aiszhl.zhl_contract_link_preprod FROM vatsvetkova;"
vatsvetkova;Цветкова Виктория Андреевна (Viktoriya Tsvetkova);aiszhl;zhl_contract_link_preprod;REFERENCES;EDW All AISZHL;"REVOKE REFERENCES ON aiszhl.zhl_contract_link_preprod FROM vatsvetkova;"
vatsvetkova;Цветкова Виктория Андреевна (Viktoriya Tsvetkova);aiszhl;zhl_contract_link_preprod;TRIGGER;EDW All AISZHL;"REVOKE TRIGGER ON aiszhl.zhl_contract_link_preprod FROM vatsvetkova;"
alvreus;Реус Александр Валерьевич (Aleksandr Reus);aiszhl;zhl_contract_link_preprod;INSERT;EDW All AISZHL;"REVOKE INSERT ON aiszhl.zhl_contract_link_preprod FROM alvreus;"
alvreus;Реус Александр Валерьевич (Aleksandr Reus);aiszhl;zhl_contract_link_preprod;SELECT;EDW All AISZHL;"REVOKE SELECT ON aiszhl.zhl_contract_link_preprod FROM alvreus;"
alvreus;Реус Александр Валерьевич (Aleksandr Reus);aiszhl;zhl_contract_link_preprod;UPDATE;EDW All AISZHL;"REVOKE UPDATE ON aiszhl.zhl_contract_link_preprod FROM alvreus;"
alvreus;Реус Александр Валерьевич (Aleksandr Reus);aiszhl;zhl_contract_link_preprod;DELETE;EDW All AISZHL;"REVOKE DELETE ON aiszhl.zhl_contract_link_preprod FROM alvreus;"
alvreus;Реус Александр Валерьевич (Aleksandr Reus);aiszhl;zhl_contract_link_preprod;TRUNCATE;EDW All AISZHL;"REVOKE TRUNCATE ON aiszhl.zhl_contract_link_preprod FROM alvreus;"
alvreus;Реус Александр Валерьевич (Aleksandr Reus);aiszhl;zhl_contract_link_preprod;REFERENCES;EDW All AISZHL;"REVOKE REFERENCES ON aiszhl.zhl_contract_link_preprod FROM alvreus;"
alvreus;Реус Александр Валерьевич (Aleksandr Reus);aiszhl;zhl_contract_link_preprod;TRIGGER;EDW All AISZHL;"REVOKE TRIGGER ON aiszhl.zhl_contract_link_preprod FROM alvreus;"
mpmashin;Машин Максим Павлович (Maksim Mashin);aiszhl;zhl_contract_link_preprod;INSERT;EDW All AISZHL;"REVOKE INSERT ON aiszhl.zhl_contract_link_preprod FROM mpmashin;"
mpmashin;Машин Максим Павлович (Maksim Mashin);aiszhl;zhl_contract_link_preprod;SELECT;EDW All AISZHL;"REVOKE SELECT ON aiszhl.zhl_contract_link_preprod FROM mpmashin;"
mpmashin;Машин Максим Павлович (Maksim Mashin);aiszhl;zhl_contract_link_preprod;UPDATE;EDW All AISZHL;"REVOKE UPDATE ON aiszhl.zhl_contract_link_preprod FROM mpmashin;"
mpmashin;Машин Максим Павлович (Maksim Mashin);aiszhl;zhl_contract_link_preprod;DELETE;EDW All AISZHL;"REVOKE DELETE ON aiszhl.zhl_contract_link_preprod FROM mpmashin;"
mpmashin;Машин Максим Павлович (Maksim Mashin);aiszhl;zhl_contract_link_preprod;TRUNCATE;EDW All AISZHL;"REVOKE TRUNCATE ON aiszhl.zhl_contract_link_preprod FROM mpmashin;"
mpmashin;Машин Максим Павлович (Maksim Mashin);aiszhl;zhl_contract_link_preprod;REFERENCES;EDW All AISZHL;"REVOKE REFERENCES ON aiszhl.zhl_contract_link_preprod FROM mpmashin;"
mpmashin;Машин Максим Павлович (Maksim Mashin);aiszhl;zhl_contract_link_preprod;TRIGGER;EDW All AISZHL;"REVOKE TRIGGER ON aiszhl.zhl_contract_link_preprod FROM mpmashin;"
aisadilov;Садилов Антон Игоревич (Anton Sadilov);aiszhl;zhl_request_payment_preprod;SELECT;EDW Read AISZHL;"REVOKE SELECT ON aiszhl.zhl_request_payment_preprod FROM aisadilov;"
vatsvetkova;Цветкова Виктория Андреевна (Viktoriya Tsvetkova);aiszhl;zhl_request_payment_preprod;INSERT;EDW All AISZHL;"REVOKE INSERT ON aiszhl.zhl_request_payment_preprod FROM vatsvetkova;"
vatsvetkova;Цветкова Виктория Андреевна (Viktoriya Tsvetkova);aiszhl;zhl_request_payment_preprod;SELECT;EDW All AISZHL;"REVOKE SELECT ON aiszhl.zhl_request_payment_preprod FROM vatsvetkova;"
vatsvetkova;Цветкова Виктория Андреевна (Viktoriya Tsvetkova);aiszhl;zhl_request_payment_preprod;UPDATE;EDW All AISZHL;"REVOKE UPDATE ON aiszhl.zhl_request_payment_preprod FROM vatsvetkova;"
vatsvetkova;Цветкова Виктория Андреевна (Viktoriya Tsvetkova);aiszhl;zhl_request_payment_preprod;DELETE;EDW All AISZHL;"REVOKE DELETE ON aiszhl.zhl_request_payment_preprod FROM vatsvetkova;"
vatsvetkova;Цветкова Виктория Андреевна (Viktoriya Tsvetkova);aiszhl;zhl_request_payment_preprod;TRUNCATE;EDW All AISZHL;"REVOKE TRUNCATE ON aiszhl.zhl_request_payment_preprod FROM vatsvetkova;"
vatsvetkova;Цветкова Виктория Андреевна (Viktoriya Tsvetkova);aiszhl;zhl_request_payment_preprod;REFERENCES;EDW All AISZHL;"REVOKE REFERENCES ON aiszhl.zhl_request_payment_preprod FROM vatsvetkova;"
vatsvetkova;Цветкова Виктория Андреевна (Viktoriya Tsvetkova);aiszhl;zhl_request_payment_preprod;TRIGGER;EDW All AISZHL;"REVOKE TRIGGER ON aiszhl.zhl_request_payment_preprod FROM vatsvetkova;"
alvreus;Реус Александр Валерьевич (Aleksandr Reus);aiszhl;zhl_request_payment_preprod;INSERT;EDW All AISZHL;"REVOKE INSERT ON aiszhl.zhl_request_payment_preprod FROM alvreus;"
alvreus;Реус Александр Валерьевич (Aleksandr Reus);aiszhl;zhl_request_payment_preprod;SELECT;EDW All AISZHL;"REVOKE SELECT ON aiszhl.zhl_request_payment_preprod FROM alvreus;"
alvreus;Реус Александр Валерьевич (Aleksandr Reus);aiszhl;zhl_request_payment_preprod;UPDATE;EDW All AISZHL;"REVOKE UPDATE ON aiszhl.zhl_request_payment_preprod FROM alvreus;"
alvreus;Реус Александр Валерьевич (Aleksandr Reus);aiszhl;zhl_request_payment_preprod;DELETE;EDW All AISZHL;"REVOKE DELETE ON aiszhl.zhl_request_payment_preprod FROM alvreus;"
alvreus;Реус Александр Валерьевич (Aleksandr Reus);aiszhl;zhl_request_payment_preprod;TRUNCATE;EDW All AISZHL;"REVOKE TRUNCATE ON aiszhl.zhl_request_payment_preprod FROM alvreus;"
alvreus;Реус Александр Валерьевич (Aleksandr Reus);aiszhl;zhl_request_payment_preprod;REFERENCES;EDW All AISZHL;"REVOKE REFERENCES ON aiszhl.zhl_request_payment_preprod FROM alvreus;"
alvreus;Реус Александр Валерьевич (Aleksandr Reus);aiszhl;zhl_request_payment_preprod;TRIGGER;EDW All AISZHL;"REVOKE TRIGGER ON aiszhl.zhl_request_payment_preprod FROM alvreus;"
mpmashin;Машин Максим Павлович (Maksim Mashin);aiszhl;zhl_request_payment_preprod;INSERT;EDW All AISZHL;"REVOKE INSERT ON aiszhl.zhl_request_payment_preprod FROM mpmashin;"
mpmashin;Машин Максим Павлович (Maksim Mashin);aiszhl;zhl_request_payment_preprod;SELECT;EDW All AISZHL;"REVOKE SELECT ON aiszhl.zhl_request_payment_preprod FROM mpmashin;"
mpmashin;Машин Максим Павлович (Maksim Mashin);aiszhl;zhl_request_payment_preprod;UPDATE;EDW All AISZHL;"REVOKE UPDATE ON aiszhl.zhl_request_payment_preprod FROM mpmashin;"
mpmashin;Машин Максим Павлович (Maksim Mashin);aiszhl;zhl_request_payment_preprod;DELETE;EDW All AISZHL;"REVOKE DELETE ON aiszhl.zhl_request_payment_preprod FROM mpmashin;"
mpmashin;Машин Максим Павлович (Maksim Mashin);aiszhl;zhl_request_payment_preprod;TRUNCATE;EDW All AISZHL;"REVOKE TRUNCATE ON aiszhl.zhl_request_payment_preprod FROM mpmashin;"
mpmashin;Машин Максим Павлович (Maksim Mashin);aiszhl;zhl_request_payment_preprod;REFERENCES;EDW All AISZHL;"REVOKE REFERENCES ON aiszhl.zhl_request_payment_preprod FROM mpmashin;"
mpmashin;Машин Максим Павлович (Maksim Mashin);aiszhl;zhl_request_payment_preprod;TRIGGER;EDW All AISZHL;"REVOKE TRIGGER ON aiszhl.zhl_request_payment_preprod FROM mpmashin;"
mpmashin;Машин Максим Павлович (Maksim Mashin);property;tmp_fas_osago_dob_fin_send;INSERT;EDW All Property;"REVOKE INSERT ON property.tmp_fas_osago_dob_fin_send FROM mpmashin;"
mpmashin;Машин Максим Павлович (Maksim Mashin);property;tmp_fas_osago_dob_fin_send;SELECT;EDW All Property;"REVOKE SELECT ON property.tmp_fas_osago_dob_fin_send FROM mpmashin;"
mpmashin;Машин Максим Павлович (Maksim Mashin);property;tmp_fas_osago_dob_fin_send;UPDATE;EDW All Property;"REVOKE UPDATE ON property.tmp_fas_osago_dob_fin_send FROM mpmashin;"
mpmashin;Машин Максим Павлович (Maksim Mashin);property;tmp_fas_osago_dob_fin_send;DELETE;EDW All Property;"REVOKE DELETE ON property.tmp_fas_osago_dob_fin_send FROM mpmashin;"
mpmashin;Машин Максим Павлович (Maksim Mashin);property;tmp_fas_osago_dob_fin_send;TRUNCATE;EDW All Property;"REVOKE TRUNCATE ON property.tmp_fas_osago_dob_fin_send FROM mpmashin;"
mpmashin;Машин Максим Павлович (Maksim Mashin);property;tmp_fas_osago_dob_fin_send;REFERENCES;EDW All Property;"REVOKE REFERENCES ON property.tmp_fas_osago_dob_fin_send FROM mpmashin;"
mpmashin;Машин Максим Павлович (Maksim Mashin);property;tmp_fas_osago_dob_fin_send;TRIGGER;EDW All Property;"REVOKE TRIGGER ON property.tmp_fas_osago_dob_fin_send FROM mpmashin;"
aisadilov;Садилов Антон Игоревич (Anton Sadilov);aiszhl;zhl_log_request;SELECT;EDW Read AISZHL;"REVOKE SELECT ON aiszhl.zhl_log_request FROM aisadilov;"
vatsvetkova;Цветкова Виктория Андреевна (Viktoriya Tsvetkova);aiszhl;zhl_log_request;INSERT;EDW All AISZHL;"REVOKE INSERT ON aiszhl.zhl_log_request FROM vatsvetkova;"
vatsvetkova;Цветкова Виктория Андреевна (Viktoriya Tsvetkova);aiszhl;zhl_log_request;SELECT;EDW All AISZHL;"REVOKE SELECT ON aiszhl.zhl_log_request FROM vatsvetkova;"
vatsvetkova;Цветкова Виктория Андреевна (Viktoriya Tsvetkova);aiszhl;zhl_log_request;UPDATE;EDW All AISZHL;"REVOKE UPDATE ON aiszhl.zhl_log_request FROM vatsvetkova;"
vatsvetkova;Цветкова Виктория Андреевна (Viktoriya Tsvetkova);aiszhl;zhl_log_request;DELETE;EDW All AISZHL;"REVOKE DELETE ON aiszhl.zhl_log_request FROM vatsvetkova;"
vatsvetkova;Цветкова Виктория Андреевна (Viktoriya Tsvetkova);aiszhl;zhl_log_request;TRUNCATE;EDW All AISZHL;"REVOKE TRUNCATE ON aiszhl.zhl_log_request FROM vatsvetkova;"
vatsvetkova;Цветкова Виктория Андреевна (Viktoriya Tsvetkova);aiszhl;zhl_log_request;REFERENCES;EDW All AISZHL;"REVOKE REFERENCES ON aiszhl.zhl_log_request FROM vatsvetkova;"
vatsvetkova;Цветкова Виктория Андреевна (Viktoriya Tsvetkova);aiszhl;zhl_log_request;TRIGGER;EDW All AISZHL;"REVOKE TRIGGER ON aiszhl.zhl_log_request FROM vatsvetkova;"
alvreus;Реус Александр Валерьевич (Aleksandr Reus);aiszhl;zhl_log_request;INSERT;EDW All AISZHL;"REVOKE INSERT ON aiszhl.zhl_log_request FROM alvreus;"
alvreus;Реус Александр Валерьевич (Aleksandr Reus);aiszhl;zhl_log_request;SELECT;EDW All AISZHL;"REVOKE SELECT ON aiszhl.zhl_log_request FROM alvreus;"
alvreus;Реус Александр Валерьевич (Aleksandr Reus);aiszhl;zhl_log_request;UPDATE;EDW All AISZHL;"REVOKE UPDATE ON aiszhl.zhl_log_request FROM alvreus;"
alvreus;Реус Александр Валерьевич (Aleksandr Reus);aiszhl;zhl_log_request;DELETE;EDW All AISZHL;"REVOKE DELETE ON aiszhl.zhl_log_request FROM alvreus;"
alvreus;Реус Александр Валерьевич (Aleksandr Reus);aiszhl;zhl_log_request;TRUNCATE;EDW All AISZHL;"REVOKE TRUNCATE ON aiszhl.zhl_log_request FROM alvreus;"
alvreus;Реус Александр Валерьевич (Aleksandr Reus);aiszhl;zhl_log_request;REFERENCES;EDW All AISZHL;"REVOKE REFERENCES ON aiszhl.zhl_log_request FROM alvreus;"
alvreus;Реус Александр Валерьевич (Aleksandr Reus);aiszhl;zhl_log_request;TRIGGER;EDW All AISZHL;"REVOKE TRIGGER ON aiszhl.zhl_log_request FROM alvreus;"
mpmashin;Машин Максим Павлович (Maksim Mashin);aiszhl;zhl_log_request;INSERT;EDW All AISZHL;"REVOKE INSERT ON aiszhl.zhl_log_request FROM mpmashin;"
mpmashin;Машин Максим Павлович (Maksim Mashin);aiszhl;zhl_log_request;SELECT;EDW All AISZHL;"REVOKE SELECT ON aiszhl.zhl_log_request FROM mpmashin;"
mpmashin;Машин Максим Павлович (Maksim Mashin);aiszhl;zhl_log_request;UPDATE;EDW All AISZHL;"REVOKE UPDATE ON aiszhl.zhl_log_request FROM mpmashin;"
mpmashin;Машин Максим Павлович (Maksim Mashin);aiszhl;zhl_log_request;DELETE;EDW All AISZHL;"REVOKE DELETE ON aiszhl.zhl_log_request FROM mpmashin;"
mpmashin;Машин Максим Павлович (Maksim Mashin);aiszhl;zhl_log_request;TRUNCATE;EDW All AISZHL;"REVOKE TRUNCATE ON aiszhl.zhl_log_request FROM mpmashin;"
mpmashin;Машин Максим Павлович (Maksim Mashin);aiszhl;zhl_log_request;REFERENCES;EDW All AISZHL;"REVOKE REFERENCES ON aiszhl.zhl_log_request FROM mpmashin;"
mpmashin;Машин Максим Павлович (Maksim Mashin);aiszhl;zhl_log_request;TRIGGER;EDW All AISZHL;"REVOKE TRIGGER ON aiszhl.zhl_log_request FROM mpmashin;"
aisadilov;Садилов Антон Игоревич (Anton Sadilov);aiszhl;zhl_log_mismatch_preprod;SELECT;EDW Read AISZHL;"REVOKE SELECT ON aiszhl.zhl_log_mismatch_preprod FROM aisadilov;"
vatsvetkova;Цветкова Виктория Андреевна (Viktoriya Tsvetkova);aiszhl;zhl_log_mismatch_preprod;INSERT;EDW All AISZHL;"REVOKE INSERT ON aiszhl.zhl_log_mismatch_preprod FROM vatsvetkova;"
vatsvetkova;Цветкова Виктория Андреевна (Viktoriya Tsvetkova);aiszhl;zhl_log_mismatch_preprod;SELECT;EDW All AISZHL;"REVOKE SELECT ON aiszhl.zhl_log_mismatch_preprod FROM vatsvetkova;"
vatsvetkova;Цветкова Виктория Андреевна (Viktoriya Tsvetkova);aiszhl;zhl_log_mismatch_preprod;UPDATE;EDW All AISZHL;"REVOKE UPDATE ON aiszhl.zhl_log_mismatch_preprod FROM vatsvetkova;"
vatsvetkova;Цветкова Виктория Андреевна (Viktoriya Tsvetkova);aiszhl;zhl_log_mismatch_preprod;DELETE;EDW All AISZHL;"REVOKE DELETE ON aiszhl.zhl_log_mismatch_preprod FROM vatsvetkova;"
vatsvetkova;Цветкова Виктория Андреевна (Viktoriya Tsvetkova);aiszhl;zhl_log_mismatch_preprod;TRUNCATE;EDW All AISZHL;"REVOKE TRUNCATE ON aiszhl.zhl_log_mismatch_preprod FROM vatsvetkova;"
vatsvetkova;Цветкова Виктория Андреевна (Viktoriya Tsvetkova);aiszhl;zhl_log_mismatch_preprod;REFERENCES;EDW All AISZHL;"REVOKE REFERENCES ON aiszhl.zhl_log_mismatch_preprod FROM vatsvetkova;"
vatsvetkova;Цветкова Виктория Андреевна (Viktoriya Tsvetkova);aiszhl;zhl_log_mismatch_preprod;TRIGGER;EDW All AISZHL;"REVOKE TRIGGER ON aiszhl.zhl_log_mismatch_preprod FROM vatsvetkova;"
alvreus;Реус Александр Валерьевич (Aleksandr Reus);aiszhl;zhl_log_mismatch_preprod;INSERT;EDW All AISZHL;"REVOKE INSERT ON aiszhl.zhl_log_mismatch_preprod FROM alvreus;"
alvreus;Реус Александр Валерьевич (Aleksandr Reus);aiszhl;zhl_log_mismatch_preprod;SELECT;EDW All AISZHL;"REVOKE SELECT ON aiszhl.zhl_log_mismatch_preprod FROM alvreus;"
alvreus;Реус Александр Валерьевич (Aleksandr Reus);aiszhl;zhl_log_mismatch_preprod;UPDATE;EDW All AISZHL;"REVOKE UPDATE ON aiszhl.zhl_log_mismatch_preprod FROM alvreus;"
alvreus;Реус Александр Валерьевич (Aleksandr Reus);aiszhl;zhl_log_mismatch_preprod;DELETE;EDW All AISZHL;"REVOKE DELETE ON aiszhl.zhl_log_mismatch_preprod FROM alvreus;"
alvreus;Реус Александр Валерьевич (Aleksandr Reus);aiszhl;zhl_log_mismatch_preprod;TRUNCATE;EDW All AISZHL;"REVOKE TRUNCATE ON aiszhl.zhl_log_mismatch_preprod FROM alvreus;"
alvreus;Реус Александр Валерьевич (Aleksandr Reus);aiszhl;zhl_log_mismatch_preprod;REFERENCES;EDW All AISZHL;"REVOKE REFERENCES ON aiszhl.zhl_log_mismatch_preprod FROM alvreus;"
alvreus;Реус Александр Валерьевич (Aleksandr Reus);aiszhl;zhl_log_mismatch_preprod;TRIGGER;EDW All AISZHL;"REVOKE TRIGGER ON aiszhl.zhl_log_mismatch_preprod FROM alvreus;"
mpmashin;Машин Максим Павлович (Maksim Mashin);aiszhl;zhl_log_mismatch_preprod;INSERT;EDW All AISZHL;"REVOKE INSERT ON aiszhl.zhl_log_mismatch_preprod FROM mpmashin;"
mpmashin;Машин Максим Павлович (Maksim Mashin);aiszhl;zhl_log_mismatch_preprod;SELECT;EDW All AISZHL;"REVOKE SELECT ON aiszhl.zhl_log_mismatch_preprod FROM mpmashin;"
mpmashin;Машин Максим Павлович (Maksim Mashin);aiszhl;zhl_log_mismatch_preprod;UPDATE;EDW All AISZHL;"REVOKE UPDATE ON aiszhl.zhl_log_mismatch_preprod FROM mpmashin;"
mpmashin;Машин Максим Павлович (Maksim Mashin);aiszhl;zhl_log_mismatch_preprod;DELETE;EDW All AISZHL;"REVOKE DELETE ON aiszhl.zhl_log_mismatch_preprod FROM mpmashin;"
mpmashin;Машин Максим Павлович (Maksim Mashin);aiszhl;zhl_log_mismatch_preprod;TRUNCATE;EDW All AISZHL;"REVOKE TRUNCATE ON aiszhl.zhl_log_mismatch_preprod FROM mpmashin;"
mpmashin;Машин Максим Павлович (Maksim Mashin);aiszhl;zhl_log_mismatch_preprod;REFERENCES;EDW All AISZHL;"REVOKE REFERENCES ON aiszhl.zhl_log_mismatch_preprod FROM mpmashin;"
mpmashin;Машин Максим Павлович (Maksim Mashin);aiszhl;zhl_log_mismatch_preprod;TRIGGER;EDW All AISZHL;"REVOKE TRIGGER ON aiszhl.zhl_log_mismatch_preprod FROM mpmashin;"
aisadilov;Садилов Антон Игоревич (Anton Sadilov);aiszhl;zhl_contract_link;SELECT;EDW Read AISZHL;"REVOKE SELECT ON aiszhl.zhl_contract_link FROM aisadilov;"
vatsvetkova;Цветкова Виктория Андреевна (Viktoriya Tsvetkova);aiszhl;zhl_contract_link;INSERT;EDW All AISZHL;"REVOKE INSERT ON aiszhl.zhl_contract_link FROM vatsvetkova;"
vatsvetkova;Цветкова Виктория Андреевна (Viktoriya Tsvetkova);aiszhl;zhl_contract_link;SELECT;EDW All AISZHL;"REVOKE SELECT ON aiszhl.zhl_contract_link FROM vatsvetkova;"
vatsvetkova;Цветкова Виктория Андреевна (Viktoriya Tsvetkova);aiszhl;zhl_contract_link;UPDATE;EDW All AISZHL;"REVOKE UPDATE ON aiszhl.zhl_contract_link FROM vatsvetkova;"
vatsvetkova;Цветкова Виктория Андреевна (Viktoriya Tsvetkova);aiszhl;zhl_contract_link;DELETE;EDW All AISZHL;"REVOKE DELETE ON aiszhl.zhl_contract_link FROM vatsvetkova;"
vatsvetkova;Цветкова Виктория Андреевна (Viktoriya Tsvetkova);aiszhl;zhl_contract_link;TRUNCATE;EDW All AISZHL;"REVOKE TRUNCATE ON aiszhl.zhl_contract_link FROM vatsvetkova;"
vatsvetkova;Цветкова Виктория Андреевна (Viktoriya Tsvetkova);aiszhl;zhl_contract_link;REFERENCES;EDW All AISZHL;"REVOKE REFERENCES ON aiszhl.zhl_contract_link FROM vatsvetkova;"
vatsvetkova;Цветкова Виктория Андреевна (Viktoriya Tsvetkova);aiszhl;zhl_contract_link;TRIGGER;EDW All AISZHL;"REVOKE TRIGGER ON aiszhl.zhl_contract_link FROM vatsvetkova;"
alvreus;Реус Александр Валерьевич (Aleksandr Reus);aiszhl;zhl_contract_link;INSERT;EDW All AISZHL;"REVOKE INSERT ON aiszhl.zhl_contract_link FROM alvreus;"
alvreus;Реус Александр Валерьевич (Aleksandr Reus);aiszhl;zhl_contract_link;SELECT;EDW All AISZHL;"REVOKE SELECT ON aiszhl.zhl_contract_link FROM alvreus;"
alvreus;Реус Александр Валерьевич (Aleksandr Reus);aiszhl;zhl_contract_link;UPDATE;EDW All AISZHL;"REVOKE UPDATE ON aiszhl.zhl_contract_link FROM alvreus;"
alvreus;Реус Александр Валерьевич (Aleksandr Reus);aiszhl;zhl_contract_link;DELETE;EDW All AISZHL;"REVOKE DELETE ON aiszhl.zhl_contract_link FROM alvreus;"
alvreus;Реус Александр Валерьевич (Aleksandr Reus);aiszhl;zhl_contract_link;TRUNCATE;EDW All AISZHL;"REVOKE TRUNCATE ON aiszhl.zhl_contract_link FROM alvreus;"
alvreus;Реус Александр Валерьевич (Aleksandr Reus);aiszhl;zhl_contract_link;REFERENCES;EDW All AISZHL;"REVOKE REFERENCES ON aiszhl.zhl_contract_link FROM alvreus;"
alvreus;Реус Александр Валерьевич (Aleksandr Reus);aiszhl;zhl_contract_link;TRIGGER;EDW All AISZHL;"REVOKE TRIGGER ON aiszhl.zhl_contract_link FROM alvreus;"
mpmashin;Машин Максим Павлович (Maksim Mashin);aiszhl;zhl_contract_link;INSERT;EDW All AISZHL;"REVOKE INSERT ON aiszhl.zhl_contract_link FROM mpmashin;"
mpmashin;Машин Максим Павлович (Maksim Mashin);aiszhl;zhl_contract_link;SELECT;EDW All AISZHL;"REVOKE SELECT ON aiszhl.zhl_contract_link FROM mpmashin;"
mpmashin;Машин Максим Павлович (Maksim Mashin);aiszhl;zhl_contract_link;UPDATE;EDW All AISZHL;"REVOKE UPDATE ON aiszhl.zhl_contract_link FROM mpmashin;"
mpmashin;Машин Максим Павлович (Maksim Mashin);aiszhl;zhl_contract_link;DELETE;EDW All AISZHL;"REVOKE DELETE ON aiszhl.zhl_contract_link FROM mpmashin;"
mpmashin;Машин Максим Павлович (Maksim Mashin);aiszhl;zhl_contract_link;TRUNCATE;EDW All AISZHL;"REVOKE TRUNCATE ON aiszhl.zhl_contract_link FROM mpmashin;"
mpmashin;Машин Максим Павлович (Maksim Mashin);aiszhl;zhl_contract_link;REFERENCES;EDW All AISZHL;"REVOKE REFERENCES ON aiszhl.zhl_contract_link FROM mpmashin;"
mpmashin;Машин Максим Павлович (Maksim Mashin);aiszhl;zhl_contract_link;TRIGGER;EDW All AISZHL;"REVOKE TRIGGER ON aiszhl.zhl_contract_link FROM mpmashin;"
aatokolova;Токолова Алина Александровна (Alina Tokolova);cdm_analysis_out;dvs_quotessearch_vehicle_types;SELECT;EDW Read Cdm Analysis Out;"REVOKE SELECT ON cdm_analysis_out.dvs_quotessearch_vehicle_types FROM aatokolova;"
aozhigalov;Жигалов Артур Олегович (Artur Zhigalov);cdm_analysis_out;dvs_quotessearch_vehicle_types;SELECT;EDW Read Cdm Analysis Out;"REVOKE SELECT ON cdm_analysis_out.dvs_quotessearch_vehicle_types FROM aozhigalov;"
rdayzatulin;Айзатулин Ринат Дамирович (Rinat Ayzatulin);cdm_analysis_out;dvs_quotessearch_vehicle_types;SELECT;EDW Read Cdm Analysis Out;"REVOKE SELECT ON cdm_analysis_out.dvs_quotessearch_vehicle_types FROM rdayzatulin;"
asfesenko;Фесенко Александр Сергеевич (Aleksandr Fesenko);cdm_analysis_out;dvs_quotessearch_vehicle_types;SELECT;EDW Read Cdm Analysis Out;"REVOKE SELECT ON cdm_analysis_out.dvs_quotessearch_vehicle_types FROM asfesenko;"
digarifulin;Гарифулин Дмитрий Исмагильевич (Dmitriy Garifulin);cdm_analysis_out;dvs_quotessearch_vehicle_types;SELECT;EDW Read Cdm Analysis Out;"REVOKE SELECT ON cdm_analysis_out.dvs_quotessearch_vehicle_types FROM digarifulin;"
yvvorobev;Воробьев Юрий Владимирович (Yury Vorobev);cdm_analysis_out;dvs_quotessearch_vehicle_types;SELECT;EDW Read Cdm Analysis Out;"REVOKE SELECT ON cdm_analysis_out.dvs_quotessearch_vehicle_types FROM yvvorobev;"
akavdeev;Авдеев Андрей Кириллович (Andrey Avdeev);cdm_analysis_out;dvs_quotessearch_vehicle_types;SELECT;EDW Read Cdm Analysis Out;"REVOKE SELECT ON cdm_analysis_out.dvs_quotessearch_vehicle_types FROM akavdeev;"
gmvargaftik;Варгафтик Григорий Михайлович (Grigoriy Vargaftik);cdm_analysis_out;dvs_quotessearch_vehicle_types;SELECT;EDW Read Cdm Analysis Out;"REVOKE SELECT ON cdm_analysis_out.dvs_quotessearch_vehicle_types FROM gmvargaftik;"
avdombrovskiy;Домбровский Александр Владимирович (Aleksandr Dombrovskiy);cdm_analysis_out;dvs_quotessearch_vehicle_types;SELECT;EDW Read Cdm Analysis Out;"REVOKE SELECT ON cdm_analysis_out.dvs_quotessearch_vehicle_types FROM avdombrovskiy;"
evzubkov;Зубков Евгений Валентинович (Evgeniy Zubkov);core;transaction_mngr_audit;INSERT;EDW All Core;"REVOKE INSERT ON core.transaction_mngr_audit FROM evzubkov;"
evzubkov;Зубков Евгений Валентинович (Evgeniy Zubkov);core;transaction_mngr_audit;SELECT;EDW All Core;"REVOKE SELECT ON core.transaction_mngr_audit FROM evzubkov;"
evzubkov;Зубков Евгений Валентинович (Evgeniy Zubkov);core;transaction_mngr_audit;UPDATE;EDW All Core;"REVOKE UPDATE ON core.transaction_mngr_audit FROM evzubkov;"
evzubkov;Зубков Евгений Валентинович (Evgeniy Zubkov);core;transaction_mngr_audit;DELETE;EDW All Core;"REVOKE DELETE ON core.transaction_mngr_audit FROM evzubkov;"
evzubkov;Зубков Евгений Валентинович (Evgeniy Zubkov);core;transaction_mngr_audit;TRUNCATE;EDW All Core;"REVOKE TRUNCATE ON core.transaction_mngr_audit FROM evzubkov;"
evzubkov;Зубков Евгений Валентинович (Evgeniy Zubkov);core;transaction_mngr_audit;REFERENCES;EDW All Core;"REVOKE REFERENCES ON core.transaction_mngr_audit FROM evzubkov;"
evzubkov;Зубков Евгений Валентинович (Evgeniy Zubkov);core;transaction_mngr_audit;TRIGGER;EDW All Core;"REVOKE TRIGGER ON core.transaction_mngr_audit FROM evzubkov;"
alvreus;Реус Александр Валерьевич (Aleksandr Reus);core;transaction_mngr_audit;SELECT;EDW Read Core;"REVOKE SELECT ON core.transaction_mngr_audit FROM alvreus;"
vatsvetkova;Цветкова Виктория Андреевна (Viktoriya Tsvetkova);core;transaction_mngr_audit;SELECT;EDW Read Core;"REVOKE SELECT ON core.transaction_mngr_audit FROM vatsvetkova;"
mpmashin;Машин Максим Павлович (Maksim Mashin);core;transaction_mngr_audit;SELECT;EDW All Core;"REVOKE SELECT ON core.transaction_mngr_audit FROM mpmashin;"
aatokolova;Токолова Алина Александровна (Alina Tokolova);cdm_analysis_out;dvs_quotessearch_process;SELECT;EDW Read Cdm Analysis Out;"REVOKE SELECT ON cdm_analysis_out.dvs_quotessearch_process FROM aatokolova;"
aozhigalov;Жигалов Артур Олегович (Artur Zhigalov);cdm_analysis_out;dvs_quotessearch_process;SELECT;EDW Read Cdm Analysis Out;"REVOKE SELECT ON cdm_analysis_out.dvs_quotessearch_process FROM aozhigalov;"
rdayzatulin;Айзатулин Ринат Дамирович (Rinat Ayzatulin);cdm_analysis_out;dvs_quotessearch_process;SELECT;EDW Read Cdm Analysis Out;"REVOKE SELECT ON cdm_analysis_out.dvs_quotessearch_process FROM rdayzatulin;"
asfesenko;Фесенко Александр Сергеевич (Aleksandr Fesenko);cdm_analysis_out;dvs_quotessearch_process;SELECT;EDW Read Cdm Analysis Out;"REVOKE SELECT ON cdm_analysis_out.dvs_quotessearch_process FROM asfesenko;"
digarifulin;Гарифулин Дмитрий Исмагильевич (Dmitriy Garifulin);cdm_analysis_out;dvs_quotessearch_process;SELECT;EDW Read Cdm Analysis Out;"REVOKE SELECT ON cdm_analysis_out.dvs_quotessearch_process FROM digarifulin;"
yvvorobev;Воробьев Юрий Владимирович (Yury Vorobev);cdm_analysis_out;dvs_quotessearch_process;SELECT;EDW Read Cdm Analysis Out;"REVOKE SELECT ON cdm_analysis_out.dvs_quotessearch_process FROM yvvorobev;"
akavdeev;Авдеев Андрей Кириллович (Andrey Avdeev);cdm_analysis_out;dvs_quotessearch_process;SELECT;EDW Read Cdm Analysis Out;"REVOKE SELECT ON cdm_analysis_out.dvs_quotessearch_process FROM akavdeev;"
gmvargaftik;Варгафтик Григорий Михайлович (Grigoriy Vargaftik);cdm_analysis_out;dvs_quotessearch_process;SELECT;EDW Read Cdm Analysis Out;"REVOKE SELECT ON cdm_analysis_out.dvs_quotessearch_process FROM gmvargaftik;"
avdombrovskiy;Домбровский Александр Владимирович (Aleksandr Dombrovskiy);cdm_analysis_out;dvs_quotessearch_process;SELECT;EDW Read Cdm Analysis Out;"REVOKE SELECT ON cdm_analysis_out.dvs_quotessearch_process FROM avdombrovskiy;"
alvreus;Реус Александр Валерьевич (Aleksandr Reus);core;ref_counterparty_role;SELECT;EDW Read Core;"REVOKE SELECT ON core.ref_counterparty_role FROM alvreus;"
vatsvetkova;Цветкова Виктория Андреевна (Viktoriya Tsvetkova);core;ref_counterparty_role;SELECT;EDW Read Core;"REVOKE SELECT ON core.ref_counterparty_role FROM vatsvetkova;"
mpmashin;Машин Максим Павлович (Maksim Mashin);core;ref_counterparty_role;SELECT;EDW All Core;"REVOKE SELECT ON core.ref_counterparty_role FROM mpmashin;"
yvvorobev;Воробьев Юрий Владимирович (Yury Vorobev);cdm;dm_realty_arm4_type_attr;SELECT;EDW All CDM;"REVOKE SELECT ON cdm.dm_realty_arm4_type_attr FROM yvvorobev;"
alvreus;Реус Александр Валерьевич (Aleksandr Reus);core;commission_risk;SELECT;EDW Read Core;"REVOKE SELECT ON core.commission_risk FROM alvreus;"
yvvorobev;Воробьев Юрий Владимирович (Yury Vorobev);cdm;dm_kasko_kasko;SELECT;EDW All CDM;"REVOKE SELECT ON cdm.dm_kasko_kasko FROM yvvorobev;"
alvreus;Реус Александр Валерьевич (Aleksandr Reus);core;transaction_bk;SELECT;EDW Read Core;"REVOKE SELECT ON core.transaction_bk FROM alvreus;"
vatsvetkova;Цветкова Виктория Андреевна (Viktoriya Tsvetkova);core;transaction_bk;SELECT;EDW Read Core;"REVOKE SELECT ON core.transaction_bk FROM vatsvetkova;"
mpmashin;Машин Максим Павлович (Maksim Mashin);core;transaction_bk;SELECT;EDW All Core;"REVOKE SELECT ON core.transaction_bk FROM mpmashin;"
alvreus;Реус Александр Валерьевич (Aleksandr Reus);core;ref_elementary_risk;SELECT;EDW Read Core;"REVOKE SELECT ON core.ref_elementary_risk FROM alvreus;"
vatsvetkova;Цветкова Виктория Андреевна (Viktoriya Tsvetkova);core;ref_elementary_risk;SELECT;EDW Read Core;"REVOKE SELECT ON core.ref_elementary_risk FROM vatsvetkova;"
mpmashin;Машин Максим Павлович (Maksim Mashin);core;ref_elementary_risk;SELECT;EDW All Core;"REVOKE SELECT ON core.ref_elementary_risk FROM mpmashin;"
alvreus;Реус Александр Валерьевич (Aleksandr Reus);core;ref_counterparty_link_type;SELECT;EDW Read Core;"REVOKE SELECT ON core.ref_counterparty_link_type FROM alvreus;"
vatsvetkova;Цветкова Виктория Андреевна (Viktoriya Tsvetkova);core;ref_counterparty_link_type;SELECT;EDW Read Core;"REVOKE SELECT ON core.ref_counterparty_link_type FROM vatsvetkova;"
mpmashin;Машин Максим Павлович (Maksim Mashin);core;ref_counterparty_link_type;SELECT;EDW All Core;"REVOKE SELECT ON core.ref_counterparty_link_type FROM mpmashin;"
alvreus;Реус Александр Валерьевич (Aleksandr Reus);core;ref_currencies;SELECT;EDW Read Core;"REVOKE SELECT ON core.ref_currencies FROM alvreus;"
vatsvetkova;Цветкова Виктория Андреевна (Viktoriya Tsvetkova);core;ref_currencies;SELECT;EDW Read Core;"REVOKE SELECT ON core.ref_currencies FROM vatsvetkova;"
mpmashin;Машин Максим Павлович (Maksim Mashin);core;ref_currencies;SELECT;EDW All Core;"REVOKE SELECT ON core.ref_currencies FROM mpmashin;"
alvreus;Реус Александр Валерьевич (Aleksandr Reus);core;ref_account_group_781p;SELECT;EDW Read Core;"REVOKE SELECT ON core.ref_account_group_781p FROM alvreus;"
vatsvetkova;Цветкова Виктория Андреевна (Viktoriya Tsvetkova);core;ref_account_group_781p;SELECT;EDW Read Core;"REVOKE SELECT ON core.ref_account_group_781p FROM vatsvetkova;"
mpmashin;Машин Максим Павлович (Maksim Mashin);core;ref_account_group_781p;SELECT;EDW All Core;"REVOKE SELECT ON core.ref_account_group_781p FROM mpmashin;"
mpmashin;Машин Максим Павлович (Maksim Mashin);property;tmp_gdi_osago_for_cb;INSERT;EDW All Property;"REVOKE INSERT ON property.tmp_gdi_osago_for_cb FROM mpmashin;"
mpmashin;Машин Максим Павлович (Maksim Mashin);property;tmp_gdi_osago_for_cb;SELECT;EDW All Property;"REVOKE SELECT ON property.tmp_gdi_osago_for_cb FROM mpmashin;"
mpmashin;Машин Максим Павлович (Maksim Mashin);property;tmp_gdi_osago_for_cb;UPDATE;EDW All Property;"REVOKE UPDATE ON property.tmp_gdi_osago_for_cb FROM mpmashin;"
mpmashin;Машин Максим Павлович (Maksim Mashin);property;tmp_gdi_osago_for_cb;DELETE;EDW All Property;"REVOKE DELETE ON property.tmp_gdi_osago_for_cb FROM mpmashin;"
mpmashin;Машин Максим Павлович (Maksim Mashin);property;tmp_gdi_osago_for_cb;TRUNCATE;EDW All Property;"REVOKE TRUNCATE ON property.tmp_gdi_osago_for_cb FROM mpmashin;"
mpmashin;Машин Максим Павлович (Maksim Mashin);property;tmp_gdi_osago_for_cb;REFERENCES;EDW All Property;"REVOKE REFERENCES ON property.tmp_gdi_osago_for_cb FROM mpmashin;"
mpmashin;Машин Максим Павлович (Maksim Mashin);property;tmp_gdi_osago_for_cb;TRIGGER;EDW All Property;"REVOKE TRIGGER ON property.tmp_gdi_osago_for_cb FROM mpmashin;"
mpmashin;Машин Максим Павлович (Maksim Mashin);property;ntd_fas_yy_osago_pool_2;INSERT;EDW All Property;"REVOKE INSERT ON property.ntd_fas_yy_osago_pool_2 FROM mpmashin;"
mpmashin;Машин Максим Павлович (Maksim Mashin);property;ntd_fas_yy_osago_pool_2;SELECT;EDW All Property;"REVOKE SELECT ON property.ntd_fas_yy_osago_pool_2 FROM mpmashin;"
mpmashin;Машин Максим Павлович (Maksim Mashin);property;ntd_fas_yy_osago_pool_2;UPDATE;EDW All Property;"REVOKE UPDATE ON property.ntd_fas_yy_osago_pool_2 FROM mpmashin;"
mpmashin;Машин Максим Павлович (Maksim Mashin);property;ntd_fas_yy_osago_pool_2;DELETE;EDW All Property;"REVOKE DELETE ON property.ntd_fas_yy_osago_pool_2 FROM mpmashin;"
mpmashin;Машин Максим Павлович (Maksim Mashin);property;ntd_fas_yy_osago_pool_2;TRUNCATE;EDW All Property;"REVOKE TRUNCATE ON property.ntd_fas_yy_osago_pool_2 FROM mpmashin;"
mpmashin;Машин Максим Павлович (Maksim Mashin);property;ntd_fas_yy_osago_pool_2;REFERENCES;EDW All Property;"REVOKE REFERENCES ON property.ntd_fas_yy_osago_pool_2 FROM mpmashin;"
mpmashin;Машин Максим Павлович (Maksim Mashin);property;ntd_fas_yy_osago_pool_2;TRIGGER;EDW All Property;"REVOKE TRIGGER ON property.ntd_fas_yy_osago_pool_2 FROM mpmashin;"
mpmashin;Машин Максим Павлович (Maksim Mashin);property;tmp_gdi_kasko_gerasemenko;INSERT;EDW All Property;"REVOKE INSERT ON property.tmp_gdi_kasko_gerasemenko FROM mpmashin;"
mpmashin;Машин Максим Павлович (Maksim Mashin);property;tmp_gdi_kasko_gerasemenko;SELECT;EDW All Property;"REVOKE SELECT ON property.tmp_gdi_kasko_gerasemenko FROM mpmashin;"
mpmashin;Машин Максим Павлович (Maksim Mashin);property;tmp_gdi_kasko_gerasemenko;UPDATE;EDW All Property;"REVOKE UPDATE ON property.tmp_gdi_kasko_gerasemenko FROM mpmashin;"
mpmashin;Машин Максим Павлович (Maksim Mashin);property;tmp_gdi_kasko_gerasemenko;DELETE;EDW All Property;"REVOKE DELETE ON property.tmp_gdi_kasko_gerasemenko FROM mpmashin;"
mpmashin;Машин Максим Павлович (Maksim Mashin);property;tmp_gdi_kasko_gerasemenko;TRUNCATE;EDW All Property;"REVOKE TRUNCATE ON property.tmp_gdi_kasko_gerasemenko FROM mpmashin;"
mpmashin;Машин Максим Павлович (Maksim Mashin);property;tmp_gdi_kasko_gerasemenko;REFERENCES;EDW All Property;"REVOKE REFERENCES ON property.tmp_gdi_kasko_gerasemenko FROM mpmashin;"
mpmashin;Машин Максим Павлович (Maksim Mashin);property;tmp_gdi_kasko_gerasemenko;TRIGGER;EDW All Property;"REVOKE TRIGGER ON property.tmp_gdi_kasko_gerasemenko FROM mpmashin;"
mpmashin;Машин Максим Павлович (Maksim Mashin);property;gdi_ntd_insurer_ul2;INSERT;EDW All Property;"REVOKE INSERT ON property.gdi_ntd_insurer_ul2 FROM mpmashin;"
mpmashin;Машин Максим Павлович (Maksim Mashin);property;gdi_ntd_insurer_ul2;SELECT;EDW All Property;"REVOKE SELECT ON property.gdi_ntd_insurer_ul2 FROM mpmashin;"
mpmashin;Машин Максим Павлович (Maksim Mashin);property;gdi_ntd_insurer_ul2;UPDATE;EDW All Property;"REVOKE UPDATE ON property.gdi_ntd_insurer_ul2 FROM mpmashin;"
mpmashin;Машин Максим Павлович (Maksim Mashin);property;gdi_ntd_insurer_ul2;DELETE;EDW All Property;"REVOKE DELETE ON property.gdi_ntd_insurer_ul2 FROM mpmashin;"
mpmashin;Машин Максим Павлович (Maksim Mashin);property;gdi_ntd_insurer_ul2;TRUNCATE;EDW All Property;"REVOKE TRUNCATE ON property.gdi_ntd_insurer_ul2 FROM mpmashin;"
mpmashin;Машин Максим Павлович (Maksim Mashin);property;gdi_ntd_insurer_ul2;REFERENCES;EDW All Property;"REVOKE REFERENCES ON property.gdi_ntd_insurer_ul2 FROM mpmashin;"
mpmashin;Машин Максим Павлович (Maksim Mashin);property;gdi_ntd_insurer_ul2;TRIGGER;EDW All Property;"REVOKE TRIGGER ON property.gdi_ntd_insurer_ul2 FROM mpmashin;"
mpmashin;Машин Максим Павлович (Maksim Mashin);property;tmp_gdi_clm_osago_test;INSERT;EDW All Property;"REVOKE INSERT ON property.tmp_gdi_clm_osago_test FROM mpmashin;"
mpmashin;Машин Максим Павлович (Maksim Mashin);property;tmp_gdi_clm_osago_test;SELECT;EDW All Property;"REVOKE SELECT ON property.tmp_gdi_clm_osago_test FROM mpmashin;"
mpmashin;Машин Максим Павлович (Maksim Mashin);property;tmp_gdi_clm_osago_test;UPDATE;EDW All Property;"REVOKE UPDATE ON property.tmp_gdi_clm_osago_test FROM mpmashin;"
mpmashin;Машин Максим Павлович (Maksim Mashin);property;tmp_gdi_clm_osago_test;DELETE;EDW All Property;"REVOKE DELETE ON property.tmp_gdi_clm_osago_test FROM mpmashin;"
mpmashin;Машин Максим Павлович (Maksim Mashin);property;tmp_gdi_clm_osago_test;TRUNCATE;EDW All Property;"REVOKE TRUNCATE ON property.tmp_gdi_clm_osago_test FROM mpmashin;"
mpmashin;Машин Максим Павлович (Maksim Mashin);property;tmp_gdi_clm_osago_test;REFERENCES;EDW All Property;"REVOKE REFERENCES ON property.tmp_gdi_clm_osago_test FROM mpmashin;"
mpmashin;Машин Максим Павлович (Maksim Mashin);property;tmp_gdi_clm_osago_test;TRIGGER;EDW All Property;"REVOKE TRIGGER ON property.tmp_gdi_clm_osago_test FROM mpmashin;"
mpmashin;Машин Максим Павлович (Maksim Mashin);property;tmp_gdi_kasko_gvs_prod;INSERT;EDW All Property;"REVOKE INSERT ON property.tmp_gdi_kasko_gvs_prod FROM mpmashin;"
mpmashin;Машин Максим Павлович (Maksim Mashin);property;tmp_gdi_kasko_gvs_prod;SELECT;EDW All Property;"REVOKE SELECT ON property.tmp_gdi_kasko_gvs_prod FROM mpmashin;"
mpmashin;Машин Максим Павлович (Maksim Mashin);property;tmp_gdi_kasko_gvs_prod;UPDATE;EDW All Property;"REVOKE UPDATE ON property.tmp_gdi_kasko_gvs_prod FROM mpmashin;"
mpmashin;Машин Максим Павлович (Maksim Mashin);property;tmp_gdi_kasko_gvs_prod;DELETE;EDW All Property;"REVOKE DELETE ON property.tmp_gdi_kasko_gvs_prod FROM mpmashin;"
mpmashin;Машин Максим Павлович (Maksim Mashin);property;tmp_gdi_kasko_gvs_prod;TRUNCATE;EDW All Property;"REVOKE TRUNCATE ON property.tmp_gdi_kasko_gvs_prod FROM mpmashin;"
mpmashin;Машин Максим Павлович (Maksim Mashin);property;tmp_gdi_kasko_gvs_prod;REFERENCES;EDW All Property;"REVOKE REFERENCES ON property.tmp_gdi_kasko_gvs_prod FROM mpmashin;"
mpmashin;Машин Максим Павлович (Maksim Mashin);property;tmp_gdi_kasko_gvs_prod;TRIGGER;EDW All Property;"REVOKE TRIGGER ON property.tmp_gdi_kasko_gvs_prod FROM mpmashin;"
mpmashin;Машин Максим Павлович (Maksim Mashin);property;tmp_gdi_osago_dob;INSERT;EDW All Property;"REVOKE INSERT ON property.tmp_gdi_osago_dob FROM mpmashin;"
mpmashin;Машин Максим Павлович (Maksim Mashin);property;tmp_gdi_osago_dob;SELECT;EDW All Property;"REVOKE SELECT ON property.tmp_gdi_osago_dob FROM mpmashin;"
mpmashin;Машин Максим Павлович (Maksim Mashin);property;tmp_gdi_osago_dob;UPDATE;EDW All Property;"REVOKE UPDATE ON property.tmp_gdi_osago_dob FROM mpmashin;"
mpmashin;Машин Максим Павлович (Maksim Mashin);property;tmp_gdi_osago_dob;DELETE;EDW All Property;"REVOKE DELETE ON property.tmp_gdi_osago_dob FROM mpmashin;"
mpmashin;Машин Максим Павлович (Maksim Mashin);property;tmp_gdi_osago_dob;TRUNCATE;EDW All Property;"REVOKE TRUNCATE ON property.tmp_gdi_osago_dob FROM mpmashin;"
mpmashin;Машин Максим Павлович (Maksim Mashin);property;tmp_gdi_osago_dob;REFERENCES;EDW All Property;"REVOKE REFERENCES ON property.tmp_gdi_osago_dob FROM mpmashin;"
mpmashin;Машин Максим Павлович (Maksim Mashin);property;tmp_gdi_osago_dob;TRIGGER;EDW All Property;"REVOKE TRIGGER ON property.tmp_gdi_osago_dob FROM mpmashin;"
mpmashin;Машин Максим Павлович (Maksim Mashin);property;tmp_gdi_osago_claim;INSERT;EDW All Property;"REVOKE INSERT ON property.tmp_gdi_osago_claim FROM mpmashin;"
mpmashin;Машин Максим Павлович (Maksim Mashin);property;tmp_gdi_osago_claim;SELECT;EDW All Property;"REVOKE SELECT ON property.tmp_gdi_osago_claim FROM mpmashin;"
mpmashin;Машин Максим Павлович (Maksim Mashin);property;tmp_gdi_osago_claim;UPDATE;EDW All Property;"REVOKE UPDATE ON property.tmp_gdi_osago_claim FROM mpmashin;"
mpmashin;Машин Максим Павлович (Maksim Mashin);property;tmp_gdi_osago_claim;DELETE;EDW All Property;"REVOKE DELETE ON property.tmp_gdi_osago_claim FROM mpmashin;"
mpmashin;Машин Максим Павлович (Maksim Mashin);property;tmp_gdi_osago_claim;TRUNCATE;EDW All Property;"REVOKE TRUNCATE ON property.tmp_gdi_osago_claim FROM mpmashin;"
mpmashin;Машин Максим Павлович (Maksim Mashin);property;tmp_gdi_osago_claim;REFERENCES;EDW All Property;"REVOKE REFERENCES ON property.tmp_gdi_osago_claim FROM mpmashin;"
mpmashin;Машин Максим Павлович (Maksim Mashin);property;tmp_gdi_osago_claim;TRIGGER;EDW All Property;"REVOKE TRIGGER ON property.tmp_gdi_osago_claim FROM mpmashin;"
mpmashin;Машин Максим Павлович (Maksim Mashin);property;tmp_gdi_osago_claim_2;INSERT;EDW All Property;"REVOKE INSERT ON property.tmp_gdi_osago_claim_2 FROM mpmashin;"
mpmashin;Машин Максим Павлович (Maksim Mashin);property;tmp_gdi_osago_claim_2;SELECT;EDW All Property;"REVOKE SELECT ON property.tmp_gdi_osago_claim_2 FROM mpmashin;"
mpmashin;Машин Максим Павлович (Maksim Mashin);property;tmp_gdi_osago_claim_2;UPDATE;EDW All Property;"REVOKE UPDATE ON property.tmp_gdi_osago_claim_2 FROM mpmashin;"
mpmashin;Машин Максим Павлович (Maksim Mashin);property;tmp_gdi_osago_claim_2;DELETE;EDW All Property;"REVOKE DELETE ON property.tmp_gdi_osago_claim_2 FROM mpmashin;"
mpmashin;Машин Максим Павлович (Maksim Mashin);property;tmp_gdi_osago_claim_2;TRUNCATE;EDW All Property;"REVOKE TRUNCATE ON property.tmp_gdi_osago_claim_2 FROM mpmashin;"
mpmashin;Машин Максим Павлович (Maksim Mashin);property;tmp_gdi_osago_claim_2;REFERENCES;EDW All Property;"REVOKE REFERENCES ON property.tmp_gdi_osago_claim_2 FROM mpmashin;"
mpmashin;Машин Максим Павлович (Maksim Mashin);property;tmp_gdi_osago_claim_2;TRIGGER;EDW All Property;"REVOKE TRIGGER ON property.tmp_gdi_osago_claim_2 FROM mpmashin;"
mpmashin;Машин Максим Павлович (Maksim Mashin);property;tmp_gdi_dct_region;INSERT;EDW All Property;"REVOKE INSERT ON property.tmp_gdi_dct_region FROM mpmashin;"
mpmashin;Машин Максим Павлович (Maksim Mashin);property;tmp_gdi_dct_region;SELECT;EDW All Property;"REVOKE SELECT ON property.tmp_gdi_dct_region FROM mpmashin;"
mpmashin;Машин Максим Павлович (Maksim Mashin);property;tmp_gdi_dct_region;UPDATE;EDW All Property;"REVOKE UPDATE ON property.tmp_gdi_dct_region FROM mpmashin;"
mpmashin;Машин Максим Павлович (Maksim Mashin);property;tmp_gdi_dct_region;DELETE;EDW All Property;"REVOKE DELETE ON property.tmp_gdi_dct_region FROM mpmashin;"
mpmashin;Машин Максим Павлович (Maksim Mashin);property;tmp_gdi_dct_region;TRUNCATE;EDW All Property;"REVOKE TRUNCATE ON property.tmp_gdi_dct_region FROM mpmashin;"
mpmashin;Машин Максим Павлович (Maksim Mashin);property;tmp_gdi_dct_region;REFERENCES;EDW All Property;"REVOKE REFERENCES ON property.tmp_gdi_dct_region FROM mpmashin;"
mpmashin;Машин Максим Павлович (Maksim Mashin);property;tmp_gdi_dct_region;TRIGGER;EDW All Property;"REVOKE TRIGGER ON property.tmp_gdi_dct_region FROM mpmashin;"
mpmashin;Машин Максим Павлович (Maksim Mashin);property;tmp_gdi_osago_claim_3;INSERT;EDW All Property;"REVOKE INSERT ON property.tmp_gdi_osago_claim_3 FROM mpmashin;"
mpmashin;Машин Максим Павлович (Maksim Mashin);property;tmp_gdi_osago_claim_3;SELECT;EDW All Property;"REVOKE SELECT ON property.tmp_gdi_osago_claim_3 FROM mpmashin;"
mpmashin;Машин Максим Павлович (Maksim Mashin);property;tmp_gdi_osago_claim_3;UPDATE;EDW All Property;"REVOKE UPDATE ON property.tmp_gdi_osago_claim_3 FROM mpmashin;"
mpmashin;Машин Максим Павлович (Maksim Mashin);property;tmp_gdi_osago_claim_3;DELETE;EDW All Property;"REVOKE DELETE ON property.tmp_gdi_osago_claim_3 FROM mpmashin;"
mpmashin;Машин Максим Павлович (Maksim Mashin);property;tmp_gdi_osago_claim_3;TRUNCATE;EDW All Property;"REVOKE TRUNCATE ON property.tmp_gdi_osago_claim_3 FROM mpmashin;"
mpmashin;Машин Максим Павлович (Maksim Mashin);property;tmp_gdi_osago_claim_3;REFERENCES;EDW All Property;"REVOKE REFERENCES ON property.tmp_gdi_osago_claim_3 FROM mpmashin;"
mpmashin;Машин Максим Павлович (Maksim Mashin);property;tmp_gdi_osago_claim_3;TRIGGER;EDW All Property;"REVOKE TRIGGER ON property.tmp_gdi_osago_claim_3 FROM mpmashin;"
mpmashin;Машин Максим Павлович (Maksim Mashin);property;tmp_gdi_obj_for_klesh;INSERT;EDW All Property;"REVOKE INSERT ON property.tmp_gdi_obj_for_klesh FROM mpmashin;"
mpmashin;Машин Максим Павлович (Maksim Mashin);property;tmp_gdi_obj_for_klesh;SELECT;EDW All Property;"REVOKE SELECT ON property.tmp_gdi_obj_for_klesh FROM mpmashin;"
mpmashin;Машин Максим Павлович (Maksim Mashin);property;tmp_gdi_obj_for_klesh;UPDATE;EDW All Property;"REVOKE UPDATE ON property.tmp_gdi_obj_for_klesh FROM mpmashin;"
mpmashin;Машин Максим Павлович (Maksim Mashin);property;tmp_gdi_obj_for_klesh;DELETE;EDW All Property;"REVOKE DELETE ON property.tmp_gdi_obj_for_klesh FROM mpmashin;"
mpmashin;Машин Максим Павлович (Maksim Mashin);property;tmp_gdi_obj_for_klesh;TRUNCATE;EDW All Property;"REVOKE TRUNCATE ON property.tmp_gdi_obj_for_klesh FROM mpmashin;"
mpmashin;Машин Максим Павлович (Maksim Mashin);property;tmp_gdi_obj_for_klesh;REFERENCES;EDW All Property;"REVOKE REFERENCES ON property.tmp_gdi_obj_for_klesh FROM mpmashin;"
mpmashin;Машин Максим Павлович (Maksim Mashin);property;tmp_gdi_obj_for_klesh;TRIGGER;EDW All Property;"REVOKE TRIGGER ON property.tmp_gdi_obj_for_klesh FROM mpmashin;"
mpmashin;Машин Максим Павлович (Maksim Mashin);property;tmp_gdi_ul;INSERT;EDW All Property;"REVOKE INSERT ON property.tmp_gdi_ul FROM mpmashin;"
mpmashin;Машин Максим Павлович (Maksim Mashin);property;tmp_gdi_ul;SELECT;EDW All Property;"REVOKE SELECT ON property.tmp_gdi_ul FROM mpmashin;"
mpmashin;Машин Максим Павлович (Maksim Mashin);property;tmp_gdi_ul;UPDATE;EDW All Property;"REVOKE UPDATE ON property.tmp_gdi_ul FROM mpmashin;"
mpmashin;Машин Максим Павлович (Maksim Mashin);property;tmp_gdi_ul;DELETE;EDW All Property;"REVOKE DELETE ON property.tmp_gdi_ul FROM mpmashin;"
mpmashin;Машин Максим Павлович (Maksim Mashin);property;tmp_gdi_ul;TRUNCATE;EDW All Property;"REVOKE TRUNCATE ON property.tmp_gdi_ul FROM mpmashin;"
mpmashin;Машин Максим Павлович (Maksim Mashin);property;tmp_gdi_ul;REFERENCES;EDW All Property;"REVOKE REFERENCES ON property.tmp_gdi_ul FROM mpmashin;"
mpmashin;Машин Максим Павлович (Maksim Mashin);property;tmp_gdi_ul;TRIGGER;EDW All Property;"REVOKE TRIGGER ON property.tmp_gdi_ul FROM mpmashin;"
evzubkov;Зубков Евгений Валентинович (Evgeniy Zubkov);core;branches;INSERT;EDW All Core;"REVOKE INSERT ON core.branches FROM evzubkov;"
evzubkov;Зубков Евгений Валентинович (Evgeniy Zubkov);core;branches;SELECT;EDW All Core;"REVOKE SELECT ON core.branches FROM evzubkov;"
evzubkov;Зубков Евгений Валентинович (Evgeniy Zubkov);core;branches;UPDATE;EDW All Core;"REVOKE UPDATE ON core.branches FROM evzubkov;"
evzubkov;Зубков Евгений Валентинович (Evgeniy Zubkov);core;branches;DELETE;EDW All Core;"REVOKE DELETE ON core.branches FROM evzubkov;"
evzubkov;Зубков Евгений Валентинович (Evgeniy Zubkov);core;branches;TRUNCATE;EDW All Core;"REVOKE TRUNCATE ON core.branches FROM evzubkov;"
evzubkov;Зубков Евгений Валентинович (Evgeniy Zubkov);core;branches;REFERENCES;EDW All Core;"REVOKE REFERENCES ON core.branches FROM evzubkov;"
evzubkov;Зубков Евгений Валентинович (Evgeniy Zubkov);core;branches;TRIGGER;EDW All Core;"REVOKE TRIGGER ON core.branches FROM evzubkov;"
alvreus;Реус Александр Валерьевич (Aleksandr Reus);core;branches;SELECT;EDW Read Core;"REVOKE SELECT ON core.branches FROM alvreus;"
vatsvetkova;Цветкова Виктория Андреевна (Viktoriya Tsvetkova);core;branches;SELECT;EDW Read Core;"REVOKE SELECT ON core.branches FROM vatsvetkova;"
mpmashin;Машин Максим Павлович (Maksim Mashin);core;branches;SELECT;EDW All Core;"REVOKE SELECT ON core.branches FROM mpmashin;"
alvreus;Реус Александр Валерьевич (Aleksandr Reus);core;uo_mapsale2020;SELECT;EDW Read Core;"REVOKE SELECT ON core.uo_mapsale2020 FROM alvreus;"
vatsvetkova;Цветкова Виктория Андреевна (Viktoriya Tsvetkova);core;uo_mapsale2020;SELECT;EDW Read Core;"REVOKE SELECT ON core.uo_mapsale2020 FROM vatsvetkova;"
mpmashin;Машин Максим Павлович (Maksim Mashin);core;uo_mapsale2020;SELECT;EDW All Core;"REVOKE SELECT ON core.uo_mapsale2020 FROM mpmashin;"
evzubkov;Зубков Евгений Валентинович (Evgeniy Zubkov);core;dict_insured_rgs_group;INSERT;EDW All Core;"REVOKE INSERT ON core.dict_insured_rgs_group FROM evzubkov;"
evzubkov;Зубков Евгений Валентинович (Evgeniy Zubkov);core;dict_insured_rgs_group;SELECT;EDW All Core;"REVOKE SELECT ON core.dict_insured_rgs_group FROM evzubkov;"
evzubkov;Зубков Евгений Валентинович (Evgeniy Zubkov);core;dict_insured_rgs_group;UPDATE;EDW All Core;"REVOKE UPDATE ON core.dict_insured_rgs_group FROM evzubkov;"
evzubkov;Зубков Евгений Валентинович (Evgeniy Zubkov);core;dict_insured_rgs_group;DELETE;EDW All Core;"REVOKE DELETE ON core.dict_insured_rgs_group FROM evzubkov;"
evzubkov;Зубков Евгений Валентинович (Evgeniy Zubkov);core;dict_insured_rgs_group;TRUNCATE;EDW All Core;"REVOKE TRUNCATE ON core.dict_insured_rgs_group FROM evzubkov;"
evzubkov;Зубков Евгений Валентинович (Evgeniy Zubkov);core;dict_insured_rgs_group;REFERENCES;EDW All Core;"REVOKE REFERENCES ON core.dict_insured_rgs_group FROM evzubkov;"
evzubkov;Зубков Евгений Валентинович (Evgeniy Zubkov);core;dict_insured_rgs_group;TRIGGER;EDW All Core;"REVOKE TRIGGER ON core.dict_insured_rgs_group FROM evzubkov;"
alvreus;Реус Александр Валерьевич (Aleksandr Reus);core;dict_insured_rgs_group;SELECT;EDW Read Core;"REVOKE SELECT ON core.dict_insured_rgs_group FROM alvreus;"
vatsvetkova;Цветкова Виктория Андреевна (Viktoriya Tsvetkova);core;dict_insured_rgs_group;SELECT;EDW Read Core;"REVOKE SELECT ON core.dict_insured_rgs_group FROM vatsvetkova;"
mpmashin;Машин Максим Павлович (Maksim Mashin);core;dict_insured_rgs_group;SELECT;EDW All Core;"REVOKE SELECT ON core.dict_insured_rgs_group FROM mpmashin;"
evzubkov;Зубков Евгений Валентинович (Evgeniy Zubkov);core;de_map_arm_plan;INSERT;EDW All Core;"REVOKE INSERT ON core.de_map_arm_plan FROM evzubkov;"
evzubkov;Зубков Евгений Валентинович (Evgeniy Zubkov);core;de_map_arm_plan;SELECT;EDW All Core;"REVOKE SELECT ON core.de_map_arm_plan FROM evzubkov;"
evzubkov;Зубков Евгений Валентинович (Evgeniy Zubkov);core;de_map_arm_plan;UPDATE;EDW All Core;"REVOKE UPDATE ON core.de_map_arm_plan FROM evzubkov;"
evzubkov;Зубков Евгений Валентинович (Evgeniy Zubkov);core;de_map_arm_plan;DELETE;EDW All Core;"REVOKE DELETE ON core.de_map_arm_plan FROM evzubkov;"
evzubkov;Зубков Евгений Валентинович (Evgeniy Zubkov);core;de_map_arm_plan;TRUNCATE;EDW All Core;"REVOKE TRUNCATE ON core.de_map_arm_plan FROM evzubkov;"
evzubkov;Зубков Евгений Валентинович (Evgeniy Zubkov);core;de_map_arm_plan;REFERENCES;EDW All Core;"REVOKE REFERENCES ON core.de_map_arm_plan FROM evzubkov;"
evzubkov;Зубков Евгений Валентинович (Evgeniy Zubkov);core;de_map_arm_plan;TRIGGER;EDW All Core;"REVOKE TRIGGER ON core.de_map_arm_plan FROM evzubkov;"
alvreus;Реус Александр Валерьевич (Aleksandr Reus);core;de_map_arm_plan;SELECT;EDW Read Core;"REVOKE SELECT ON core.de_map_arm_plan FROM alvreus;"
vatsvetkova;Цветкова Виктория Андреевна (Viktoriya Tsvetkova);core;de_map_arm_plan;SELECT;EDW Read Core;"REVOKE SELECT ON core.de_map_arm_plan FROM vatsvetkova;"
mpmashin;Машин Максим Павлович (Maksim Mashin);core;de_map_arm_plan;SELECT;EDW All Core;"REVOKE SELECT ON core.de_map_arm_plan FROM mpmashin;"
evzubkov;Зубков Евгений Валентинович (Evgeniy Zubkov);core;debt_agent;INSERT;EDW All Core;"REVOKE INSERT ON core.debt_agent FROM evzubkov;"
evzubkov;Зубков Евгений Валентинович (Evgeniy Zubkov);core;debt_agent;SELECT;EDW All Core;"REVOKE SELECT ON core.debt_agent FROM evzubkov;"
evzubkov;Зубков Евгений Валентинович (Evgeniy Zubkov);core;debt_agent;UPDATE;EDW All Core;"REVOKE UPDATE ON core.debt_agent FROM evzubkov;"
evzubkov;Зубков Евгений Валентинович (Evgeniy Zubkov);core;debt_agent;DELETE;EDW All Core;"REVOKE DELETE ON core.debt_agent FROM evzubkov;"
evzubkov;Зубков Евгений Валентинович (Evgeniy Zubkov);core;debt_agent;TRUNCATE;EDW All Core;"REVOKE TRUNCATE ON core.debt_agent FROM evzubkov;"
evzubkov;Зубков Евгений Валентинович (Evgeniy Zubkov);core;debt_agent;REFERENCES;EDW All Core;"REVOKE REFERENCES ON core.debt_agent FROM evzubkov;"
evzubkov;Зубков Евгений Валентинович (Evgeniy Zubkov);core;debt_agent;TRIGGER;EDW All Core;"REVOKE TRIGGER ON core.debt_agent FROM evzubkov;"
alvreus;Реус Александр Валерьевич (Aleksandr Reus);core;debt_agent;SELECT;EDW Read Core;"REVOKE SELECT ON core.debt_agent FROM alvreus;"
vatsvetkova;Цветкова Виктория Андреевна (Viktoriya Tsvetkova);core;debt_agent;SELECT;EDW Read Core;"REVOKE SELECT ON core.debt_agent FROM vatsvetkova;"
mpmashin;Машин Максим Павлович (Maksim Mashin);core;debt_agent;SELECT;EDW All Core;"REVOKE SELECT ON core.debt_agent FROM mpmashin;"
mpmashin;Машин Максим Павлович (Maksim Mashin);property;tmp_gdi_kasko_gap;INSERT;EDW All Property;"REVOKE INSERT ON property.tmp_gdi_kasko_gap FROM mpmashin;"
mpmashin;Машин Максим Павлович (Maksim Mashin);property;tmp_gdi_kasko_gap;SELECT;EDW All Property;"REVOKE SELECT ON property.tmp_gdi_kasko_gap FROM mpmashin;"
mpmashin;Машин Максим Павлович (Maksim Mashin);property;tmp_gdi_kasko_gap;UPDATE;EDW All Property;"REVOKE UPDATE ON property.tmp_gdi_kasko_gap FROM mpmashin;"
mpmashin;Машин Максим Павлович (Maksim Mashin);property;tmp_gdi_kasko_gap;DELETE;EDW All Property;"REVOKE DELETE ON property.tmp_gdi_kasko_gap FROM mpmashin;"
mpmashin;Машин Максим Павлович (Maksim Mashin);property;tmp_gdi_kasko_gap;TRUNCATE;EDW All Property;"REVOKE TRUNCATE ON property.tmp_gdi_kasko_gap FROM mpmashin;"
mpmashin;Машин Максим Павлович (Maksim Mashin);property;tmp_gdi_kasko_gap;REFERENCES;EDW All Property;"REVOKE REFERENCES ON property.tmp_gdi_kasko_gap FROM mpmashin;"
mpmashin;Машин Максим Павлович (Maksim Mashin);property;tmp_gdi_kasko_gap;TRIGGER;EDW All Property;"REVOKE TRIGGER ON property.tmp_gdi_kasko_gap FROM mpmashin;"
mpmashin;Машин Максим Павлович (Maksim Mashin);property;dct_object_ekis;INSERT;EDW All Property;"REVOKE INSERT ON property.dct_object_ekis FROM mpmashin;"
mpmashin;Машин Максим Павлович (Maksim Mashin);property;dct_object_ekis;SELECT;EDW All Property;"REVOKE SELECT ON property.dct_object_ekis FROM mpmashin;"
mpmashin;Машин Максим Павлович (Maksim Mashin);property;dct_object_ekis;UPDATE;EDW All Property;"REVOKE UPDATE ON property.dct_object_ekis FROM mpmashin;"
mpmashin;Машин Максим Павлович (Maksim Mashin);property;dct_object_ekis;DELETE;EDW All Property;"REVOKE DELETE ON property.dct_object_ekis FROM mpmashin;"
mpmashin;Машин Максим Павлович (Maksim Mashin);property;dct_object_ekis;TRUNCATE;EDW All Property;"REVOKE TRUNCATE ON property.dct_object_ekis FROM mpmashin;"
mpmashin;Машин Максим Павлович (Maksim Mashin);property;dct_object_ekis;REFERENCES;EDW All Property;"REVOKE REFERENCES ON property.dct_object_ekis FROM mpmashin;"
mpmashin;Машин Максим Павлович (Maksim Mashin);property;dct_object_ekis;TRIGGER;EDW All Property;"REVOKE TRIGGER ON property.dct_object_ekis FROM mpmashin;"
mpmashin;Машин Максим Павлович (Maksim Mashin);property;osago_reins_check;INSERT;EDW All Property;"REVOKE INSERT ON property.osago_reins_check FROM mpmashin;"
mpmashin;Машин Максим Павлович (Maksim Mashin);property;osago_reins_check;SELECT;EDW All Property;"REVOKE SELECT ON property.osago_reins_check FROM mpmashin;"
mpmashin;Машин Максим Павлович (Maksim Mashin);property;osago_reins_check;UPDATE;EDW All Property;"REVOKE UPDATE ON property.osago_reins_check FROM mpmashin;"
mpmashin;Машин Максим Павлович (Maksim Mashin);property;osago_reins_check;DELETE;EDW All Property;"REVOKE DELETE ON property.osago_reins_check FROM mpmashin;"
mpmashin;Машин Максим Павлович (Maksim Mashin);property;osago_reins_check;TRUNCATE;EDW All Property;"REVOKE TRUNCATE ON property.osago_reins_check FROM mpmashin;"
mpmashin;Машин Максим Павлович (Maksim Mashin);property;osago_reins_check;REFERENCES;EDW All Property;"REVOKE REFERENCES ON property.osago_reins_check FROM mpmashin;"
mpmashin;Машин Максим Павлович (Maksim Mashin);property;osago_reins_check;TRIGGER;EDW All Property;"REVOKE TRIGGER ON property.osago_reins_check FROM mpmashin;"
mpmashin;Машин Максим Павлович (Maksim Mashin);property;gdi_tmp_kasko_gap_20220404;INSERT;EDW All Property;"REVOKE INSERT ON property.gdi_tmp_kasko_gap_20220404 FROM mpmashin;"
mpmashin;Машин Максим Павлович (Maksim Mashin);property;gdi_tmp_kasko_gap_20220404;SELECT;EDW All Property;"REVOKE SELECT ON property.gdi_tmp_kasko_gap_20220404 FROM mpmashin;"
mpmashin;Машин Максим Павлович (Maksim Mashin);property;gdi_tmp_kasko_gap_20220404;UPDATE;EDW All Property;"REVOKE UPDATE ON property.gdi_tmp_kasko_gap_20220404 FROM mpmashin;"
mpmashin;Машин Максим Павлович (Maksim Mashin);property;gdi_tmp_kasko_gap_20220404;DELETE;EDW All Property;"REVOKE DELETE ON property.gdi_tmp_kasko_gap_20220404 FROM mpmashin;"
mpmashin;Машин Максим Павлович (Maksim Mashin);property;gdi_tmp_kasko_gap_20220404;TRUNCATE;EDW All Property;"REVOKE TRUNCATE ON property.gdi_tmp_kasko_gap_20220404 FROM mpmashin;"
mpmashin;Машин Максим Павлович (Maksim Mashin);property;gdi_tmp_kasko_gap_20220404;REFERENCES;EDW All Property;"REVOKE REFERENCES ON property.gdi_tmp_kasko_gap_20220404 FROM mpmashin;"
mpmashin;Машин Максим Павлович (Maksim Mashin);property;gdi_tmp_kasko_gap_20220404;TRIGGER;EDW All Property;"REVOKE TRIGGER ON property.gdi_tmp_kasko_gap_20220404 FROM mpmashin;"
mpmashin;Машин Максим Павлович (Maksim Mashin);property;dict_gdi_dict7gs_gvs;INSERT;EDW All Property;"REVOKE INSERT ON property.dict_gdi_dict7gs_gvs FROM mpmashin;"
mpmashin;Машин Максим Павлович (Maksim Mashin);property;dict_gdi_dict7gs_gvs;SELECT;EDW All Property;"REVOKE SELECT ON property.dict_gdi_dict7gs_gvs FROM mpmashin;"
mpmashin;Машин Максим Павлович (Maksim Mashin);property;dict_gdi_dict7gs_gvs;UPDATE;EDW All Property;"REVOKE UPDATE ON property.dict_gdi_dict7gs_gvs FROM mpmashin;"
mpmashin;Машин Максим Павлович (Maksim Mashin);property;dict_gdi_dict7gs_gvs;DELETE;EDW All Property;"REVOKE DELETE ON property.dict_gdi_dict7gs_gvs FROM mpmashin;"
mpmashin;Машин Максим Павлович (Maksim Mashin);property;dict_gdi_dict7gs_gvs;TRUNCATE;EDW All Property;"REVOKE TRUNCATE ON property.dict_gdi_dict7gs_gvs FROM mpmashin;"
mpmashin;Машин Максим Павлович (Maksim Mashin);property;dict_gdi_dict7gs_gvs;REFERENCES;EDW All Property;"REVOKE REFERENCES ON property.dict_gdi_dict7gs_gvs FROM mpmashin;"
mpmashin;Машин Максим Павлович (Maksim Mashin);property;dict_gdi_dict7gs_gvs;TRIGGER;EDW All Property;"REVOKE TRIGGER ON property.dict_gdi_dict7gs_gvs FROM mpmashin;"
evzubkov;Зубков Евгений Валентинович (Evgeniy Zubkov);core;debt_client;INSERT;EDW All Core;"REVOKE INSERT ON core.debt_client FROM evzubkov;"
evzubkov;Зубков Евгений Валентинович (Evgeniy Zubkov);core;debt_client;SELECT;EDW All Core;"REVOKE SELECT ON core.debt_client FROM evzubkov;"
evzubkov;Зубков Евгений Валентинович (Evgeniy Zubkov);core;debt_client;UPDATE;EDW All Core;"REVOKE UPDATE ON core.debt_client FROM evzubkov;"
evzubkov;Зубков Евгений Валентинович (Evgeniy Zubkov);core;debt_client;DELETE;EDW All Core;"REVOKE DELETE ON core.debt_client FROM evzubkov;"
evzubkov;Зубков Евгений Валентинович (Evgeniy Zubkov);core;debt_client;TRUNCATE;EDW All Core;"REVOKE TRUNCATE ON core.debt_client FROM evzubkov;"
evzubkov;Зубков Евгений Валентинович (Evgeniy Zubkov);core;debt_client;REFERENCES;EDW All Core;"REVOKE REFERENCES ON core.debt_client FROM evzubkov;"
evzubkov;Зубков Евгений Валентинович (Evgeniy Zubkov);core;debt_client;TRIGGER;EDW All Core;"REVOKE TRIGGER ON core.debt_client FROM evzubkov;"
alvreus;Реус Александр Валерьевич (Aleksandr Reus);core;debt_client;SELECT;EDW Read Core;"REVOKE SELECT ON core.debt_client FROM alvreus;"
vatsvetkova;Цветкова Виктория Андреевна (Viktoriya Tsvetkova);core;debt_client;SELECT;EDW Read Core;"REVOKE SELECT ON core.debt_client FROM vatsvetkova;"
mpmashin;Машин Максим Павлович (Maksim Mashin);core;debt_client;SELECT;EDW All Core;"REVOKE SELECT ON core.debt_client FROM mpmashin;"
evzubkov;Зубков Евгений Валентинович (Evgeniy Zubkov);core;branch_organization_type;INSERT;EDW All Core;"REVOKE INSERT ON core.branch_organization_type FROM evzubkov;"
evzubkov;Зубков Евгений Валентинович (Evgeniy Zubkov);core;branch_organization_type;SELECT;EDW All Core;"REVOKE SELECT ON core.branch_organization_type FROM evzubkov;"
evzubkov;Зубков Евгений Валентинович (Evgeniy Zubkov);core;branch_organization_type;UPDATE;EDW All Core;"REVOKE UPDATE ON core.branch_organization_type FROM evzubkov;"
evzubkov;Зубков Евгений Валентинович (Evgeniy Zubkov);core;branch_organization_type;DELETE;EDW All Core;"REVOKE DELETE ON core.branch_organization_type FROM evzubkov;"
evzubkov;Зубков Евгений Валентинович (Evgeniy Zubkov);core;branch_organization_type;TRUNCATE;EDW All Core;"REVOKE TRUNCATE ON core.branch_organization_type FROM evzubkov;"
evzubkov;Зубков Евгений Валентинович (Evgeniy Zubkov);core;branch_organization_type;REFERENCES;EDW All Core;"REVOKE REFERENCES ON core.branch_organization_type FROM evzubkov;"
evzubkov;Зубков Евгений Валентинович (Evgeniy Zubkov);core;branch_organization_type;TRIGGER;EDW All Core;"REVOKE TRIGGER ON core.branch_organization_type FROM evzubkov;"
alvreus;Реус Александр Валерьевич (Aleksandr Reus);core;branch_organization_type;SELECT;EDW Read Core;"REVOKE SELECT ON core.branch_organization_type FROM alvreus;"
vatsvetkova;Цветкова Виктория Андреевна (Viktoriya Tsvetkova);core;branch_organization_type;SELECT;EDW Read Core;"REVOKE SELECT ON core.branch_organization_type FROM vatsvetkova;"
mpmashin;Машин Максим Павлович (Maksim Mashin);core;branch_organization_type;SELECT;EDW All Core;"REVOKE SELECT ON core.branch_organization_type FROM mpmashin;"
vatsvetkova;Цветкова Виктория Андреевна (Viktoriya Tsvetkova);kias_dm;load_comiss_par;INSERT;EDW All Kias DM;"REVOKE INSERT ON kias_dm.load_comiss_par FROM vatsvetkova;"
vatsvetkova;Цветкова Виктория Андреевна (Viktoriya Tsvetkova);kias_dm;load_comiss_par;SELECT;EDW All Kias DM;"REVOKE SELECT ON kias_dm.load_comiss_par FROM vatsvetkova;"
vatsvetkova;Цветкова Виктория Андреевна (Viktoriya Tsvetkova);kias_dm;load_comiss_par;UPDATE;EDW All Kias DM;"REVOKE UPDATE ON kias_dm.load_comiss_par FROM vatsvetkova;"
vatsvetkova;Цветкова Виктория Андреевна (Viktoriya Tsvetkova);kias_dm;load_comiss_par;DELETE;EDW All Kias DM;"REVOKE DELETE ON kias_dm.load_comiss_par FROM vatsvetkova;"
vatsvetkova;Цветкова Виктория Андреевна (Viktoriya Tsvetkova);kias_dm;load_comiss_par;TRUNCATE;EDW All Kias DM;"REVOKE TRUNCATE ON kias_dm.load_comiss_par FROM vatsvetkova;"
vatsvetkova;Цветкова Виктория Андреевна (Viktoriya Tsvetkova);kias_dm;load_comiss_par;REFERENCES;EDW All Kias DM;"REVOKE REFERENCES ON kias_dm.load_comiss_par FROM vatsvetkova;"
vatsvetkova;Цветкова Виктория Андреевна (Viktoriya Tsvetkova);kias_dm;load_comiss_par;TRIGGER;EDW All Kias DM;"REVOKE TRIGGER ON kias_dm.load_comiss_par FROM vatsvetkova;"
alvreus;Реус Александр Валерьевич (Aleksandr Reus);kias_dm;load_comiss_par;INSERT;EDW All Kias DM;"REVOKE INSERT ON kias_dm.load_comiss_par FROM alvreus;"
alvreus;Реус Александр Валерьевич (Aleksandr Reus);kias_dm;load_comiss_par;SELECT;EDW All Kias DM;"REVOKE SELECT ON kias_dm.load_comiss_par FROM alvreus;"
alvreus;Реус Александр Валерьевич (Aleksandr Reus);kias_dm;load_comiss_par;UPDATE;EDW All Kias DM;"REVOKE UPDATE ON kias_dm.load_comiss_par FROM alvreus;"
alvreus;Реус Александр Валерьевич (Aleksandr Reus);kias_dm;load_comiss_par;DELETE;EDW All Kias DM;"REVOKE DELETE ON kias_dm.load_comiss_par FROM alvreus;"
alvreus;Реус Александр Валерьевич (Aleksandr Reus);kias_dm;load_comiss_par;TRUNCATE;EDW All Kias DM;"REVOKE TRUNCATE ON kias_dm.load_comiss_par FROM alvreus;"
alvreus;Реус Александр Валерьевич (Aleksandr Reus);kias_dm;load_comiss_par;REFERENCES;EDW All Kias DM;"REVOKE REFERENCES ON kias_dm.load_comiss_par FROM alvreus;"
alvreus;Реус Александр Валерьевич (Aleksandr Reus);kias_dm;load_comiss_par;TRIGGER;EDW All Kias DM;"REVOKE TRIGGER ON kias_dm.load_comiss_par FROM alvreus;"
mpmashin;Машин Максим Павлович (Maksim Mashin);kias_dm;load_comiss_par;INSERT;EDW All Kias DM;"REVOKE INSERT ON kias_dm.load_comiss_par FROM mpmashin;"
mpmashin;Машин Максим Павлович (Maksim Mashin);kias_dm;load_comiss_par;SELECT;EDW All Kias DM;"REVOKE SELECT ON kias_dm.load_comiss_par FROM mpmashin;"
mpmashin;Машин Максим Павлович (Maksim Mashin);kias_dm;load_comiss_par;UPDATE;EDW All Kias DM;"REVOKE UPDATE ON kias_dm.load_comiss_par FROM mpmashin;"
mpmashin;Машин Максим Павлович (Maksim Mashin);kias_dm;load_comiss_par;DELETE;EDW All Kias DM;"REVOKE DELETE ON kias_dm.load_comiss_par FROM mpmashin;"
mpmashin;Машин Максим Павлович (Maksim Mashin);kias_dm;load_comiss_par;TRUNCATE;EDW All Kias DM;"REVOKE TRUNCATE ON kias_dm.load_comiss_par FROM mpmashin;"
mpmashin;Машин Максим Павлович (Maksim Mashin);kias_dm;load_comiss_par;REFERENCES;EDW All Kias DM;"REVOKE REFERENCES ON kias_dm.load_comiss_par FROM mpmashin;"
mpmashin;Машин Максим Павлович (Maksim Mashin);kias_dm;load_comiss_par;TRIGGER;EDW All Kias DM;"REVOKE TRIGGER ON kias_dm.load_comiss_par FROM mpmashin;"
avchaplygina;Чаплыгина Алена Владимировна (Alena Chaplygina);actuary;contract_ort_dimensions_agg7gs_ifrs17;SELECT;EDW Read Actuary;"REVOKE SELECT ON actuary.contract_ort_dimensions_agg7gs_ifrs17 FROM avchaplygina;"
tvbozhenkova;Боженкова Татьяна Владимировна (Tatyana Bozhenkova);actuary;contract_ort_dimensions_agg7gs_ifrs17;SELECT;EDW Read Actuary;"REVOKE SELECT ON actuary.contract_ort_dimensions_agg7gs_ifrs17 FROM tvbozhenkova;"
evzubkov;Зубков Евгений Валентинович (Evgeniy Zubkov);core;dict_acc_group_limit_period;INSERT;EDW All Core;"REVOKE INSERT ON core.dict_acc_group_limit_period FROM evzubkov;"
evzubkov;Зубков Евгений Валентинович (Evgeniy Zubkov);core;dict_acc_group_limit_period;SELECT;EDW All Core;"REVOKE SELECT ON core.dict_acc_group_limit_period FROM evzubkov;"
evzubkov;Зубков Евгений Валентинович (Evgeniy Zubkov);core;dict_acc_group_limit_period;UPDATE;EDW All Core;"REVOKE UPDATE ON core.dict_acc_group_limit_period FROM evzubkov;"
evzubkov;Зубков Евгений Валентинович (Evgeniy Zubkov);core;dict_acc_group_limit_period;DELETE;EDW All Core;"REVOKE DELETE ON core.dict_acc_group_limit_period FROM evzubkov;"
evzubkov;Зубков Евгений Валентинович (Evgeniy Zubkov);core;dict_acc_group_limit_period;TRUNCATE;EDW All Core;"REVOKE TRUNCATE ON core.dict_acc_group_limit_period FROM evzubkov;"
evzubkov;Зубков Евгений Валентинович (Evgeniy Zubkov);core;dict_acc_group_limit_period;REFERENCES;EDW All Core;"REVOKE REFERENCES ON core.dict_acc_group_limit_period FROM evzubkov;"
evzubkov;Зубков Евгений Валентинович (Evgeniy Zubkov);core;dict_acc_group_limit_period;TRIGGER;EDW All Core;"REVOKE TRIGGER ON core.dict_acc_group_limit_period FROM evzubkov;"
alvreus;Реус Александр Валерьевич (Aleksandr Reus);core;dict_acc_group_limit_period;SELECT;EDW Read Core;"REVOKE SELECT ON core.dict_acc_group_limit_period FROM alvreus;"
vatsvetkova;Цветкова Виктория Андреевна (Viktoriya Tsvetkova);core;dict_acc_group_limit_period;SELECT;EDW Read Core;"REVOKE SELECT ON core.dict_acc_group_limit_period FROM vatsvetkova;"
mpmashin;Машин Максим Павлович (Maksim Mashin);core;dict_acc_group_limit_period;SELECT;EDW All Core;"REVOKE SELECT ON core.dict_acc_group_limit_period FROM mpmashin;"
evzubkov;Зубков Евгений Валентинович (Evgeniy Zubkov);core;cdi_address_quality;INSERT;EDW All Core;"REVOKE INSERT ON core.cdi_address_quality FROM evzubkov;"
evzubkov;Зубков Евгений Валентинович (Evgeniy Zubkov);core;cdi_address_quality;SELECT;EDW All Core;"REVOKE SELECT ON core.cdi_address_quality FROM evzubkov;"
evzubkov;Зубков Евгений Валентинович (Evgeniy Zubkov);core;cdi_address_quality;UPDATE;EDW All Core;"REVOKE UPDATE ON core.cdi_address_quality FROM evzubkov;"
evzubkov;Зубков Евгений Валентинович (Evgeniy Zubkov);core;cdi_address_quality;DELETE;EDW All Core;"REVOKE DELETE ON core.cdi_address_quality FROM evzubkov;"
evzubkov;Зубков Евгений Валентинович (Evgeniy Zubkov);core;cdi_address_quality;TRUNCATE;EDW All Core;"REVOKE TRUNCATE ON core.cdi_address_quality FROM evzubkov;"
evzubkov;Зубков Евгений Валентинович (Evgeniy Zubkov);core;cdi_address_quality;REFERENCES;EDW All Core;"REVOKE REFERENCES ON core.cdi_address_quality FROM evzubkov;"
evzubkov;Зубков Евгений Валентинович (Evgeniy Zubkov);core;cdi_address_quality;TRIGGER;EDW All Core;"REVOKE TRIGGER ON core.cdi_address_quality FROM evzubkov;"
alvreus;Реус Александр Валерьевич (Aleksandr Reus);core;cdi_address_quality;SELECT;EDW Read Core;"REVOKE SELECT ON core.cdi_address_quality FROM alvreus;"
vatsvetkova;Цветкова Виктория Андреевна (Viktoriya Tsvetkova);core;cdi_address_quality;SELECT;EDW Read Core;"REVOKE SELECT ON core.cdi_address_quality FROM vatsvetkova;"
mpmashin;Машин Максим Павлович (Maksim Mashin);core;cdi_address_quality;SELECT;EDW All Core;"REVOKE SELECT ON core.cdi_address_quality FROM mpmashin;"
evzubkov;Зубков Евгений Валентинович (Evgeniy Zubkov);core;cdi_ph_full_name_quality;INSERT;EDW All Core;"REVOKE INSERT ON core.cdi_ph_full_name_quality FROM evzubkov;"
evzubkov;Зубков Евгений Валентинович (Evgeniy Zubkov);core;cdi_ph_full_name_quality;SELECT;EDW All Core;"REVOKE SELECT ON core.cdi_ph_full_name_quality FROM evzubkov;"
evzubkov;Зубков Евгений Валентинович (Evgeniy Zubkov);core;cdi_ph_full_name_quality;UPDATE;EDW All Core;"REVOKE UPDATE ON core.cdi_ph_full_name_quality FROM evzubkov;"
evzubkov;Зубков Евгений Валентинович (Evgeniy Zubkov);core;cdi_ph_full_name_quality;DELETE;EDW All Core;"REVOKE DELETE ON core.cdi_ph_full_name_quality FROM evzubkov;"
evzubkov;Зубков Евгений Валентинович (Evgeniy Zubkov);core;cdi_ph_full_name_quality;TRUNCATE;EDW All Core;"REVOKE TRUNCATE ON core.cdi_ph_full_name_quality FROM evzubkov;"
evzubkov;Зубков Евгений Валентинович (Evgeniy Zubkov);core;cdi_ph_full_name_quality;REFERENCES;EDW All Core;"REVOKE REFERENCES ON core.cdi_ph_full_name_quality FROM evzubkov;"
evzubkov;Зубков Евгений Валентинович (Evgeniy Zubkov);core;cdi_ph_full_name_quality;TRIGGER;EDW All Core;"REVOKE TRIGGER ON core.cdi_ph_full_name_quality FROM evzubkov;"
alvreus;Реус Александр Валерьевич (Aleksandr Reus);core;cdi_ph_full_name_quality;SELECT;EDW Read Core;"REVOKE SELECT ON core.cdi_ph_full_name_quality FROM alvreus;"
vatsvetkova;Цветкова Виктория Андреевна (Viktoriya Tsvetkova);core;cdi_ph_full_name_quality;SELECT;EDW Read Core;"REVOKE SELECT ON core.cdi_ph_full_name_quality FROM vatsvetkova;"
mpmashin;Машин Максим Павлович (Maksim Mashin);core;cdi_ph_full_name_quality;SELECT;EDW All Core;"REVOKE SELECT ON core.cdi_ph_full_name_quality FROM mpmashin;"
avchaplygina;Чаплыгина Алена Владимировна (Alena Chaplygina);actuary;contract_ort_dimensions_agg7gs_ifrs172;SELECT;EDW Read Actuary;"REVOKE SELECT ON actuary.contract_ort_dimensions_agg7gs_ifrs172 FROM avchaplygina;"
tvbozhenkova;Боженкова Татьяна Владимировна (Tatyana Bozhenkova);actuary;contract_ort_dimensions_agg7gs_ifrs172;SELECT;EDW Read Actuary;"REVOKE SELECT ON actuary.contract_ort_dimensions_agg7gs_ifrs172 FROM tvbozhenkova;"
avchaplygina;Чаплыгина Алена Владимировна (Alena Chaplygina);actuary;contract_ort_dimensions_agg7gs_ifrs17_old;SELECT;EDW Read Actuary;"REVOKE SELECT ON actuary.contract_ort_dimensions_agg7gs_ifrs17_old FROM avchaplygina;"
tvbozhenkova;Боженкова Татьяна Владимировна (Tatyana Bozhenkova);actuary;contract_ort_dimensions_agg7gs_ifrs17_old;SELECT;EDW Read Actuary;"REVOKE SELECT ON actuary.contract_ort_dimensions_agg7gs_ifrs17_old FROM tvbozhenkova;"
qs_economic;QS_Economic;actuary;contract_ort_dimensions_agg7gs_ifrs17_old;SELECT;EDW Read Actuary;"REVOKE SELECT ON actuary.contract_ort_dimensions_agg7gs_ifrs17_old FROM qs_economic;"
vatsvetkova;Цветкова Виктория Андреевна (Viktoriya Tsvetkova);kias_dm;tr_log;INSERT;EDW All Kias DM;"REVOKE INSERT ON kias_dm.tr_log FROM vatsvetkova;"
vatsvetkova;Цветкова Виктория Андреевна (Viktoriya Tsvetkova);kias_dm;tr_log;SELECT;EDW All Kias DM;"REVOKE SELECT ON kias_dm.tr_log FROM vatsvetkova;"
vatsvetkova;Цветкова Виктория Андреевна (Viktoriya Tsvetkova);kias_dm;tr_log;UPDATE;EDW All Kias DM;"REVOKE UPDATE ON kias_dm.tr_log FROM vatsvetkova;"
vatsvetkova;Цветкова Виктория Андреевна (Viktoriya Tsvetkova);kias_dm;tr_log;DELETE;EDW All Kias DM;"REVOKE DELETE ON kias_dm.tr_log FROM vatsvetkova;"
vatsvetkova;Цветкова Виктория Андреевна (Viktoriya Tsvetkova);kias_dm;tr_log;TRUNCATE;EDW All Kias DM;"REVOKE TRUNCATE ON kias_dm.tr_log FROM vatsvetkova;"
vatsvetkova;Цветкова Виктория Андреевна (Viktoriya Tsvetkova);kias_dm;tr_log;REFERENCES;EDW All Kias DM;"REVOKE REFERENCES ON kias_dm.tr_log FROM vatsvetkova;"
vatsvetkova;Цветкова Виктория Андреевна (Viktoriya Tsvetkova);kias_dm;tr_log;TRIGGER;EDW All Kias DM;"REVOKE TRIGGER ON kias_dm.tr_log FROM vatsvetkova;"
alvreus;Реус Александр Валерьевич (Aleksandr Reus);kias_dm;tr_log;INSERT;EDW All Kias DM;"REVOKE INSERT ON kias_dm.tr_log FROM alvreus;"
alvreus;Реус Александр Валерьевич (Aleksandr Reus);kias_dm;tr_log;SELECT;EDW All Kias DM;"REVOKE SELECT ON kias_dm.tr_log FROM alvreus;"
alvreus;Реус Александр Валерьевич (Aleksandr Reus);kias_dm;tr_log;UPDATE;EDW All Kias DM;"REVOKE UPDATE ON kias_dm.tr_log FROM alvreus;"
alvreus;Реус Александр Валерьевич (Aleksandr Reus);kias_dm;tr_log;DELETE;EDW All Kias DM;"REVOKE DELETE ON kias_dm.tr_log FROM alvreus;"
alvreus;Реус Александр Валерьевич (Aleksandr Reus);kias_dm;tr_log;TRUNCATE;EDW All Kias DM;"REVOKE TRUNCATE ON kias_dm.tr_log FROM alvreus;"
alvreus;Реус Александр Валерьевич (Aleksandr Reus);kias_dm;tr_log;REFERENCES;EDW All Kias DM;"REVOKE REFERENCES ON kias_dm.tr_log FROM alvreus;"
alvreus;Реус Александр Валерьевич (Aleksandr Reus);kias_dm;tr_log;TRIGGER;EDW All Kias DM;"REVOKE TRIGGER ON kias_dm.tr_log FROM alvreus;"
mpmashin;Машин Максим Павлович (Maksim Mashin);kias_dm;tr_log;INSERT;EDW All Kias DM;"REVOKE INSERT ON kias_dm.tr_log FROM mpmashin;"
mpmashin;Машин Максим Павлович (Maksim Mashin);kias_dm;tr_log;SELECT;EDW All Kias DM;"REVOKE SELECT ON kias_dm.tr_log FROM mpmashin;"
mpmashin;Машин Максим Павлович (Maksim Mashin);kias_dm;tr_log;UPDATE;EDW All Kias DM;"REVOKE UPDATE ON kias_dm.tr_log FROM mpmashin;"
mpmashin;Машин Максим Павлович (Maksim Mashin);kias_dm;tr_log;DELETE;EDW All Kias DM;"REVOKE DELETE ON kias_dm.tr_log FROM mpmashin;"
mpmashin;Машин Максим Павлович (Maksim Mashin);kias_dm;tr_log;TRUNCATE;EDW All Kias DM;"REVOKE TRUNCATE ON kias_dm.tr_log FROM mpmashin;"
mpmashin;Машин Максим Павлович (Maksim Mashin);kias_dm;tr_log;REFERENCES;EDW All Kias DM;"REVOKE REFERENCES ON kias_dm.tr_log FROM mpmashin;"
mpmashin;Машин Максим Павлович (Maksim Mashin);kias_dm;tr_log;TRIGGER;EDW All Kias DM;"REVOKE TRIGGER ON kias_dm.tr_log FROM mpmashin;"
evzubkov;Зубков Евгений Валентинович (Evgeniy Zubkov);core;cdi_mappings;INSERT;EDW All Core;"REVOKE INSERT ON core.cdi_mappings FROM evzubkov;"
evzubkov;Зубков Евгений Валентинович (Evgeniy Zubkov);core;cdi_mappings;SELECT;EDW All Core;"REVOKE SELECT ON core.cdi_mappings FROM evzubkov;"
evzubkov;Зубков Евгений Валентинович (Evgeniy Zubkov);core;cdi_mappings;UPDATE;EDW All Core;"REVOKE UPDATE ON core.cdi_mappings FROM evzubkov;"
evzubkov;Зубков Евгений Валентинович (Evgeniy Zubkov);core;cdi_mappings;DELETE;EDW All Core;"REVOKE DELETE ON core.cdi_mappings FROM evzubkov;"
evzubkov;Зубков Евгений Валентинович (Evgeniy Zubkov);core;cdi_mappings;TRUNCATE;EDW All Core;"REVOKE TRUNCATE ON core.cdi_mappings FROM evzubkov;"
evzubkov;Зубков Евгений Валентинович (Evgeniy Zubkov);core;cdi_mappings;REFERENCES;EDW All Core;"REVOKE REFERENCES ON core.cdi_mappings FROM evzubkov;"
evzubkov;Зубков Евгений Валентинович (Evgeniy Zubkov);core;cdi_mappings;TRIGGER;EDW All Core;"REVOKE TRIGGER ON core.cdi_mappings FROM evzubkov;"
alvreus;Реус Александр Валерьевич (Aleksandr Reus);core;cdi_mappings;SELECT;EDW Read Core;"REVOKE SELECT ON core.cdi_mappings FROM alvreus;"
vatsvetkova;Цветкова Виктория Андреевна (Viktoriya Tsvetkova);core;cdi_mappings;SELECT;EDW Read Core;"REVOKE SELECT ON core.cdi_mappings FROM vatsvetkova;"
mpmashin;Машин Максим Павлович (Maksim Mashin);core;cdi_mappings;SELECT;EDW All Core;"REVOKE SELECT ON core.cdi_mappings FROM mpmashin;"
evzubkov;Зубков Евгений Валентинович (Evgeniy Zubkov);core;check_log;INSERT;EDW All Core;"REVOKE INSERT ON core.check_log FROM evzubkov;"
evzubkov;Зубков Евгений Валентинович (Evgeniy Zubkov);core;check_log;SELECT;EDW All Core;"REVOKE SELECT ON core.check_log FROM evzubkov;"
evzubkov;Зубков Евгений Валентинович (Evgeniy Zubkov);core;check_log;UPDATE;EDW All Core;"REVOKE UPDATE ON core.check_log FROM evzubkov;"
evzubkov;Зубков Евгений Валентинович (Evgeniy Zubkov);core;check_log;DELETE;EDW All Core;"REVOKE DELETE ON core.check_log FROM evzubkov;"
evzubkov;Зубков Евгений Валентинович (Evgeniy Zubkov);core;check_log;TRUNCATE;EDW All Core;"REVOKE TRUNCATE ON core.check_log FROM evzubkov;"
evzubkov;Зубков Евгений Валентинович (Evgeniy Zubkov);core;check_log;REFERENCES;EDW All Core;"REVOKE REFERENCES ON core.check_log FROM evzubkov;"
evzubkov;Зубков Евгений Валентинович (Evgeniy Zubkov);core;check_log;TRIGGER;EDW All Core;"REVOKE TRIGGER ON core.check_log FROM evzubkov;"
alvreus;Реус Александр Валерьевич (Aleksandr Reus);core;check_log;SELECT;EDW Read Core;"REVOKE SELECT ON core.check_log FROM alvreus;"
vatsvetkova;Цветкова Виктория Андреевна (Viktoriya Tsvetkova);core;check_log;SELECT;EDW Read Core;"REVOKE SELECT ON core.check_log FROM vatsvetkova;"
mpmashin;Машин Максим Павлович (Maksim Mashin);core;check_log;SELECT;EDW All Core;"REVOKE SELECT ON core.check_log FROM mpmashin;"
avchaplygina;Чаплыгина Алена Владимировна (Alena Chaplygina);actuary;contract_ort_dimensions_agg7gs_ifrs17_old2;SELECT;EDW Read Actuary;"REVOKE SELECT ON actuary.contract_ort_dimensions_agg7gs_ifrs17_old2 FROM avchaplygina;"
tvbozhenkova;Боженкова Татьяна Владимировна (Tatyana Bozhenkova);actuary;contract_ort_dimensions_agg7gs_ifrs17_old2;SELECT;EDW Read Actuary;"REVOKE SELECT ON actuary.contract_ort_dimensions_agg7gs_ifrs17_old2 FROM tvbozhenkova;"
qs_economic;QS_Economic;actuary;contract_ort_dimensions_agg7gs_ifrs17_old2;SELECT;EDW Read Actuary;"REVOKE SELECT ON actuary.contract_ort_dimensions_agg7gs_ifrs17_old2 FROM qs_economic;"
evzubkov;Зубков Евгений Валентинович (Evgeniy Zubkov);core;claim_accidenttype;INSERT;EDW All Core;"REVOKE INSERT ON core.claim_accidenttype FROM evzubkov;"
evzubkov;Зубков Евгений Валентинович (Evgeniy Zubkov);core;claim_accidenttype;SELECT;EDW All Core;"REVOKE SELECT ON core.claim_accidenttype FROM evzubkov;"
evzubkov;Зубков Евгений Валентинович (Evgeniy Zubkov);core;claim_accidenttype;UPDATE;EDW All Core;"REVOKE UPDATE ON core.claim_accidenttype FROM evzubkov;"
evzubkov;Зубков Евгений Валентинович (Evgeniy Zubkov);core;claim_accidenttype;DELETE;EDW All Core;"REVOKE DELETE ON core.claim_accidenttype FROM evzubkov;"
evzubkov;Зубков Евгений Валентинович (Evgeniy Zubkov);core;claim_accidenttype;TRUNCATE;EDW All Core;"REVOKE TRUNCATE ON core.claim_accidenttype FROM evzubkov;"
evzubkov;Зубков Евгений Валентинович (Evgeniy Zubkov);core;claim_accidenttype;REFERENCES;EDW All Core;"REVOKE REFERENCES ON core.claim_accidenttype FROM evzubkov;"
evzubkov;Зубков Евгений Валентинович (Evgeniy Zubkov);core;claim_accidenttype;TRIGGER;EDW All Core;"REVOKE TRIGGER ON core.claim_accidenttype FROM evzubkov;"
alvreus;Реус Александр Валерьевич (Aleksandr Reus);core;claim_accidenttype;SELECT;EDW Read Core;"REVOKE SELECT ON core.claim_accidenttype FROM alvreus;"
vatsvetkova;Цветкова Виктория Андреевна (Viktoriya Tsvetkova);core;claim_accidenttype;SELECT;EDW Read Core;"REVOKE SELECT ON core.claim_accidenttype FROM vatsvetkova;"
mpmashin;Машин Максим Павлович (Maksim Mashin);core;claim_accidenttype;SELECT;EDW All Core;"REVOKE SELECT ON core.claim_accidenttype FROM mpmashin;"
evzubkov;Зубков Евгений Валентинович (Evgeniy Zubkov);core;claim_compensationrecipient;INSERT;EDW All Core;"REVOKE INSERT ON core.claim_compensationrecipient FROM evzubkov;"
evzubkov;Зубков Евгений Валентинович (Evgeniy Zubkov);core;claim_compensationrecipient;SELECT;EDW All Core;"REVOKE SELECT ON core.claim_compensationrecipient FROM evzubkov;"
evzubkov;Зубков Евгений Валентинович (Evgeniy Zubkov);core;claim_compensationrecipient;UPDATE;EDW All Core;"REVOKE UPDATE ON core.claim_compensationrecipient FROM evzubkov;"
evzubkov;Зубков Евгений Валентинович (Evgeniy Zubkov);core;claim_compensationrecipient;DELETE;EDW All Core;"REVOKE DELETE ON core.claim_compensationrecipient FROM evzubkov;"
evzubkov;Зубков Евгений Валентинович (Evgeniy Zubkov);core;claim_compensationrecipient;TRUNCATE;EDW All Core;"REVOKE TRUNCATE ON core.claim_compensationrecipient FROM evzubkov;"
evzubkov;Зубков Евгений Валентинович (Evgeniy Zubkov);core;claim_compensationrecipient;REFERENCES;EDW All Core;"REVOKE REFERENCES ON core.claim_compensationrecipient FROM evzubkov;"
evzubkov;Зубков Евгений Валентинович (Evgeniy Zubkov);core;claim_compensationrecipient;TRIGGER;EDW All Core;"REVOKE TRIGGER ON core.claim_compensationrecipient FROM evzubkov;"
alvreus;Реус Александр Валерьевич (Aleksandr Reus);core;claim_compensationrecipient;SELECT;EDW Read Core;"REVOKE SELECT ON core.claim_compensationrecipient FROM alvreus;"
vatsvetkova;Цветкова Виктория Андреевна (Viktoriya Tsvetkova);core;claim_compensationrecipient;SELECT;EDW Read Core;"REVOKE SELECT ON core.claim_compensationrecipient FROM vatsvetkova;"
mpmashin;Машин Максим Павлович (Maksim Mashin);core;claim_compensationrecipient;SELECT;EDW All Core;"REVOKE SELECT ON core.claim_compensationrecipient FROM mpmashin;"
evzubkov;Зубков Евгений Валентинович (Evgeniy Zubkov);core;claim_losscause;INSERT;EDW All Core;"REVOKE INSERT ON core.claim_losscause FROM evzubkov;"
evzubkov;Зубков Евгений Валентинович (Evgeniy Zubkov);core;claim_losscause;SELECT;EDW All Core;"REVOKE SELECT ON core.claim_losscause FROM evzubkov;"
evzubkov;Зубков Евгений Валентинович (Evgeniy Zubkov);core;claim_losscause;UPDATE;EDW All Core;"REVOKE UPDATE ON core.claim_losscause FROM evzubkov;"
evzubkov;Зубков Евгений Валентинович (Evgeniy Zubkov);core;claim_losscause;DELETE;EDW All Core;"REVOKE DELETE ON core.claim_losscause FROM evzubkov;"
evzubkov;Зубков Евгений Валентинович (Evgeniy Zubkov);core;claim_losscause;TRUNCATE;EDW All Core;"REVOKE TRUNCATE ON core.claim_losscause FROM evzubkov;"
evzubkov;Зубков Евгений Валентинович (Evgeniy Zubkov);core;claim_losscause;REFERENCES;EDW All Core;"REVOKE REFERENCES ON core.claim_losscause FROM evzubkov;"
evzubkov;Зубков Евгений Валентинович (Evgeniy Zubkov);core;claim_losscause;TRIGGER;EDW All Core;"REVOKE TRIGGER ON core.claim_losscause FROM evzubkov;"
alvreus;Реус Александр Валерьевич (Aleksandr Reus);core;claim_losscause;SELECT;EDW Read Core;"REVOKE SELECT ON core.claim_losscause FROM alvreus;"
vatsvetkova;Цветкова Виктория Андреевна (Viktoriya Tsvetkova);core;claim_losscause;SELECT;EDW Read Core;"REVOKE SELECT ON core.claim_losscause FROM vatsvetkova;"
mpmashin;Машин Максим Павлович (Maksim Mashin);core;claim_losscause;SELECT;EDW All Core;"REVOKE SELECT ON core.claim_losscause FROM mpmashin;"
evzubkov;Зубков Евгений Валентинович (Evgeniy Zubkov);core;claim_object_risk;INSERT;EDW All Core;"REVOKE INSERT ON core.claim_object_risk FROM evzubkov;"
evzubkov;Зубков Евгений Валентинович (Evgeniy Zubkov);core;claim_object_risk;SELECT;EDW All Core;"REVOKE SELECT ON core.claim_object_risk FROM evzubkov;"
evzubkov;Зубков Евгений Валентинович (Evgeniy Zubkov);core;claim_object_risk;UPDATE;EDW All Core;"REVOKE UPDATE ON core.claim_object_risk FROM evzubkov;"
evzubkov;Зубков Евгений Валентинович (Evgeniy Zubkov);core;claim_object_risk;DELETE;EDW All Core;"REVOKE DELETE ON core.claim_object_risk FROM evzubkov;"
evzubkov;Зубков Евгений Валентинович (Evgeniy Zubkov);core;claim_object_risk;TRUNCATE;EDW All Core;"REVOKE TRUNCATE ON core.claim_object_risk FROM evzubkov;"
evzubkov;Зубков Евгений Валентинович (Evgeniy Zubkov);core;claim_object_risk;REFERENCES;EDW All Core;"REVOKE REFERENCES ON core.claim_object_risk FROM evzubkov;"
evzubkov;Зубков Евгений Валентинович (Evgeniy Zubkov);core;claim_object_risk;TRIGGER;EDW All Core;"REVOKE TRIGGER ON core.claim_object_risk FROM evzubkov;"
alvreus;Реус Александр Валерьевич (Aleksandr Reus);core;claim_object_risk;SELECT;EDW Read Core;"REVOKE SELECT ON core.claim_object_risk FROM alvreus;"
vatsvetkova;Цветкова Виктория Андреевна (Viktoriya Tsvetkova);core;claim_object_risk;SELECT;EDW Read Core;"REVOKE SELECT ON core.claim_object_risk FROM vatsvetkova;"
mpmashin;Машин Максим Павлович (Maksim Mashin);core;claim_object_risk;SELECT;EDW All Core;"REVOKE SELECT ON core.claim_object_risk FROM mpmashin;"
evzubkov;Зубков Евгений Валентинович (Evgeniy Zubkov);core;claim_policytype;INSERT;EDW All Core;"REVOKE INSERT ON core.claim_policytype FROM evzubkov;"
evzubkov;Зубков Евгений Валентинович (Evgeniy Zubkov);core;claim_policytype;SELECT;EDW All Core;"REVOKE SELECT ON core.claim_policytype FROM evzubkov;"
evzubkov;Зубков Евгений Валентинович (Evgeniy Zubkov);core;claim_policytype;UPDATE;EDW All Core;"REVOKE UPDATE ON core.claim_policytype FROM evzubkov;"
evzubkov;Зубков Евгений Валентинович (Evgeniy Zubkov);core;claim_policytype;DELETE;EDW All Core;"REVOKE DELETE ON core.claim_policytype FROM evzubkov;"
evzubkov;Зубков Евгений Валентинович (Evgeniy Zubkov);core;claim_policytype;TRUNCATE;EDW All Core;"REVOKE TRUNCATE ON core.claim_policytype FROM evzubkov;"
evzubkov;Зубков Евгений Валентинович (Evgeniy Zubkov);core;claim_policytype;REFERENCES;EDW All Core;"REVOKE REFERENCES ON core.claim_policytype FROM evzubkov;"
evzubkov;Зубков Евгений Валентинович (Evgeniy Zubkov);core;claim_policytype;TRIGGER;EDW All Core;"REVOKE TRIGGER ON core.claim_policytype FROM evzubkov;"
alvreus;Реус Александр Валерьевич (Aleksandr Reus);core;claim_policytype;SELECT;EDW Read Core;"REVOKE SELECT ON core.claim_policytype FROM alvreus;"
vatsvetkova;Цветкова Виктория Андреевна (Viktoriya Tsvetkova);core;claim_policytype;SELECT;EDW Read Core;"REVOKE SELECT ON core.claim_policytype FROM vatsvetkova;"
mpmashin;Машин Максим Павлович (Maksim Mashin);core;claim_policytype;SELECT;EDW All Core;"REVOKE SELECT ON core.claim_policytype FROM mpmashin;"
evzubkov;Зубков Евгений Валентинович (Evgeniy Zubkov);core;claim_refundcategory;INSERT;EDW All Core;"REVOKE INSERT ON core.claim_refundcategory FROM evzubkov;"
evzubkov;Зубков Евгений Валентинович (Evgeniy Zubkov);core;claim_refundcategory;SELECT;EDW All Core;"REVOKE SELECT ON core.claim_refundcategory FROM evzubkov;"
evzubkov;Зубков Евгений Валентинович (Evgeniy Zubkov);core;claim_refundcategory;UPDATE;EDW All Core;"REVOKE UPDATE ON core.claim_refundcategory FROM evzubkov;"
evzubkov;Зубков Евгений Валентинович (Evgeniy Zubkov);core;claim_refundcategory;DELETE;EDW All Core;"REVOKE DELETE ON core.claim_refundcategory FROM evzubkov;"
evzubkov;Зубков Евгений Валентинович (Evgeniy Zubkov);core;claim_refundcategory;TRUNCATE;EDW All Core;"REVOKE TRUNCATE ON core.claim_refundcategory FROM evzubkov;"
evzubkov;Зубков Евгений Валентинович (Evgeniy Zubkov);core;claim_refundcategory;REFERENCES;EDW All Core;"REVOKE REFERENCES ON core.claim_refundcategory FROM evzubkov;"
evzubkov;Зубков Евгений Валентинович (Evgeniy Zubkov);core;claim_refundcategory;TRIGGER;EDW All Core;"REVOKE TRIGGER ON core.claim_refundcategory FROM evzubkov;"
alvreus;Реус Александр Валерьевич (Aleksandr Reus);core;claim_refundcategory;SELECT;EDW Read Core;"REVOKE SELECT ON core.claim_refundcategory FROM alvreus;"
vatsvetkova;Цветкова Виктория Андреевна (Viktoriya Tsvetkova);core;claim_refundcategory;SELECT;EDW Read Core;"REVOKE SELECT ON core.claim_refundcategory FROM vatsvetkova;"
mpmashin;Машин Максим Павлович (Maksim Mashin);core;claim_refundcategory;SELECT;EDW All Core;"REVOKE SELECT ON core.claim_refundcategory FROM mpmashin;"
evzubkov;Зубков Евгений Валентинович (Evgeniy Zubkov);core;claim_rep_proc;INSERT;EDW All Core;"REVOKE INSERT ON core.claim_rep_proc FROM evzubkov;"
evzubkov;Зубков Евгений Валентинович (Evgeniy Zubkov);core;claim_rep_proc;SELECT;EDW All Core;"REVOKE SELECT ON core.claim_rep_proc FROM evzubkov;"
evzubkov;Зубков Евгений Валентинович (Evgeniy Zubkov);core;claim_rep_proc;UPDATE;EDW All Core;"REVOKE UPDATE ON core.claim_rep_proc FROM evzubkov;"
evzubkov;Зубков Евгений Валентинович (Evgeniy Zubkov);core;claim_rep_proc;DELETE;EDW All Core;"REVOKE DELETE ON core.claim_rep_proc FROM evzubkov;"
evzubkov;Зубков Евгений Валентинович (Evgeniy Zubkov);core;claim_rep_proc;TRUNCATE;EDW All Core;"REVOKE TRUNCATE ON core.claim_rep_proc FROM evzubkov;"
evzubkov;Зубков Евгений Валентинович (Evgeniy Zubkov);core;claim_rep_proc;REFERENCES;EDW All Core;"REVOKE REFERENCES ON core.claim_rep_proc FROM evzubkov;"
evzubkov;Зубков Евгений Валентинович (Evgeniy Zubkov);core;claim_rep_proc;TRIGGER;EDW All Core;"REVOKE TRIGGER ON core.claim_rep_proc FROM evzubkov;"
alvreus;Реус Александр Валерьевич (Aleksandr Reus);core;claim_rep_proc;SELECT;EDW Read Core;"REVOKE SELECT ON core.claim_rep_proc FROM alvreus;"
vatsvetkova;Цветкова Виктория Андреевна (Viktoriya Tsvetkova);core;claim_rep_proc;SELECT;EDW Read Core;"REVOKE SELECT ON core.claim_rep_proc FROM vatsvetkova;"
mpmashin;Машин Максим Павлович (Maksim Mashin);core;claim_rep_proc;SELECT;EDW All Core;"REVOKE SELECT ON core.claim_rep_proc FROM mpmashin;"
evzubkov;Зубков Евгений Валентинович (Evgeniy Zubkov);core;dict_kk_region_vip;INSERT;EDW All Core;"REVOKE INSERT ON core.dict_kk_region_vip FROM evzubkov;"
evzubkov;Зубков Евгений Валентинович (Evgeniy Zubkov);core;dict_kk_region_vip;SELECT;EDW All Core;"REVOKE SELECT ON core.dict_kk_region_vip FROM evzubkov;"
evzubkov;Зубков Евгений Валентинович (Evgeniy Zubkov);core;dict_kk_region_vip;UPDATE;EDW All Core;"REVOKE UPDATE ON core.dict_kk_region_vip FROM evzubkov;"
evzubkov;Зубков Евгений Валентинович (Evgeniy Zubkov);core;dict_kk_region_vip;DELETE;EDW All Core;"REVOKE DELETE ON core.dict_kk_region_vip FROM evzubkov;"
evzubkov;Зубков Евгений Валентинович (Evgeniy Zubkov);core;dict_kk_region_vip;TRUNCATE;EDW All Core;"REVOKE TRUNCATE ON core.dict_kk_region_vip FROM evzubkov;"
evzubkov;Зубков Евгений Валентинович (Evgeniy Zubkov);core;dict_kk_region_vip;REFERENCES;EDW All Core;"REVOKE REFERENCES ON core.dict_kk_region_vip FROM evzubkov;"
evzubkov;Зубков Евгений Валентинович (Evgeniy Zubkov);core;dict_kk_region_vip;TRIGGER;EDW All Core;"REVOKE TRIGGER ON core.dict_kk_region_vip FROM evzubkov;"
alvreus;Реус Александр Валерьевич (Aleksandr Reus);core;dict_kk_region_vip;SELECT;EDW Read Core;"REVOKE SELECT ON core.dict_kk_region_vip FROM alvreus;"
vatsvetkova;Цветкова Виктория Андреевна (Viktoriya Tsvetkova);core;dict_kk_region_vip;SELECT;EDW Read Core;"REVOKE SELECT ON core.dict_kk_region_vip FROM vatsvetkova;"
mpmashin;Машин Максим Павлович (Maksim Mashin);core;dict_kk_region_vip;SELECT;EDW All Core;"REVOKE SELECT ON core.dict_kk_region_vip FROM mpmashin;"
evzubkov;Зубков Евгений Валентинович (Evgeniy Zubkov);core;dict_tax_rates;INSERT;EDW All Core;"REVOKE INSERT ON core.dict_tax_rates FROM evzubkov;"
evzubkov;Зубков Евгений Валентинович (Evgeniy Zubkov);core;dict_tax_rates;SELECT;EDW All Core;"REVOKE SELECT ON core.dict_tax_rates FROM evzubkov;"
evzubkov;Зубков Евгений Валентинович (Evgeniy Zubkov);core;dict_tax_rates;UPDATE;EDW All Core;"REVOKE UPDATE ON core.dict_tax_rates FROM evzubkov;"
evzubkov;Зубков Евгений Валентинович (Evgeniy Zubkov);core;dict_tax_rates;DELETE;EDW All Core;"REVOKE DELETE ON core.dict_tax_rates FROM evzubkov;"
evzubkov;Зубков Евгений Валентинович (Evgeniy Zubkov);core;dict_tax_rates;TRUNCATE;EDW All Core;"REVOKE TRUNCATE ON core.dict_tax_rates FROM evzubkov;"
evzubkov;Зубков Евгений Валентинович (Evgeniy Zubkov);core;dict_tax_rates;REFERENCES;EDW All Core;"REVOKE REFERENCES ON core.dict_tax_rates FROM evzubkov;"
evzubkov;Зубков Евгений Валентинович (Evgeniy Zubkov);core;dict_tax_rates;TRIGGER;EDW All Core;"REVOKE TRIGGER ON core.dict_tax_rates FROM evzubkov;"
alvreus;Реус Александр Валерьевич (Aleksandr Reus);core;dict_tax_rates;SELECT;EDW Read Core;"REVOKE SELECT ON core.dict_tax_rates FROM alvreus;"
vatsvetkova;Цветкова Виктория Андреевна (Viktoriya Tsvetkova);core;dict_tax_rates;SELECT;EDW Read Core;"REVOKE SELECT ON core.dict_tax_rates FROM vatsvetkova;"
mpmashin;Машин Максим Павлович (Maksim Mashin);core;dict_tax_rates;SELECT;EDW All Core;"REVOKE SELECT ON core.dict_tax_rates FROM mpmashin;"
alvreus;Реус Александр Валерьевич (Aleksandr Reus);core;dmm_table;SELECT;EDW Read Core;"REVOKE SELECT ON core.dmm_table FROM alvreus;"
vatsvetkova;Цветкова Виктория Андреевна (Viktoriya Tsvetkova);core;dmm_table;SELECT;EDW Read Core;"REVOKE SELECT ON core.dmm_table FROM vatsvetkova;"
mpmashin;Машин Максим Павлович (Maksim Mashin);core;dmm_table;SELECT;EDW All Core;"REVOKE SELECT ON core.dmm_table FROM mpmashin;"
evzubkov;Зубков Евгений Валентинович (Evgeniy Zubkov);core;federal_district;INSERT;EDW All Core;"REVOKE INSERT ON core.federal_district FROM evzubkov;"
evzubkov;Зубков Евгений Валентинович (Evgeniy Zubkov);core;federal_district;SELECT;EDW All Core;"REVOKE SELECT ON core.federal_district FROM evzubkov;"
evzubkov;Зубков Евгений Валентинович (Evgeniy Zubkov);core;federal_district;UPDATE;EDW All Core;"REVOKE UPDATE ON core.federal_district FROM evzubkov;"
evzubkov;Зубков Евгений Валентинович (Evgeniy Zubkov);core;federal_district;DELETE;EDW All Core;"REVOKE DELETE ON core.federal_district FROM evzubkov;"
evzubkov;Зубков Евгений Валентинович (Evgeniy Zubkov);core;federal_district;TRUNCATE;EDW All Core;"REVOKE TRUNCATE ON core.federal_district FROM evzubkov;"
evzubkov;Зубков Евгений Валентинович (Evgeniy Zubkov);core;federal_district;REFERENCES;EDW All Core;"REVOKE REFERENCES ON core.federal_district FROM evzubkov;"
evzubkov;Зубков Евгений Валентинович (Evgeniy Zubkov);core;federal_district;TRIGGER;EDW All Core;"REVOKE TRIGGER ON core.federal_district FROM evzubkov;"
alvreus;Реус Александр Валерьевич (Aleksandr Reus);core;federal_district;SELECT;EDW Read Core;"REVOKE SELECT ON core.federal_district FROM alvreus;"
vatsvetkova;Цветкова Виктория Андреевна (Viktoriya Tsvetkova);core;federal_district;SELECT;EDW Read Core;"REVOKE SELECT ON core.federal_district FROM vatsvetkova;"
mpmashin;Машин Максим Павлович (Maksim Mashin);core;federal_district;SELECT;EDW All Core;"REVOKE SELECT ON core.federal_district FROM mpmashin;"
evzubkov;Зубков Евгений Валентинович (Evgeniy Zubkov);core;leasing_company;INSERT;EDW All Core;"REVOKE INSERT ON core.leasing_company FROM evzubkov;"
evzubkov;Зубков Евгений Валентинович (Evgeniy Zubkov);core;leasing_company;SELECT;EDW All Core;"REVOKE SELECT ON core.leasing_company FROM evzubkov;"
evzubkov;Зубков Евгений Валентинович (Evgeniy Zubkov);core;leasing_company;UPDATE;EDW All Core;"REVOKE UPDATE ON core.leasing_company FROM evzubkov;"
evzubkov;Зубков Евгений Валентинович (Evgeniy Zubkov);core;leasing_company;DELETE;EDW All Core;"REVOKE DELETE ON core.leasing_company FROM evzubkov;"
evzubkov;Зубков Евгений Валентинович (Evgeniy Zubkov);core;leasing_company;TRUNCATE;EDW All Core;"REVOKE TRUNCATE ON core.leasing_company FROM evzubkov;"
evzubkov;Зубков Евгений Валентинович (Evgeniy Zubkov);core;leasing_company;REFERENCES;EDW All Core;"REVOKE REFERENCES ON core.leasing_company FROM evzubkov;"
evzubkov;Зубков Евгений Валентинович (Evgeniy Zubkov);core;leasing_company;TRIGGER;EDW All Core;"REVOKE TRIGGER ON core.leasing_company FROM evzubkov;"
alvreus;Реус Александр Валерьевич (Aleksandr Reus);core;leasing_company;SELECT;EDW Read Core;"REVOKE SELECT ON core.leasing_company FROM alvreus;"
vatsvetkova;Цветкова Виктория Андреевна (Viktoriya Tsvetkova);core;leasing_company;SELECT;EDW Read Core;"REVOKE SELECT ON core.leasing_company FROM vatsvetkova;"
mpmashin;Машин Максим Павлович (Maksim Mashin);core;leasing_company;SELECT;EDW All Core;"REVOKE SELECT ON core.leasing_company FROM mpmashin;"
alvreus;Реус Александр Валерьевич (Aleksandr Reus);core;ref_gvs_ifrs17_old;SELECT;EDW Read Core;"REVOKE SELECT ON core.ref_gvs_ifrs17_old FROM alvreus;"
vatsvetkova;Цветкова Виктория Андреевна (Viktoriya Tsvetkova);core;ref_gvs_ifrs17_old;SELECT;EDW Read Core;"REVOKE SELECT ON core.ref_gvs_ifrs17_old FROM vatsvetkova;"
mpmashin;Машин Максим Павлович (Maksim Mashin);core;ref_gvs_ifrs17_old;SELECT;EDW All Core;"REVOKE SELECT ON core.ref_gvs_ifrs17_old FROM mpmashin;"
evzubkov;Зубков Евгений Валентинович (Evgeniy Zubkov);core;ref_dc_acc_group;INSERT;EDW All Core;"REVOKE INSERT ON core.ref_dc_acc_group FROM evzubkov;"
evzubkov;Зубков Евгений Валентинович (Evgeniy Zubkov);core;ref_dc_acc_group;SELECT;EDW All Core;"REVOKE SELECT ON core.ref_dc_acc_group FROM evzubkov;"
evzubkov;Зубков Евгений Валентинович (Evgeniy Zubkov);core;ref_dc_acc_group;UPDATE;EDW All Core;"REVOKE UPDATE ON core.ref_dc_acc_group FROM evzubkov;"
evzubkov;Зубков Евгений Валентинович (Evgeniy Zubkov);core;ref_dc_acc_group;DELETE;EDW All Core;"REVOKE DELETE ON core.ref_dc_acc_group FROM evzubkov;"
evzubkov;Зубков Евгений Валентинович (Evgeniy Zubkov);core;ref_dc_acc_group;TRUNCATE;EDW All Core;"REVOKE TRUNCATE ON core.ref_dc_acc_group FROM evzubkov;"
evzubkov;Зубков Евгений Валентинович (Evgeniy Zubkov);core;ref_dc_acc_group;REFERENCES;EDW All Core;"REVOKE REFERENCES ON core.ref_dc_acc_group FROM evzubkov;"
evzubkov;Зубков Евгений Валентинович (Evgeniy Zubkov);core;ref_dc_acc_group;TRIGGER;EDW All Core;"REVOKE TRIGGER ON core.ref_dc_acc_group FROM evzubkov;"
alvreus;Реус Александр Валерьевич (Aleksandr Reus);core;ref_dc_acc_group;SELECT;EDW Read Core;"REVOKE SELECT ON core.ref_dc_acc_group FROM alvreus;"
vatsvetkova;Цветкова Виктория Андреевна (Viktoriya Tsvetkova);core;ref_dc_acc_group;SELECT;EDW Read Core;"REVOKE SELECT ON core.ref_dc_acc_group FROM vatsvetkova;"
mpmashin;Машин Максим Павлович (Maksim Mashin);core;ref_dc_acc_group;SELECT;EDW All Core;"REVOKE SELECT ON core.ref_dc_acc_group FROM mpmashin;"
alvreus;Реус Александр Валерьевич (Aleksandr Reus);core;ref_dictinsurer;SELECT;EDW Read Core;"REVOKE SELECT ON core.ref_dictinsurer FROM alvreus;"
vatsvetkova;Цветкова Виктория Андреевна (Viktoriya Tsvetkova);core;ref_dictinsurer;SELECT;EDW Read Core;"REVOKE SELECT ON core.ref_dictinsurer FROM vatsvetkova;"
mpmashin;Машин Максим Павлович (Maksim Mashin);core;ref_dictinsurer;SELECT;EDW All Core;"REVOKE SELECT ON core.ref_dictinsurer FROM mpmashin;"
evzubkov;Зубков Евгений Валентинович (Evgeniy Zubkov);core;ref_dictproject;INSERT;EDW All Core;"REVOKE INSERT ON core.ref_dictproject FROM evzubkov;"
evzubkov;Зубков Евгений Валентинович (Evgeniy Zubkov);core;ref_dictproject;SELECT;EDW All Core;"REVOKE SELECT ON core.ref_dictproject FROM evzubkov;"
evzubkov;Зубков Евгений Валентинович (Evgeniy Zubkov);core;ref_dictproject;UPDATE;EDW All Core;"REVOKE UPDATE ON core.ref_dictproject FROM evzubkov;"
evzubkov;Зубков Евгений Валентинович (Evgeniy Zubkov);core;ref_dictproject;DELETE;EDW All Core;"REVOKE DELETE ON core.ref_dictproject FROM evzubkov;"
evzubkov;Зубков Евгений Валентинович (Evgeniy Zubkov);core;ref_dictproject;TRUNCATE;EDW All Core;"REVOKE TRUNCATE ON core.ref_dictproject FROM evzubkov;"
evzubkov;Зубков Евгений Валентинович (Evgeniy Zubkov);core;ref_dictproject;REFERENCES;EDW All Core;"REVOKE REFERENCES ON core.ref_dictproject FROM evzubkov;"
evzubkov;Зубков Евгений Валентинович (Evgeniy Zubkov);core;ref_dictproject;TRIGGER;EDW All Core;"REVOKE TRIGGER ON core.ref_dictproject FROM evzubkov;"
alvreus;Реус Александр Валерьевич (Aleksandr Reus);core;ref_dictproject;SELECT;EDW Read Core;"REVOKE SELECT ON core.ref_dictproject FROM alvreus;"
vatsvetkova;Цветкова Виктория Андреевна (Viktoriya Tsvetkova);core;ref_dictproject;SELECT;EDW Read Core;"REVOKE SELECT ON core.ref_dictproject FROM vatsvetkova;"
mpmashin;Машин Максим Павлович (Maksim Mashin);core;ref_dictproject;SELECT;EDW All Core;"REVOKE SELECT ON core.ref_dictproject FROM mpmashin;"
evzubkov;Зубков Евгений Валентинович (Evgeniy Zubkov);core;ref_guru_reserve_group;INSERT;EDW All Core;"REVOKE INSERT ON core.ref_guru_reserve_group FROM evzubkov;"
evzubkov;Зубков Евгений Валентинович (Evgeniy Zubkov);core;ref_guru_reserve_group;SELECT;EDW All Core;"REVOKE SELECT ON core.ref_guru_reserve_group FROM evzubkov;"
evzubkov;Зубков Евгений Валентинович (Evgeniy Zubkov);core;ref_guru_reserve_group;UPDATE;EDW All Core;"REVOKE UPDATE ON core.ref_guru_reserve_group FROM evzubkov;"
evzubkov;Зубков Евгений Валентинович (Evgeniy Zubkov);core;ref_guru_reserve_group;DELETE;EDW All Core;"REVOKE DELETE ON core.ref_guru_reserve_group FROM evzubkov;"
evzubkov;Зубков Евгений Валентинович (Evgeniy Zubkov);core;ref_guru_reserve_group;TRUNCATE;EDW All Core;"REVOKE TRUNCATE ON core.ref_guru_reserve_group FROM evzubkov;"
evzubkov;Зубков Евгений Валентинович (Evgeniy Zubkov);core;ref_guru_reserve_group;REFERENCES;EDW All Core;"REVOKE REFERENCES ON core.ref_guru_reserve_group FROM evzubkov;"
evzubkov;Зубков Евгений Валентинович (Evgeniy Zubkov);core;ref_guru_reserve_group;TRIGGER;EDW All Core;"REVOKE TRIGGER ON core.ref_guru_reserve_group FROM evzubkov;"
alvreus;Реус Александр Валерьевич (Aleksandr Reus);core;ref_guru_reserve_group;SELECT;EDW Read Core;"REVOKE SELECT ON core.ref_guru_reserve_group FROM alvreus;"
vatsvetkova;Цветкова Виктория Андреевна (Viktoriya Tsvetkova);core;ref_guru_reserve_group;SELECT;EDW Read Core;"REVOKE SELECT ON core.ref_guru_reserve_group FROM vatsvetkova;"
mpmashin;Машин Максим Павлович (Maksim Mashin);core;ref_guru_reserve_group;SELECT;EDW All Core;"REVOKE SELECT ON core.ref_guru_reserve_group FROM mpmashin;"
evzubkov;Зубков Евгений Валентинович (Evgeniy Zubkov);core;ref_gvs_uo;INSERT;EDW All Core;"REVOKE INSERT ON core.ref_gvs_uo FROM evzubkov;"
evzubkov;Зубков Евгений Валентинович (Evgeniy Zubkov);core;ref_gvs_uo;SELECT;EDW All Core;"REVOKE SELECT ON core.ref_gvs_uo FROM evzubkov;"
evzubkov;Зубков Евгений Валентинович (Evgeniy Zubkov);core;ref_gvs_uo;UPDATE;EDW All Core;"REVOKE UPDATE ON core.ref_gvs_uo FROM evzubkov;"
evzubkov;Зубков Евгений Валентинович (Evgeniy Zubkov);core;ref_gvs_uo;DELETE;EDW All Core;"REVOKE DELETE ON core.ref_gvs_uo FROM evzubkov;"
evzubkov;Зубков Евгений Валентинович (Evgeniy Zubkov);core;ref_gvs_uo;TRUNCATE;EDW All Core;"REVOKE TRUNCATE ON core.ref_gvs_uo FROM evzubkov;"
evzubkov;Зубков Евгений Валентинович (Evgeniy Zubkov);core;ref_gvs_uo;REFERENCES;EDW All Core;"REVOKE REFERENCES ON core.ref_gvs_uo FROM evzubkov;"
evzubkov;Зубков Евгений Валентинович (Evgeniy Zubkov);core;ref_gvs_uo;TRIGGER;EDW All Core;"REVOKE TRIGGER ON core.ref_gvs_uo FROM evzubkov;"
alvreus;Реус Александр Валерьевич (Aleksandr Reus);core;ref_gvs_uo;SELECT;EDW Read Core;"REVOKE SELECT ON core.ref_gvs_uo FROM alvreus;"
vatsvetkova;Цветкова Виктория Андреевна (Viktoriya Tsvetkova);core;ref_gvs_uo;SELECT;EDW Read Core;"REVOKE SELECT ON core.ref_gvs_uo FROM vatsvetkova;"
mpmashin;Машин Максим Павлович (Maksim Mashin);core;ref_gvs_uo;SELECT;EDW All Core;"REVOKE SELECT ON core.ref_gvs_uo FROM mpmashin;"
evzubkov;Зубков Евгений Валентинович (Evgeniy Zubkov);core;ref_kladr_okato;INSERT;EDW All Core;"REVOKE INSERT ON core.ref_kladr_okato FROM evzubkov;"
evzubkov;Зубков Евгений Валентинович (Evgeniy Zubkov);core;ref_kladr_okato;SELECT;EDW All Core;"REVOKE SELECT ON core.ref_kladr_okato FROM evzubkov;"
evzubkov;Зубков Евгений Валентинович (Evgeniy Zubkov);core;ref_kladr_okato;UPDATE;EDW All Core;"REVOKE UPDATE ON core.ref_kladr_okato FROM evzubkov;"
evzubkov;Зубков Евгений Валентинович (Evgeniy Zubkov);core;ref_kladr_okato;DELETE;EDW All Core;"REVOKE DELETE ON core.ref_kladr_okato FROM evzubkov;"
evzubkov;Зубков Евгений Валентинович (Evgeniy Zubkov);core;ref_kladr_okato;TRUNCATE;EDW All Core;"REVOKE TRUNCATE ON core.ref_kladr_okato FROM evzubkov;"
evzubkov;Зубков Евгений Валентинович (Evgeniy Zubkov);core;ref_kladr_okato;REFERENCES;EDW All Core;"REVOKE REFERENCES ON core.ref_kladr_okato FROM evzubkov;"
evzubkov;Зубков Евгений Валентинович (Evgeniy Zubkov);core;ref_kladr_okato;TRIGGER;EDW All Core;"REVOKE TRIGGER ON core.ref_kladr_okato FROM evzubkov;"
alvreus;Реус Александр Валерьевич (Aleksandr Reus);core;ref_kladr_okato;SELECT;EDW Read Core;"REVOKE SELECT ON core.ref_kladr_okato FROM alvreus;"
vatsvetkova;Цветкова Виктория Андреевна (Viktoriya Tsvetkova);core;ref_kladr_okato;SELECT;EDW Read Core;"REVOKE SELECT ON core.ref_kladr_okato FROM vatsvetkova;"
mpmashin;Машин Максим Павлович (Maksim Mashin);core;ref_kladr_okato;SELECT;EDW All Core;"REVOKE SELECT ON core.ref_kladr_okato FROM mpmashin;"
evzubkov;Зубков Евгений Валентинович (Evgeniy Zubkov);core;ref_osago_segment;INSERT;EDW All Core;"REVOKE INSERT ON core.ref_osago_segment FROM evzubkov;"
evzubkov;Зубков Евгений Валентинович (Evgeniy Zubkov);core;ref_osago_segment;SELECT;EDW All Core;"REVOKE SELECT ON core.ref_osago_segment FROM evzubkov;"
evzubkov;Зубков Евгений Валентинович (Evgeniy Zubkov);core;ref_osago_segment;UPDATE;EDW All Core;"REVOKE UPDATE ON core.ref_osago_segment FROM evzubkov;"
evzubkov;Зубков Евгений Валентинович (Evgeniy Zubkov);core;ref_osago_segment;DELETE;EDW All Core;"REVOKE DELETE ON core.ref_osago_segment FROM evzubkov;"
evzubkov;Зубков Евгений Валентинович (Evgeniy Zubkov);core;ref_osago_segment;TRUNCATE;EDW All Core;"REVOKE TRUNCATE ON core.ref_osago_segment FROM evzubkov;"
evzubkov;Зубков Евгений Валентинович (Evgeniy Zubkov);core;ref_osago_segment;REFERENCES;EDW All Core;"REVOKE REFERENCES ON core.ref_osago_segment FROM evzubkov;"
evzubkov;Зубков Евгений Валентинович (Evgeniy Zubkov);core;ref_osago_segment;TRIGGER;EDW All Core;"REVOKE TRIGGER ON core.ref_osago_segment FROM evzubkov;"
alvreus;Реус Александр Валерьевич (Aleksandr Reus);core;ref_osago_segment;SELECT;EDW Read Core;"REVOKE SELECT ON core.ref_osago_segment FROM alvreus;"
vatsvetkova;Цветкова Виктория Андреевна (Viktoriya Tsvetkova);core;ref_osago_segment;SELECT;EDW Read Core;"REVOKE SELECT ON core.ref_osago_segment FROM vatsvetkova;"
mpmashin;Машин Максим Павлович (Maksim Mashin);core;ref_osago_segment;SELECT;EDW All Core;"REVOKE SELECT ON core.ref_osago_segment FROM mpmashin;"
evzubkov;Зубков Евгений Валентинович (Evgeniy Zubkov);core;ref_reserve_groups_def;INSERT;EDW All Core;"REVOKE INSERT ON core.ref_reserve_groups_def FROM evzubkov;"
evzubkov;Зубков Евгений Валентинович (Evgeniy Zubkov);core;ref_reserve_groups_def;SELECT;EDW All Core;"REVOKE SELECT ON core.ref_reserve_groups_def FROM evzubkov;"
evzubkov;Зубков Евгений Валентинович (Evgeniy Zubkov);core;ref_reserve_groups_def;UPDATE;EDW All Core;"REVOKE UPDATE ON core.ref_reserve_groups_def FROM evzubkov;"
evzubkov;Зубков Евгений Валентинович (Evgeniy Zubkov);core;ref_reserve_groups_def;DELETE;EDW All Core;"REVOKE DELETE ON core.ref_reserve_groups_def FROM evzubkov;"
evzubkov;Зубков Евгений Валентинович (Evgeniy Zubkov);core;ref_reserve_groups_def;TRUNCATE;EDW All Core;"REVOKE TRUNCATE ON core.ref_reserve_groups_def FROM evzubkov;"
evzubkov;Зубков Евгений Валентинович (Evgeniy Zubkov);core;ref_reserve_groups_def;REFERENCES;EDW All Core;"REVOKE REFERENCES ON core.ref_reserve_groups_def FROM evzubkov;"
evzubkov;Зубков Евгений Валентинович (Evgeniy Zubkov);core;ref_reserve_groups_def;TRIGGER;EDW All Core;"REVOKE TRIGGER ON core.ref_reserve_groups_def FROM evzubkov;"
alvreus;Реус Александр Валерьевич (Aleksandr Reus);core;ref_reserve_groups_def;SELECT;EDW Read Core;"REVOKE SELECT ON core.ref_reserve_groups_def FROM alvreus;"
vatsvetkova;Цветкова Виктория Андреевна (Viktoriya Tsvetkova);core;ref_reserve_groups_def;SELECT;EDW Read Core;"REVOKE SELECT ON core.ref_reserve_groups_def FROM vatsvetkova;"
mpmashin;Машин Максим Павлович (Maksim Mashin);core;ref_reserve_groups_def;SELECT;EDW All Core;"REVOKE SELECT ON core.ref_reserve_groups_def FROM mpmashin;"
evzubkov;Зубков Евгений Валентинович (Evgeniy Zubkov);core;ref_resgroup_osbu_resgr;INSERT;EDW All Core;"REVOKE INSERT ON core.ref_resgroup_osbu_resgr FROM evzubkov;"
evzubkov;Зубков Евгений Валентинович (Evgeniy Zubkov);core;ref_resgroup_osbu_resgr;SELECT;EDW All Core;"REVOKE SELECT ON core.ref_resgroup_osbu_resgr FROM evzubkov;"
evzubkov;Зубков Евгений Валентинович (Evgeniy Zubkov);core;ref_resgroup_osbu_resgr;UPDATE;EDW All Core;"REVOKE UPDATE ON core.ref_resgroup_osbu_resgr FROM evzubkov;"
evzubkov;Зубков Евгений Валентинович (Evgeniy Zubkov);core;ref_resgroup_osbu_resgr;DELETE;EDW All Core;"REVOKE DELETE ON core.ref_resgroup_osbu_resgr FROM evzubkov;"
evzubkov;Зубков Евгений Валентинович (Evgeniy Zubkov);core;ref_resgroup_osbu_resgr;TRUNCATE;EDW All Core;"REVOKE TRUNCATE ON core.ref_resgroup_osbu_resgr FROM evzubkov;"
evzubkov;Зубков Евгений Валентинович (Evgeniy Zubkov);core;ref_resgroup_osbu_resgr;REFERENCES;EDW All Core;"REVOKE REFERENCES ON core.ref_resgroup_osbu_resgr FROM evzubkov;"
evzubkov;Зубков Евгений Валентинович (Evgeniy Zubkov);core;ref_resgroup_osbu_resgr;TRIGGER;EDW All Core;"REVOKE TRIGGER ON core.ref_resgroup_osbu_resgr FROM evzubkov;"
alvreus;Реус Александр Валерьевич (Aleksandr Reus);core;ref_resgroup_osbu_resgr;SELECT;EDW Read Core;"REVOKE SELECT ON core.ref_resgroup_osbu_resgr FROM alvreus;"
vatsvetkova;Цветкова Виктория Андреевна (Viktoriya Tsvetkova);core;ref_resgroup_osbu_resgr;SELECT;EDW Read Core;"REVOKE SELECT ON core.ref_resgroup_osbu_resgr FROM vatsvetkova;"
mpmashin;Машин Максим Павлович (Maksim Mashin);core;ref_resgroup_osbu_resgr;SELECT;EDW All Core;"REVOKE SELECT ON core.ref_resgroup_osbu_resgr FROM mpmashin;"
evzubkov;Зубков Евгений Валентинович (Evgeniy Zubkov);core;ref_sale_channel_groupmk;INSERT;EDW All Core;"REVOKE INSERT ON core.ref_sale_channel_groupmk FROM evzubkov;"
evzubkov;Зубков Евгений Валентинович (Evgeniy Zubkov);core;ref_sale_channel_groupmk;SELECT;EDW All Core;"REVOKE SELECT ON core.ref_sale_channel_groupmk FROM evzubkov;"
evzubkov;Зубков Евгений Валентинович (Evgeniy Zubkov);core;ref_sale_channel_groupmk;UPDATE;EDW All Core;"REVOKE UPDATE ON core.ref_sale_channel_groupmk FROM evzubkov;"
evzubkov;Зубков Евгений Валентинович (Evgeniy Zubkov);core;ref_sale_channel_groupmk;DELETE;EDW All Core;"REVOKE DELETE ON core.ref_sale_channel_groupmk FROM evzubkov;"
evzubkov;Зубков Евгений Валентинович (Evgeniy Zubkov);core;ref_sale_channel_groupmk;TRUNCATE;EDW All Core;"REVOKE TRUNCATE ON core.ref_sale_channel_groupmk FROM evzubkov;"
evzubkov;Зубков Евгений Валентинович (Evgeniy Zubkov);core;ref_sale_channel_groupmk;REFERENCES;EDW All Core;"REVOKE REFERENCES ON core.ref_sale_channel_groupmk FROM evzubkov;"
evzubkov;Зубков Евгений Валентинович (Evgeniy Zubkov);core;ref_sale_channel_groupmk;TRIGGER;EDW All Core;"REVOKE TRIGGER ON core.ref_sale_channel_groupmk FROM evzubkov;"
alvreus;Реус Александр Валерьевич (Aleksandr Reus);core;ref_sale_channel_groupmk;SELECT;EDW Read Core;"REVOKE SELECT ON core.ref_sale_channel_groupmk FROM alvreus;"
vatsvetkova;Цветкова Виктория Андреевна (Viktoriya Tsvetkova);core;ref_sale_channel_groupmk;SELECT;EDW Read Core;"REVOKE SELECT ON core.ref_sale_channel_groupmk FROM vatsvetkova;"
mpmashin;Машин Максим Павлович (Maksim Mashin);core;ref_sale_channel_groupmk;SELECT;EDW All Core;"REVOKE SELECT ON core.ref_sale_channel_groupmk FROM mpmashin;"
evzubkov;Зубков Евгений Валентинович (Evgeniy Zubkov);core;sale_channel_162;INSERT;EDW All Core;"REVOKE INSERT ON core.sale_channel_162 FROM evzubkov;"
evzubkov;Зубков Евгений Валентинович (Evgeniy Zubkov);core;sale_channel_162;SELECT;EDW All Core;"REVOKE SELECT ON core.sale_channel_162 FROM evzubkov;"
evzubkov;Зубков Евгений Валентинович (Evgeniy Zubkov);core;sale_channel_162;UPDATE;EDW All Core;"REVOKE UPDATE ON core.sale_channel_162 FROM evzubkov;"
evzubkov;Зубков Евгений Валентинович (Evgeniy Zubkov);core;sale_channel_162;DELETE;EDW All Core;"REVOKE DELETE ON core.sale_channel_162 FROM evzubkov;"
evzubkov;Зубков Евгений Валентинович (Evgeniy Zubkov);core;sale_channel_162;TRUNCATE;EDW All Core;"REVOKE TRUNCATE ON core.sale_channel_162 FROM evzubkov;"
evzubkov;Зубков Евгений Валентинович (Evgeniy Zubkov);core;sale_channel_162;REFERENCES;EDW All Core;"REVOKE REFERENCES ON core.sale_channel_162 FROM evzubkov;"
evzubkov;Зубков Евгений Валентинович (Evgeniy Zubkov);core;sale_channel_162;TRIGGER;EDW All Core;"REVOKE TRIGGER ON core.sale_channel_162 FROM evzubkov;"
alvreus;Реус Александр Валерьевич (Aleksandr Reus);core;sale_channel_162;SELECT;EDW Read Core;"REVOKE SELECT ON core.sale_channel_162 FROM alvreus;"
vatsvetkova;Цветкова Виктория Андреевна (Viktoriya Tsvetkova);core;sale_channel_162;SELECT;EDW Read Core;"REVOKE SELECT ON core.sale_channel_162 FROM vatsvetkova;"
mpmashin;Машин Максим Павлович (Maksim Mashin);core;sale_channel_162;SELECT;EDW All Core;"REVOKE SELECT ON core.sale_channel_162 FROM mpmashin;"
gmindrupskaya;Индрупская Галина Михайловна (Galina Indrupskaya);cdm_analysis_out;rol_for_sum_daily_repl;SELECT;EDW Read Cdm Analysis Out;"REVOKE SELECT ON cdm_analysis_out.rol_for_sum_daily_repl FROM gmindrupskaya;"
tvbozhenkova;Боженкова Татьяна Владимировна (Tatyana Bozhenkova);cdm_analysis_out;rol_for_sum_daily_repl;SELECT;EDW Read Cdm Analysis Out;"REVOKE SELECT ON cdm_analysis_out.rol_for_sum_daily_repl FROM tvbozhenkova;"
mskazakov;Казаков Максим Сергеевич (Maksim Kazakov);cdm_analysis_out;rol_for_sum_daily_repl;SELECT;EDW Read Cdm Analysis Out;"REVOKE SELECT ON cdm_analysis_out.rol_for_sum_daily_repl FROM mskazakov;"
asergeev;Сергеев Артем Александрович (Artem Sergeev);cdm_analysis_out;rol_for_sum_daily_repl;SELECT;EDW Read Cdm Analysis Out;"REVOKE SELECT ON cdm_analysis_out.rol_for_sum_daily_repl FROM asergeev;"
saustimenko;Устименко Сергей Александрович (Sergey Ustimenko);cdm_analysis_out;rol_for_sum_daily_repl;SELECT;EDW Read Cdm Analysis Out;"REVOKE SELECT ON cdm_analysis_out.rol_for_sum_daily_repl FROM saustimenko;"
avchaplygina;Чаплыгина Алена Владимировна (Alena Chaplygina);cdm_analysis_out;rol_for_sum_daily_repl;SELECT;EDW Read Cdm Analysis Out;"REVOKE SELECT ON cdm_analysis_out.rol_for_sum_daily_repl FROM avchaplygina;"
avyurin;Юрин Андрей Викторович (Andrey Yurin);cdm_analysis_out;rol_for_sum_daily_repl;SELECT;EDW Read Cdm Analysis Out;"REVOKE SELECT ON cdm_analysis_out.rol_for_sum_daily_repl FROM avyurin;"
ogbykova;Быкова Ольга Геннадьевна (Olga Bykova);cdm_analysis_out;rol_for_sum_daily_repl;SELECT;EDW Read Cdm Analysis Out;"REVOKE SELECT ON cdm_analysis_out.rol_for_sum_daily_repl FROM ogbykova;"
ayzhukova;Жукова Анастасия Юрьевна (Anastasiya Zhukova);cdm_analysis_out;rol_for_sum_daily_repl;SELECT;EDW Read Cdm Analysis Out;"REVOKE SELECT ON cdm_analysis_out.rol_for_sum_daily_repl FROM ayzhukova;"
aarozhnov;Рожнов Андрей Алексеевич (Andrey Rozhnov);cdm_analysis_out;rol_for_sum_daily_repl;SELECT;EDW Read Cdm Analysis Out;"REVOKE SELECT ON cdm_analysis_out.rol_for_sum_daily_repl FROM aarozhnov;"
ekorotkih;Коротких Екатерина Александровна (Ekaterina Korotkikh);cdm_analysis_out;rol_for_sum_daily_repl;SELECT;EDW Read Cdm Analysis Out;"REVOKE SELECT ON cdm_analysis_out.rol_for_sum_daily_repl FROM ekorotkih;"
avdombrovskiy;Домбровский Александр Владимирович (Aleksandr Dombrovskiy);cdm_analysis_out;rol_for_sum_daily_repl;SELECT;EDW Read Cdm Analysis Out;"REVOKE SELECT ON cdm_analysis_out.rol_for_sum_daily_repl FROM avdombrovskiy;"
digarifulin;Гарифулин Дмитрий Исмагильевич (Dmitriy Garifulin);cdm_analysis_out;rol_for_sum_daily_repl;SELECT;EDW Read Cdm Analysis Out;"REVOKE SELECT ON cdm_analysis_out.rol_for_sum_daily_repl FROM digarifulin;"
qs_economic;QS_Economic;cdm_analysis_out;rol_for_sum_daily_repl;SELECT;EDW Read Cdm Analysis Out;"REVOKE SELECT ON cdm_analysis_out.rol_for_sum_daily_repl FROM qs_economic;"
teabel;Абель Татьяна Евгеньевна (Tatyana Abel);cdm_analysis_out;rol_for_sum_daily_repl;SELECT;EDW Read Cdm Analysis Out;"REVOKE SELECT ON cdm_analysis_out.rol_for_sum_daily_repl FROM teabel;"
asfesenko;Фесенко Александр Сергеевич (Aleksandr Fesenko);cdm_analysis_out;rol_for_sum_daily_repl;SELECT;EDW Read Cdm Analysis Out;"REVOKE SELECT ON cdm_analysis_out.rol_for_sum_daily_repl FROM asfesenko;"
taalandreeva;Андреева Татьяна Александровна (Tatyana Andreeva);cdm_analysis_out;rol_for_sum_daily_repl;SELECT;EDW Read Cdm Analysis Out;"REVOKE SELECT ON cdm_analysis_out.rol_for_sum_daily_repl FROM taalandreeva;"
avkuchumova;Кучумова Анна Владимировна (Anna Kuchumova);cdm_analysis_out;rol_for_sum_daily_repl;SELECT;EDW Read Cdm Analysis Out;"REVOKE SELECT ON cdm_analysis_out.rol_for_sum_daily_repl FROM avkuchumova;"
aatokolova;Токолова Алина Александровна (Alina Tokolova);cdm_analysis_out;rol_for_sum_daily_repl;SELECT;EDW Read Cdm Analysis Out;"REVOKE SELECT ON cdm_analysis_out.rol_for_sum_daily_repl FROM aatokolova;"
ammatseplyuk;Мацеплюк Александр Михайлович (Aleksandr Matseplyuk);cdm_analysis_out;rol_for_sum_daily_repl;SELECT;EDW Read Cdm Analysis Out;"REVOKE SELECT ON cdm_analysis_out.rol_for_sum_daily_repl FROM ammatseplyuk;"
aozhigalov;Жигалов Артур Олегович (Artur Zhigalov);cdm_analysis_out;rol_for_sum_daily_repl;SELECT;EDW Read Cdm Analysis Out;"REVOKE SELECT ON cdm_analysis_out.rol_for_sum_daily_repl FROM aozhigalov;"
gmindrupskaya;Индрупская Галина Михайловна (Galina Indrupskaya);cdm_analysis_out;rol_for_count_daily_repl;SELECT;EDW Read Cdm Analysis Out;"REVOKE SELECT ON cdm_analysis_out.rol_for_count_daily_repl FROM gmindrupskaya;"
tvbozhenkova;Боженкова Татьяна Владимировна (Tatyana Bozhenkova);cdm_analysis_out;rol_for_count_daily_repl;SELECT;EDW Read Cdm Analysis Out;"REVOKE SELECT ON cdm_analysis_out.rol_for_count_daily_repl FROM tvbozhenkova;"
mskazakov;Казаков Максим Сергеевич (Maksim Kazakov);cdm_analysis_out;rol_for_count_daily_repl;SELECT;EDW Read Cdm Analysis Out;"REVOKE SELECT ON cdm_analysis_out.rol_for_count_daily_repl FROM mskazakov;"
asergeev;Сергеев Артем Александрович (Artem Sergeev);cdm_analysis_out;rol_for_count_daily_repl;SELECT;EDW Read Cdm Analysis Out;"REVOKE SELECT ON cdm_analysis_out.rol_for_count_daily_repl FROM asergeev;"
saustimenko;Устименко Сергей Александрович (Sergey Ustimenko);cdm_analysis_out;rol_for_count_daily_repl;SELECT;EDW Read Cdm Analysis Out;"REVOKE SELECT ON cdm_analysis_out.rol_for_count_daily_repl FROM saustimenko;"
avchaplygina;Чаплыгина Алена Владимировна (Alena Chaplygina);cdm_analysis_out;rol_for_count_daily_repl;SELECT;EDW Read Cdm Analysis Out;"REVOKE SELECT ON cdm_analysis_out.rol_for_count_daily_repl FROM avchaplygina;"
avyurin;Юрин Андрей Викторович (Andrey Yurin);cdm_analysis_out;rol_for_count_daily_repl;SELECT;EDW Read Cdm Analysis Out;"REVOKE SELECT ON cdm_analysis_out.rol_for_count_daily_repl FROM avyurin;"
ogbykova;Быкова Ольга Геннадьевна (Olga Bykova);cdm_analysis_out;rol_for_count_daily_repl;SELECT;EDW Read Cdm Analysis Out;"REVOKE SELECT ON cdm_analysis_out.rol_for_count_daily_repl FROM ogbykova;"
ayzhukova;Жукова Анастасия Юрьевна (Anastasiya Zhukova);cdm_analysis_out;rol_for_count_daily_repl;SELECT;EDW Read Cdm Analysis Out;"REVOKE SELECT ON cdm_analysis_out.rol_for_count_daily_repl FROM ayzhukova;"
aarozhnov;Рожнов Андрей Алексеевич (Andrey Rozhnov);cdm_analysis_out;rol_for_count_daily_repl;SELECT;EDW Read Cdm Analysis Out;"REVOKE SELECT ON cdm_analysis_out.rol_for_count_daily_repl FROM aarozhnov;"
ekorotkih;Коротких Екатерина Александровна (Ekaterina Korotkikh);cdm_analysis_out;rol_for_count_daily_repl;SELECT;EDW Read Cdm Analysis Out;"REVOKE SELECT ON cdm_analysis_out.rol_for_count_daily_repl FROM ekorotkih;"
avdombrovskiy;Домбровский Александр Владимирович (Aleksandr Dombrovskiy);cdm_analysis_out;rol_for_count_daily_repl;SELECT;EDW Read Cdm Analysis Out;"REVOKE SELECT ON cdm_analysis_out.rol_for_count_daily_repl FROM avdombrovskiy;"
digarifulin;Гарифулин Дмитрий Исмагильевич (Dmitriy Garifulin);cdm_analysis_out;rol_for_count_daily_repl;SELECT;EDW Read Cdm Analysis Out;"REVOKE SELECT ON cdm_analysis_out.rol_for_count_daily_repl FROM digarifulin;"
qs_economic;QS_Economic;cdm_analysis_out;rol_for_count_daily_repl;SELECT;EDW Read Cdm Analysis Out;"REVOKE SELECT ON cdm_analysis_out.rol_for_count_daily_repl FROM qs_economic;"
teabel;Абель Татьяна Евгеньевна (Tatyana Abel);cdm_analysis_out;rol_for_count_daily_repl;SELECT;EDW Read Cdm Analysis Out;"REVOKE SELECT ON cdm_analysis_out.rol_for_count_daily_repl FROM teabel;"
asfesenko;Фесенко Александр Сергеевич (Aleksandr Fesenko);cdm_analysis_out;rol_for_count_daily_repl;SELECT;EDW Read Cdm Analysis Out;"REVOKE SELECT ON cdm_analysis_out.rol_for_count_daily_repl FROM asfesenko;"
taalandreeva;Андреева Татьяна Александровна (Tatyana Andreeva);cdm_analysis_out;rol_for_count_daily_repl;SELECT;EDW Read Cdm Analysis Out;"REVOKE SELECT ON cdm_analysis_out.rol_for_count_daily_repl FROM taalandreeva;"
avkuchumova;Кучумова Анна Владимировна (Anna Kuchumova);cdm_analysis_out;rol_for_count_daily_repl;SELECT;EDW Read Cdm Analysis Out;"REVOKE SELECT ON cdm_analysis_out.rol_for_count_daily_repl FROM avkuchumova;"
aatokolova;Токолова Алина Александровна (Alina Tokolova);cdm_analysis_out;rol_for_count_daily_repl;SELECT;EDW Read Cdm Analysis Out;"REVOKE SELECT ON cdm_analysis_out.rol_for_count_daily_repl FROM aatokolova;"
ammatseplyuk;Мацеплюк Александр Михайлович (Aleksandr Matseplyuk);cdm_analysis_out;rol_for_count_daily_repl;SELECT;EDW Read Cdm Analysis Out;"REVOKE SELECT ON cdm_analysis_out.rol_for_count_daily_repl FROM ammatseplyuk;"
aozhigalov;Жигалов Артур Олегович (Artur Zhigalov);cdm_analysis_out;rol_for_count_daily_repl;SELECT;EDW Read Cdm Analysis Out;"REVOKE SELECT ON cdm_analysis_out.rol_for_count_daily_repl FROM aozhigalov;"
evzubkov;Зубков Евгений Валентинович (Evgeniy Zubkov);core;sale_channel_type;INSERT;EDW All Core;"REVOKE INSERT ON core.sale_channel_type FROM evzubkov;"
evzubkov;Зубков Евгений Валентинович (Evgeniy Zubkov);core;sale_channel_type;SELECT;EDW All Core;"REVOKE SELECT ON core.sale_channel_type FROM evzubkov;"
evzubkov;Зубков Евгений Валентинович (Evgeniy Zubkov);core;sale_channel_type;UPDATE;EDW All Core;"REVOKE UPDATE ON core.sale_channel_type FROM evzubkov;"
evzubkov;Зубков Евгений Валентинович (Evgeniy Zubkov);core;sale_channel_type;DELETE;EDW All Core;"REVOKE DELETE ON core.sale_channel_type FROM evzubkov;"
evzubkov;Зубков Евгений Валентинович (Evgeniy Zubkov);core;sale_channel_type;TRUNCATE;EDW All Core;"REVOKE TRUNCATE ON core.sale_channel_type FROM evzubkov;"
evzubkov;Зубков Евгений Валентинович (Evgeniy Zubkov);core;sale_channel_type;REFERENCES;EDW All Core;"REVOKE REFERENCES ON core.sale_channel_type FROM evzubkov;"
evzubkov;Зубков Евгений Валентинович (Evgeniy Zubkov);core;sale_channel_type;TRIGGER;EDW All Core;"REVOKE TRIGGER ON core.sale_channel_type FROM evzubkov;"
alvreus;Реус Александр Валерьевич (Aleksandr Reus);core;sale_channel_type;SELECT;EDW Read Core;"REVOKE SELECT ON core.sale_channel_type FROM alvreus;"
vatsvetkova;Цветкова Виктория Андреевна (Viktoriya Tsvetkova);core;sale_channel_type;SELECT;EDW Read Core;"REVOKE SELECT ON core.sale_channel_type FROM vatsvetkova;"
mpmashin;Машин Максим Павлович (Maksim Mashin);core;sale_channel_type;SELECT;EDW All Core;"REVOKE SELECT ON core.sale_channel_type FROM mpmashin;"
evzubkov;Зубков Евгений Валентинович (Evgeniy Zubkov);core;subject_federation;INSERT;EDW All Core;"REVOKE INSERT ON core.subject_federation FROM evzubkov;"
evzubkov;Зубков Евгений Валентинович (Evgeniy Zubkov);core;subject_federation;SELECT;EDW All Core;"REVOKE SELECT ON core.subject_federation FROM evzubkov;"
evzubkov;Зубков Евгений Валентинович (Evgeniy Zubkov);core;subject_federation;UPDATE;EDW All Core;"REVOKE UPDATE ON core.subject_federation FROM evzubkov;"
evzubkov;Зубков Евгений Валентинович (Evgeniy Zubkov);core;subject_federation;DELETE;EDW All Core;"REVOKE DELETE ON core.subject_federation FROM evzubkov;"
evzubkov;Зубков Евгений Валентинович (Evgeniy Zubkov);core;subject_federation;TRUNCATE;EDW All Core;"REVOKE TRUNCATE ON core.subject_federation FROM evzubkov;"
evzubkov;Зубков Евгений Валентинович (Evgeniy Zubkov);core;subject_federation;REFERENCES;EDW All Core;"REVOKE REFERENCES ON core.subject_federation FROM evzubkov;"
evzubkov;Зубков Евгений Валентинович (Evgeniy Zubkov);core;subject_federation;TRIGGER;EDW All Core;"REVOKE TRIGGER ON core.subject_federation FROM evzubkov;"
alvreus;Реус Александр Валерьевич (Aleksandr Reus);core;subject_federation;SELECT;EDW Read Core;"REVOKE SELECT ON core.subject_federation FROM alvreus;"
vatsvetkova;Цветкова Виктория Андреевна (Viktoriya Tsvetkova);core;subject_federation;SELECT;EDW Read Core;"REVOKE SELECT ON core.subject_federation FROM vatsvetkova;"
mpmashin;Машин Максим Павлович (Maksim Mashin);core;subject_federation;SELECT;EDW All Core;"REVOKE SELECT ON core.subject_federation FROM mpmashin;"
yvvorobev;Воробьев Юрий Владимирович (Yury Vorobev);cdm;dm_m5kbm_contract_base;SELECT;EDW All CDM;"REVOKE SELECT ON cdm.dm_m5kbm_contract_base FROM yvvorobev;"
aabazaev;Базаев Алексей Александрович (Aleksey Bazaev);cdm_analysis_out;ifl_prolongation_for_update;SELECT;EDW Read Cdm Analysis Out;"REVOKE SELECT ON cdm_analysis_out.ifl_prolongation_for_update FROM aabazaev;"
evzubkov;Зубков Евгений Валентинович (Evgeniy Zubkov);core;t_131_139;INSERT;EDW All Core;"REVOKE INSERT ON core.t_131_139 FROM evzubkov;"
evzubkov;Зубков Евгений Валентинович (Evgeniy Zubkov);core;t_131_139;SELECT;EDW All Core;"REVOKE SELECT ON core.t_131_139 FROM evzubkov;"
evzubkov;Зубков Евгений Валентинович (Evgeniy Zubkov);core;t_131_139;UPDATE;EDW All Core;"REVOKE UPDATE ON core.t_131_139 FROM evzubkov;"
evzubkov;Зубков Евгений Валентинович (Evgeniy Zubkov);core;t_131_139;DELETE;EDW All Core;"REVOKE DELETE ON core.t_131_139 FROM evzubkov;"
evzubkov;Зубков Евгений Валентинович (Evgeniy Zubkov);core;t_131_139;TRUNCATE;EDW All Core;"REVOKE TRUNCATE ON core.t_131_139 FROM evzubkov;"
evzubkov;Зубков Евгений Валентинович (Evgeniy Zubkov);core;t_131_139;REFERENCES;EDW All Core;"REVOKE REFERENCES ON core.t_131_139 FROM evzubkov;"
evzubkov;Зубков Евгений Валентинович (Evgeniy Zubkov);core;t_131_139;TRIGGER;EDW All Core;"REVOKE TRIGGER ON core.t_131_139 FROM evzubkov;"
alvreus;Реус Александр Валерьевич (Aleksandr Reus);core;t_131_139;SELECT;EDW Read Core;"REVOKE SELECT ON core.t_131_139 FROM alvreus;"
vatsvetkova;Цветкова Виктория Андреевна (Viktoriya Tsvetkova);core;t_131_139;SELECT;EDW Read Core;"REVOKE SELECT ON core.t_131_139 FROM vatsvetkova;"
mpmashin;Машин Максим Павлович (Maksim Mashin);core;t_131_139;SELECT;EDW All Core;"REVOKE SELECT ON core.t_131_139 FROM mpmashin;"
evzubkov;Зубков Евгений Валентинович (Evgeniy Zubkov);core;dict_agent_rgs_group;INSERT;EDW All Core;"REVOKE INSERT ON core.dict_agent_rgs_group FROM evzubkov;"
evzubkov;Зубков Евгений Валентинович (Evgeniy Zubkov);core;dict_agent_rgs_group;SELECT;EDW All Core;"REVOKE SELECT ON core.dict_agent_rgs_group FROM evzubkov;"
evzubkov;Зубков Евгений Валентинович (Evgeniy Zubkov);core;dict_agent_rgs_group;UPDATE;EDW All Core;"REVOKE UPDATE ON core.dict_agent_rgs_group FROM evzubkov;"
evzubkov;Зубков Евгений Валентинович (Evgeniy Zubkov);core;dict_agent_rgs_group;DELETE;EDW All Core;"REVOKE DELETE ON core.dict_agent_rgs_group FROM evzubkov;"
evzubkov;Зубков Евгений Валентинович (Evgeniy Zubkov);core;dict_agent_rgs_group;TRUNCATE;EDW All Core;"REVOKE TRUNCATE ON core.dict_agent_rgs_group FROM evzubkov;"
evzubkov;Зубков Евгений Валентинович (Evgeniy Zubkov);core;dict_agent_rgs_group;REFERENCES;EDW All Core;"REVOKE REFERENCES ON core.dict_agent_rgs_group FROM evzubkov;"
evzubkov;Зубков Евгений Валентинович (Evgeniy Zubkov);core;dict_agent_rgs_group;TRIGGER;EDW All Core;"REVOKE TRIGGER ON core.dict_agent_rgs_group FROM evzubkov;"
alvreus;Реус Александр Валерьевич (Aleksandr Reus);core;dict_agent_rgs_group;SELECT;EDW Read Core;"REVOKE SELECT ON core.dict_agent_rgs_group FROM alvreus;"
vatsvetkova;Цветкова Виктория Андреевна (Viktoriya Tsvetkova);core;dict_agent_rgs_group;SELECT;EDW Read Core;"REVOKE SELECT ON core.dict_agent_rgs_group FROM vatsvetkova;"
mpmashin;Машин Максим Павлович (Maksim Mashin);core;dict_agent_rgs_group;SELECT;EDW All Core;"REVOKE SELECT ON core.dict_agent_rgs_group FROM mpmashin;"
evzubkov;Зубков Евгений Валентинович (Evgeniy Zubkov);core;de_plan_region;INSERT;EDW All Core;"REVOKE INSERT ON core.de_plan_region FROM evzubkov;"
evzubkov;Зубков Евгений Валентинович (Evgeniy Zubkov);core;de_plan_region;SELECT;EDW All Core;"REVOKE SELECT ON core.de_plan_region FROM evzubkov;"
evzubkov;Зубков Евгений Валентинович (Evgeniy Zubkov);core;de_plan_region;UPDATE;EDW All Core;"REVOKE UPDATE ON core.de_plan_region FROM evzubkov;"
evzubkov;Зубков Евгений Валентинович (Evgeniy Zubkov);core;de_plan_region;DELETE;EDW All Core;"REVOKE DELETE ON core.de_plan_region FROM evzubkov;"
evzubkov;Зубков Евгений Валентинович (Evgeniy Zubkov);core;de_plan_region;TRUNCATE;EDW All Core;"REVOKE TRUNCATE ON core.de_plan_region FROM evzubkov;"
evzubkov;Зубков Евгений Валентинович (Evgeniy Zubkov);core;de_plan_region;REFERENCES;EDW All Core;"REVOKE REFERENCES ON core.de_plan_region FROM evzubkov;"
evzubkov;Зубков Евгений Валентинович (Evgeniy Zubkov);core;de_plan_region;TRIGGER;EDW All Core;"REVOKE TRIGGER ON core.de_plan_region FROM evzubkov;"
alvreus;Реус Александр Валерьевич (Aleksandr Reus);core;de_plan_region;SELECT;EDW Read Core;"REVOKE SELECT ON core.de_plan_region FROM alvreus;"
vatsvetkova;Цветкова Виктория Андреевна (Viktoriya Tsvetkova);core;de_plan_region;SELECT;EDW Read Core;"REVOKE SELECT ON core.de_plan_region FROM vatsvetkova;"
mpmashin;Машин Максим Павлович (Maksim Mashin);core;de_plan_region;SELECT;EDW All Core;"REVOKE SELECT ON core.de_plan_region FROM mpmashin;"
evzubkov;Зубков Евгений Валентинович (Evgeniy Zubkov);core;ref_accrual_compensation;INSERT;EDW All Core;"REVOKE INSERT ON core.ref_accrual_compensation FROM evzubkov;"
evzubkov;Зубков Евгений Валентинович (Evgeniy Zubkov);core;ref_accrual_compensation;SELECT;EDW All Core;"REVOKE SELECT ON core.ref_accrual_compensation FROM evzubkov;"
evzubkov;Зубков Евгений Валентинович (Evgeniy Zubkov);core;ref_accrual_compensation;UPDATE;EDW All Core;"REVOKE UPDATE ON core.ref_accrual_compensation FROM evzubkov;"
evzubkov;Зубков Евгений Валентинович (Evgeniy Zubkov);core;ref_accrual_compensation;DELETE;EDW All Core;"REVOKE DELETE ON core.ref_accrual_compensation FROM evzubkov;"
evzubkov;Зубков Евгений Валентинович (Evgeniy Zubkov);core;ref_accrual_compensation;TRUNCATE;EDW All Core;"REVOKE TRUNCATE ON core.ref_accrual_compensation FROM evzubkov;"
evzubkov;Зубков Евгений Валентинович (Evgeniy Zubkov);core;ref_accrual_compensation;REFERENCES;EDW All Core;"REVOKE REFERENCES ON core.ref_accrual_compensation FROM evzubkov;"
evzubkov;Зубков Евгений Валентинович (Evgeniy Zubkov);core;ref_accrual_compensation;TRIGGER;EDW All Core;"REVOKE TRIGGER ON core.ref_accrual_compensation FROM evzubkov;"
alvreus;Реус Александр Валерьевич (Aleksandr Reus);core;ref_accrual_compensation;SELECT;EDW Read Core;"REVOKE SELECT ON core.ref_accrual_compensation FROM alvreus;"
vatsvetkova;Цветкова Виктория Андреевна (Viktoriya Tsvetkova);core;ref_accrual_compensation;SELECT;EDW Read Core;"REVOKE SELECT ON core.ref_accrual_compensation FROM vatsvetkova;"
mpmashin;Машин Максим Павлович (Maksim Mashin);core;ref_accrual_compensation;SELECT;EDW All Core;"REVOKE SELECT ON core.ref_accrual_compensation FROM mpmashin;"
evzubkov;Зубков Евгений Валентинович (Evgeniy Zubkov);core;ref_dict7gs;INSERT;EDW All Core;"REVOKE INSERT ON core.ref_dict7gs FROM evzubkov;"
evzubkov;Зубков Евгений Валентинович (Evgeniy Zubkov);core;ref_dict7gs;SELECT;EDW All Core;"REVOKE SELECT ON core.ref_dict7gs FROM evzubkov;"
evzubkov;Зубков Евгений Валентинович (Evgeniy Zubkov);core;ref_dict7gs;UPDATE;EDW All Core;"REVOKE UPDATE ON core.ref_dict7gs FROM evzubkov;"
evzubkov;Зубков Евгений Валентинович (Evgeniy Zubkov);core;ref_dict7gs;DELETE;EDW All Core;"REVOKE DELETE ON core.ref_dict7gs FROM evzubkov;"
evzubkov;Зубков Евгений Валентинович (Evgeniy Zubkov);core;ref_dict7gs;TRUNCATE;EDW All Core;"REVOKE TRUNCATE ON core.ref_dict7gs FROM evzubkov;"
evzubkov;Зубков Евгений Валентинович (Evgeniy Zubkov);core;ref_dict7gs;REFERENCES;EDW All Core;"REVOKE REFERENCES ON core.ref_dict7gs FROM evzubkov;"
evzubkov;Зубков Евгений Валентинович (Evgeniy Zubkov);core;ref_dict7gs;TRIGGER;EDW All Core;"REVOKE TRIGGER ON core.ref_dict7gs FROM evzubkov;"
alvreus;Реус Александр Валерьевич (Aleksandr Reus);core;ref_dict7gs;SELECT;EDW Read Core;"REVOKE SELECT ON core.ref_dict7gs FROM alvreus;"
vatsvetkova;Цветкова Виктория Андреевна (Viktoriya Tsvetkova);core;ref_dict7gs;SELECT;EDW Read Core;"REVOKE SELECT ON core.ref_dict7gs FROM vatsvetkova;"
mpmashin;Машин Максим Павлович (Maksim Mashin);core;ref_dict7gs;SELECT;EDW All Core;"REVOKE SELECT ON core.ref_dict7gs FROM mpmashin;"
aatokolova;Токолова Алина Александровна (Alina Tokolova);cdm_analysis;dm_osago2_ldu_data11069;SELECT;EDW Read Cdm Analysis;"REVOKE SELECT ON cdm_analysis.dm_osago2_ldu_data11069 FROM aatokolova;"
aozhigalov;Жигалов Артур Олегович (Artur Zhigalov);cdm_analysis;dm_osago2_ldu_data11069;SELECT;EDW Read Cdm Analysis;"REVOKE SELECT ON cdm_analysis.dm_osago2_ldu_data11069 FROM aozhigalov;"
rdayzatulin;Айзатулин Ринат Дамирович (Rinat Ayzatulin);cdm_analysis;dm_osago2_ldu_data11069;SELECT;EDW Read Cdm Analysis;"REVOKE SELECT ON cdm_analysis.dm_osago2_ldu_data11069 FROM rdayzatulin;"
asfesenko;Фесенко Александр Сергеевич (Aleksandr Fesenko);cdm_analysis;dm_osago2_ldu_data11069;SELECT;EDW Read Cdm Analysis;"REVOKE SELECT ON cdm_analysis.dm_osago2_ldu_data11069 FROM asfesenko;"
digarifulin;Гарифулин Дмитрий Исмагильевич (Dmitriy Garifulin);cdm_analysis;dm_osago2_ldu_data11069;SELECT;EDW Read Cdm Analysis;"REVOKE SELECT ON cdm_analysis.dm_osago2_ldu_data11069 FROM digarifulin;"
yvvorobev;Воробьев Юрий Владимирович (Yury Vorobev);cdm_analysis;dm_osago2_ldu_data11069;SELECT;EDW All Cdm Analysis;"REVOKE SELECT ON cdm_analysis.dm_osago2_ldu_data11069 FROM yvvorobev;"
akavdeev;Авдеев Андрей Кириллович (Andrey Avdeev);cdm_analysis;dm_osago2_ldu_data11069;SELECT;EDW Read Cdm Analysis;"REVOKE SELECT ON cdm_analysis.dm_osago2_ldu_data11069 FROM akavdeev;"
gmvargaftik;Варгафтик Григорий Михайлович (Grigoriy Vargaftik);cdm_analysis;dm_osago2_ldu_data11069;SELECT;EDW Read Cdm Analysis;"REVOKE SELECT ON cdm_analysis.dm_osago2_ldu_data11069 FROM gmvargaftik;"
avdombrovskiy;Домбровский Александр Владимирович (Aleksandr Dombrovskiy);cdm_analysis;dm_osago2_ldu_data11069;SELECT;EDW Read Cdm Analysis;"REVOKE SELECT ON cdm_analysis.dm_osago2_ldu_data11069 FROM avdombrovskiy;"
dvskorokhodov;Скороходов Даниил Владимирович (Daniil Skorokhodov);cdm_analysis;dm_osago2_ldu_data11069;SELECT;EDW Read Cdm Analysis;"REVOKE SELECT ON cdm_analysis.dm_osago2_ldu_data11069 FROM dvskorokhodov;"
evzubkov;Зубков Евгений Валентинович (Evgeniy Zubkov);core;acc_broker;INSERT;EDW All Core;"REVOKE INSERT ON core.acc_broker FROM evzubkov;"
evzubkov;Зубков Евгений Валентинович (Evgeniy Zubkov);core;acc_broker;SELECT;EDW All Core;"REVOKE SELECT ON core.acc_broker FROM evzubkov;"
evzubkov;Зубков Евгений Валентинович (Evgeniy Zubkov);core;acc_broker;UPDATE;EDW All Core;"REVOKE UPDATE ON core.acc_broker FROM evzubkov;"
evzubkov;Зубков Евгений Валентинович (Evgeniy Zubkov);core;acc_broker;DELETE;EDW All Core;"REVOKE DELETE ON core.acc_broker FROM evzubkov;"
evzubkov;Зубков Евгений Валентинович (Evgeniy Zubkov);core;acc_broker;TRUNCATE;EDW All Core;"REVOKE TRUNCATE ON core.acc_broker FROM evzubkov;"
evzubkov;Зубков Евгений Валентинович (Evgeniy Zubkov);core;acc_broker;REFERENCES;EDW All Core;"REVOKE REFERENCES ON core.acc_broker FROM evzubkov;"
evzubkov;Зубков Евгений Валентинович (Evgeniy Zubkov);core;acc_broker;TRIGGER;EDW All Core;"REVOKE TRIGGER ON core.acc_broker FROM evzubkov;"
alvreus;Реус Александр Валерьевич (Aleksandr Reus);core;acc_broker;SELECT;EDW Read Core;"REVOKE SELECT ON core.acc_broker FROM alvreus;"
vatsvetkova;Цветкова Виктория Андреевна (Viktoriya Tsvetkova);core;acc_broker;SELECT;EDW Read Core;"REVOKE SELECT ON core.acc_broker FROM vatsvetkova;"
mpmashin;Машин Максим Павлович (Maksim Mashin);core;acc_broker;SELECT;EDW All Core;"REVOKE SELECT ON core.acc_broker FROM mpmashin;"
aatokolova;Токолова Алина Александровна (Alina Tokolova);cdm_analysis;dm_osago2_owner_data11068;SELECT;EDW Read Cdm Analysis;"REVOKE SELECT ON cdm_analysis.dm_osago2_owner_data11068 FROM aatokolova;"
aozhigalov;Жигалов Артур Олегович (Artur Zhigalov);cdm_analysis;dm_osago2_owner_data11068;SELECT;EDW Read Cdm Analysis;"REVOKE SELECT ON cdm_analysis.dm_osago2_owner_data11068 FROM aozhigalov;"
rdayzatulin;Айзатулин Ринат Дамирович (Rinat Ayzatulin);cdm_analysis;dm_osago2_owner_data11068;SELECT;EDW Read Cdm Analysis;"REVOKE SELECT ON cdm_analysis.dm_osago2_owner_data11068 FROM rdayzatulin;"
asfesenko;Фесенко Александр Сергеевич (Aleksandr Fesenko);cdm_analysis;dm_osago2_owner_data11068;SELECT;EDW Read Cdm Analysis;"REVOKE SELECT ON cdm_analysis.dm_osago2_owner_data11068 FROM asfesenko;"
digarifulin;Гарифулин Дмитрий Исмагильевич (Dmitriy Garifulin);cdm_analysis;dm_osago2_owner_data11068;SELECT;EDW Read Cdm Analysis;"REVOKE SELECT ON cdm_analysis.dm_osago2_owner_data11068 FROM digarifulin;"
yvvorobev;Воробьев Юрий Владимирович (Yury Vorobev);cdm_analysis;dm_osago2_owner_data11068;SELECT;EDW All Cdm Analysis;"REVOKE SELECT ON cdm_analysis.dm_osago2_owner_data11068 FROM yvvorobev;"
akavdeev;Авдеев Андрей Кириллович (Andrey Avdeev);cdm_analysis;dm_osago2_owner_data11068;SELECT;EDW Read Cdm Analysis;"REVOKE SELECT ON cdm_analysis.dm_osago2_owner_data11068 FROM akavdeev;"
gmvargaftik;Варгафтик Григорий Михайлович (Grigoriy Vargaftik);cdm_analysis;dm_osago2_owner_data11068;SELECT;EDW Read Cdm Analysis;"REVOKE SELECT ON cdm_analysis.dm_osago2_owner_data11068 FROM gmvargaftik;"
avdombrovskiy;Домбровский Александр Владимирович (Aleksandr Dombrovskiy);cdm_analysis;dm_osago2_owner_data11068;SELECT;EDW Read Cdm Analysis;"REVOKE SELECT ON cdm_analysis.dm_osago2_owner_data11068 FROM avdombrovskiy;"
dvskorokhodov;Скороходов Даниил Владимирович (Daniil Skorokhodov);cdm_analysis;dm_osago2_owner_data11068;SELECT;EDW Read Cdm Analysis;"REVOKE SELECT ON cdm_analysis.dm_osago2_owner_data11068 FROM dvskorokhodov;"
evzubkov;Зубков Евгений Валентинович (Evgeniy Zubkov);core;acc_counterparty_risk;INSERT;EDW All Core;"REVOKE INSERT ON core.acc_counterparty_risk FROM evzubkov;"
evzubkov;Зубков Евгений Валентинович (Evgeniy Zubkov);core;acc_counterparty_risk;SELECT;EDW All Core;"REVOKE SELECT ON core.acc_counterparty_risk FROM evzubkov;"
evzubkov;Зубков Евгений Валентинович (Evgeniy Zubkov);core;acc_counterparty_risk;UPDATE;EDW All Core;"REVOKE UPDATE ON core.acc_counterparty_risk FROM evzubkov;"
evzubkov;Зубков Евгений Валентинович (Evgeniy Zubkov);core;acc_counterparty_risk;DELETE;EDW All Core;"REVOKE DELETE ON core.acc_counterparty_risk FROM evzubkov;"
evzubkov;Зубков Евгений Валентинович (Evgeniy Zubkov);core;acc_counterparty_risk;TRUNCATE;EDW All Core;"REVOKE TRUNCATE ON core.acc_counterparty_risk FROM evzubkov;"
evzubkov;Зубков Евгений Валентинович (Evgeniy Zubkov);core;acc_counterparty_risk;REFERENCES;EDW All Core;"REVOKE REFERENCES ON core.acc_counterparty_risk FROM evzubkov;"
evzubkov;Зубков Евгений Валентинович (Evgeniy Zubkov);core;acc_counterparty_risk;TRIGGER;EDW All Core;"REVOKE TRIGGER ON core.acc_counterparty_risk FROM evzubkov;"
alvreus;Реус Александр Валерьевич (Aleksandr Reus);core;acc_counterparty_risk;SELECT;EDW Read Core;"REVOKE SELECT ON core.acc_counterparty_risk FROM alvreus;"
vatsvetkova;Цветкова Виктория Андреевна (Viktoriya Tsvetkova);core;acc_counterparty_risk;SELECT;EDW Read Core;"REVOKE SELECT ON core.acc_counterparty_risk FROM vatsvetkova;"
mpmashin;Машин Максим Павлович (Maksim Mashin);core;acc_counterparty_risk;SELECT;EDW All Core;"REVOKE SELECT ON core.acc_counterparty_risk FROM mpmashin;"
aatokolova;Токолова Алина Александровна (Alina Tokolova);cdm_analysis;dm_osago2_insurant_data11067;SELECT;EDW Read Cdm Analysis;"REVOKE SELECT ON cdm_analysis.dm_osago2_insurant_data11067 FROM aatokolova;"
aozhigalov;Жигалов Артур Олегович (Artur Zhigalov);cdm_analysis;dm_osago2_insurant_data11067;SELECT;EDW Read Cdm Analysis;"REVOKE SELECT ON cdm_analysis.dm_osago2_insurant_data11067 FROM aozhigalov;"
rdayzatulin;Айзатулин Ринат Дамирович (Rinat Ayzatulin);cdm_analysis;dm_osago2_insurant_data11067;SELECT;EDW Read Cdm Analysis;"REVOKE SELECT ON cdm_analysis.dm_osago2_insurant_data11067 FROM rdayzatulin;"
asfesenko;Фесенко Александр Сергеевич (Aleksandr Fesenko);cdm_analysis;dm_osago2_insurant_data11067;SELECT;EDW Read Cdm Analysis;"REVOKE SELECT ON cdm_analysis.dm_osago2_insurant_data11067 FROM asfesenko;"
digarifulin;Гарифулин Дмитрий Исмагильевич (Dmitriy Garifulin);cdm_analysis;dm_osago2_insurant_data11067;SELECT;EDW Read Cdm Analysis;"REVOKE SELECT ON cdm_analysis.dm_osago2_insurant_data11067 FROM digarifulin;"
yvvorobev;Воробьев Юрий Владимирович (Yury Vorobev);cdm_analysis;dm_osago2_insurant_data11067;SELECT;EDW All Cdm Analysis;"REVOKE SELECT ON cdm_analysis.dm_osago2_insurant_data11067 FROM yvvorobev;"
akavdeev;Авдеев Андрей Кириллович (Andrey Avdeev);cdm_analysis;dm_osago2_insurant_data11067;SELECT;EDW Read Cdm Analysis;"REVOKE SELECT ON cdm_analysis.dm_osago2_insurant_data11067 FROM akavdeev;"
gmvargaftik;Варгафтик Григорий Михайлович (Grigoriy Vargaftik);cdm_analysis;dm_osago2_insurant_data11067;SELECT;EDW Read Cdm Analysis;"REVOKE SELECT ON cdm_analysis.dm_osago2_insurant_data11067 FROM gmvargaftik;"
avdombrovskiy;Домбровский Александр Владимирович (Aleksandr Dombrovskiy);cdm_analysis;dm_osago2_insurant_data11067;SELECT;EDW Read Cdm Analysis;"REVOKE SELECT ON cdm_analysis.dm_osago2_insurant_data11067 FROM avdombrovskiy;"
dvskorokhodov;Скороходов Даниил Владимирович (Daniil Skorokhodov);cdm_analysis;dm_osago2_insurant_data11067;SELECT;EDW Read Cdm Analysis;"REVOKE SELECT ON cdm_analysis.dm_osago2_insurant_data11067 FROM dvskorokhodov;"
evzubkov;Зубков Евгений Валентинович (Evgeniy Zubkov);core;acc_f162_okato;INSERT;EDW All Core;"REVOKE INSERT ON core.acc_f162_okato FROM evzubkov;"
evzubkov;Зубков Евгений Валентинович (Evgeniy Zubkov);core;acc_f162_okato;SELECT;EDW All Core;"REVOKE SELECT ON core.acc_f162_okato FROM evzubkov;"
evzubkov;Зубков Евгений Валентинович (Evgeniy Zubkov);core;acc_f162_okato;UPDATE;EDW All Core;"REVOKE UPDATE ON core.acc_f162_okato FROM evzubkov;"
evzubkov;Зубков Евгений Валентинович (Evgeniy Zubkov);core;acc_f162_okato;DELETE;EDW All Core;"REVOKE DELETE ON core.acc_f162_okato FROM evzubkov;"
evzubkov;Зубков Евгений Валентинович (Evgeniy Zubkov);core;acc_f162_okato;TRUNCATE;EDW All Core;"REVOKE TRUNCATE ON core.acc_f162_okato FROM evzubkov;"
evzubkov;Зубков Евгений Валентинович (Evgeniy Zubkov);core;acc_f162_okato;REFERENCES;EDW All Core;"REVOKE REFERENCES ON core.acc_f162_okato FROM evzubkov;"
evzubkov;Зубков Евгений Валентинович (Evgeniy Zubkov);core;acc_f162_okato;TRIGGER;EDW All Core;"REVOKE TRIGGER ON core.acc_f162_okato FROM evzubkov;"
alvreus;Реус Александр Валерьевич (Aleksandr Reus);core;acc_f162_okato;SELECT;EDW Read Core;"REVOKE SELECT ON core.acc_f162_okato FROM alvreus;"
vatsvetkova;Цветкова Виктория Андреевна (Viktoriya Tsvetkova);core;acc_f162_okato;SELECT;EDW Read Core;"REVOKE SELECT ON core.acc_f162_okato FROM vatsvetkova;"
mpmashin;Машин Максим Павлович (Maksim Mashin);core;acc_f162_okato;SELECT;EDW All Core;"REVOKE SELECT ON core.acc_f162_okato FROM mpmashin;"
ovisaeva;Исаева Ольга Викторовна (Olga Isaeva);cdm_analysis;to_expected_commission_raspr;INSERT;EDW All Cdm Analysis;"REVOKE INSERT ON cdm_analysis.to_expected_commission_raspr FROM ovisaeva;"
ovisaeva;Исаева Ольга Викторовна (Olga Isaeva);cdm_analysis;to_expected_commission_raspr;SELECT;EDW All Cdm Analysis;"REVOKE SELECT ON cdm_analysis.to_expected_commission_raspr FROM ovisaeva;"
ovisaeva;Исаева Ольга Викторовна (Olga Isaeva);cdm_analysis;to_expected_commission_raspr;UPDATE;EDW All Cdm Analysis;"REVOKE UPDATE ON cdm_analysis.to_expected_commission_raspr FROM ovisaeva;"
ovisaeva;Исаева Ольга Викторовна (Olga Isaeva);cdm_analysis;to_expected_commission_raspr;DELETE;EDW All Cdm Analysis;"REVOKE DELETE ON cdm_analysis.to_expected_commission_raspr FROM ovisaeva;"
ovisaeva;Исаева Ольга Викторовна (Olga Isaeva);cdm_analysis;to_expected_commission_raspr;TRUNCATE;EDW All Cdm Analysis;"REVOKE TRUNCATE ON cdm_analysis.to_expected_commission_raspr FROM ovisaeva;"
ovisaeva;Исаева Ольга Викторовна (Olga Isaeva);cdm_analysis;to_expected_commission_raspr;REFERENCES;EDW All Cdm Analysis;"REVOKE REFERENCES ON cdm_analysis.to_expected_commission_raspr FROM ovisaeva;"
ovisaeva;Исаева Ольга Викторовна (Olga Isaeva);cdm_analysis;to_expected_commission_raspr;TRIGGER;EDW All Cdm Analysis;"REVOKE TRIGGER ON cdm_analysis.to_expected_commission_raspr FROM ovisaeva;"
evzubkov;Зубков Евгений Валентинович (Evgeniy Zubkov);core;acc_reserve_group;INSERT;EDW All Core;"REVOKE INSERT ON core.acc_reserve_group FROM evzubkov;"
evzubkov;Зубков Евгений Валентинович (Evgeniy Zubkov);core;acc_reserve_group;SELECT;EDW All Core;"REVOKE SELECT ON core.acc_reserve_group FROM evzubkov;"
evzubkov;Зубков Евгений Валентинович (Evgeniy Zubkov);core;acc_reserve_group;UPDATE;EDW All Core;"REVOKE UPDATE ON core.acc_reserve_group FROM evzubkov;"
evzubkov;Зубков Евгений Валентинович (Evgeniy Zubkov);core;acc_reserve_group;DELETE;EDW All Core;"REVOKE DELETE ON core.acc_reserve_group FROM evzubkov;"
evzubkov;Зубков Евгений Валентинович (Evgeniy Zubkov);core;acc_reserve_group;TRUNCATE;EDW All Core;"REVOKE TRUNCATE ON core.acc_reserve_group FROM evzubkov;"
evzubkov;Зубков Евгений Валентинович (Evgeniy Zubkov);core;acc_reserve_group;REFERENCES;EDW All Core;"REVOKE REFERENCES ON core.acc_reserve_group FROM evzubkov;"
evzubkov;Зубков Евгений Валентинович (Evgeniy Zubkov);core;acc_reserve_group;TRIGGER;EDW All Core;"REVOKE TRIGGER ON core.acc_reserve_group FROM evzubkov;"
alvreus;Реус Александр Валерьевич (Aleksandr Reus);core;acc_reserve_group;SELECT;EDW Read Core;"REVOKE SELECT ON core.acc_reserve_group FROM alvreus;"
vatsvetkova;Цветкова Виктория Андреевна (Viktoriya Tsvetkova);core;acc_reserve_group;SELECT;EDW Read Core;"REVOKE SELECT ON core.acc_reserve_group FROM vatsvetkova;"
mpmashin;Машин Максим Павлович (Maksim Mashin);core;acc_reserve_group;SELECT;EDW All Core;"REVOKE SELECT ON core.acc_reserve_group FROM mpmashin;"
gmindrupskaya;Индрупская Галина Михайловна (Galina Indrupskaya);cdm_analysis_out;ac_kasko_form5;SELECT;EDW Read Cdm Analysis Out;"REVOKE SELECT ON cdm_analysis_out.ac_kasko_form5 FROM gmindrupskaya;"
gmindrupskaya;Индрупская Галина Михайловна (Galina Indrupskaya);cdm_analysis_out;ac_kasko_form6;SELECT;EDW Read Cdm Analysis Out;"REVOKE SELECT ON cdm_analysis_out.ac_kasko_form6 FROM gmindrupskaya;"
gmindrupskaya;Индрупская Галина Михайловна (Galina Indrupskaya);cdm_analysis_out;ac_osago_form1;SELECT;EDW Read Cdm Analysis Out;"REVOKE SELECT ON cdm_analysis_out.ac_osago_form1 FROM gmindrupskaya;"
avchaplygina;Чаплыгина Алена Владимировна (Alena Chaplygina);cdm_analysis_out;ac_osago_form1;SELECT;EDW Read Cdm Analysis Out;"REVOKE SELECT ON cdm_analysis_out.ac_osago_form1 FROM avchaplygina;"
tvbozhenkova;Боженкова Татьяна Владимировна (Tatyana Bozhenkova);cdm_analysis_out;ac_osago_form1;SELECT;EDW Read Cdm Analysis Out;"REVOKE SELECT ON cdm_analysis_out.ac_osago_form1 FROM tvbozhenkova;"
qs_economic;QS_Economic;cdm_analysis_out;ac_osago_form1;SELECT;EDW Read Cdm Analysis Out;"REVOKE SELECT ON cdm_analysis_out.ac_osago_form1 FROM qs_economic;"
alvreus;Реус Александр Валерьевич (Aleksandr Reus);core;ref_contract_type;SELECT;EDW Read Core;"REVOKE SELECT ON core.ref_contract_type FROM alvreus;"
vatsvetkova;Цветкова Виктория Андреевна (Viktoriya Tsvetkova);core;ref_contract_type;SELECT;EDW Read Core;"REVOKE SELECT ON core.ref_contract_type FROM vatsvetkova;"
mpmashin;Машин Максим Павлович (Maksim Mashin);core;ref_contract_type;SELECT;EDW All Core;"REVOKE SELECT ON core.ref_contract_type FROM mpmashin;"
yvvorobev;Воробьев Юрий Владимирович (Yury Vorobev);cdm;dm_m5kbm_claim;SELECT;EDW All CDM;"REVOKE SELECT ON cdm.dm_m5kbm_claim FROM yvvorobev;"
aatokolova;Токолова Алина Александровна (Alina Tokolova);cdm_analysis_out;contract_addresses;SELECT;EDW Read Cdm Analysis Out;"REVOKE SELECT ON cdm_analysis_out.contract_addresses FROM aatokolova;"
digarifulin;Гарифулин Дмитрий Исмагильевич (Dmitriy Garifulin);cdm_analysis_out;contract_addresses;SELECT;EDW Read Cdm Analysis Out;"REVOKE SELECT ON cdm_analysis_out.contract_addresses FROM digarifulin;"
aozhigalov;Жигалов Артур Олегович (Artur Zhigalov);cdm_analysis_out;contract_addresses;SELECT;EDW Read Cdm Analysis Out;"REVOKE SELECT ON cdm_analysis_out.contract_addresses FROM aozhigalov;"
asfesenko;Фесенко Александр Сергеевич (Aleksandr Fesenko);cdm_analysis_out;contract_addresses;SELECT;EDW Read Cdm Analysis Out;"REVOKE SELECT ON cdm_analysis_out.contract_addresses FROM asfesenko;"
rdayzatulin;Айзатулин Ринат Дамирович (Rinat Ayzatulin);cdm_analysis_out;contract_addresses;SELECT;EDW Read Cdm Analysis Out;"REVOKE SELECT ON cdm_analysis_out.contract_addresses FROM rdayzatulin;"
alvreus;Реус Александр Валерьевич (Aleksandr Reus);core;ref_dict7gs_22;SELECT;EDW Read Core;"REVOKE SELECT ON core.ref_dict7gs_22 FROM alvreus;"
vatsvetkova;Цветкова Виктория Андреевна (Viktoriya Tsvetkova);core;ref_dict7gs_22;SELECT;EDW Read Core;"REVOKE SELECT ON core.ref_dict7gs_22 FROM vatsvetkova;"
mpmashin;Машин Максим Павлович (Maksim Mashin);core;ref_dict7gs_22;SELECT;EDW All Core;"REVOKE SELECT ON core.ref_dict7gs_22 FROM mpmashin;"
aatokolova;Токолова Алина Александровна (Alina Tokolova);cdm_analysis;dm_kasko2_owner_data750;SELECT;EDW Read Cdm Analysis;"REVOKE SELECT ON cdm_analysis.dm_kasko2_owner_data750 FROM aatokolova;"
aozhigalov;Жигалов Артур Олегович (Artur Zhigalov);cdm_analysis;dm_kasko2_owner_data750;SELECT;EDW Read Cdm Analysis;"REVOKE SELECT ON cdm_analysis.dm_kasko2_owner_data750 FROM aozhigalov;"
rdayzatulin;Айзатулин Ринат Дамирович (Rinat Ayzatulin);cdm_analysis;dm_kasko2_owner_data750;SELECT;EDW Read Cdm Analysis;"REVOKE SELECT ON cdm_analysis.dm_kasko2_owner_data750 FROM rdayzatulin;"
asfesenko;Фесенко Александр Сергеевич (Aleksandr Fesenko);cdm_analysis;dm_kasko2_owner_data750;SELECT;EDW Read Cdm Analysis;"REVOKE SELECT ON cdm_analysis.dm_kasko2_owner_data750 FROM asfesenko;"
digarifulin;Гарифулин Дмитрий Исмагильевич (Dmitriy Garifulin);cdm_analysis;dm_kasko2_owner_data750;SELECT;EDW Read Cdm Analysis;"REVOKE SELECT ON cdm_analysis.dm_kasko2_owner_data750 FROM digarifulin;"
yvvorobev;Воробьев Юрий Владимирович (Yury Vorobev);cdm_analysis;dm_kasko2_owner_data750;SELECT;EDW All Cdm Analysis;"REVOKE SELECT ON cdm_analysis.dm_kasko2_owner_data750 FROM yvvorobev;"
akavdeev;Авдеев Андрей Кириллович (Andrey Avdeev);cdm_analysis;dm_kasko2_owner_data750;SELECT;EDW Read Cdm Analysis;"REVOKE SELECT ON cdm_analysis.dm_kasko2_owner_data750 FROM akavdeev;"
gmvargaftik;Варгафтик Григорий Михайлович (Grigoriy Vargaftik);cdm_analysis;dm_kasko2_owner_data750;SELECT;EDW Read Cdm Analysis;"REVOKE SELECT ON cdm_analysis.dm_kasko2_owner_data750 FROM gmvargaftik;"
avdombrovskiy;Домбровский Александр Владимирович (Aleksandr Dombrovskiy);cdm_analysis;dm_kasko2_owner_data750;SELECT;EDW Read Cdm Analysis;"REVOKE SELECT ON cdm_analysis.dm_kasko2_owner_data750 FROM avdombrovskiy;"
dvskorokhodov;Скороходов Даниил Владимирович (Daniil Skorokhodov);cdm_analysis;dm_kasko2_owner_data750;SELECT;EDW Read Cdm Analysis;"REVOKE SELECT ON cdm_analysis.dm_kasko2_owner_data750 FROM dvskorokhodov;"
libelousova;Белоусова Лиана Ильдаровна (Liana Belousova);cdm_analysis;dm_kasko2_owner_data750;SELECT;EDW Read Cdm Analysis;"REVOKE SELECT ON cdm_analysis.dm_kasko2_owner_data750 FROM libelousova;"
aatokolova;Токолова Алина Александровна (Alina Tokolova);cdm_analysis;dm_kasko2_ldu_data748;SELECT;EDW Read Cdm Analysis;"REVOKE SELECT ON cdm_analysis.dm_kasko2_ldu_data748 FROM aatokolova;"
aozhigalov;Жигалов Артур Олегович (Artur Zhigalov);cdm_analysis;dm_kasko2_ldu_data748;SELECT;EDW Read Cdm Analysis;"REVOKE SELECT ON cdm_analysis.dm_kasko2_ldu_data748 FROM aozhigalov;"
rdayzatulin;Айзатулин Ринат Дамирович (Rinat Ayzatulin);cdm_analysis;dm_kasko2_ldu_data748;SELECT;EDW Read Cdm Analysis;"REVOKE SELECT ON cdm_analysis.dm_kasko2_ldu_data748 FROM rdayzatulin;"
asfesenko;Фесенко Александр Сергеевич (Aleksandr Fesenko);cdm_analysis;dm_kasko2_ldu_data748;SELECT;EDW Read Cdm Analysis;"REVOKE SELECT ON cdm_analysis.dm_kasko2_ldu_data748 FROM asfesenko;"
digarifulin;Гарифулин Дмитрий Исмагильевич (Dmitriy Garifulin);cdm_analysis;dm_kasko2_ldu_data748;SELECT;EDW Read Cdm Analysis;"REVOKE SELECT ON cdm_analysis.dm_kasko2_ldu_data748 FROM digarifulin;"
yvvorobev;Воробьев Юрий Владимирович (Yury Vorobev);cdm_analysis;dm_kasko2_ldu_data748;SELECT;EDW All Cdm Analysis;"REVOKE SELECT ON cdm_analysis.dm_kasko2_ldu_data748 FROM yvvorobev;"
akavdeev;Авдеев Андрей Кириллович (Andrey Avdeev);cdm_analysis;dm_kasko2_ldu_data748;SELECT;EDW Read Cdm Analysis;"REVOKE SELECT ON cdm_analysis.dm_kasko2_ldu_data748 FROM akavdeev;"
gmvargaftik;Варгафтик Григорий Михайлович (Grigoriy Vargaftik);cdm_analysis;dm_kasko2_ldu_data748;SELECT;EDW Read Cdm Analysis;"REVOKE SELECT ON cdm_analysis.dm_kasko2_ldu_data748 FROM gmvargaftik;"
avdombrovskiy;Домбровский Александр Владимирович (Aleksandr Dombrovskiy);cdm_analysis;dm_kasko2_ldu_data748;SELECT;EDW Read Cdm Analysis;"REVOKE SELECT ON cdm_analysis.dm_kasko2_ldu_data748 FROM avdombrovskiy;"
dvskorokhodov;Скороходов Даниил Владимирович (Daniil Skorokhodov);cdm_analysis;dm_kasko2_ldu_data748;SELECT;EDW Read Cdm Analysis;"REVOKE SELECT ON cdm_analysis.dm_kasko2_ldu_data748 FROM dvskorokhodov;"
libelousova;Белоусова Лиана Ильдаровна (Liana Belousova);cdm_analysis;dm_kasko2_ldu_data748;SELECT;EDW Read Cdm Analysis;"REVOKE SELECT ON cdm_analysis.dm_kasko2_ldu_data748 FROM libelousova;"
aatokolova;Токолова Алина Александровна (Alina Tokolova);cdm_analysis;dm_kasko2_insurant_data749;SELECT;EDW Read Cdm Analysis;"REVOKE SELECT ON cdm_analysis.dm_kasko2_insurant_data749 FROM aatokolova;"
aozhigalov;Жигалов Артур Олегович (Artur Zhigalov);cdm_analysis;dm_kasko2_insurant_data749;SELECT;EDW Read Cdm Analysis;"REVOKE SELECT ON cdm_analysis.dm_kasko2_insurant_data749 FROM aozhigalov;"
rdayzatulin;Айзатулин Ринат Дамирович (Rinat Ayzatulin);cdm_analysis;dm_kasko2_insurant_data749;SELECT;EDW Read Cdm Analysis;"REVOKE SELECT ON cdm_analysis.dm_kasko2_insurant_data749 FROM rdayzatulin;"
asfesenko;Фесенко Александр Сергеевич (Aleksandr Fesenko);cdm_analysis;dm_kasko2_insurant_data749;SELECT;EDW Read Cdm Analysis;"REVOKE SELECT ON cdm_analysis.dm_kasko2_insurant_data749 FROM asfesenko;"
digarifulin;Гарифулин Дмитрий Исмагильевич (Dmitriy Garifulin);cdm_analysis;dm_kasko2_insurant_data749;SELECT;EDW Read Cdm Analysis;"REVOKE SELECT ON cdm_analysis.dm_kasko2_insurant_data749 FROM digarifulin;"
yvvorobev;Воробьев Юрий Владимирович (Yury Vorobev);cdm_analysis;dm_kasko2_insurant_data749;SELECT;EDW All Cdm Analysis;"REVOKE SELECT ON cdm_analysis.dm_kasko2_insurant_data749 FROM yvvorobev;"
akavdeev;Авдеев Андрей Кириллович (Andrey Avdeev);cdm_analysis;dm_kasko2_insurant_data749;SELECT;EDW Read Cdm Analysis;"REVOKE SELECT ON cdm_analysis.dm_kasko2_insurant_data749 FROM akavdeev;"
gmvargaftik;Варгафтик Григорий Михайлович (Grigoriy Vargaftik);cdm_analysis;dm_kasko2_insurant_data749;SELECT;EDW Read Cdm Analysis;"REVOKE SELECT ON cdm_analysis.dm_kasko2_insurant_data749 FROM gmvargaftik;"
avdombrovskiy;Домбровский Александр Владимирович (Aleksandr Dombrovskiy);cdm_analysis;dm_kasko2_insurant_data749;SELECT;EDW Read Cdm Analysis;"REVOKE SELECT ON cdm_analysis.dm_kasko2_insurant_data749 FROM avdombrovskiy;"
dvskorokhodov;Скороходов Даниил Владимирович (Daniil Skorokhodov);cdm_analysis;dm_kasko2_insurant_data749;SELECT;EDW Read Cdm Analysis;"REVOKE SELECT ON cdm_analysis.dm_kasko2_insurant_data749 FROM dvskorokhodov;"
libelousova;Белоусова Лиана Ильдаровна (Liana Belousova);cdm_analysis;dm_kasko2_insurant_data749;SELECT;EDW Read Cdm Analysis;"REVOKE SELECT ON cdm_analysis.dm_kasko2_insurant_data749 FROM libelousova;"
yvvorobev;Воробьев Юрий Владимирович (Yury Vorobev);cdm;dm_m5kbm_claim_target;SELECT;EDW All CDM;"REVOKE SELECT ON cdm.dm_m5kbm_claim_target FROM yvvorobev;"
alvreus;Реус Александр Валерьевич (Aleksandr Reus);core;ref_bordereau_type;SELECT;EDW Read Core;"REVOKE SELECT ON core.ref_bordereau_type FROM alvreus;"
vatsvetkova;Цветкова Виктория Андреевна (Viktoriya Tsvetkova);core;ref_bordereau_type;SELECT;EDW Read Core;"REVOKE SELECT ON core.ref_bordereau_type FROM vatsvetkova;"
mpmashin;Машин Максим Павлович (Maksim Mashin);core;ref_bordereau_type;SELECT;EDW All Core;"REVOKE SELECT ON core.ref_bordereau_type FROM mpmashin;"
aatokolova;Токолова Алина Александровна (Alina Tokolova);cdm_analysis;ac_incident_full_data772_asis;SELECT;EDW Read Cdm Analysis;"REVOKE SELECT ON cdm_analysis.ac_incident_full_data772_asis FROM aatokolova;"
aozhigalov;Жигалов Артур Олегович (Artur Zhigalov);cdm_analysis;ac_incident_full_data772_asis;SELECT;EDW Read Cdm Analysis;"REVOKE SELECT ON cdm_analysis.ac_incident_full_data772_asis FROM aozhigalov;"
rdayzatulin;Айзатулин Ринат Дамирович (Rinat Ayzatulin);cdm_analysis;ac_incident_full_data772_asis;SELECT;EDW Read Cdm Analysis;"REVOKE SELECT ON cdm_analysis.ac_incident_full_data772_asis FROM rdayzatulin;"
asfesenko;Фесенко Александр Сергеевич (Aleksandr Fesenko);cdm_analysis;ac_incident_full_data772_asis;SELECT;EDW Read Cdm Analysis;"REVOKE SELECT ON cdm_analysis.ac_incident_full_data772_asis FROM asfesenko;"
digarifulin;Гарифулин Дмитрий Исмагильевич (Dmitriy Garifulin);cdm_analysis;ac_incident_full_data772_asis;SELECT;EDW Read Cdm Analysis;"REVOKE SELECT ON cdm_analysis.ac_incident_full_data772_asis FROM digarifulin;"
yvvorobev;Воробьев Юрий Владимирович (Yury Vorobev);cdm_analysis;ac_incident_full_data772_asis;SELECT;EDW All Cdm Analysis;"REVOKE SELECT ON cdm_analysis.ac_incident_full_data772_asis FROM yvvorobev;"
akavdeev;Авдеев Андрей Кириллович (Andrey Avdeev);cdm_analysis;ac_incident_full_data772_asis;SELECT;EDW Read Cdm Analysis;"REVOKE SELECT ON cdm_analysis.ac_incident_full_data772_asis FROM akavdeev;"
gmvargaftik;Варгафтик Григорий Михайлович (Grigoriy Vargaftik);cdm_analysis;ac_incident_full_data772_asis;SELECT;EDW Read Cdm Analysis;"REVOKE SELECT ON cdm_analysis.ac_incident_full_data772_asis FROM gmvargaftik;"
avdombrovskiy;Домбровский Александр Владимирович (Aleksandr Dombrovskiy);cdm_analysis;ac_incident_full_data772_asis;SELECT;EDW Read Cdm Analysis;"REVOKE SELECT ON cdm_analysis.ac_incident_full_data772_asis FROM avdombrovskiy;"
dvskorokhodov;Скороходов Даниил Владимирович (Daniil Skorokhodov);cdm_analysis;ac_incident_full_data772_asis;SELECT;EDW Read Cdm Analysis;"REVOKE SELECT ON cdm_analysis.ac_incident_full_data772_asis FROM dvskorokhodov;"
aatokolova;Токолова Алина Александровна (Alina Tokolova);cdm_analysis;ac_incident_full_data772;SELECT;EDW Read Cdm Analysis;"REVOKE SELECT ON cdm_analysis.ac_incident_full_data772 FROM aatokolova;"
aozhigalov;Жигалов Артур Олегович (Artur Zhigalov);cdm_analysis;ac_incident_full_data772;SELECT;EDW Read Cdm Analysis;"REVOKE SELECT ON cdm_analysis.ac_incident_full_data772 FROM aozhigalov;"
rdayzatulin;Айзатулин Ринат Дамирович (Rinat Ayzatulin);cdm_analysis;ac_incident_full_data772;SELECT;EDW Read Cdm Analysis;"REVOKE SELECT ON cdm_analysis.ac_incident_full_data772 FROM rdayzatulin;"
asfesenko;Фесенко Александр Сергеевич (Aleksandr Fesenko);cdm_analysis;ac_incident_full_data772;SELECT;EDW Read Cdm Analysis;"REVOKE SELECT ON cdm_analysis.ac_incident_full_data772 FROM asfesenko;"
digarifulin;Гарифулин Дмитрий Исмагильевич (Dmitriy Garifulin);cdm_analysis;ac_incident_full_data772;SELECT;EDW Read Cdm Analysis;"REVOKE SELECT ON cdm_analysis.ac_incident_full_data772 FROM digarifulin;"
yvvorobev;Воробьев Юрий Владимирович (Yury Vorobev);cdm_analysis;ac_incident_full_data772;SELECT;EDW All Cdm Analysis;"REVOKE SELECT ON cdm_analysis.ac_incident_full_data772 FROM yvvorobev;"
akavdeev;Авдеев Андрей Кириллович (Andrey Avdeev);cdm_analysis;ac_incident_full_data772;SELECT;EDW Read Cdm Analysis;"REVOKE SELECT ON cdm_analysis.ac_incident_full_data772 FROM akavdeev;"
gmvargaftik;Варгафтик Григорий Михайлович (Grigoriy Vargaftik);cdm_analysis;ac_incident_full_data772;SELECT;EDW Read Cdm Analysis;"REVOKE SELECT ON cdm_analysis.ac_incident_full_data772 FROM gmvargaftik;"
avdombrovskiy;Домбровский Александр Владимирович (Aleksandr Dombrovskiy);cdm_analysis;ac_incident_full_data772;SELECT;EDW Read Cdm Analysis;"REVOKE SELECT ON cdm_analysis.ac_incident_full_data772 FROM avdombrovskiy;"
dvskorokhodov;Скороходов Даниил Владимирович (Daniil Skorokhodov);cdm_analysis;ac_incident_full_data772;SELECT;EDW Read Cdm Analysis;"REVOKE SELECT ON cdm_analysis.ac_incident_full_data772 FROM dvskorokhodov;"
asergeev;Сергеев Артем Александрович (Artem Sergeev);actuary;rol_history_report_dates;SELECT;EDW Read Actuary;"REVOKE SELECT ON actuary.rol_history_report_dates FROM asergeev;"
yvvorobev;Воробьев Юрий Владимирович (Yury Vorobev);cdm;dm_m5kbm_frequency_delta;SELECT;EDW All CDM;"REVOKE SELECT ON cdm.dm_m5kbm_frequency_delta FROM yvvorobev;"
yvvorobev;Воробьев Юрий Владимирович (Yury Vorobev);cdm;dm_m5kbm_prolongation_delta;SELECT;EDW All CDM;"REVOKE SELECT ON cdm.dm_m5kbm_prolongation_delta FROM yvvorobev;"
alvreus;Реус Александр Валерьевич (Aleksandr Reus);core;ref_immovable_property;SELECT;EDW Read Core;"REVOKE SELECT ON core.ref_immovable_property FROM alvreus;"
vatsvetkova;Цветкова Виктория Андреевна (Viktoriya Tsvetkova);core;ref_immovable_property;SELECT;EDW Read Core;"REVOKE SELECT ON core.ref_immovable_property FROM vatsvetkova;"
mpmashin;Машин Максим Павлович (Maksim Mashin);core;ref_immovable_property;SELECT;EDW All Core;"REVOKE SELECT ON core.ref_immovable_property FROM mpmashin;"
alvreus;Реус Александр Валерьевич (Aleksandr Reus);core;ref_movable_property;SELECT;EDW Read Core;"REVOKE SELECT ON core.ref_movable_property FROM alvreus;"
vatsvetkova;Цветкова Виктория Андреевна (Viktoriya Tsvetkova);core;ref_movable_property;SELECT;EDW Read Core;"REVOKE SELECT ON core.ref_movable_property FROM vatsvetkova;"
mpmashin;Машин Максим Павлович (Maksim Mashin);core;ref_movable_property;SELECT;EDW All Core;"REVOKE SELECT ON core.ref_movable_property FROM mpmashin;"
evzubkov;Зубков Евгений Валентинович (Evgeniy Zubkov);core;rates_cb;INSERT;EDW All Core;"REVOKE INSERT ON core.rates_cb FROM evzubkov;"
evzubkov;Зубков Евгений Валентинович (Evgeniy Zubkov);core;rates_cb;SELECT;EDW All Core;"REVOKE SELECT ON core.rates_cb FROM evzubkov;"
evzubkov;Зубков Евгений Валентинович (Evgeniy Zubkov);core;rates_cb;UPDATE;EDW All Core;"REVOKE UPDATE ON core.rates_cb FROM evzubkov;"
evzubkov;Зубков Евгений Валентинович (Evgeniy Zubkov);core;rates_cb;DELETE;EDW All Core;"REVOKE DELETE ON core.rates_cb FROM evzubkov;"
evzubkov;Зубков Евгений Валентинович (Evgeniy Zubkov);core;rates_cb;TRUNCATE;EDW All Core;"REVOKE TRUNCATE ON core.rates_cb FROM evzubkov;"
evzubkov;Зубков Евгений Валентинович (Evgeniy Zubkov);core;rates_cb;REFERENCES;EDW All Core;"REVOKE REFERENCES ON core.rates_cb FROM evzubkov;"
evzubkov;Зубков Евгений Валентинович (Evgeniy Zubkov);core;rates_cb;TRIGGER;EDW All Core;"REVOKE TRIGGER ON core.rates_cb FROM evzubkov;"
alvreus;Реус Александр Валерьевич (Aleksandr Reus);core;rates_cb;SELECT;EDW Read Core;"REVOKE SELECT ON core.rates_cb FROM alvreus;"
vatsvetkova;Цветкова Виктория Андреевна (Viktoriya Tsvetkova);core;rates_cb;SELECT;EDW Read Core;"REVOKE SELECT ON core.rates_cb FROM vatsvetkova;"
mpmashin;Машин Максим Павлович (Maksim Mashin);core;rates_cb;SELECT;EDW All Core;"REVOKE SELECT ON core.rates_cb FROM mpmashin;"
mpmashin;Машин Максим Павлович (Maksim Mashin);property;gdi_kasko_contract_v2;INSERT;EDW All Property;"REVOKE INSERT ON property.gdi_kasko_contract_v2 FROM mpmashin;"
mpmashin;Машин Максим Павлович (Maksim Mashin);property;gdi_kasko_contract_v2;SELECT;EDW All Property;"REVOKE SELECT ON property.gdi_kasko_contract_v2 FROM mpmashin;"
mpmashin;Машин Максим Павлович (Maksim Mashin);property;gdi_kasko_contract_v2;UPDATE;EDW All Property;"REVOKE UPDATE ON property.gdi_kasko_contract_v2 FROM mpmashin;"
mpmashin;Машин Максим Павлович (Maksim Mashin);property;gdi_kasko_contract_v2;DELETE;EDW All Property;"REVOKE DELETE ON property.gdi_kasko_contract_v2 FROM mpmashin;"
mpmashin;Машин Максим Павлович (Maksim Mashin);property;gdi_kasko_contract_v2;TRUNCATE;EDW All Property;"REVOKE TRUNCATE ON property.gdi_kasko_contract_v2 FROM mpmashin;"
mpmashin;Машин Максим Павлович (Maksim Mashin);property;gdi_kasko_contract_v2;REFERENCES;EDW All Property;"REVOKE REFERENCES ON property.gdi_kasko_contract_v2 FROM mpmashin;"
mpmashin;Машин Максим Павлович (Maksim Mashin);property;gdi_kasko_contract_v2;TRIGGER;EDW All Property;"REVOKE TRIGGER ON property.gdi_kasko_contract_v2 FROM mpmashin;"
alvreus;Реус Александр Валерьевич (Aleksandr Reus);core;ref_material;SELECT;EDW Read Core;"REVOKE SELECT ON core.ref_material FROM alvreus;"
vatsvetkova;Цветкова Виктория Андреевна (Viktoriya Tsvetkova);core;ref_material;SELECT;EDW Read Core;"REVOKE SELECT ON core.ref_material FROM vatsvetkova;"
mpmashin;Машин Максим Павлович (Maksim Mashin);core;ref_material;SELECT;EDW All Core;"REVOKE SELECT ON core.ref_material FROM mpmashin;"
alvreus;Реус Александр Валерьевич (Aleksandr Reus);core;ref_insurance_type;SELECT;EDW Read Core;"REVOKE SELECT ON core.ref_insurance_type FROM alvreus;"
vatsvetkova;Цветкова Виктория Андреевна (Viktoriya Tsvetkova);core;ref_insurance_type;SELECT;EDW Read Core;"REVOKE SELECT ON core.ref_insurance_type FROM vatsvetkova;"
mpmashin;Машин Максим Павлович (Maksim Mashin);core;ref_insurance_type;SELECT;EDW All Core;"REVOKE SELECT ON core.ref_insurance_type FROM mpmashin;"
alvreus;Реус Александр Валерьевич (Aleksandr Reus);core;ref_coverage_area;SELECT;EDW Read Core;"REVOKE SELECT ON core.ref_coverage_area FROM alvreus;"
vatsvetkova;Цветкова Виктория Андреевна (Viktoriya Tsvetkova);core;ref_coverage_area;SELECT;EDW Read Core;"REVOKE SELECT ON core.ref_coverage_area FROM vatsvetkova;"
mpmashin;Машин Максим Павлович (Maksim Mashin);core;ref_coverage_area;SELECT;EDW All Core;"REVOKE SELECT ON core.ref_coverage_area FROM mpmashin;"
alvreus;Реус Александр Валерьевич (Aleksandr Reus);core;ref_build_part;SELECT;EDW Read Core;"REVOKE SELECT ON core.ref_build_part FROM alvreus;"
vatsvetkova;Цветкова Виктория Андреевна (Viktoriya Tsvetkova);core;ref_build_part;SELECT;EDW Read Core;"REVOKE SELECT ON core.ref_build_part FROM vatsvetkova;"
mpmashin;Машин Максим Павлович (Maksim Mashin);core;ref_build_part;SELECT;EDW All Core;"REVOKE SELECT ON core.ref_build_part FROM mpmashin;"
alvreus;Реус Александр Валерьевич (Aleksandr Reus);core;ref_detail_location;SELECT;EDW Read Core;"REVOKE SELECT ON core.ref_detail_location FROM alvreus;"
vatsvetkova;Цветкова Виктория Андреевна (Viktoriya Tsvetkova);core;ref_detail_location;SELECT;EDW Read Core;"REVOKE SELECT ON core.ref_detail_location FROM vatsvetkova;"
mpmashin;Машин Максим Павлович (Maksim Mashin);core;ref_detail_location;SELECT;EDW All Core;"REVOKE SELECT ON core.ref_detail_location FROM mpmashin;"
avyurin;Юрин Андрей Викторович (Andrey Yurin);finance;commission_risk_sap_progn_delta_2022;SELECT;EDW Read Finance;"REVOKE SELECT ON finance.commission_risk_sap_progn_delta_2022 FROM avyurin;"
avchaplygina;Чаплыгина Алена Владимировна (Alena Chaplygina);finance;commission_risk_sap_progn_delta_2022;SELECT;EDW Read Finance;"REVOKE SELECT ON finance.commission_risk_sap_progn_delta_2022 FROM avchaplygina;"
tvbozhenkova;Боженкова Татьяна Владимировна (Tatyana Bozhenkova);finance;commission_risk_sap_progn_delta_2022;SELECT;EDW Read Finance;"REVOKE SELECT ON finance.commission_risk_sap_progn_delta_2022 FROM tvbozhenkova;"
alvreus;Реус Александр Валерьевич (Aleksandr Reus);core;ref_structural_element;SELECT;EDW Read Core;"REVOKE SELECT ON core.ref_structural_element FROM alvreus;"
vatsvetkova;Цветкова Виктория Андреевна (Viktoriya Tsvetkova);core;ref_structural_element;SELECT;EDW Read Core;"REVOKE SELECT ON core.ref_structural_element FROM vatsvetkova;"
mpmashin;Машин Максим Павлович (Maksim Mashin);core;ref_structural_element;SELECT;EDW All Core;"REVOKE SELECT ON core.ref_structural_element FROM mpmashin;"
alvreus;Реус Александр Валерьевич (Aleksandr Reus);core;ref_nonstandard_criteria;SELECT;EDW Read Core;"REVOKE SELECT ON core.ref_nonstandard_criteria FROM alvreus;"
vatsvetkova;Цветкова Виктория Андреевна (Viktoriya Tsvetkova);core;ref_nonstandard_criteria;SELECT;EDW Read Core;"REVOKE SELECT ON core.ref_nonstandard_criteria FROM vatsvetkova;"
mpmashin;Машин Максим Павлович (Maksim Mashin);core;ref_nonstandard_criteria;SELECT;EDW All Core;"REVOKE SELECT ON core.ref_nonstandard_criteria FROM mpmashin;"
mpmashin;Машин Максим Павлович (Maksim Mashin);property;tmp_gdi_ns;INSERT;EDW All Property;"REVOKE INSERT ON property.tmp_gdi_ns FROM mpmashin;"
mpmashin;Машин Максим Павлович (Maksim Mashin);property;tmp_gdi_ns;SELECT;EDW All Property;"REVOKE SELECT ON property.tmp_gdi_ns FROM mpmashin;"
mpmashin;Машин Максим Павлович (Maksim Mashin);property;tmp_gdi_ns;UPDATE;EDW All Property;"REVOKE UPDATE ON property.tmp_gdi_ns FROM mpmashin;"
mpmashin;Машин Максим Павлович (Maksim Mashin);property;tmp_gdi_ns;DELETE;EDW All Property;"REVOKE DELETE ON property.tmp_gdi_ns FROM mpmashin;"
mpmashin;Машин Максим Павлович (Maksim Mashin);property;tmp_gdi_ns;TRUNCATE;EDW All Property;"REVOKE TRUNCATE ON property.tmp_gdi_ns FROM mpmashin;"
mpmashin;Машин Максим Павлович (Maksim Mashin);property;tmp_gdi_ns;REFERENCES;EDW All Property;"REVOKE REFERENCES ON property.tmp_gdi_ns FROM mpmashin;"
mpmashin;Машин Максим Павлович (Maksim Mashin);property;tmp_gdi_ns;TRIGGER;EDW All Property;"REVOKE TRIGGER ON property.tmp_gdi_ns FROM mpmashin;"
mpmashin;Машин Максим Павлович (Maksim Mashin);property;tmp_gdi_obj_for_klesh_22;INSERT;EDW All Property;"REVOKE INSERT ON property.tmp_gdi_obj_for_klesh_22 FROM mpmashin;"
mpmashin;Машин Максим Павлович (Maksim Mashin);property;tmp_gdi_obj_for_klesh_22;SELECT;EDW All Property;"REVOKE SELECT ON property.tmp_gdi_obj_for_klesh_22 FROM mpmashin;"
mpmashin;Машин Максим Павлович (Maksim Mashin);property;tmp_gdi_obj_for_klesh_22;UPDATE;EDW All Property;"REVOKE UPDATE ON property.tmp_gdi_obj_for_klesh_22 FROM mpmashin;"
mpmashin;Машин Максим Павлович (Maksim Mashin);property;tmp_gdi_obj_for_klesh_22;DELETE;EDW All Property;"REVOKE DELETE ON property.tmp_gdi_obj_for_klesh_22 FROM mpmashin;"
mpmashin;Машин Максим Павлович (Maksim Mashin);property;tmp_gdi_obj_for_klesh_22;TRUNCATE;EDW All Property;"REVOKE TRUNCATE ON property.tmp_gdi_obj_for_klesh_22 FROM mpmashin;"
mpmashin;Машин Максим Павлович (Maksim Mashin);property;tmp_gdi_obj_for_klesh_22;REFERENCES;EDW All Property;"REVOKE REFERENCES ON property.tmp_gdi_obj_for_klesh_22 FROM mpmashin;"
mpmashin;Машин Максим Павлович (Maksim Mashin);property;tmp_gdi_obj_for_klesh_22;TRIGGER;EDW All Property;"REVOKE TRIGGER ON property.tmp_gdi_obj_for_klesh_22 FROM mpmashin;"
alvreus;Реус Александр Валерьевич (Aleksandr Reus);core;ref_additional_equipment;SELECT;EDW Read Core;"REVOKE SELECT ON core.ref_additional_equipment FROM alvreus;"
vatsvetkova;Цветкова Виктория Андреевна (Viktoriya Tsvetkova);core;ref_additional_equipment;SELECT;EDW Read Core;"REVOKE SELECT ON core.ref_additional_equipment FROM vatsvetkova;"
mpmashin;Машин Максим Павлович (Maksim Mashin);core;ref_additional_equipment;SELECT;EDW All Core;"REVOKE SELECT ON core.ref_additional_equipment FROM mpmashin;"
alvreus;Реус Александр Валерьевич (Aleksandr Reus);core;ref_external_equipment;SELECT;EDW Read Core;"REVOKE SELECT ON core.ref_external_equipment FROM alvreus;"
vatsvetkova;Цветкова Виктория Андреевна (Viktoriya Tsvetkova);core;ref_external_equipment;SELECT;EDW Read Core;"REVOKE SELECT ON core.ref_external_equipment FROM vatsvetkova;"
mpmashin;Машин Максим Павлович (Maksim Mashin);core;ref_external_equipment;SELECT;EDW All Core;"REVOKE SELECT ON core.ref_external_equipment FROM mpmashin;"
alvreus;Реус Александр Валерьевич (Aleksandr Reus);core;ref_landscape;SELECT;EDW Read Core;"REVOKE SELECT ON core.ref_landscape FROM alvreus;"
vatsvetkova;Цветкова Виктория Андреевна (Viktoriya Tsvetkova);core;ref_landscape;SELECT;EDW Read Core;"REVOKE SELECT ON core.ref_landscape FROM vatsvetkova;"
mpmashin;Машин Максим Павлович (Maksim Mashin);core;ref_landscape;SELECT;EDW All Core;"REVOKE SELECT ON core.ref_landscape FROM mpmashin;"
mpmashin;Машин Максим Павлович (Maksim Mashin);property;contr_gdi;INSERT;EDW All Property;"REVOKE INSERT ON property.contr_gdi FROM mpmashin;"
mpmashin;Машин Максим Павлович (Maksim Mashin);property;contr_gdi;SELECT;EDW All Property;"REVOKE SELECT ON property.contr_gdi FROM mpmashin;"
mpmashin;Машин Максим Павлович (Maksim Mashin);property;contr_gdi;UPDATE;EDW All Property;"REVOKE UPDATE ON property.contr_gdi FROM mpmashin;"
mpmashin;Машин Максим Павлович (Maksim Mashin);property;contr_gdi;DELETE;EDW All Property;"REVOKE DELETE ON property.contr_gdi FROM mpmashin;"
mpmashin;Машин Максим Павлович (Maksim Mashin);property;contr_gdi;TRUNCATE;EDW All Property;"REVOKE TRUNCATE ON property.contr_gdi FROM mpmashin;"
mpmashin;Машин Максим Павлович (Maksim Mashin);property;contr_gdi;REFERENCES;EDW All Property;"REVOKE REFERENCES ON property.contr_gdi FROM mpmashin;"
mpmashin;Машин Максим Павлович (Maksim Mashin);property;contr_gdi;TRIGGER;EDW All Property;"REVOKE TRIGGER ON property.contr_gdi FROM mpmashin;"
alvreus;Реус Александр Валерьевич (Aleksandr Reus);core;ref_allocation_type;SELECT;EDW Read Core;"REVOKE SELECT ON core.ref_allocation_type FROM alvreus;"
vatsvetkova;Цветкова Виктория Андреевна (Viktoriya Tsvetkova);core;ref_allocation_type;SELECT;EDW Read Core;"REVOKE SELECT ON core.ref_allocation_type FROM vatsvetkova;"
mpmashin;Машин Максим Павлович (Maksim Mashin);core;ref_allocation_type;SELECT;EDW All Core;"REVOKE SELECT ON core.ref_allocation_type FROM mpmashin;"
taalandreeva;Андреева Татьяна Александровна (Tatyana Andreeva);cdm_analysis_out;rol_for_sum_cost_daily_repl;SELECT;EDW Read Cdm Analysis Out;"REVOKE SELECT ON cdm_analysis_out.rol_for_sum_cost_daily_repl FROM taalandreeva;"
avkuchumova;Кучумова Анна Владимировна (Anna Kuchumova);cdm_analysis_out;rol_for_sum_cost_daily_repl;SELECT;EDW Read Cdm Analysis Out;"REVOKE SELECT ON cdm_analysis_out.rol_for_sum_cost_daily_repl FROM avkuchumova;"
qs_economic;QS_Economic;cdm_analysis_out;rol_for_sum_cost_daily_repl;SELECT;EDW Read Cdm Analysis Out;"REVOKE SELECT ON cdm_analysis_out.rol_for_sum_cost_daily_repl FROM qs_economic;"
aozhigalov;Жигалов Артур Олегович (Artur Zhigalov);cdm_analysis_out;rol_for_sum_cost_daily_repl;SELECT;EDW Read Cdm Analysis Out;"REVOKE SELECT ON cdm_analysis_out.rol_for_sum_cost_daily_repl FROM aozhigalov;"
alvreus;Реус Александр Валерьевич (Aleksandr Reus);core;ref_allocation_element;SELECT;EDW Read Core;"REVOKE SELECT ON core.ref_allocation_element FROM alvreus;"
vatsvetkova;Цветкова Виктория Андреевна (Viktoriya Tsvetkova);core;ref_allocation_element;SELECT;EDW Read Core;"REVOKE SELECT ON core.ref_allocation_element FROM vatsvetkova;"
mpmashin;Машин Максим Павлович (Maksim Mashin);core;ref_allocation_element;SELECT;EDW All Core;"REVOKE SELECT ON core.ref_allocation_element FROM mpmashin;"
mpmashin;Машин Максим Павлович (Maksim Mashin);property;gdi_prod_for_cb;INSERT;EDW All Property;"REVOKE INSERT ON property.gdi_prod_for_cb FROM mpmashin;"
mpmashin;Машин Максим Павлович (Maksim Mashin);property;gdi_prod_for_cb;SELECT;EDW All Property;"REVOKE SELECT ON property.gdi_prod_for_cb FROM mpmashin;"
mpmashin;Машин Максим Павлович (Maksim Mashin);property;gdi_prod_for_cb;UPDATE;EDW All Property;"REVOKE UPDATE ON property.gdi_prod_for_cb FROM mpmashin;"
mpmashin;Машин Максим Павлович (Maksim Mashin);property;gdi_prod_for_cb;DELETE;EDW All Property;"REVOKE DELETE ON property.gdi_prod_for_cb FROM mpmashin;"
mpmashin;Машин Максим Павлович (Maksim Mashin);property;gdi_prod_for_cb;TRUNCATE;EDW All Property;"REVOKE TRUNCATE ON property.gdi_prod_for_cb FROM mpmashin;"
mpmashin;Машин Максим Павлович (Maksim Mashin);property;gdi_prod_for_cb;REFERENCES;EDW All Property;"REVOKE REFERENCES ON property.gdi_prod_for_cb FROM mpmashin;"
mpmashin;Машин Максим Павлович (Maksim Mashin);property;gdi_prod_for_cb;TRIGGER;EDW All Property;"REVOKE TRIGGER ON property.gdi_prod_for_cb FROM mpmashin;"
vatsvetkova;Цветкова Виктория Андреевна (Viktoriya Tsvetkova);kias_dm;tr_errorslog;INSERT;EDW All Kias DM;"REVOKE INSERT ON kias_dm.tr_errorslog FROM vatsvetkova;"
vatsvetkova;Цветкова Виктория Андреевна (Viktoriya Tsvetkova);kias_dm;tr_errorslog;SELECT;EDW All Kias DM;"REVOKE SELECT ON kias_dm.tr_errorslog FROM vatsvetkova;"
vatsvetkova;Цветкова Виктория Андреевна (Viktoriya Tsvetkova);kias_dm;tr_errorslog;UPDATE;EDW All Kias DM;"REVOKE UPDATE ON kias_dm.tr_errorslog FROM vatsvetkova;"
vatsvetkova;Цветкова Виктория Андреевна (Viktoriya Tsvetkova);kias_dm;tr_errorslog;DELETE;EDW All Kias DM;"REVOKE DELETE ON kias_dm.tr_errorslog FROM vatsvetkova;"
vatsvetkova;Цветкова Виктория Андреевна (Viktoriya Tsvetkova);kias_dm;tr_errorslog;TRUNCATE;EDW All Kias DM;"REVOKE TRUNCATE ON kias_dm.tr_errorslog FROM vatsvetkova;"
vatsvetkova;Цветкова Виктория Андреевна (Viktoriya Tsvetkova);kias_dm;tr_errorslog;REFERENCES;EDW All Kias DM;"REVOKE REFERENCES ON kias_dm.tr_errorslog FROM vatsvetkova;"
vatsvetkova;Цветкова Виктория Андреевна (Viktoriya Tsvetkova);kias_dm;tr_errorslog;TRIGGER;EDW All Kias DM;"REVOKE TRIGGER ON kias_dm.tr_errorslog FROM vatsvetkova;"
alvreus;Реус Александр Валерьевич (Aleksandr Reus);kias_dm;tr_errorslog;INSERT;EDW All Kias DM;"REVOKE INSERT ON kias_dm.tr_errorslog FROM alvreus;"
alvreus;Реус Александр Валерьевич (Aleksandr Reus);kias_dm;tr_errorslog;SELECT;EDW All Kias DM;"REVOKE SELECT ON kias_dm.tr_errorslog FROM alvreus;"
alvreus;Реус Александр Валерьевич (Aleksandr Reus);kias_dm;tr_errorslog;UPDATE;EDW All Kias DM;"REVOKE UPDATE ON kias_dm.tr_errorslog FROM alvreus;"
alvreus;Реус Александр Валерьевич (Aleksandr Reus);kias_dm;tr_errorslog;DELETE;EDW All Kias DM;"REVOKE DELETE ON kias_dm.tr_errorslog FROM alvreus;"
alvreus;Реус Александр Валерьевич (Aleksandr Reus);kias_dm;tr_errorslog;TRUNCATE;EDW All Kias DM;"REVOKE TRUNCATE ON kias_dm.tr_errorslog FROM alvreus;"
alvreus;Реус Александр Валерьевич (Aleksandr Reus);kias_dm;tr_errorslog;REFERENCES;EDW All Kias DM;"REVOKE REFERENCES ON kias_dm.tr_errorslog FROM alvreus;"
alvreus;Реус Александр Валерьевич (Aleksandr Reus);kias_dm;tr_errorslog;TRIGGER;EDW All Kias DM;"REVOKE TRIGGER ON kias_dm.tr_errorslog FROM alvreus;"
mpmashin;Машин Максим Павлович (Maksim Mashin);kias_dm;tr_errorslog;INSERT;EDW All Kias DM;"REVOKE INSERT ON kias_dm.tr_errorslog FROM mpmashin;"
mpmashin;Машин Максим Павлович (Maksim Mashin);kias_dm;tr_errorslog;SELECT;EDW All Kias DM;"REVOKE SELECT ON kias_dm.tr_errorslog FROM mpmashin;"
mpmashin;Машин Максим Павлович (Maksim Mashin);kias_dm;tr_errorslog;UPDATE;EDW All Kias DM;"REVOKE UPDATE ON kias_dm.tr_errorslog FROM mpmashin;"
mpmashin;Машин Максим Павлович (Maksim Mashin);kias_dm;tr_errorslog;DELETE;EDW All Kias DM;"REVOKE DELETE ON kias_dm.tr_errorslog FROM mpmashin;"
mpmashin;Машин Максим Павлович (Maksim Mashin);kias_dm;tr_errorslog;TRUNCATE;EDW All Kias DM;"REVOKE TRUNCATE ON kias_dm.tr_errorslog FROM mpmashin;"
mpmashin;Машин Максим Павлович (Maksim Mashin);kias_dm;tr_errorslog;REFERENCES;EDW All Kias DM;"REVOKE REFERENCES ON kias_dm.tr_errorslog FROM mpmashin;"
mpmashin;Машин Максим Павлович (Maksim Mashin);kias_dm;tr_errorslog;TRIGGER;EDW All Kias DM;"REVOKE TRIGGER ON kias_dm.tr_errorslog FROM mpmashin;"
yvvorobev;Воробьев Юрий Владимирович (Yury Vorobev);cdm;dm_osago_first_risk;SELECT;EDW All CDM;"REVOKE SELECT ON cdm.dm_osago_first_risk FROM yvvorobev;"
alvreus;Реус Александр Валерьевич (Aleksandr Reus);core;ref_product_mapping;SELECT;EDW Read Core;"REVOKE SELECT ON core.ref_product_mapping FROM alvreus;"
vatsvetkova;Цветкова Виктория Андреевна (Viktoriya Tsvetkova);core;ref_product_mapping;SELECT;EDW Read Core;"REVOKE SELECT ON core.ref_product_mapping FROM vatsvetkova;"
mpmashin;Машин Максим Павлович (Maksim Mashin);core;ref_product_mapping;SELECT;EDW All Core;"REVOKE SELECT ON core.ref_product_mapping FROM mpmashin;"
evzubkov;Зубков Евгений Валентинович (Evgeniy Zubkov);core;claim_coveragetype;INSERT;EDW All Core;"REVOKE INSERT ON core.claim_coveragetype FROM evzubkov;"
evzubkov;Зубков Евгений Валентинович (Evgeniy Zubkov);core;claim_coveragetype;SELECT;EDW All Core;"REVOKE SELECT ON core.claim_coveragetype FROM evzubkov;"
evzubkov;Зубков Евгений Валентинович (Evgeniy Zubkov);core;claim_coveragetype;UPDATE;EDW All Core;"REVOKE UPDATE ON core.claim_coveragetype FROM evzubkov;"
evzubkov;Зубков Евгений Валентинович (Evgeniy Zubkov);core;claim_coveragetype;DELETE;EDW All Core;"REVOKE DELETE ON core.claim_coveragetype FROM evzubkov;"
evzubkov;Зубков Евгений Валентинович (Evgeniy Zubkov);core;claim_coveragetype;TRUNCATE;EDW All Core;"REVOKE TRUNCATE ON core.claim_coveragetype FROM evzubkov;"
evzubkov;Зубков Евгений Валентинович (Evgeniy Zubkov);core;claim_coveragetype;REFERENCES;EDW All Core;"REVOKE REFERENCES ON core.claim_coveragetype FROM evzubkov;"
evzubkov;Зубков Евгений Валентинович (Evgeniy Zubkov);core;claim_coveragetype;TRIGGER;EDW All Core;"REVOKE TRIGGER ON core.claim_coveragetype FROM evzubkov;"
alvreus;Реус Александр Валерьевич (Aleksandr Reus);core;claim_coveragetype;SELECT;EDW Read Core;"REVOKE SELECT ON core.claim_coveragetype FROM alvreus;"
vatsvetkova;Цветкова Виктория Андреевна (Viktoriya Tsvetkova);core;claim_coveragetype;SELECT;EDW Read Core;"REVOKE SELECT ON core.claim_coveragetype FROM vatsvetkova;"
mpmashin;Машин Максим Павлович (Maksim Mashin);core;claim_coveragetype;SELECT;EDW All Core;"REVOKE SELECT ON core.claim_coveragetype FROM mpmashin;"
taalandreeva;Андреева Татьяна Александровна (Tatyana Andreeva);cdm_analysis_out;rep_guru_suits_daily_repl;SELECT;EDW Read Cdm Analysis Out;"REVOKE SELECT ON cdm_analysis_out.rep_guru_suits_daily_repl FROM taalandreeva;"
ekorotkih;Коротких Екатерина Александровна (Ekaterina Korotkikh);cdm_analysis_out;rep_guru_suits_daily_repl;SELECT;EDW Read Cdm Analysis Out;"REVOKE SELECT ON cdm_analysis_out.rep_guru_suits_daily_repl FROM ekorotkih;"
aarozhnov;Рожнов Андрей Алексеевич (Andrey Rozhnov);cdm_analysis_out;rep_guru_suits_daily_repl;SELECT;EDW Read Cdm Analysis Out;"REVOKE SELECT ON cdm_analysis_out.rep_guru_suits_daily_repl FROM aarozhnov;"
asergeev;Сергеев Артем Александрович (Artem Sergeev);cdm_analysis_out;rep_guru_suits_daily_repl;SELECT;EDW Read Cdm Analysis Out;"REVOKE SELECT ON cdm_analysis_out.rep_guru_suits_daily_repl FROM asergeev;"
gmindrupskaya;Индрупская Галина Михайловна (Galina Indrupskaya);cdm_analysis_out;rep_guru_suits_daily_repl;SELECT;EDW Read Cdm Analysis Out;"REVOKE SELECT ON cdm_analysis_out.rep_guru_suits_daily_repl FROM gmindrupskaya;"
mskazakov;Казаков Максим Сергеевич (Maksim Kazakov);cdm_analysis_out;rep_guru_suits_daily_repl;SELECT;EDW Read Cdm Analysis Out;"REVOKE SELECT ON cdm_analysis_out.rep_guru_suits_daily_repl FROM mskazakov;"
oakalyagina;Калягина Олеся Александровна (Olesya Kalyagina);cdm_analysis_out;rep_guru_suits_daily_repl;SELECT;EDW Read Cdm Analysis Out;"REVOKE SELECT ON cdm_analysis_out.rep_guru_suits_daily_repl FROM oakalyagina;"
avchaplygina;Чаплыгина Алена Владимировна (Alena Chaplygina);cdm_analysis_out;rep_guru_suits_daily_repl;SELECT;EDW Read Cdm Analysis Out;"REVOKE SELECT ON cdm_analysis_out.rep_guru_suits_daily_repl FROM avchaplygina;"
tvbozhenkova;Боженкова Татьяна Владимировна (Tatyana Bozhenkova);cdm_analysis_out;rep_guru_suits_daily_repl;SELECT;EDW Read Cdm Analysis Out;"REVOKE SELECT ON cdm_analysis_out.rep_guru_suits_daily_repl FROM tvbozhenkova;"
avyurin;Юрин Андрей Викторович (Andrey Yurin);cdm_analysis_out;rep_guru_suits_daily_repl;SELECT;EDW Read Cdm Analysis Out;"REVOKE SELECT ON cdm_analysis_out.rep_guru_suits_daily_repl FROM avyurin;"
qs_economic;QS_Economic;cdm_analysis_out;rep_guru_suits_daily_repl;SELECT;EDW Read Cdm Analysis Out;"REVOKE SELECT ON cdm_analysis_out.rep_guru_suits_daily_repl FROM qs_economic;"
asfesenko;Фесенко Александр Сергеевич (Aleksandr Fesenko);cdm_analysis_out;rep_guru_suits_daily_repl;SELECT;EDW Read Cdm Analysis Out;"REVOKE SELECT ON cdm_analysis_out.rep_guru_suits_daily_repl FROM asfesenko;"
aozhigalov;Жигалов Артур Олегович (Artur Zhigalov);cdm_analysis_out;rep_guru_suits_daily_repl;SELECT;EDW Read Cdm Analysis Out;"REVOKE SELECT ON cdm_analysis_out.rep_guru_suits_daily_repl FROM aozhigalov;"
rdayzatulin;Айзатулин Ринат Дамирович (Rinat Ayzatulin);cdm_analysis_out;rep_guru_suits_daily_repl;SELECT;EDW Read Cdm Analysis Out;"REVOKE SELECT ON cdm_analysis_out.rep_guru_suits_daily_repl FROM rdayzatulin;"
aatokolova;Токолова Алина Александровна (Alina Tokolova);cdm_analysis_out;rep_guru_suits_daily_repl;SELECT;EDW Read Cdm Analysis Out;"REVOKE SELECT ON cdm_analysis_out.rep_guru_suits_daily_repl FROM aatokolova;"
digarifulin;Гарифулин Дмитрий Исмагильевич (Dmitriy Garifulin);cdm_analysis_out;rep_guru_suits_daily_repl;SELECT;EDW Read Cdm Analysis Out;"REVOKE SELECT ON cdm_analysis_out.rep_guru_suits_daily_repl FROM digarifulin;"
alvreus;Реус Александр Валерьевич (Aleksandr Reus);core;dmm_mart;SELECT;EDW Read Core;"REVOKE SELECT ON core.dmm_mart FROM alvreus;"
vatsvetkova;Цветкова Виктория Андреевна (Viktoriya Tsvetkova);core;dmm_mart;SELECT;EDW Read Core;"REVOKE SELECT ON core.dmm_mart FROM vatsvetkova;"
mpmashin;Машин Максим Павлович (Maksim Mashin);core;dmm_mart;SELECT;EDW All Core;"REVOKE SELECT ON core.dmm_mart FROM mpmashin;"
evzubkov;Зубков Евгений Валентинович (Evgeniy Zubkov);core;kias_product;INSERT;EDW All Core;"REVOKE INSERT ON core.kias_product FROM evzubkov;"
evzubkov;Зубков Евгений Валентинович (Evgeniy Zubkov);core;kias_product;SELECT;EDW All Core;"REVOKE SELECT ON core.kias_product FROM evzubkov;"
evzubkov;Зубков Евгений Валентинович (Evgeniy Zubkov);core;kias_product;UPDATE;EDW All Core;"REVOKE UPDATE ON core.kias_product FROM evzubkov;"
evzubkov;Зубков Евгений Валентинович (Evgeniy Zubkov);core;kias_product;DELETE;EDW All Core;"REVOKE DELETE ON core.kias_product FROM evzubkov;"
evzubkov;Зубков Евгений Валентинович (Evgeniy Zubkov);core;kias_product;TRUNCATE;EDW All Core;"REVOKE TRUNCATE ON core.kias_product FROM evzubkov;"
evzubkov;Зубков Евгений Валентинович (Evgeniy Zubkov);core;kias_product;REFERENCES;EDW All Core;"REVOKE REFERENCES ON core.kias_product FROM evzubkov;"
evzubkov;Зубков Евгений Валентинович (Evgeniy Zubkov);core;kias_product;TRIGGER;EDW All Core;"REVOKE TRIGGER ON core.kias_product FROM evzubkov;"
alvreus;Реус Александр Валерьевич (Aleksandr Reus);core;kias_product;SELECT;EDW Read Core;"REVOKE SELECT ON core.kias_product FROM alvreus;"
vatsvetkova;Цветкова Виктория Андреевна (Viktoriya Tsvetkova);core;kias_product;SELECT;EDW Read Core;"REVOKE SELECT ON core.kias_product FROM vatsvetkova;"
mpmashin;Машин Максим Павлович (Maksim Mashin);core;kias_product;SELECT;EDW All Core;"REVOKE SELECT ON core.kias_product FROM mpmashin;"
evzubkov;Зубков Евгений Валентинович (Evgeniy Zubkov);core;ref_leaser;INSERT;EDW All Core;"REVOKE INSERT ON core.ref_leaser FROM evzubkov;"
evzubkov;Зубков Евгений Валентинович (Evgeniy Zubkov);core;ref_leaser;SELECT;EDW All Core;"REVOKE SELECT ON core.ref_leaser FROM evzubkov;"
evzubkov;Зубков Евгений Валентинович (Evgeniy Zubkov);core;ref_leaser;UPDATE;EDW All Core;"REVOKE UPDATE ON core.ref_leaser FROM evzubkov;"
evzubkov;Зубков Евгений Валентинович (Evgeniy Zubkov);core;ref_leaser;DELETE;EDW All Core;"REVOKE DELETE ON core.ref_leaser FROM evzubkov;"
evzubkov;Зубков Евгений Валентинович (Evgeniy Zubkov);core;ref_leaser;TRUNCATE;EDW All Core;"REVOKE TRUNCATE ON core.ref_leaser FROM evzubkov;"
evzubkov;Зубков Евгений Валентинович (Evgeniy Zubkov);core;ref_leaser;REFERENCES;EDW All Core;"REVOKE REFERENCES ON core.ref_leaser FROM evzubkov;"
evzubkov;Зубков Евгений Валентинович (Evgeniy Zubkov);core;ref_leaser;TRIGGER;EDW All Core;"REVOKE TRIGGER ON core.ref_leaser FROM evzubkov;"
alvreus;Реус Александр Валерьевич (Aleksandr Reus);core;ref_leaser;SELECT;EDW Read Core;"REVOKE SELECT ON core.ref_leaser FROM alvreus;"
vatsvetkova;Цветкова Виктория Андреевна (Viktoriya Tsvetkova);core;ref_leaser;SELECT;EDW Read Core;"REVOKE SELECT ON core.ref_leaser FROM vatsvetkova;"
mpmashin;Машин Максим Павлович (Maksim Mashin);core;ref_leaser;SELECT;EDW All Core;"REVOKE SELECT ON core.ref_leaser FROM mpmashin;"
evzubkov;Зубков Евгений Валентинович (Evgeniy Zubkov);core;remuneration_map_tab_1;INSERT;EDW All Core;"REVOKE INSERT ON core.remuneration_map_tab_1 FROM evzubkov;"
evzubkov;Зубков Евгений Валентинович (Evgeniy Zubkov);core;remuneration_map_tab_1;SELECT;EDW All Core;"REVOKE SELECT ON core.remuneration_map_tab_1 FROM evzubkov;"
evzubkov;Зубков Евгений Валентинович (Evgeniy Zubkov);core;remuneration_map_tab_1;UPDATE;EDW All Core;"REVOKE UPDATE ON core.remuneration_map_tab_1 FROM evzubkov;"
evzubkov;Зубков Евгений Валентинович (Evgeniy Zubkov);core;remuneration_map_tab_1;DELETE;EDW All Core;"REVOKE DELETE ON core.remuneration_map_tab_1 FROM evzubkov;"
evzubkov;Зубков Евгений Валентинович (Evgeniy Zubkov);core;remuneration_map_tab_1;TRUNCATE;EDW All Core;"REVOKE TRUNCATE ON core.remuneration_map_tab_1 FROM evzubkov;"
evzubkov;Зубков Евгений Валентинович (Evgeniy Zubkov);core;remuneration_map_tab_1;REFERENCES;EDW All Core;"REVOKE REFERENCES ON core.remuneration_map_tab_1 FROM evzubkov;"
evzubkov;Зубков Евгений Валентинович (Evgeniy Zubkov);core;remuneration_map_tab_1;TRIGGER;EDW All Core;"REVOKE TRIGGER ON core.remuneration_map_tab_1 FROM evzubkov;"
alvreus;Реус Александр Валерьевич (Aleksandr Reus);core;remuneration_map_tab_1;SELECT;EDW Read Core;"REVOKE SELECT ON core.remuneration_map_tab_1 FROM alvreus;"
vatsvetkova;Цветкова Виктория Андреевна (Viktoriya Tsvetkova);core;remuneration_map_tab_1;SELECT;EDW Read Core;"REVOKE SELECT ON core.remuneration_map_tab_1 FROM vatsvetkova;"
mpmashin;Машин Максим Павлович (Maksim Mashin);core;remuneration_map_tab_1;SELECT;EDW All Core;"REVOKE SELECT ON core.remuneration_map_tab_1 FROM mpmashin;"
evzubkov;Зубков Евгений Валентинович (Evgeniy Zubkov);core;uo_name_product;INSERT;EDW All Core;"REVOKE INSERT ON core.uo_name_product FROM evzubkov;"
evzubkov;Зубков Евгений Валентинович (Evgeniy Zubkov);core;uo_name_product;SELECT;EDW All Core;"REVOKE SELECT ON core.uo_name_product FROM evzubkov;"
evzubkov;Зубков Евгений Валентинович (Evgeniy Zubkov);core;uo_name_product;UPDATE;EDW All Core;"REVOKE UPDATE ON core.uo_name_product FROM evzubkov;"
evzubkov;Зубков Евгений Валентинович (Evgeniy Zubkov);core;uo_name_product;DELETE;EDW All Core;"REVOKE DELETE ON core.uo_name_product FROM evzubkov;"
evzubkov;Зубков Евгений Валентинович (Evgeniy Zubkov);core;uo_name_product;TRUNCATE;EDW All Core;"REVOKE TRUNCATE ON core.uo_name_product FROM evzubkov;"
evzubkov;Зубков Евгений Валентинович (Evgeniy Zubkov);core;uo_name_product;REFERENCES;EDW All Core;"REVOKE REFERENCES ON core.uo_name_product FROM evzubkov;"
evzubkov;Зубков Евгений Валентинович (Evgeniy Zubkov);core;uo_name_product;TRIGGER;EDW All Core;"REVOKE TRIGGER ON core.uo_name_product FROM evzubkov;"
alvreus;Реус Александр Валерьевич (Aleksandr Reus);core;uo_name_product;SELECT;EDW Read Core;"REVOKE SELECT ON core.uo_name_product FROM alvreus;"
vatsvetkova;Цветкова Виктория Андреевна (Viktoriya Tsvetkova);core;uo_name_product;SELECT;EDW Read Core;"REVOKE SELECT ON core.uo_name_product FROM vatsvetkova;"
mpmashin;Машин Максим Павлович (Maksim Mashin);core;uo_name_product;SELECT;EDW All Core;"REVOKE SELECT ON core.uo_name_product FROM mpmashin;"
ammatseplyuk;Мацеплюк Александр Михайлович (Aleksandr Matseplyuk);cdm_analysis_out;rep_guru_subrogation_daily_repl;SELECT;EDW Read Cdm Analysis Out;"REVOKE SELECT ON cdm_analysis_out.rep_guru_subrogation_daily_repl FROM ammatseplyuk;"
mpmashin;Машин Максим Павлович (Maksim Mashin);property;adres_zench_gdi_20220209;INSERT;EDW All Property;"REVOKE INSERT ON property.adres_zench_gdi_20220209 FROM mpmashin;"
mpmashin;Машин Максим Павлович (Maksim Mashin);property;adres_zench_gdi_20220209;SELECT;EDW All Property;"REVOKE SELECT ON property.adres_zench_gdi_20220209 FROM mpmashin;"
mpmashin;Машин Максим Павлович (Maksim Mashin);property;adres_zench_gdi_20220209;UPDATE;EDW All Property;"REVOKE UPDATE ON property.adres_zench_gdi_20220209 FROM mpmashin;"
mpmashin;Машин Максим Павлович (Maksim Mashin);property;adres_zench_gdi_20220209;DELETE;EDW All Property;"REVOKE DELETE ON property.adres_zench_gdi_20220209 FROM mpmashin;"
mpmashin;Машин Максим Павлович (Maksim Mashin);property;adres_zench_gdi_20220209;TRUNCATE;EDW All Property;"REVOKE TRUNCATE ON property.adres_zench_gdi_20220209 FROM mpmashin;"
mpmashin;Машин Максим Павлович (Maksim Mashin);property;adres_zench_gdi_20220209;REFERENCES;EDW All Property;"REVOKE REFERENCES ON property.adres_zench_gdi_20220209 FROM mpmashin;"
mpmashin;Машин Максим Павлович (Maksim Mashin);property;adres_zench_gdi_20220209;TRIGGER;EDW All Property;"REVOKE TRIGGER ON property.adres_zench_gdi_20220209 FROM mpmashin;"
evzubkov;Зубков Евгений Валентинович (Evgeniy Zubkov);core;ref_product;INSERT;EDW All Core;"REVOKE INSERT ON core.ref_product FROM evzubkov;"
evzubkov;Зубков Евгений Валентинович (Evgeniy Zubkov);core;ref_product;SELECT;EDW All Core;"REVOKE SELECT ON core.ref_product FROM evzubkov;"
evzubkov;Зубков Евгений Валентинович (Evgeniy Zubkov);core;ref_product;UPDATE;EDW All Core;"REVOKE UPDATE ON core.ref_product FROM evzubkov;"
evzubkov;Зубков Евгений Валентинович (Evgeniy Zubkov);core;ref_product;DELETE;EDW All Core;"REVOKE DELETE ON core.ref_product FROM evzubkov;"
evzubkov;Зубков Евгений Валентинович (Evgeniy Zubkov);core;ref_product;TRUNCATE;EDW All Core;"REVOKE TRUNCATE ON core.ref_product FROM evzubkov;"
evzubkov;Зубков Евгений Валентинович (Evgeniy Zubkov);core;ref_product;REFERENCES;EDW All Core;"REVOKE REFERENCES ON core.ref_product FROM evzubkov;"
evzubkov;Зубков Евгений Валентинович (Evgeniy Zubkov);core;ref_product;TRIGGER;EDW All Core;"REVOKE TRIGGER ON core.ref_product FROM evzubkov;"
alvreus;Реус Александр Валерьевич (Aleksandr Reus);core;ref_product;SELECT;EDW Read Core;"REVOKE SELECT ON core.ref_product FROM alvreus;"
vatsvetkova;Цветкова Виктория Андреевна (Viktoriya Tsvetkova);core;ref_product;SELECT;EDW Read Core;"REVOKE SELECT ON core.ref_product FROM vatsvetkova;"
mpmashin;Машин Максим Павлович (Maksim Mashin);core;ref_product;SELECT;EDW All Core;"REVOKE SELECT ON core.ref_product FROM mpmashin;"
vatsvetkova;Цветкова Виктория Андреевна (Viktoriya Tsvetkova);ccu;d_agent_change_20_04_last_kurg;INSERT;EDW All CCU;"REVOKE INSERT ON ccu.d_agent_change_20_04_last_kurg FROM vatsvetkova;"
vatsvetkova;Цветкова Виктория Андреевна (Viktoriya Tsvetkova);ccu;d_agent_change_20_04_last_kurg;SELECT;EDW All CCU;"REVOKE SELECT ON ccu.d_agent_change_20_04_last_kurg FROM vatsvetkova;"
vatsvetkova;Цветкова Виктория Андреевна (Viktoriya Tsvetkova);ccu;d_agent_change_20_04_last_kurg;UPDATE;EDW All CCU;"REVOKE UPDATE ON ccu.d_agent_change_20_04_last_kurg FROM vatsvetkova;"
vatsvetkova;Цветкова Виктория Андреевна (Viktoriya Tsvetkova);ccu;d_agent_change_20_04_last_kurg;DELETE;EDW All CCU;"REVOKE DELETE ON ccu.d_agent_change_20_04_last_kurg FROM vatsvetkova;"
vatsvetkova;Цветкова Виктория Андреевна (Viktoriya Tsvetkova);ccu;d_agent_change_20_04_last_kurg;TRUNCATE;EDW All CCU;"REVOKE TRUNCATE ON ccu.d_agent_change_20_04_last_kurg FROM vatsvetkova;"
vatsvetkova;Цветкова Виктория Андреевна (Viktoriya Tsvetkova);ccu;d_agent_change_20_04_last_kurg;REFERENCES;EDW All CCU;"REVOKE REFERENCES ON ccu.d_agent_change_20_04_last_kurg FROM vatsvetkova;"
vatsvetkova;Цветкова Виктория Андреевна (Viktoriya Tsvetkova);ccu;d_agent_change_20_04_last_kurg;TRIGGER;EDW All CCU;"REVOKE TRIGGER ON ccu.d_agent_change_20_04_last_kurg FROM vatsvetkova;"
vatsvetkova;Цветкова Виктория Андреевна (Viktoriya Tsvetkova);ccu;d_agent_change_20_04_last;INSERT;EDW All CCU;"REVOKE INSERT ON ccu.d_agent_change_20_04_last FROM vatsvetkova;"
vatsvetkova;Цветкова Виктория Андреевна (Viktoriya Tsvetkova);ccu;d_agent_change_20_04_last;SELECT;EDW All CCU;"REVOKE SELECT ON ccu.d_agent_change_20_04_last FROM vatsvetkova;"
vatsvetkova;Цветкова Виктория Андреевна (Viktoriya Tsvetkova);ccu;d_agent_change_20_04_last;UPDATE;EDW All CCU;"REVOKE UPDATE ON ccu.d_agent_change_20_04_last FROM vatsvetkova;"
vatsvetkova;Цветкова Виктория Андреевна (Viktoriya Tsvetkova);ccu;d_agent_change_20_04_last;DELETE;EDW All CCU;"REVOKE DELETE ON ccu.d_agent_change_20_04_last FROM vatsvetkova;"
vatsvetkova;Цветкова Виктория Андреевна (Viktoriya Tsvetkova);ccu;d_agent_change_20_04_last;TRUNCATE;EDW All CCU;"REVOKE TRUNCATE ON ccu.d_agent_change_20_04_last FROM vatsvetkova;"
vatsvetkova;Цветкова Виктория Андреевна (Viktoriya Tsvetkova);ccu;d_agent_change_20_04_last;REFERENCES;EDW All CCU;"REVOKE REFERENCES ON ccu.d_agent_change_20_04_last FROM vatsvetkova;"
vatsvetkova;Цветкова Виктория Андреевна (Viktoriya Tsvetkova);ccu;d_agent_change_20_04_last;TRIGGER;EDW All CCU;"REVOKE TRIGGER ON ccu.d_agent_change_20_04_last FROM vatsvetkova;"
vatsvetkova;Цветкова Виктория Андреевна (Viktoriya Tsvetkova);ccu;d_next_pay_final21_2q_2t;INSERT;EDW All CCU;"REVOKE INSERT ON ccu.d_next_pay_final21_2q_2t FROM vatsvetkova;"
vatsvetkova;Цветкова Виктория Андреевна (Viktoriya Tsvetkova);ccu;d_next_pay_final21_2q_2t;SELECT;EDW All CCU;"REVOKE SELECT ON ccu.d_next_pay_final21_2q_2t FROM vatsvetkova;"
vatsvetkova;Цветкова Виктория Андреевна (Viktoriya Tsvetkova);ccu;d_next_pay_final21_2q_2t;UPDATE;EDW All CCU;"REVOKE UPDATE ON ccu.d_next_pay_final21_2q_2t FROM vatsvetkova;"
vatsvetkova;Цветкова Виктория Андреевна (Viktoriya Tsvetkova);ccu;d_next_pay_final21_2q_2t;DELETE;EDW All CCU;"REVOKE DELETE ON ccu.d_next_pay_final21_2q_2t FROM vatsvetkova;"
vatsvetkova;Цветкова Виктория Андреевна (Viktoriya Tsvetkova);ccu;d_next_pay_final21_2q_2t;TRUNCATE;EDW All CCU;"REVOKE TRUNCATE ON ccu.d_next_pay_final21_2q_2t FROM vatsvetkova;"
vatsvetkova;Цветкова Виктория Андреевна (Viktoriya Tsvetkova);ccu;d_next_pay_final21_2q_2t;REFERENCES;EDW All CCU;"REVOKE REFERENCES ON ccu.d_next_pay_final21_2q_2t FROM vatsvetkova;"
vatsvetkova;Цветкова Виктория Андреевна (Viktoriya Tsvetkova);ccu;d_next_pay_final21_2q_2t;TRIGGER;EDW All CCU;"REVOKE TRIGGER ON ccu.d_next_pay_final21_2q_2t FROM vatsvetkova;"
vatsvetkova;Цветкова Виктория Андреевна (Viktoriya Tsvetkova);ccu;d_reestr_ifl16_apr_may_jun_magbcd2;INSERT;EDW All CCU;"REVOKE INSERT ON ccu.d_reestr_ifl16_apr_may_jun_magbcd2 FROM vatsvetkova;"
vatsvetkova;Цветкова Виктория Андреевна (Viktoriya Tsvetkova);ccu;d_reestr_ifl16_apr_may_jun_magbcd2;SELECT;EDW All CCU;"REVOKE SELECT ON ccu.d_reestr_ifl16_apr_may_jun_magbcd2 FROM vatsvetkova;"
vatsvetkova;Цветкова Виктория Андреевна (Viktoriya Tsvetkova);ccu;d_reestr_ifl16_apr_may_jun_magbcd2;UPDATE;EDW All CCU;"REVOKE UPDATE ON ccu.d_reestr_ifl16_apr_may_jun_magbcd2 FROM vatsvetkova;"
vatsvetkova;Цветкова Виктория Андреевна (Viktoriya Tsvetkova);ccu;d_reestr_ifl16_apr_may_jun_magbcd2;DELETE;EDW All CCU;"REVOKE DELETE ON ccu.d_reestr_ifl16_apr_may_jun_magbcd2 FROM vatsvetkova;"
vatsvetkova;Цветкова Виктория Андреевна (Viktoriya Tsvetkova);ccu;d_reestr_ifl16_apr_may_jun_magbcd2;TRUNCATE;EDW All CCU;"REVOKE TRUNCATE ON ccu.d_reestr_ifl16_apr_may_jun_magbcd2 FROM vatsvetkova;"
vatsvetkova;Цветкова Виктория Андреевна (Viktoriya Tsvetkova);ccu;d_reestr_ifl16_apr_may_jun_magbcd2;REFERENCES;EDW All CCU;"REVOKE REFERENCES ON ccu.d_reestr_ifl16_apr_may_jun_magbcd2 FROM vatsvetkova;"
vatsvetkova;Цветкова Виктория Андреевна (Viktoriya Tsvetkova);ccu;d_reestr_ifl16_apr_may_jun_magbcd2;TRIGGER;EDW All CCU;"REVOKE TRIGGER ON ccu.d_reestr_ifl16_apr_may_jun_magbcd2 FROM vatsvetkova;"
vatsvetkova;Цветкова Виктория Андреевна (Viktoriya Tsvetkova);ccu;d_reestr_osago21_2;INSERT;EDW All CCU;"REVOKE INSERT ON ccu.d_reestr_osago21_2 FROM vatsvetkova;"
vatsvetkova;Цветкова Виктория Андреевна (Viktoriya Tsvetkova);ccu;d_reestr_osago21_2;SELECT;EDW All CCU;"REVOKE SELECT ON ccu.d_reestr_osago21_2 FROM vatsvetkova;"
vatsvetkova;Цветкова Виктория Андреевна (Viktoriya Tsvetkova);ccu;d_reestr_osago21_2;UPDATE;EDW All CCU;"REVOKE UPDATE ON ccu.d_reestr_osago21_2 FROM vatsvetkova;"
vatsvetkova;Цветкова Виктория Андреевна (Viktoriya Tsvetkova);ccu;d_reestr_osago21_2;DELETE;EDW All CCU;"REVOKE DELETE ON ccu.d_reestr_osago21_2 FROM vatsvetkova;"
vatsvetkova;Цветкова Виктория Андреевна (Viktoriya Tsvetkova);ccu;d_reestr_osago21_2;TRUNCATE;EDW All CCU;"REVOKE TRUNCATE ON ccu.d_reestr_osago21_2 FROM vatsvetkova;"
vatsvetkova;Цветкова Виктория Андреевна (Viktoriya Tsvetkova);ccu;d_reestr_osago21_2;REFERENCES;EDW All CCU;"REVOKE REFERENCES ON ccu.d_reestr_osago21_2 FROM vatsvetkova;"
vatsvetkova;Цветкова Виктория Андреевна (Viktoriya Tsvetkova);ccu;d_reestr_osago21_2;TRIGGER;EDW All CCU;"REVOKE TRIGGER ON ccu.d_reestr_osago21_2 FROM vatsvetkova;"
vatsvetkova;Цветкова Виктория Андреевна (Viktoriya Tsvetkova);ccu;d_reestr_osago21_2q2;INSERT;EDW All CCU;"REVOKE INSERT ON ccu.d_reestr_osago21_2q2 FROM vatsvetkova;"
vatsvetkova;Цветкова Виктория Андреевна (Viktoriya Tsvetkova);ccu;d_reestr_osago21_2q2;SELECT;EDW All CCU;"REVOKE SELECT ON ccu.d_reestr_osago21_2q2 FROM vatsvetkova;"
vatsvetkova;Цветкова Виктория Андреевна (Viktoriya Tsvetkova);ccu;d_reestr_osago21_2q2;UPDATE;EDW All CCU;"REVOKE UPDATE ON ccu.d_reestr_osago21_2q2 FROM vatsvetkova;"
vatsvetkova;Цветкова Виктория Андреевна (Viktoriya Tsvetkova);ccu;d_reestr_osago21_2q2;DELETE;EDW All CCU;"REVOKE DELETE ON ccu.d_reestr_osago21_2q2 FROM vatsvetkova;"
vatsvetkova;Цветкова Виктория Андреевна (Viktoriya Tsvetkova);ccu;d_reestr_osago21_2q2;TRUNCATE;EDW All CCU;"REVOKE TRUNCATE ON ccu.d_reestr_osago21_2q2 FROM vatsvetkova;"
vatsvetkova;Цветкова Виктория Андреевна (Viktoriya Tsvetkova);ccu;d_reestr_osago21_2q2;REFERENCES;EDW All CCU;"REVOKE REFERENCES ON ccu.d_reestr_osago21_2q2 FROM vatsvetkova;"
vatsvetkova;Цветкова Виктория Андреевна (Viktoriya Tsvetkova);ccu;d_reestr_osago21_2q2;TRIGGER;EDW All CCU;"REVOKE TRIGGER ON ccu.d_reestr_osago21_2q2 FROM vatsvetkova;"
vatsvetkova;Цветкова Виктория Андреевна (Viktoriya Tsvetkova);ccu;d_reestr_osago21_feb_mar_magbcd;INSERT;EDW All CCU;"REVOKE INSERT ON ccu.d_reestr_osago21_feb_mar_magbcd FROM vatsvetkova;"
vatsvetkova;Цветкова Виктория Андреевна (Viktoriya Tsvetkova);ccu;d_reestr_osago21_feb_mar_magbcd;SELECT;EDW All CCU;"REVOKE SELECT ON ccu.d_reestr_osago21_feb_mar_magbcd FROM vatsvetkova;"
vatsvetkova;Цветкова Виктория Андреевна (Viktoriya Tsvetkova);ccu;d_reestr_osago21_feb_mar_magbcd;UPDATE;EDW All CCU;"REVOKE UPDATE ON ccu.d_reestr_osago21_feb_mar_magbcd FROM vatsvetkova;"
vatsvetkova;Цветкова Виктория Андреевна (Viktoriya Tsvetkova);ccu;d_reestr_osago21_feb_mar_magbcd;DELETE;EDW All CCU;"REVOKE DELETE ON ccu.d_reestr_osago21_feb_mar_magbcd FROM vatsvetkova;"
vatsvetkova;Цветкова Виктория Андреевна (Viktoriya Tsvetkova);ccu;d_reestr_osago21_feb_mar_magbcd;TRUNCATE;EDW All CCU;"REVOKE TRUNCATE ON ccu.d_reestr_osago21_feb_mar_magbcd FROM vatsvetkova;"
vatsvetkova;Цветкова Виктория Андреевна (Viktoriya Tsvetkova);ccu;d_reestr_osago21_feb_mar_magbcd;REFERENCES;EDW All CCU;"REVOKE REFERENCES ON ccu.d_reestr_osago21_feb_mar_magbcd FROM vatsvetkova;"
vatsvetkova;Цветкова Виктория Андреевна (Viktoriya Tsvetkova);ccu;d_reestr_osago21_feb_mar_magbcd;TRIGGER;EDW All CCU;"REVOKE TRIGGER ON ccu.d_reestr_osago21_feb_mar_magbcd FROM vatsvetkova;"
vatsvetkova;Цветкова Виктория Андреевна (Viktoriya Tsvetkova);ccu;d_reestr_oth19_apr_may_jun_magbcd2;INSERT;EDW All CCU;"REVOKE INSERT ON ccu.d_reestr_oth19_apr_may_jun_magbcd2 FROM vatsvetkova;"
vatsvetkova;Цветкова Виктория Андреевна (Viktoriya Tsvetkova);ccu;d_reestr_oth19_apr_may_jun_magbcd2;SELECT;EDW All CCU;"REVOKE SELECT ON ccu.d_reestr_oth19_apr_may_jun_magbcd2 FROM vatsvetkova;"
vatsvetkova;Цветкова Виктория Андреевна (Viktoriya Tsvetkova);ccu;d_reestr_oth19_apr_may_jun_magbcd2;UPDATE;EDW All CCU;"REVOKE UPDATE ON ccu.d_reestr_oth19_apr_may_jun_magbcd2 FROM vatsvetkova;"
vatsvetkova;Цветкова Виктория Андреевна (Viktoriya Tsvetkova);ccu;d_reestr_oth19_apr_may_jun_magbcd2;DELETE;EDW All CCU;"REVOKE DELETE ON ccu.d_reestr_oth19_apr_may_jun_magbcd2 FROM vatsvetkova;"
vatsvetkova;Цветкова Виктория Андреевна (Viktoriya Tsvetkova);ccu;d_reestr_oth19_apr_may_jun_magbcd2;TRUNCATE;EDW All CCU;"REVOKE TRUNCATE ON ccu.d_reestr_oth19_apr_may_jun_magbcd2 FROM vatsvetkova;"
vatsvetkova;Цветкова Виктория Андреевна (Viktoriya Tsvetkova);ccu;d_reestr_oth19_apr_may_jun_magbcd2;REFERENCES;EDW All CCU;"REVOKE REFERENCES ON ccu.d_reestr_oth19_apr_may_jun_magbcd2 FROM vatsvetkova;"
vatsvetkova;Цветкова Виктория Андреевна (Viktoriya Tsvetkova);ccu;d_reestr_oth19_apr_may_jun_magbcd2;TRIGGER;EDW All CCU;"REVOKE TRIGGER ON ccu.d_reestr_oth19_apr_may_jun_magbcd2 FROM vatsvetkova;"
alvreus;Реус Александр Валерьевич (Aleksandr Reus);core;contract_project;SELECT;EDW Read Core;"REVOKE SELECT ON core.contract_project FROM alvreus;"
evzubkov;Зубков Евгений Валентинович (Evgeniy Zubkov);core;contract_project;INSERT;EDW All Core;"REVOKE INSERT ON core.contract_project FROM evzubkov;"
evzubkov;Зубков Евгений Валентинович (Evgeniy Zubkov);core;contract_project;SELECT;EDW All Core;"REVOKE SELECT ON core.contract_project FROM evzubkov;"
evzubkov;Зубков Евгений Валентинович (Evgeniy Zubkov);core;contract_project;UPDATE;EDW All Core;"REVOKE UPDATE ON core.contract_project FROM evzubkov;"
evzubkov;Зубков Евгений Валентинович (Evgeniy Zubkov);core;contract_project;DELETE;EDW All Core;"REVOKE DELETE ON core.contract_project FROM evzubkov;"
evzubkov;Зубков Евгений Валентинович (Evgeniy Zubkov);core;contract_project;TRUNCATE;EDW All Core;"REVOKE TRUNCATE ON core.contract_project FROM evzubkov;"
evzubkov;Зубков Евгений Валентинович (Evgeniy Zubkov);core;contract_project;REFERENCES;EDW All Core;"REVOKE REFERENCES ON core.contract_project FROM evzubkov;"
evzubkov;Зубков Евгений Валентинович (Evgeniy Zubkov);core;contract_project;TRIGGER;EDW All Core;"REVOKE TRIGGER ON core.contract_project FROM evzubkov;"
mpmashin;Машин Максим Павлович (Maksim Mashin);core;contract_project;SELECT;EDW All Core;"REVOKE SELECT ON core.contract_project FROM mpmashin;"
vatsvetkova;Цветкова Виктория Андреевна (Viktoriya Tsvetkova);core;contract_project;SELECT;EDW Read Core;"REVOKE SELECT ON core.contract_project FROM vatsvetkova;"
vatsvetkova;Цветкова Виктория Андреевна (Viktoriya Tsvetkova);ccu;a_an_camp_agent_change_3;INSERT;EDW All CCU;"REVOKE INSERT ON ccu.a_an_camp_agent_change_3 FROM vatsvetkova;"
vatsvetkova;Цветкова Виктория Андреевна (Viktoriya Tsvetkova);ccu;a_an_camp_agent_change_3;SELECT;EDW All CCU;"REVOKE SELECT ON ccu.a_an_camp_agent_change_3 FROM vatsvetkova;"
vatsvetkova;Цветкова Виктория Андреевна (Viktoriya Tsvetkova);ccu;a_an_camp_agent_change_3;UPDATE;EDW All CCU;"REVOKE UPDATE ON ccu.a_an_camp_agent_change_3 FROM vatsvetkova;"
vatsvetkova;Цветкова Виктория Андреевна (Viktoriya Tsvetkova);ccu;a_an_camp_agent_change_3;DELETE;EDW All CCU;"REVOKE DELETE ON ccu.a_an_camp_agent_change_3 FROM vatsvetkova;"
vatsvetkova;Цветкова Виктория Андреевна (Viktoriya Tsvetkova);ccu;a_an_camp_agent_change_3;TRUNCATE;EDW All CCU;"REVOKE TRUNCATE ON ccu.a_an_camp_agent_change_3 FROM vatsvetkova;"
vatsvetkova;Цветкова Виктория Андреевна (Viktoriya Tsvetkova);ccu;a_an_camp_agent_change_3;REFERENCES;EDW All CCU;"REVOKE REFERENCES ON ccu.a_an_camp_agent_change_3 FROM vatsvetkova;"
vatsvetkova;Цветкова Виктория Андреевна (Viktoriya Tsvetkova);ccu;a_an_camp_agent_change_3;TRIGGER;EDW All CCU;"REVOKE TRIGGER ON ccu.a_an_camp_agent_change_3 FROM vatsvetkova;"
vatsvetkova;Цветкова Виктория Андреевна (Viktoriya Tsvetkova);ccu;a_bkp_ma_contact_20203012;INSERT;EDW All CCU;"REVOKE INSERT ON ccu.a_bkp_ma_contact_20203012 FROM vatsvetkova;"
vatsvetkova;Цветкова Виктория Андреевна (Viktoriya Tsvetkova);ccu;a_bkp_ma_contact_20203012;SELECT;EDW All CCU;"REVOKE SELECT ON ccu.a_bkp_ma_contact_20203012 FROM vatsvetkova;"
vatsvetkova;Цветкова Виктория Андреевна (Viktoriya Tsvetkova);ccu;a_bkp_ma_contact_20203012;UPDATE;EDW All CCU;"REVOKE UPDATE ON ccu.a_bkp_ma_contact_20203012 FROM vatsvetkova;"
vatsvetkova;Цветкова Виктория Андреевна (Viktoriya Tsvetkova);ccu;a_bkp_ma_contact_20203012;DELETE;EDW All CCU;"REVOKE DELETE ON ccu.a_bkp_ma_contact_20203012 FROM vatsvetkova;"
vatsvetkova;Цветкова Виктория Андреевна (Viktoriya Tsvetkova);ccu;a_bkp_ma_contact_20203012;TRUNCATE;EDW All CCU;"REVOKE TRUNCATE ON ccu.a_bkp_ma_contact_20203012 FROM vatsvetkova;"
vatsvetkova;Цветкова Виктория Андреевна (Viktoriya Tsvetkova);ccu;a_bkp_ma_contact_20203012;REFERENCES;EDW All CCU;"REVOKE REFERENCES ON ccu.a_bkp_ma_contact_20203012 FROM vatsvetkova;"
vatsvetkova;Цветкова Виктория Андреевна (Viktoriya Tsvetkova);ccu;a_bkp_ma_contact_20203012;TRIGGER;EDW All CCU;"REVOKE TRIGGER ON ccu.a_bkp_ma_contact_20203012 FROM vatsvetkova;"
vatsvetkova;Цветкова Виктория Андреевна (Viktoriya Tsvetkova);ccu;a_ma_campaign_history_fm;INSERT;EDW All CCU;"REVOKE INSERT ON ccu.a_ma_campaign_history_fm FROM vatsvetkova;"
vatsvetkova;Цветкова Виктория Андреевна (Viktoriya Tsvetkova);ccu;a_ma_campaign_history_fm;SELECT;EDW All CCU;"REVOKE SELECT ON ccu.a_ma_campaign_history_fm FROM vatsvetkova;"
vatsvetkova;Цветкова Виктория Андреевна (Viktoriya Tsvetkova);ccu;a_ma_campaign_history_fm;UPDATE;EDW All CCU;"REVOKE UPDATE ON ccu.a_ma_campaign_history_fm FROM vatsvetkova;"
vatsvetkova;Цветкова Виктория Андреевна (Viktoriya Tsvetkova);ccu;a_ma_campaign_history_fm;DELETE;EDW All CCU;"REVOKE DELETE ON ccu.a_ma_campaign_history_fm FROM vatsvetkova;"
vatsvetkova;Цветкова Виктория Андреевна (Viktoriya Tsvetkova);ccu;a_ma_campaign_history_fm;TRUNCATE;EDW All CCU;"REVOKE TRUNCATE ON ccu.a_ma_campaign_history_fm FROM vatsvetkova;"
vatsvetkova;Цветкова Виктория Андреевна (Viktoriya Tsvetkova);ccu;a_ma_campaign_history_fm;REFERENCES;EDW All CCU;"REVOKE REFERENCES ON ccu.a_ma_campaign_history_fm FROM vatsvetkova;"
vatsvetkova;Цветкова Виктория Андреевна (Viktoriya Tsvetkova);ccu;a_ma_campaign_history_fm;TRIGGER;EDW All CCU;"REVOKE TRIGGER ON ccu.a_ma_campaign_history_fm FROM vatsvetkova;"
vatsvetkova;Цветкова Виктория Андреевна (Viktoriya Tsvetkova);ccu;con_vip_25mar_1;INSERT;EDW All CCU;"REVOKE INSERT ON ccu.con_vip_25mar_1 FROM vatsvetkova;"
vatsvetkova;Цветкова Виктория Андреевна (Viktoriya Tsvetkova);ccu;con_vip_25mar_1;SELECT;EDW All CCU;"REVOKE SELECT ON ccu.con_vip_25mar_1 FROM vatsvetkova;"
vatsvetkova;Цветкова Виктория Андреевна (Viktoriya Tsvetkova);ccu;con_vip_25mar_1;UPDATE;EDW All CCU;"REVOKE UPDATE ON ccu.con_vip_25mar_1 FROM vatsvetkova;"
vatsvetkova;Цветкова Виктория Андреевна (Viktoriya Tsvetkova);ccu;con_vip_25mar_1;DELETE;EDW All CCU;"REVOKE DELETE ON ccu.con_vip_25mar_1 FROM vatsvetkova;"
vatsvetkova;Цветкова Виктория Андреевна (Viktoriya Tsvetkova);ccu;con_vip_25mar_1;TRUNCATE;EDW All CCU;"REVOKE TRUNCATE ON ccu.con_vip_25mar_1 FROM vatsvetkova;"
vatsvetkova;Цветкова Виктория Андреевна (Viktoriya Tsvetkova);ccu;con_vip_25mar_1;REFERENCES;EDW All CCU;"REVOKE REFERENCES ON ccu.con_vip_25mar_1 FROM vatsvetkova;"
vatsvetkova;Цветкова Виктория Андреевна (Viktoriya Tsvetkova);ccu;con_vip_25mar_1;TRIGGER;EDW All CCU;"REVOKE TRIGGER ON ccu.con_vip_25mar_1 FROM vatsvetkova;"
vatsvetkova;Цветкова Виктория Андреевна (Viktoriya Tsvetkova);ccu;con_vip_25mar_2;INSERT;EDW All CCU;"REVOKE INSERT ON ccu.con_vip_25mar_2 FROM vatsvetkova;"
vatsvetkova;Цветкова Виктория Андреевна (Viktoriya Tsvetkova);ccu;con_vip_25mar_2;SELECT;EDW All CCU;"REVOKE SELECT ON ccu.con_vip_25mar_2 FROM vatsvetkova;"
vatsvetkova;Цветкова Виктория Андреевна (Viktoriya Tsvetkova);ccu;con_vip_25mar_2;UPDATE;EDW All CCU;"REVOKE UPDATE ON ccu.con_vip_25mar_2 FROM vatsvetkova;"
vatsvetkova;Цветкова Виктория Андреевна (Viktoriya Tsvetkova);ccu;con_vip_25mar_2;DELETE;EDW All CCU;"REVOKE DELETE ON ccu.con_vip_25mar_2 FROM vatsvetkova;"
vatsvetkova;Цветкова Виктория Андреевна (Viktoriya Tsvetkova);ccu;con_vip_25mar_2;TRUNCATE;EDW All CCU;"REVOKE TRUNCATE ON ccu.con_vip_25mar_2 FROM vatsvetkova;"
vatsvetkova;Цветкова Виктория Андреевна (Viktoriya Tsvetkova);ccu;con_vip_25mar_2;REFERENCES;EDW All CCU;"REVOKE REFERENCES ON ccu.con_vip_25mar_2 FROM vatsvetkova;"
vatsvetkova;Цветкова Виктория Андреевна (Viktoriya Tsvetkova);ccu;con_vip_25mar_2;TRIGGER;EDW All CCU;"REVOKE TRIGGER ON ccu.con_vip_25mar_2 FROM vatsvetkova;"
vatsvetkova;Цветкова Виктория Андреевна (Viktoriya Tsvetkova);ccu;con_vip_25mar_3;INSERT;EDW All CCU;"REVOKE INSERT ON ccu.con_vip_25mar_3 FROM vatsvetkova;"
vatsvetkova;Цветкова Виктория Андреевна (Viktoriya Tsvetkova);ccu;con_vip_25mar_3;SELECT;EDW All CCU;"REVOKE SELECT ON ccu.con_vip_25mar_3 FROM vatsvetkova;"
vatsvetkova;Цветкова Виктория Андреевна (Viktoriya Tsvetkova);ccu;con_vip_25mar_3;UPDATE;EDW All CCU;"REVOKE UPDATE ON ccu.con_vip_25mar_3 FROM vatsvetkova;"
vatsvetkova;Цветкова Виктория Андреевна (Viktoriya Tsvetkova);ccu;con_vip_25mar_3;DELETE;EDW All CCU;"REVOKE DELETE ON ccu.con_vip_25mar_3 FROM vatsvetkova;"
vatsvetkova;Цветкова Виктория Андреевна (Viktoriya Tsvetkova);ccu;con_vip_25mar_3;TRUNCATE;EDW All CCU;"REVOKE TRUNCATE ON ccu.con_vip_25mar_3 FROM vatsvetkova;"
vatsvetkova;Цветкова Виктория Андреевна (Viktoriya Tsvetkova);ccu;con_vip_25mar_3;REFERENCES;EDW All CCU;"REVOKE REFERENCES ON ccu.con_vip_25mar_3 FROM vatsvetkova;"
vatsvetkova;Цветкова Виктория Андреевна (Viktoriya Tsvetkova);ccu;con_vip_25mar_3;TRIGGER;EDW All CCU;"REVOKE TRIGGER ON ccu.con_vip_25mar_3 FROM vatsvetkova;"
vatsvetkova;Цветкова Виктория Андреевна (Viktoriya Tsvetkova);ccu;con_vip_old_23mar_66;INSERT;EDW All CCU;"REVOKE INSERT ON ccu.con_vip_old_23mar_66 FROM vatsvetkova;"
vatsvetkova;Цветкова Виктория Андреевна (Viktoriya Tsvetkova);ccu;con_vip_old_23mar_66;SELECT;EDW All CCU;"REVOKE SELECT ON ccu.con_vip_old_23mar_66 FROM vatsvetkova;"
vatsvetkova;Цветкова Виктория Андреевна (Viktoriya Tsvetkova);ccu;con_vip_old_23mar_66;UPDATE;EDW All CCU;"REVOKE UPDATE ON ccu.con_vip_old_23mar_66 FROM vatsvetkova;"
vatsvetkova;Цветкова Виктория Андреевна (Viktoriya Tsvetkova);ccu;con_vip_old_23mar_66;DELETE;EDW All CCU;"REVOKE DELETE ON ccu.con_vip_old_23mar_66 FROM vatsvetkova;"
vatsvetkova;Цветкова Виктория Андреевна (Viktoriya Tsvetkova);ccu;con_vip_old_23mar_66;TRUNCATE;EDW All CCU;"REVOKE TRUNCATE ON ccu.con_vip_old_23mar_66 FROM vatsvetkova;"
vatsvetkova;Цветкова Виктория Андреевна (Viktoriya Tsvetkova);ccu;con_vip_old_23mar_66;REFERENCES;EDW All CCU;"REVOKE REFERENCES ON ccu.con_vip_old_23mar_66 FROM vatsvetkova;"
vatsvetkova;Цветкова Виктория Андреевна (Viktoriya Tsvetkova);ccu;con_vip_old_23mar_66;TRIGGER;EDW All CCU;"REVOKE TRIGGER ON ccu.con_vip_old_23mar_66 FROM vatsvetkova;"
vatsvetkova;Цветкова Виктория Андреевна (Viktoriya Tsvetkova);ccu;con_vip_old_23mar_1;INSERT;EDW All CCU;"REVOKE INSERT ON ccu.con_vip_old_23mar_1 FROM vatsvetkova;"
vatsvetkova;Цветкова Виктория Андреевна (Viktoriya Tsvetkova);ccu;con_vip_old_23mar_1;SELECT;EDW All CCU;"REVOKE SELECT ON ccu.con_vip_old_23mar_1 FROM vatsvetkova;"
vatsvetkova;Цветкова Виктория Андреевна (Viktoriya Tsvetkova);ccu;con_vip_old_23mar_1;UPDATE;EDW All CCU;"REVOKE UPDATE ON ccu.con_vip_old_23mar_1 FROM vatsvetkova;"
vatsvetkova;Цветкова Виктория Андреевна (Viktoriya Tsvetkova);ccu;con_vip_old_23mar_1;DELETE;EDW All CCU;"REVOKE DELETE ON ccu.con_vip_old_23mar_1 FROM vatsvetkova;"
vatsvetkova;Цветкова Виктория Андреевна (Viktoriya Tsvetkova);ccu;con_vip_old_23mar_1;TRUNCATE;EDW All CCU;"REVOKE TRUNCATE ON ccu.con_vip_old_23mar_1 FROM vatsvetkova;"
vatsvetkova;Цветкова Виктория Андреевна (Viktoriya Tsvetkova);ccu;con_vip_old_23mar_1;REFERENCES;EDW All CCU;"REVOKE REFERENCES ON ccu.con_vip_old_23mar_1 FROM vatsvetkova;"
vatsvetkova;Цветкова Виктория Андреевна (Viktoriya Tsvetkova);ccu;con_vip_old_23mar_1;TRIGGER;EDW All CCU;"REVOKE TRIGGER ON ccu.con_vip_old_23mar_1 FROM vatsvetkova;"
vatsvetkova;Цветкова Виктория Андреевна (Viktoriya Tsvetkova);ccu;con_vip_old_23mar_5;INSERT;EDW All CCU;"REVOKE INSERT ON ccu.con_vip_old_23mar_5 FROM vatsvetkova;"
vatsvetkova;Цветкова Виктория Андреевна (Viktoriya Tsvetkova);ccu;con_vip_old_23mar_5;SELECT;EDW All CCU;"REVOKE SELECT ON ccu.con_vip_old_23mar_5 FROM vatsvetkova;"
vatsvetkova;Цветкова Виктория Андреевна (Viktoriya Tsvetkova);ccu;con_vip_old_23mar_5;UPDATE;EDW All CCU;"REVOKE UPDATE ON ccu.con_vip_old_23mar_5 FROM vatsvetkova;"
vatsvetkova;Цветкова Виктория Андреевна (Viktoriya Tsvetkova);ccu;con_vip_old_23mar_5;DELETE;EDW All CCU;"REVOKE DELETE ON ccu.con_vip_old_23mar_5 FROM vatsvetkova;"
vatsvetkova;Цветкова Виктория Андреевна (Viktoriya Tsvetkova);ccu;con_vip_old_23mar_5;TRUNCATE;EDW All CCU;"REVOKE TRUNCATE ON ccu.con_vip_old_23mar_5 FROM vatsvetkova;"
vatsvetkova;Цветкова Виктория Андреевна (Viktoriya Tsvetkova);ccu;con_vip_old_23mar_5;REFERENCES;EDW All CCU;"REVOKE REFERENCES ON ccu.con_vip_old_23mar_5 FROM vatsvetkova;"
vatsvetkova;Цветкова Виктория Андреевна (Viktoriya Tsvetkova);ccu;con_vip_old_23mar_5;TRIGGER;EDW All CCU;"REVOKE TRIGGER ON ccu.con_vip_old_23mar_5 FROM vatsvetkova;"
vatsvetkova;Цветкова Виктория Андреевна (Viktoriya Tsvetkova);ccu;con_vip_old_23mar_2;INSERT;EDW All CCU;"REVOKE INSERT ON ccu.con_vip_old_23mar_2 FROM vatsvetkova;"
vatsvetkova;Цветкова Виктория Андреевна (Viktoriya Tsvetkova);ccu;con_vip_old_23mar_2;SELECT;EDW All CCU;"REVOKE SELECT ON ccu.con_vip_old_23mar_2 FROM vatsvetkova;"
vatsvetkova;Цветкова Виктория Андреевна (Viktoriya Tsvetkova);ccu;con_vip_old_23mar_2;UPDATE;EDW All CCU;"REVOKE UPDATE ON ccu.con_vip_old_23mar_2 FROM vatsvetkova;"
vatsvetkova;Цветкова Виктория Андреевна (Viktoriya Tsvetkova);ccu;con_vip_old_23mar_2;DELETE;EDW All CCU;"REVOKE DELETE ON ccu.con_vip_old_23mar_2 FROM vatsvetkova;"
vatsvetkova;Цветкова Виктория Андреевна (Viktoriya Tsvetkova);ccu;con_vip_old_23mar_2;TRUNCATE;EDW All CCU;"REVOKE TRUNCATE ON ccu.con_vip_old_23mar_2 FROM vatsvetkova;"
vatsvetkova;Цветкова Виктория Андреевна (Viktoriya Tsvetkova);ccu;con_vip_old_23mar_2;REFERENCES;EDW All CCU;"REVOKE REFERENCES ON ccu.con_vip_old_23mar_2 FROM vatsvetkova;"
vatsvetkova;Цветкова Виктория Андреевна (Viktoriya Tsvetkova);ccu;con_vip_old_23mar_2;TRIGGER;EDW All CCU;"REVOKE TRIGGER ON ccu.con_vip_old_23mar_2 FROM vatsvetkova;"
vatsvetkova;Цветкова Виктория Андреевна (Viktoriya Tsvetkova);ccu;d_agent_change_11_02last;INSERT;EDW All CCU;"REVOKE INSERT ON ccu.d_agent_change_11_02last FROM vatsvetkova;"
vatsvetkova;Цветкова Виктория Андреевна (Viktoriya Tsvetkova);ccu;d_agent_change_11_02last;SELECT;EDW All CCU;"REVOKE SELECT ON ccu.d_agent_change_11_02last FROM vatsvetkova;"
vatsvetkova;Цветкова Виктория Андреевна (Viktoriya Tsvetkova);ccu;d_agent_change_11_02last;UPDATE;EDW All CCU;"REVOKE UPDATE ON ccu.d_agent_change_11_02last FROM vatsvetkova;"
vatsvetkova;Цветкова Виктория Андреевна (Viktoriya Tsvetkova);ccu;d_agent_change_11_02last;DELETE;EDW All CCU;"REVOKE DELETE ON ccu.d_agent_change_11_02last FROM vatsvetkova;"
vatsvetkova;Цветкова Виктория Андреевна (Viktoriya Tsvetkova);ccu;d_agent_change_11_02last;TRUNCATE;EDW All CCU;"REVOKE TRUNCATE ON ccu.d_agent_change_11_02last FROM vatsvetkova;"
vatsvetkova;Цветкова Виктория Андреевна (Viktoriya Tsvetkova);ccu;d_agent_change_11_02last;REFERENCES;EDW All CCU;"REVOKE REFERENCES ON ccu.d_agent_change_11_02last FROM vatsvetkova;"
vatsvetkova;Цветкова Виктория Андреевна (Viktoriya Tsvetkova);ccu;d_agent_change_11_02last;TRIGGER;EDW All CCU;"REVOKE TRIGGER ON ccu.d_agent_change_11_02last FROM vatsvetkova;"
vatsvetkova;Цветкова Виктория Андреевна (Viktoriya Tsvetkova);ccu;d_agent_change_12_04_last;INSERT;EDW All CCU;"REVOKE INSERT ON ccu.d_agent_change_12_04_last FROM vatsvetkova;"
vatsvetkova;Цветкова Виктория Андреевна (Viktoriya Tsvetkova);ccu;d_agent_change_12_04_last;SELECT;EDW All CCU;"REVOKE SELECT ON ccu.d_agent_change_12_04_last FROM vatsvetkova;"
vatsvetkova;Цветкова Виктория Андреевна (Viktoriya Tsvetkova);ccu;d_agent_change_12_04_last;UPDATE;EDW All CCU;"REVOKE UPDATE ON ccu.d_agent_change_12_04_last FROM vatsvetkova;"
vatsvetkova;Цветкова Виктория Андреевна (Viktoriya Tsvetkova);ccu;d_agent_change_12_04_last;DELETE;EDW All CCU;"REVOKE DELETE ON ccu.d_agent_change_12_04_last FROM vatsvetkova;"
vatsvetkova;Цветкова Виктория Андреевна (Viktoriya Tsvetkova);ccu;d_agent_change_12_04_last;TRUNCATE;EDW All CCU;"REVOKE TRUNCATE ON ccu.d_agent_change_12_04_last FROM vatsvetkova;"
vatsvetkova;Цветкова Виктория Андреевна (Viktoriya Tsvetkova);ccu;d_agent_change_12_04_last;REFERENCES;EDW All CCU;"REVOKE REFERENCES ON ccu.d_agent_change_12_04_last FROM vatsvetkova;"
vatsvetkova;Цветкова Виктория Андреевна (Viktoriya Tsvetkova);ccu;d_agent_change_12_04_last;TRIGGER;EDW All CCU;"REVOKE TRIGGER ON ccu.d_agent_change_12_04_last FROM vatsvetkova;"
vatsvetkova;Цветкова Виктория Андреевна (Viktoriya Tsvetkova);ccu;d_agent_change_15_03_last_f;INSERT;EDW All CCU;"REVOKE INSERT ON ccu.d_agent_change_15_03_last_f FROM vatsvetkova;"
vatsvetkova;Цветкова Виктория Андреевна (Viktoriya Tsvetkova);ccu;d_agent_change_15_03_last_f;SELECT;EDW All CCU;"REVOKE SELECT ON ccu.d_agent_change_15_03_last_f FROM vatsvetkova;"
vatsvetkova;Цветкова Виктория Андреевна (Viktoriya Tsvetkova);ccu;d_agent_change_15_03_last_f;UPDATE;EDW All CCU;"REVOKE UPDATE ON ccu.d_agent_change_15_03_last_f FROM vatsvetkova;"
vatsvetkova;Цветкова Виктория Андреевна (Viktoriya Tsvetkova);ccu;d_agent_change_15_03_last_f;DELETE;EDW All CCU;"REVOKE DELETE ON ccu.d_agent_change_15_03_last_f FROM vatsvetkova;"
vatsvetkova;Цветкова Виктория Андреевна (Viktoriya Tsvetkova);ccu;d_agent_change_15_03_last_f;TRUNCATE;EDW All CCU;"REVOKE TRUNCATE ON ccu.d_agent_change_15_03_last_f FROM vatsvetkova;"
vatsvetkova;Цветкова Виктория Андреевна (Viktoriya Tsvetkova);ccu;d_agent_change_15_03_last_f;REFERENCES;EDW All CCU;"REVOKE REFERENCES ON ccu.d_agent_change_15_03_last_f FROM vatsvetkova;"
vatsvetkova;Цветкова Виктория Андреевна (Viktoriya Tsvetkova);ccu;d_agent_change_15_03_last_f;TRIGGER;EDW All CCU;"REVOKE TRIGGER ON ccu.d_agent_change_15_03_last_f FROM vatsvetkova;"
vatsvetkova;Цветкова Виктория Андреевна (Viktoriya Tsvetkova);ccu;d_agent_change_15_03_last_s;INSERT;EDW All CCU;"REVOKE INSERT ON ccu.d_agent_change_15_03_last_s FROM vatsvetkova;"
vatsvetkova;Цветкова Виктория Андреевна (Viktoriya Tsvetkova);ccu;d_agent_change_15_03_last_s;SELECT;EDW All CCU;"REVOKE SELECT ON ccu.d_agent_change_15_03_last_s FROM vatsvetkova;"
vatsvetkova;Цветкова Виктория Андреевна (Viktoriya Tsvetkova);ccu;d_agent_change_15_03_last_s;UPDATE;EDW All CCU;"REVOKE UPDATE ON ccu.d_agent_change_15_03_last_s FROM vatsvetkova;"
vatsvetkova;Цветкова Виктория Андреевна (Viktoriya Tsvetkova);ccu;d_agent_change_15_03_last_s;DELETE;EDW All CCU;"REVOKE DELETE ON ccu.d_agent_change_15_03_last_s FROM vatsvetkova;"
vatsvetkova;Цветкова Виктория Андреевна (Viktoriya Tsvetkova);ccu;d_agent_change_15_03_last_s;TRUNCATE;EDW All CCU;"REVOKE TRUNCATE ON ccu.d_agent_change_15_03_last_s FROM vatsvetkova;"
vatsvetkova;Цветкова Виктория Андреевна (Viktoriya Tsvetkova);ccu;d_agent_change_15_03_last_s;REFERENCES;EDW All CCU;"REVOKE REFERENCES ON ccu.d_agent_change_15_03_last_s FROM vatsvetkova;"
vatsvetkova;Цветкова Виктория Андреевна (Viktoriya Tsvetkova);ccu;d_agent_change_15_03_last_s;TRIGGER;EDW All CCU;"REVOKE TRIGGER ON ccu.d_agent_change_15_03_last_s FROM vatsvetkova;"
vatsvetkova;Цветкова Виктория Андреевна (Viktoriya Tsvetkova);ccu;d_agent_change_15_03_last_s2;INSERT;EDW All CCU;"REVOKE INSERT ON ccu.d_agent_change_15_03_last_s2 FROM vatsvetkova;"
vatsvetkova;Цветкова Виктория Андреевна (Viktoriya Tsvetkova);ccu;d_agent_change_15_03_last_s2;SELECT;EDW All CCU;"REVOKE SELECT ON ccu.d_agent_change_15_03_last_s2 FROM vatsvetkova;"
vatsvetkova;Цветкова Виктория Андреевна (Viktoriya Tsvetkova);ccu;d_agent_change_15_03_last_s2;UPDATE;EDW All CCU;"REVOKE UPDATE ON ccu.d_agent_change_15_03_last_s2 FROM vatsvetkova;"
vatsvetkova;Цветкова Виктория Андреевна (Viktoriya Tsvetkova);ccu;d_agent_change_15_03_last_s2;DELETE;EDW All CCU;"REVOKE DELETE ON ccu.d_agent_change_15_03_last_s2 FROM vatsvetkova;"
vatsvetkova;Цветкова Виктория Андреевна (Viktoriya Tsvetkova);ccu;d_agent_change_15_03_last_s2;TRUNCATE;EDW All CCU;"REVOKE TRUNCATE ON ccu.d_agent_change_15_03_last_s2 FROM vatsvetkova;"
vatsvetkova;Цветкова Виктория Андреевна (Viktoriya Tsvetkova);ccu;d_agent_change_15_03_last_s2;REFERENCES;EDW All CCU;"REVOKE REFERENCES ON ccu.d_agent_change_15_03_last_s2 FROM vatsvetkova;"
vatsvetkova;Цветкова Виктория Андреевна (Viktoriya Tsvetkova);ccu;d_agent_change_15_03_last_s2;TRIGGER;EDW All CCU;"REVOKE TRIGGER ON ccu.d_agent_change_15_03_last_s2 FROM vatsvetkova;"
vatsvetkova;Цветкова Виктория Андреевна (Viktoriya Tsvetkova);ccu;d_agent_change_15_04_last;INSERT;EDW All CCU;"REVOKE INSERT ON ccu.d_agent_change_15_04_last FROM vatsvetkova;"
vatsvetkova;Цветкова Виктория Андреевна (Viktoriya Tsvetkova);ccu;d_agent_change_15_04_last;SELECT;EDW All CCU;"REVOKE SELECT ON ccu.d_agent_change_15_04_last FROM vatsvetkova;"
vatsvetkova;Цветкова Виктория Андреевна (Viktoriya Tsvetkova);ccu;d_agent_change_15_04_last;UPDATE;EDW All CCU;"REVOKE UPDATE ON ccu.d_agent_change_15_04_last FROM vatsvetkova;"
vatsvetkova;Цветкова Виктория Андреевна (Viktoriya Tsvetkova);ccu;d_agent_change_15_04_last;DELETE;EDW All CCU;"REVOKE DELETE ON ccu.d_agent_change_15_04_last FROM vatsvetkova;"
vatsvetkova;Цветкова Виктория Андреевна (Viktoriya Tsvetkova);ccu;d_agent_change_15_04_last;TRUNCATE;EDW All CCU;"REVOKE TRUNCATE ON ccu.d_agent_change_15_04_last FROM vatsvetkova;"
vatsvetkova;Цветкова Виктория Андреевна (Viktoriya Tsvetkova);ccu;d_agent_change_15_04_last;REFERENCES;EDW All CCU;"REVOKE REFERENCES ON ccu.d_agent_change_15_04_last FROM vatsvetkova;"
vatsvetkova;Цветкова Виктория Андреевна (Viktoriya Tsvetkova);ccu;d_agent_change_15_04_last;TRIGGER;EDW All CCU;"REVOKE TRIGGER ON ccu.d_agent_change_15_04_last FROM vatsvetkova;"
vatsvetkova;Цветкова Виктория Андреевна (Viktoriya Tsvetkova);ccu;d_agent_change_kostr_last_18_01;INSERT;EDW All CCU;"REVOKE INSERT ON ccu.d_agent_change_kostr_last_18_01 FROM vatsvetkova;"
vatsvetkova;Цветкова Виктория Андреевна (Viktoriya Tsvetkova);ccu;d_agent_change_kostr_last_18_01;SELECT;EDW All CCU;"REVOKE SELECT ON ccu.d_agent_change_kostr_last_18_01 FROM vatsvetkova;"
vatsvetkova;Цветкова Виктория Андреевна (Viktoriya Tsvetkova);ccu;d_agent_change_kostr_last_18_01;UPDATE;EDW All CCU;"REVOKE UPDATE ON ccu.d_agent_change_kostr_last_18_01 FROM vatsvetkova;"
vatsvetkova;Цветкова Виктория Андреевна (Viktoriya Tsvetkova);ccu;d_agent_change_kostr_last_18_01;DELETE;EDW All CCU;"REVOKE DELETE ON ccu.d_agent_change_kostr_last_18_01 FROM vatsvetkova;"
vatsvetkova;Цветкова Виктория Андреевна (Viktoriya Tsvetkova);ccu;d_agent_change_kostr_last_18_01;TRUNCATE;EDW All CCU;"REVOKE TRUNCATE ON ccu.d_agent_change_kostr_last_18_01 FROM vatsvetkova;"
vatsvetkova;Цветкова Виктория Андреевна (Viktoriya Tsvetkova);ccu;d_agent_change_kostr_last_18_01;REFERENCES;EDW All CCU;"REVOKE REFERENCES ON ccu.d_agent_change_kostr_last_18_01 FROM vatsvetkova;"
vatsvetkova;Цветкова Виктория Андреевна (Viktoriya Tsvetkova);ccu;d_agent_change_kostr_last_18_01;TRIGGER;EDW All CCU;"REVOKE TRIGGER ON ccu.d_agent_change_kostr_last_18_01 FROM vatsvetkova;"
vatsvetkova;Цветкова Виктория Андреевна (Viktoriya Tsvetkova);ccu;d_con_kasko_h;INSERT;EDW All CCU;"REVOKE INSERT ON ccu.d_con_kasko_h FROM vatsvetkova;"
vatsvetkova;Цветкова Виктория Андреевна (Viktoriya Tsvetkova);ccu;d_con_kasko_h;SELECT;EDW All CCU;"REVOKE SELECT ON ccu.d_con_kasko_h FROM vatsvetkova;"
vatsvetkova;Цветкова Виктория Андреевна (Viktoriya Tsvetkova);ccu;d_con_kasko_h;UPDATE;EDW All CCU;"REVOKE UPDATE ON ccu.d_con_kasko_h FROM vatsvetkova;"
vatsvetkova;Цветкова Виктория Андреевна (Viktoriya Tsvetkova);ccu;d_con_kasko_h;DELETE;EDW All CCU;"REVOKE DELETE ON ccu.d_con_kasko_h FROM vatsvetkova;"
vatsvetkova;Цветкова Виктория Андреевна (Viktoriya Tsvetkova);ccu;d_con_kasko_h;TRUNCATE;EDW All CCU;"REVOKE TRUNCATE ON ccu.d_con_kasko_h FROM vatsvetkova;"
vatsvetkova;Цветкова Виктория Андреевна (Viktoriya Tsvetkova);ccu;d_con_kasko_h;REFERENCES;EDW All CCU;"REVOKE REFERENCES ON ccu.d_con_kasko_h FROM vatsvetkova;"
vatsvetkova;Цветкова Виктория Андреевна (Viktoriya Tsvetkova);ccu;d_con_kasko_h;TRIGGER;EDW All CCU;"REVOKE TRIGGER ON ccu.d_con_kasko_h FROM vatsvetkova;"
vatsvetkova;Цветкова Виктория Андреевна (Viktoriya Tsvetkova);ccu;d_con_next_pay2_2q;INSERT;EDW All CCU;"REVOKE INSERT ON ccu.d_con_next_pay2_2q FROM vatsvetkova;"
vatsvetkova;Цветкова Виктория Андреевна (Viktoriya Tsvetkova);ccu;d_con_next_pay2_2q;SELECT;EDW All CCU;"REVOKE SELECT ON ccu.d_con_next_pay2_2q FROM vatsvetkova;"
vatsvetkova;Цветкова Виктория Андреевна (Viktoriya Tsvetkova);ccu;d_con_next_pay2_2q;UPDATE;EDW All CCU;"REVOKE UPDATE ON ccu.d_con_next_pay2_2q FROM vatsvetkova;"
vatsvetkova;Цветкова Виктория Андреевна (Viktoriya Tsvetkova);ccu;d_con_next_pay2_2q;DELETE;EDW All CCU;"REVOKE DELETE ON ccu.d_con_next_pay2_2q FROM vatsvetkova;"
vatsvetkova;Цветкова Виктория Андреевна (Viktoriya Tsvetkova);ccu;d_con_next_pay2_2q;TRUNCATE;EDW All CCU;"REVOKE TRUNCATE ON ccu.d_con_next_pay2_2q FROM vatsvetkova;"
vatsvetkova;Цветкова Виктория Андреевна (Viktoriya Tsvetkova);ccu;d_con_next_pay2_2q;REFERENCES;EDW All CCU;"REVOKE REFERENCES ON ccu.d_con_next_pay2_2q FROM vatsvetkova;"
vatsvetkova;Цветкова Виктория Андреевна (Viktoriya Tsvetkova);ccu;d_con_next_pay2_2q;TRIGGER;EDW All CCU;"REVOKE TRIGGER ON ccu.d_con_next_pay2_2q FROM vatsvetkova;"
vatsvetkova;Цветкова Виктория Андреевна (Viktoriya Tsvetkova);ccu;d_con_next_pay2q;INSERT;EDW All CCU;"REVOKE INSERT ON ccu.d_con_next_pay2q FROM vatsvetkova;"
vatsvetkova;Цветкова Виктория Андреевна (Viktoriya Tsvetkova);ccu;d_con_next_pay2q;SELECT;EDW All CCU;"REVOKE SELECT ON ccu.d_con_next_pay2q FROM vatsvetkova;"
vatsvetkova;Цветкова Виктория Андреевна (Viktoriya Tsvetkova);ccu;d_con_next_pay2q;UPDATE;EDW All CCU;"REVOKE UPDATE ON ccu.d_con_next_pay2q FROM vatsvetkova;"
vatsvetkova;Цветкова Виктория Андреевна (Viktoriya Tsvetkova);ccu;d_con_next_pay2q;DELETE;EDW All CCU;"REVOKE DELETE ON ccu.d_con_next_pay2q FROM vatsvetkova;"
vatsvetkova;Цветкова Виктория Андреевна (Viktoriya Tsvetkova);ccu;d_con_next_pay2q;TRUNCATE;EDW All CCU;"REVOKE TRUNCATE ON ccu.d_con_next_pay2q FROM vatsvetkova;"
vatsvetkova;Цветкова Виктория Андреевна (Viktoriya Tsvetkova);ccu;d_con_next_pay2q;REFERENCES;EDW All CCU;"REVOKE REFERENCES ON ccu.d_con_next_pay2q FROM vatsvetkova;"
vatsvetkova;Цветкова Виктория Андреевна (Viktoriya Tsvetkova);ccu;d_con_next_pay2q;TRIGGER;EDW All CCU;"REVOKE TRIGGER ON ccu.d_con_next_pay2q FROM vatsvetkova;"
vatsvetkova;Цветкова Виктория Андреевна (Viktoriya Tsvetkova);ccu;d_con_next_pay2q_2;INSERT;EDW All CCU;"REVOKE INSERT ON ccu.d_con_next_pay2q_2 FROM vatsvetkova;"
vatsvetkova;Цветкова Виктория Андреевна (Viktoriya Tsvetkova);ccu;d_con_next_pay2q_2;SELECT;EDW All CCU;"REVOKE SELECT ON ccu.d_con_next_pay2q_2 FROM vatsvetkova;"
vatsvetkova;Цветкова Виктория Андреевна (Viktoriya Tsvetkova);ccu;d_con_next_pay2q_2;UPDATE;EDW All CCU;"REVOKE UPDATE ON ccu.d_con_next_pay2q_2 FROM vatsvetkova;"
vatsvetkova;Цветкова Виктория Андреевна (Viktoriya Tsvetkova);ccu;d_con_next_pay2q_2;DELETE;EDW All CCU;"REVOKE DELETE ON ccu.d_con_next_pay2q_2 FROM vatsvetkova;"
vatsvetkova;Цветкова Виктория Андреевна (Viktoriya Tsvetkova);ccu;d_con_next_pay2q_2;TRUNCATE;EDW All CCU;"REVOKE TRUNCATE ON ccu.d_con_next_pay2q_2 FROM vatsvetkova;"
vatsvetkova;Цветкова Виктория Андреевна (Viktoriya Tsvetkova);ccu;d_con_next_pay2q_2;REFERENCES;EDW All CCU;"REVOKE REFERENCES ON ccu.d_con_next_pay2q_2 FROM vatsvetkova;"
vatsvetkova;Цветкова Виктория Андреевна (Viktoriya Tsvetkova);ccu;d_con_next_pay2q_2;TRIGGER;EDW All CCU;"REVOKE TRIGGER ON ccu.d_con_next_pay2q_2 FROM vatsvetkova;"
vatsvetkova;Цветкова Виктория Андреевна (Viktoriya Tsvetkova);ccu;d_con_next_pay3_2q;INSERT;EDW All CCU;"REVOKE INSERT ON ccu.d_con_next_pay3_2q FROM vatsvetkova;"
vatsvetkova;Цветкова Виктория Андреевна (Viktoriya Tsvetkova);ccu;d_con_next_pay3_2q;SELECT;EDW All CCU;"REVOKE SELECT ON ccu.d_con_next_pay3_2q FROM vatsvetkova;"
vatsvetkova;Цветкова Виктория Андреевна (Viktoriya Tsvetkova);ccu;d_con_next_pay3_2q;UPDATE;EDW All CCU;"REVOKE UPDATE ON ccu.d_con_next_pay3_2q FROM vatsvetkova;"
vatsvetkova;Цветкова Виктория Андреевна (Viktoriya Tsvetkova);ccu;d_con_next_pay3_2q;DELETE;EDW All CCU;"REVOKE DELETE ON ccu.d_con_next_pay3_2q FROM vatsvetkova;"
vatsvetkova;Цветкова Виктория Андреевна (Viktoriya Tsvetkova);ccu;d_con_next_pay3_2q;TRUNCATE;EDW All CCU;"REVOKE TRUNCATE ON ccu.d_con_next_pay3_2q FROM vatsvetkova;"
vatsvetkova;Цветкова Виктория Андреевна (Viktoriya Tsvetkova);ccu;d_con_next_pay3_2q;REFERENCES;EDW All CCU;"REVOKE REFERENCES ON ccu.d_con_next_pay3_2q FROM vatsvetkova;"
vatsvetkova;Цветкова Виктория Андреевна (Viktoriya Tsvetkova);ccu;d_con_next_pay3_2q;TRIGGER;EDW All CCU;"REVOKE TRIGGER ON ccu.d_con_next_pay3_2q FROM vatsvetkova;"
vatsvetkova;Цветкова Виктория Андреевна (Viktoriya Tsvetkova);ccu;d_con_next_pay3_2q_2;INSERT;EDW All CCU;"REVOKE INSERT ON ccu.d_con_next_pay3_2q_2 FROM vatsvetkova;"
vatsvetkova;Цветкова Виктория Андреевна (Viktoriya Tsvetkova);ccu;d_con_next_pay3_2q_2;SELECT;EDW All CCU;"REVOKE SELECT ON ccu.d_con_next_pay3_2q_2 FROM vatsvetkova;"
vatsvetkova;Цветкова Виктория Андреевна (Viktoriya Tsvetkova);ccu;d_con_next_pay3_2q_2;UPDATE;EDW All CCU;"REVOKE UPDATE ON ccu.d_con_next_pay3_2q_2 FROM vatsvetkova;"
vatsvetkova;Цветкова Виктория Андреевна (Viktoriya Tsvetkova);ccu;d_con_next_pay3_2q_2;DELETE;EDW All CCU;"REVOKE DELETE ON ccu.d_con_next_pay3_2q_2 FROM vatsvetkova;"
vatsvetkova;Цветкова Виктория Андреевна (Viktoriya Tsvetkova);ccu;d_con_next_pay3_2q_2;TRUNCATE;EDW All CCU;"REVOKE TRUNCATE ON ccu.d_con_next_pay3_2q_2 FROM vatsvetkova;"
vatsvetkova;Цветкова Виктория Андреевна (Viktoriya Tsvetkova);ccu;d_con_next_pay3_2q_2;REFERENCES;EDW All CCU;"REVOKE REFERENCES ON ccu.d_con_next_pay3_2q_2 FROM vatsvetkova;"
vatsvetkova;Цветкова Виктория Андреевна (Viktoriya Tsvetkova);ccu;d_con_next_pay3_2q_2;TRIGGER;EDW All CCU;"REVOKE TRIGGER ON ccu.d_con_next_pay3_2q_2 FROM vatsvetkova;"
vatsvetkova;Цветкова Виктория Андреевна (Viktoriya Tsvetkova);ccu;d_con_vip_23mar_last;INSERT;EDW All CCU;"REVOKE INSERT ON ccu.d_con_vip_23mar_last FROM vatsvetkova;"
vatsvetkova;Цветкова Виктория Андреевна (Viktoriya Tsvetkova);ccu;d_con_vip_23mar_last;SELECT;EDW All CCU;"REVOKE SELECT ON ccu.d_con_vip_23mar_last FROM vatsvetkova;"
vatsvetkova;Цветкова Виктория Андреевна (Viktoriya Tsvetkova);ccu;d_con_vip_23mar_last;UPDATE;EDW All CCU;"REVOKE UPDATE ON ccu.d_con_vip_23mar_last FROM vatsvetkova;"
vatsvetkova;Цветкова Виктория Андреевна (Viktoriya Tsvetkova);ccu;d_con_vip_23mar_last;DELETE;EDW All CCU;"REVOKE DELETE ON ccu.d_con_vip_23mar_last FROM vatsvetkova;"
vatsvetkova;Цветкова Виктория Андреевна (Viktoriya Tsvetkova);ccu;d_con_vip_23mar_last;TRUNCATE;EDW All CCU;"REVOKE TRUNCATE ON ccu.d_con_vip_23mar_last FROM vatsvetkova;"
vatsvetkova;Цветкова Виктория Андреевна (Viktoriya Tsvetkova);ccu;d_con_vip_23mar_last;REFERENCES;EDW All CCU;"REVOKE REFERENCES ON ccu.d_con_vip_23mar_last FROM vatsvetkova;"
vatsvetkova;Цветкова Виктория Андреевна (Viktoriya Tsvetkova);ccu;d_con_vip_23mar_last;TRIGGER;EDW All CCU;"REVOKE TRIGGER ON ccu.d_con_vip_23mar_last FROM vatsvetkova;"
vatsvetkova;Цветкова Виктория Андреевна (Viktoriya Tsvetkova);ccu;d_contract;INSERT;EDW All CCU;"REVOKE INSERT ON ccu.d_contract FROM vatsvetkova;"
vatsvetkova;Цветкова Виктория Андреевна (Viktoriya Tsvetkova);ccu;d_contract;SELECT;EDW All CCU;"REVOKE SELECT ON ccu.d_contract FROM vatsvetkova;"
vatsvetkova;Цветкова Виктория Андреевна (Viktoriya Tsvetkova);ccu;d_contract;UPDATE;EDW All CCU;"REVOKE UPDATE ON ccu.d_contract FROM vatsvetkova;"
vatsvetkova;Цветкова Виктория Андреевна (Viktoriya Tsvetkova);ccu;d_contract;DELETE;EDW All CCU;"REVOKE DELETE ON ccu.d_contract FROM vatsvetkova;"
vatsvetkova;Цветкова Виктория Андреевна (Viktoriya Tsvetkova);ccu;d_contract;TRUNCATE;EDW All CCU;"REVOKE TRUNCATE ON ccu.d_contract FROM vatsvetkova;"
vatsvetkova;Цветкова Виктория Андреевна (Viktoriya Tsvetkova);ccu;d_contract;REFERENCES;EDW All CCU;"REVOKE REFERENCES ON ccu.d_contract FROM vatsvetkova;"
vatsvetkova;Цветкова Виктория Андреевна (Viktoriya Tsvetkova);ccu;d_contract;TRIGGER;EDW All CCU;"REVOKE TRIGGER ON ccu.d_contract FROM vatsvetkova;"
vatsvetkova;Цветкова Виктория Андреевна (Viktoriya Tsvetkova);ccu;d_ifl_final21_2q;INSERT;EDW All CCU;"REVOKE INSERT ON ccu.d_ifl_final21_2q FROM vatsvetkova;"
vatsvetkova;Цветкова Виктория Андреевна (Viktoriya Tsvetkova);ccu;d_ifl_final21_2q;SELECT;EDW All CCU;"REVOKE SELECT ON ccu.d_ifl_final21_2q FROM vatsvetkova;"
vatsvetkova;Цветкова Виктория Андреевна (Viktoriya Tsvetkova);ccu;d_ifl_final21_2q;UPDATE;EDW All CCU;"REVOKE UPDATE ON ccu.d_ifl_final21_2q FROM vatsvetkova;"
vatsvetkova;Цветкова Виктория Андреевна (Viktoriya Tsvetkova);ccu;d_ifl_final21_2q;DELETE;EDW All CCU;"REVOKE DELETE ON ccu.d_ifl_final21_2q FROM vatsvetkova;"
vatsvetkova;Цветкова Виктория Андреевна (Viktoriya Tsvetkova);ccu;d_ifl_final21_2q;TRUNCATE;EDW All CCU;"REVOKE TRUNCATE ON ccu.d_ifl_final21_2q FROM vatsvetkova;"
vatsvetkova;Цветкова Виктория Андреевна (Viktoriya Tsvetkova);ccu;d_ifl_final21_2q;REFERENCES;EDW All CCU;"REVOKE REFERENCES ON ccu.d_ifl_final21_2q FROM vatsvetkova;"
vatsvetkova;Цветкова Виктория Андреевна (Viktoriya Tsvetkova);ccu;d_ifl_final21_2q;TRIGGER;EDW All CCU;"REVOKE TRIGGER ON ccu.d_ifl_final21_2q FROM vatsvetkova;"
vatsvetkova;Цветкова Виктория Андреевна (Viktoriya Tsvetkova);ccu;d_ifl_oth_21_all;INSERT;EDW All CCU;"REVOKE INSERT ON ccu.d_ifl_oth_21_all FROM vatsvetkova;"
vatsvetkova;Цветкова Виктория Андреевна (Viktoriya Tsvetkova);ccu;d_ifl_oth_21_all;SELECT;EDW All CCU;"REVOKE SELECT ON ccu.d_ifl_oth_21_all FROM vatsvetkova;"
vatsvetkova;Цветкова Виктория Андреевна (Viktoriya Tsvetkova);ccu;d_ifl_oth_21_all;UPDATE;EDW All CCU;"REVOKE UPDATE ON ccu.d_ifl_oth_21_all FROM vatsvetkova;"
vatsvetkova;Цветкова Виктория Андреевна (Viktoriya Tsvetkova);ccu;d_ifl_oth_21_all;DELETE;EDW All CCU;"REVOKE DELETE ON ccu.d_ifl_oth_21_all FROM vatsvetkova;"
vatsvetkova;Цветкова Виктория Андреевна (Viktoriya Tsvetkova);ccu;d_ifl_oth_21_all;TRUNCATE;EDW All CCU;"REVOKE TRUNCATE ON ccu.d_ifl_oth_21_all FROM vatsvetkova;"
vatsvetkova;Цветкова Виктория Андреевна (Viktoriya Tsvetkova);ccu;d_ifl_oth_21_all;REFERENCES;EDW All CCU;"REVOKE REFERENCES ON ccu.d_ifl_oth_21_all FROM vatsvetkova;"
vatsvetkova;Цветкова Виктория Андреевна (Viktoriya Tsvetkova);ccu;d_ifl_oth_21_all;TRIGGER;EDW All CCU;"REVOKE TRIGGER ON ccu.d_ifl_oth_21_all FROM vatsvetkova;"
vatsvetkova;Цветкова Виктория Андреевна (Viktoriya Tsvetkova);ccu;d_next_pay_21_2q;INSERT;EDW All CCU;"REVOKE INSERT ON ccu.d_next_pay_21_2q FROM vatsvetkova;"
vatsvetkova;Цветкова Виктория Андреевна (Viktoriya Tsvetkova);ccu;d_next_pay_21_2q;SELECT;EDW All CCU;"REVOKE SELECT ON ccu.d_next_pay_21_2q FROM vatsvetkova;"
vatsvetkova;Цветкова Виктория Андреевна (Viktoriya Tsvetkova);ccu;d_next_pay_21_2q;UPDATE;EDW All CCU;"REVOKE UPDATE ON ccu.d_next_pay_21_2q FROM vatsvetkova;"
vatsvetkova;Цветкова Виктория Андреевна (Viktoriya Tsvetkova);ccu;d_next_pay_21_2q;DELETE;EDW All CCU;"REVOKE DELETE ON ccu.d_next_pay_21_2q FROM vatsvetkova;"
vatsvetkova;Цветкова Виктория Андреевна (Viktoriya Tsvetkova);ccu;d_next_pay_21_2q;TRUNCATE;EDW All CCU;"REVOKE TRUNCATE ON ccu.d_next_pay_21_2q FROM vatsvetkova;"
vatsvetkova;Цветкова Виктория Андреевна (Viktoriya Tsvetkova);ccu;d_next_pay_21_2q;REFERENCES;EDW All CCU;"REVOKE REFERENCES ON ccu.d_next_pay_21_2q FROM vatsvetkova;"
vatsvetkova;Цветкова Виктория Андреевна (Viktoriya Tsvetkova);ccu;d_next_pay_21_2q;TRIGGER;EDW All CCU;"REVOKE TRIGGER ON ccu.d_next_pay_21_2q FROM vatsvetkova;"
vatsvetkova;Цветкова Виктория Андреевна (Viktoriya Tsvetkova);ccu;d_next_pay_21_all;INSERT;EDW All CCU;"REVOKE INSERT ON ccu.d_next_pay_21_all FROM vatsvetkova;"
vatsvetkova;Цветкова Виктория Андреевна (Viktoriya Tsvetkova);ccu;d_next_pay_21_all;SELECT;EDW All CCU;"REVOKE SELECT ON ccu.d_next_pay_21_all FROM vatsvetkova;"
vatsvetkova;Цветкова Виктория Андреевна (Viktoriya Tsvetkova);ccu;d_next_pay_21_all;UPDATE;EDW All CCU;"REVOKE UPDATE ON ccu.d_next_pay_21_all FROM vatsvetkova;"
vatsvetkova;Цветкова Виктория Андреевна (Viktoriya Tsvetkova);ccu;d_next_pay_21_all;DELETE;EDW All CCU;"REVOKE DELETE ON ccu.d_next_pay_21_all FROM vatsvetkova;"
vatsvetkova;Цветкова Виктория Андреевна (Viktoriya Tsvetkova);ccu;d_next_pay_21_all;TRUNCATE;EDW All CCU;"REVOKE TRUNCATE ON ccu.d_next_pay_21_all FROM vatsvetkova;"
vatsvetkova;Цветкова Виктория Андреевна (Viktoriya Tsvetkova);ccu;d_next_pay_21_all;REFERENCES;EDW All CCU;"REVOKE REFERENCES ON ccu.d_next_pay_21_all FROM vatsvetkova;"
vatsvetkova;Цветкова Виктория Андреевна (Viktoriya Tsvetkova);ccu;d_next_pay_21_all;TRIGGER;EDW All CCU;"REVOKE TRIGGER ON ccu.d_next_pay_21_all FROM vatsvetkova;"
vatsvetkova;Цветкова Виктория Андреевна (Viktoriya Tsvetkova);ccu;d_next_pay_29mar;INSERT;EDW All CCU;"REVOKE INSERT ON ccu.d_next_pay_29mar FROM vatsvetkova;"
vatsvetkova;Цветкова Виктория Андреевна (Viktoriya Tsvetkova);ccu;d_next_pay_29mar;SELECT;EDW All CCU;"REVOKE SELECT ON ccu.d_next_pay_29mar FROM vatsvetkova;"
vatsvetkova;Цветкова Виктория Андреевна (Viktoriya Tsvetkova);ccu;d_next_pay_29mar;UPDATE;EDW All CCU;"REVOKE UPDATE ON ccu.d_next_pay_29mar FROM vatsvetkova;"
vatsvetkova;Цветкова Виктория Андреевна (Viktoriya Tsvetkova);ccu;d_next_pay_29mar;DELETE;EDW All CCU;"REVOKE DELETE ON ccu.d_next_pay_29mar FROM vatsvetkova;"
vatsvetkova;Цветкова Виктория Андреевна (Viktoriya Tsvetkova);ccu;d_next_pay_29mar;TRUNCATE;EDW All CCU;"REVOKE TRUNCATE ON ccu.d_next_pay_29mar FROM vatsvetkova;"
vatsvetkova;Цветкова Виктория Андреевна (Viktoriya Tsvetkova);ccu;d_next_pay_29mar;REFERENCES;EDW All CCU;"REVOKE REFERENCES ON ccu.d_next_pay_29mar FROM vatsvetkova;"
vatsvetkova;Цветкова Виктория Андреевна (Viktoriya Tsvetkova);ccu;d_next_pay_29mar;TRIGGER;EDW All CCU;"REVOKE TRIGGER ON ccu.d_next_pay_29mar FROM vatsvetkova;"
vatsvetkova;Цветкова Виктория Андреевна (Viktoriya Tsvetkova);ccu;d_next_pay_final21_2q;INSERT;EDW All CCU;"REVOKE INSERT ON ccu.d_next_pay_final21_2q FROM vatsvetkova;"
vatsvetkova;Цветкова Виктория Андреевна (Viktoriya Tsvetkova);ccu;d_next_pay_final21_2q;SELECT;EDW All CCU;"REVOKE SELECT ON ccu.d_next_pay_final21_2q FROM vatsvetkova;"
vatsvetkova;Цветкова Виктория Андреевна (Viktoriya Tsvetkova);ccu;d_next_pay_final21_2q;UPDATE;EDW All CCU;"REVOKE UPDATE ON ccu.d_next_pay_final21_2q FROM vatsvetkova;"
vatsvetkova;Цветкова Виктория Андреевна (Viktoriya Tsvetkova);ccu;d_next_pay_final21_2q;DELETE;EDW All CCU;"REVOKE DELETE ON ccu.d_next_pay_final21_2q FROM vatsvetkova;"
vatsvetkova;Цветкова Виктория Андреевна (Viktoriya Tsvetkova);ccu;d_next_pay_final21_2q;TRUNCATE;EDW All CCU;"REVOKE TRUNCATE ON ccu.d_next_pay_final21_2q FROM vatsvetkova;"
vatsvetkova;Цветкова Виктория Андреевна (Viktoriya Tsvetkova);ccu;d_next_pay_final21_2q;REFERENCES;EDW All CCU;"REVOKE REFERENCES ON ccu.d_next_pay_final21_2q FROM vatsvetkova;"
vatsvetkova;Цветкова Виктория Андреевна (Viktoriya Tsvetkova);ccu;d_next_pay_final21_2q;TRIGGER;EDW All CCU;"REVOKE TRIGGER ON ccu.d_next_pay_final21_2q FROM vatsvetkova;"
vatsvetkova;Цветкова Виктория Андреевна (Viktoriya Tsvetkova);ccu;d_osago_final01;INSERT;EDW All CCU;"REVOKE INSERT ON ccu.d_osago_final01 FROM vatsvetkova;"
vatsvetkova;Цветкова Виктория Андреевна (Viktoriya Tsvetkova);ccu;d_osago_final01;SELECT;EDW All CCU;"REVOKE SELECT ON ccu.d_osago_final01 FROM vatsvetkova;"
vatsvetkova;Цветкова Виктория Андреевна (Viktoriya Tsvetkova);ccu;d_osago_final01;UPDATE;EDW All CCU;"REVOKE UPDATE ON ccu.d_osago_final01 FROM vatsvetkova;"
vatsvetkova;Цветкова Виктория Андреевна (Viktoriya Tsvetkova);ccu;d_osago_final01;DELETE;EDW All CCU;"REVOKE DELETE ON ccu.d_osago_final01 FROM vatsvetkova;"
vatsvetkova;Цветкова Виктория Андреевна (Viktoriya Tsvetkova);ccu;d_osago_final01;TRUNCATE;EDW All CCU;"REVOKE TRUNCATE ON ccu.d_osago_final01 FROM vatsvetkova;"
vatsvetkova;Цветкова Виктория Андреевна (Viktoriya Tsvetkova);ccu;d_osago_final01;REFERENCES;EDW All CCU;"REVOKE REFERENCES ON ccu.d_osago_final01 FROM vatsvetkova;"
vatsvetkova;Цветкова Виктория Андреевна (Viktoriya Tsvetkova);ccu;d_osago_final01;TRIGGER;EDW All CCU;"REVOKE TRIGGER ON ccu.d_osago_final01 FROM vatsvetkova;"
vatsvetkova;Цветкова Виктория Андреевна (Viktoriya Tsvetkova);ccu;d_osago_kasko_21_all;INSERT;EDW All CCU;"REVOKE INSERT ON ccu.d_osago_kasko_21_all FROM vatsvetkova;"
vatsvetkova;Цветкова Виктория Андреевна (Viktoriya Tsvetkova);ccu;d_osago_kasko_21_all;SELECT;EDW All CCU;"REVOKE SELECT ON ccu.d_osago_kasko_21_all FROM vatsvetkova;"
vatsvetkova;Цветкова Виктория Андреевна (Viktoriya Tsvetkova);ccu;d_osago_kasko_21_all;UPDATE;EDW All CCU;"REVOKE UPDATE ON ccu.d_osago_kasko_21_all FROM vatsvetkova;"
vatsvetkova;Цветкова Виктория Андреевна (Viktoriya Tsvetkova);ccu;d_osago_kasko_21_all;DELETE;EDW All CCU;"REVOKE DELETE ON ccu.d_osago_kasko_21_all FROM vatsvetkova;"
vatsvetkova;Цветкова Виктория Андреевна (Viktoriya Tsvetkova);ccu;d_osago_kasko_21_all;TRUNCATE;EDW All CCU;"REVOKE TRUNCATE ON ccu.d_osago_kasko_21_all FROM vatsvetkova;"
vatsvetkova;Цветкова Виктория Андреевна (Viktoriya Tsvetkova);ccu;d_osago_kasko_21_all;REFERENCES;EDW All CCU;"REVOKE REFERENCES ON ccu.d_osago_kasko_21_all FROM vatsvetkova;"
vatsvetkova;Цветкова Виктория Андреевна (Viktoriya Tsvetkova);ccu;d_osago_kasko_21_all;TRIGGER;EDW All CCU;"REVOKE TRIGGER ON ccu.d_osago_kasko_21_all FROM vatsvetkova;"
vatsvetkova;Цветкова Виктория Андреевна (Viktoriya Tsvetkova);ccu;d_oth19_2k;INSERT;EDW All CCU;"REVOKE INSERT ON ccu.d_oth19_2k FROM vatsvetkova;"
vatsvetkova;Цветкова Виктория Андреевна (Viktoriya Tsvetkova);ccu;d_oth19_2k;SELECT;EDW All CCU;"REVOKE SELECT ON ccu.d_oth19_2k FROM vatsvetkova;"
vatsvetkova;Цветкова Виктория Андреевна (Viktoriya Tsvetkova);ccu;d_oth19_2k;UPDATE;EDW All CCU;"REVOKE UPDATE ON ccu.d_oth19_2k FROM vatsvetkova;"
vatsvetkova;Цветкова Виктория Андреевна (Viktoriya Tsvetkova);ccu;d_oth19_2k;DELETE;EDW All CCU;"REVOKE DELETE ON ccu.d_oth19_2k FROM vatsvetkova;"
vatsvetkova;Цветкова Виктория Андреевна (Viktoriya Tsvetkova);ccu;d_oth19_2k;TRUNCATE;EDW All CCU;"REVOKE TRUNCATE ON ccu.d_oth19_2k FROM vatsvetkova;"
vatsvetkova;Цветкова Виктория Андреевна (Viktoriya Tsvetkova);ccu;d_oth19_2k;REFERENCES;EDW All CCU;"REVOKE REFERENCES ON ccu.d_oth19_2k FROM vatsvetkova;"
vatsvetkova;Цветкова Виктория Андреевна (Viktoriya Tsvetkova);ccu;d_oth19_2k;TRIGGER;EDW All CCU;"REVOKE TRIGGER ON ccu.d_oth19_2k FROM vatsvetkova;"
vatsvetkova;Цветкова Виктория Андреевна (Viktoriya Tsvetkova);ccu;d_oth20_next_apr_may_jun2;INSERT;EDW All CCU;"REVOKE INSERT ON ccu.d_oth20_next_apr_may_jun2 FROM vatsvetkova;"
vatsvetkova;Цветкова Виктория Андреевна (Viktoriya Tsvetkova);ccu;d_oth20_next_apr_may_jun2;SELECT;EDW All CCU;"REVOKE SELECT ON ccu.d_oth20_next_apr_may_jun2 FROM vatsvetkova;"
vatsvetkova;Цветкова Виктория Андреевна (Viktoriya Tsvetkova);ccu;d_oth20_next_apr_may_jun2;UPDATE;EDW All CCU;"REVOKE UPDATE ON ccu.d_oth20_next_apr_may_jun2 FROM vatsvetkova;"
vatsvetkova;Цветкова Виктория Андреевна (Viktoriya Tsvetkova);ccu;d_oth20_next_apr_may_jun2;DELETE;EDW All CCU;"REVOKE DELETE ON ccu.d_oth20_next_apr_may_jun2 FROM vatsvetkova;"
vatsvetkova;Цветкова Виктория Андреевна (Viktoriya Tsvetkova);ccu;d_oth20_next_apr_may_jun2;TRUNCATE;EDW All CCU;"REVOKE TRUNCATE ON ccu.d_oth20_next_apr_may_jun2 FROM vatsvetkova;"
vatsvetkova;Цветкова Виктория Андреевна (Viktoriya Tsvetkova);ccu;d_oth20_next_apr_may_jun2;REFERENCES;EDW All CCU;"REVOKE REFERENCES ON ccu.d_oth20_next_apr_may_jun2 FROM vatsvetkova;"
vatsvetkova;Цветкова Виктория Андреевна (Viktoriya Tsvetkova);ccu;d_oth20_next_apr_may_jun2;TRIGGER;EDW All CCU;"REVOKE TRIGGER ON ccu.d_oth20_next_apr_may_jun2 FROM vatsvetkova;"
vatsvetkova;Цветкова Виктория Андреевна (Viktoriya Tsvetkova);ccu;d_oth20_next_2k_1;INSERT;EDW All CCU;"REVOKE INSERT ON ccu.d_oth20_next_2k_1 FROM vatsvetkova;"
vatsvetkova;Цветкова Виктория Андреевна (Viktoriya Tsvetkova);ccu;d_oth20_next_2k_1;SELECT;EDW All CCU;"REVOKE SELECT ON ccu.d_oth20_next_2k_1 FROM vatsvetkova;"
vatsvetkova;Цветкова Виктория Андреевна (Viktoriya Tsvetkova);ccu;d_oth20_next_2k_1;UPDATE;EDW All CCU;"REVOKE UPDATE ON ccu.d_oth20_next_2k_1 FROM vatsvetkova;"
vatsvetkova;Цветкова Виктория Андреевна (Viktoriya Tsvetkova);ccu;d_oth20_next_2k_1;DELETE;EDW All CCU;"REVOKE DELETE ON ccu.d_oth20_next_2k_1 FROM vatsvetkova;"
vatsvetkova;Цветкова Виктория Андреевна (Viktoriya Tsvetkova);ccu;d_oth20_next_2k_1;TRUNCATE;EDW All CCU;"REVOKE TRUNCATE ON ccu.d_oth20_next_2k_1 FROM vatsvetkova;"
vatsvetkova;Цветкова Виктория Андреевна (Viktoriya Tsvetkova);ccu;d_oth20_next_2k_1;REFERENCES;EDW All CCU;"REVOKE REFERENCES ON ccu.d_oth20_next_2k_1 FROM vatsvetkova;"
vatsvetkova;Цветкова Виктория Андреевна (Viktoriya Tsvetkova);ccu;d_oth20_next_2k_1;TRIGGER;EDW All CCU;"REVOKE TRIGGER ON ccu.d_oth20_next_2k_1 FROM vatsvetkova;"
vatsvetkova;Цветкова Виктория Андреевна (Viktoriya Tsvetkova);ccu;d_oth20_next_2k_2;INSERT;EDW All CCU;"REVOKE INSERT ON ccu.d_oth20_next_2k_2 FROM vatsvetkova;"
vatsvetkova;Цветкова Виктория Андреевна (Viktoriya Tsvetkova);ccu;d_oth20_next_2k_2;SELECT;EDW All CCU;"REVOKE SELECT ON ccu.d_oth20_next_2k_2 FROM vatsvetkova;"
vatsvetkova;Цветкова Виктория Андреевна (Viktoriya Tsvetkova);ccu;d_oth20_next_2k_2;UPDATE;EDW All CCU;"REVOKE UPDATE ON ccu.d_oth20_next_2k_2 FROM vatsvetkova;"
vatsvetkova;Цветкова Виктория Андреевна (Viktoriya Tsvetkova);ccu;d_oth20_next_2k_2;DELETE;EDW All CCU;"REVOKE DELETE ON ccu.d_oth20_next_2k_2 FROM vatsvetkova;"
vatsvetkova;Цветкова Виктория Андреевна (Viktoriya Tsvetkova);ccu;d_oth20_next_2k_2;TRUNCATE;EDW All CCU;"REVOKE TRUNCATE ON ccu.d_oth20_next_2k_2 FROM vatsvetkova;"
vatsvetkova;Цветкова Виктория Андреевна (Viktoriya Tsvetkova);ccu;d_oth20_next_2k_2;REFERENCES;EDW All CCU;"REVOKE REFERENCES ON ccu.d_oth20_next_2k_2 FROM vatsvetkova;"
vatsvetkova;Цветкова Виктория Андреевна (Viktoriya Tsvetkova);ccu;d_oth20_next_2k_2;TRIGGER;EDW All CCU;"REVOKE TRIGGER ON ccu.d_oth20_next_2k_2 FROM vatsvetkova;"
vatsvetkova;Цветкова Виктория Андреевна (Viktoriya Tsvetkova);ccu;d_oth20_next_2k_3;INSERT;EDW All CCU;"REVOKE INSERT ON ccu.d_oth20_next_2k_3 FROM vatsvetkova;"
vatsvetkova;Цветкова Виктория Андреевна (Viktoriya Tsvetkova);ccu;d_oth20_next_2k_3;SELECT;EDW All CCU;"REVOKE SELECT ON ccu.d_oth20_next_2k_3 FROM vatsvetkova;"
vatsvetkova;Цветкова Виктория Андреевна (Viktoriya Tsvetkova);ccu;d_oth20_next_2k_3;UPDATE;EDW All CCU;"REVOKE UPDATE ON ccu.d_oth20_next_2k_3 FROM vatsvetkova;"
vatsvetkova;Цветкова Виктория Андреевна (Viktoriya Tsvetkova);ccu;d_oth20_next_2k_3;DELETE;EDW All CCU;"REVOKE DELETE ON ccu.d_oth20_next_2k_3 FROM vatsvetkova;"
vatsvetkova;Цветкова Виктория Андреевна (Viktoriya Tsvetkova);ccu;d_oth20_next_2k_3;TRUNCATE;EDW All CCU;"REVOKE TRUNCATE ON ccu.d_oth20_next_2k_3 FROM vatsvetkova;"
vatsvetkova;Цветкова Виктория Андреевна (Viktoriya Tsvetkova);ccu;d_oth20_next_2k_3;REFERENCES;EDW All CCU;"REVOKE REFERENCES ON ccu.d_oth20_next_2k_3 FROM vatsvetkova;"
vatsvetkova;Цветкова Виктория Андреевна (Viktoriya Tsvetkova);ccu;d_oth20_next_2k_3;TRIGGER;EDW All CCU;"REVOKE TRIGGER ON ccu.d_oth20_next_2k_3 FROM vatsvetkova;"
vatsvetkova;Цветкова Виктория Андреевна (Viktoriya Tsvetkova);ccu;d_oth20_next_apr_may_jun1;INSERT;EDW All CCU;"REVOKE INSERT ON ccu.d_oth20_next_apr_may_jun1 FROM vatsvetkova;"
vatsvetkova;Цветкова Виктория Андреевна (Viktoriya Tsvetkova);ccu;d_oth20_next_apr_may_jun1;SELECT;EDW All CCU;"REVOKE SELECT ON ccu.d_oth20_next_apr_may_jun1 FROM vatsvetkova;"
vatsvetkova;Цветкова Виктория Андреевна (Viktoriya Tsvetkova);ccu;d_oth20_next_apr_may_jun1;UPDATE;EDW All CCU;"REVOKE UPDATE ON ccu.d_oth20_next_apr_may_jun1 FROM vatsvetkova;"
vatsvetkova;Цветкова Виктория Андреевна (Viktoriya Tsvetkova);ccu;d_oth20_next_apr_may_jun1;DELETE;EDW All CCU;"REVOKE DELETE ON ccu.d_oth20_next_apr_may_jun1 FROM vatsvetkova;"
vatsvetkova;Цветкова Виктория Андреевна (Viktoriya Tsvetkova);ccu;d_oth20_next_apr_may_jun1;TRUNCATE;EDW All CCU;"REVOKE TRUNCATE ON ccu.d_oth20_next_apr_may_jun1 FROM vatsvetkova;"
vatsvetkova;Цветкова Виктория Андреевна (Viktoriya Tsvetkova);ccu;d_oth20_next_apr_may_jun1;REFERENCES;EDW All CCU;"REVOKE REFERENCES ON ccu.d_oth20_next_apr_may_jun1 FROM vatsvetkova;"
vatsvetkova;Цветкова Виктория Андреевна (Viktoriya Tsvetkova);ccu;d_oth20_next_apr_may_jun1;TRIGGER;EDW All CCU;"REVOKE TRIGGER ON ccu.d_oth20_next_apr_may_jun1 FROM vatsvetkova;"
vatsvetkova;Цветкова Виктория Андреевна (Viktoriya Tsvetkova);ccu;d_reestr_ifl16_2kmc2;INSERT;EDW All CCU;"REVOKE INSERT ON ccu.d_reestr_ifl16_2kmc2 FROM vatsvetkova;"
vatsvetkova;Цветкова Виктория Андреевна (Viktoriya Tsvetkova);ccu;d_reestr_ifl16_2kmc2;SELECT;EDW All CCU;"REVOKE SELECT ON ccu.d_reestr_ifl16_2kmc2 FROM vatsvetkova;"
vatsvetkova;Цветкова Виктория Андреевна (Viktoriya Tsvetkova);ccu;d_reestr_ifl16_2kmc2;UPDATE;EDW All CCU;"REVOKE UPDATE ON ccu.d_reestr_ifl16_2kmc2 FROM vatsvetkova;"
vatsvetkova;Цветкова Виктория Андреевна (Viktoriya Tsvetkova);ccu;d_reestr_ifl16_2kmc2;DELETE;EDW All CCU;"REVOKE DELETE ON ccu.d_reestr_ifl16_2kmc2 FROM vatsvetkova;"
vatsvetkova;Цветкова Виктория Андреевна (Viktoriya Tsvetkova);ccu;d_reestr_ifl16_2kmc2;TRUNCATE;EDW All CCU;"REVOKE TRUNCATE ON ccu.d_reestr_ifl16_2kmc2 FROM vatsvetkova;"
vatsvetkova;Цветкова Виктория Андреевна (Viktoriya Tsvetkova);ccu;d_reestr_ifl16_2kmc2;REFERENCES;EDW All CCU;"REVOKE REFERENCES ON ccu.d_reestr_ifl16_2kmc2 FROM vatsvetkova;"
vatsvetkova;Цветкова Виктория Андреевна (Viktoriya Tsvetkova);ccu;d_reestr_ifl16_2kmc2;TRIGGER;EDW All CCU;"REVOKE TRIGGER ON ccu.d_reestr_ifl16_2kmc2 FROM vatsvetkova;"
vatsvetkova;Цветкова Виктория Андреевна (Viktoriya Tsvetkova);ccu;d_reestr_ifl17_2kmc2;INSERT;EDW All CCU;"REVOKE INSERT ON ccu.d_reestr_ifl17_2kmc2 FROM vatsvetkova;"
vatsvetkova;Цветкова Виктория Андреевна (Viktoriya Tsvetkova);ccu;d_reestr_ifl17_2kmc2;SELECT;EDW All CCU;"REVOKE SELECT ON ccu.d_reestr_ifl17_2kmc2 FROM vatsvetkova;"
vatsvetkova;Цветкова Виктория Андреевна (Viktoriya Tsvetkova);ccu;d_reestr_ifl17_2kmc2;UPDATE;EDW All CCU;"REVOKE UPDATE ON ccu.d_reestr_ifl17_2kmc2 FROM vatsvetkova;"
vatsvetkova;Цветкова Виктория Андреевна (Viktoriya Tsvetkova);ccu;d_reestr_ifl17_2kmc2;DELETE;EDW All CCU;"REVOKE DELETE ON ccu.d_reestr_ifl17_2kmc2 FROM vatsvetkova;"
vatsvetkova;Цветкова Виктория Андреевна (Viktoriya Tsvetkova);ccu;d_reestr_ifl17_2kmc2;TRUNCATE;EDW All CCU;"REVOKE TRUNCATE ON ccu.d_reestr_ifl17_2kmc2 FROM vatsvetkova;"
vatsvetkova;Цветкова Виктория Андреевна (Viktoriya Tsvetkova);ccu;d_reestr_ifl17_2kmc2;REFERENCES;EDW All CCU;"REVOKE REFERENCES ON ccu.d_reestr_ifl17_2kmc2 FROM vatsvetkova;"
vatsvetkova;Цветкова Виктория Андреевна (Viktoriya Tsvetkova);ccu;d_reestr_ifl17_2kmc2;TRIGGER;EDW All CCU;"REVOKE TRIGGER ON ccu.d_reestr_ifl17_2kmc2 FROM vatsvetkova;"
vatsvetkova;Цветкова Виктория Андреевна (Viktoriya Tsvetkova);ccu;d_reestr_ifl17_apr_may_jun_magbcd2;INSERT;EDW All CCU;"REVOKE INSERT ON ccu.d_reestr_ifl17_apr_may_jun_magbcd2 FROM vatsvetkova;"
vatsvetkova;Цветкова Виктория Андреевна (Viktoriya Tsvetkova);ccu;d_reestr_ifl17_apr_may_jun_magbcd2;SELECT;EDW All CCU;"REVOKE SELECT ON ccu.d_reestr_ifl17_apr_may_jun_magbcd2 FROM vatsvetkova;"
vatsvetkova;Цветкова Виктория Андреевна (Viktoriya Tsvetkova);ccu;d_reestr_ifl17_apr_may_jun_magbcd2;UPDATE;EDW All CCU;"REVOKE UPDATE ON ccu.d_reestr_ifl17_apr_may_jun_magbcd2 FROM vatsvetkova;"
vatsvetkova;Цветкова Виктория Андреевна (Viktoriya Tsvetkova);ccu;d_reestr_ifl17_apr_may_jun_magbcd2;DELETE;EDW All CCU;"REVOKE DELETE ON ccu.d_reestr_ifl17_apr_may_jun_magbcd2 FROM vatsvetkova;"
vatsvetkova;Цветкова Виктория Андреевна (Viktoriya Tsvetkova);ccu;d_reestr_ifl17_apr_may_jun_magbcd2;TRUNCATE;EDW All CCU;"REVOKE TRUNCATE ON ccu.d_reestr_ifl17_apr_may_jun_magbcd2 FROM vatsvetkova;"
vatsvetkova;Цветкова Виктория Андреевна (Viktoriya Tsvetkova);ccu;d_reestr_ifl17_apr_may_jun_magbcd2;REFERENCES;EDW All CCU;"REVOKE REFERENCES ON ccu.d_reestr_ifl17_apr_may_jun_magbcd2 FROM vatsvetkova;"
vatsvetkova;Цветкова Виктория Андреевна (Viktoriya Tsvetkova);ccu;d_reestr_ifl17_apr_may_jun_magbcd2;TRIGGER;EDW All CCU;"REVOKE TRIGGER ON ccu.d_reestr_ifl17_apr_may_jun_magbcd2 FROM vatsvetkova;"
vatsvetkova;Цветкова Виктория Андреевна (Viktoriya Tsvetkova);ccu;d_reestr_ifl18_2k;INSERT;EDW All CCU;"REVOKE INSERT ON ccu.d_reestr_ifl18_2k FROM vatsvetkova;"
vatsvetkova;Цветкова Виктория Андреевна (Viktoriya Tsvetkova);ccu;d_reestr_ifl18_2k;SELECT;EDW All CCU;"REVOKE SELECT ON ccu.d_reestr_ifl18_2k FROM vatsvetkova;"
vatsvetkova;Цветкова Виктория Андреевна (Viktoriya Tsvetkova);ccu;d_reestr_ifl18_2k;UPDATE;EDW All CCU;"REVOKE UPDATE ON ccu.d_reestr_ifl18_2k FROM vatsvetkova;"
vatsvetkova;Цветкова Виктория Андреевна (Viktoriya Tsvetkova);ccu;d_reestr_ifl18_2k;DELETE;EDW All CCU;"REVOKE DELETE ON ccu.d_reestr_ifl18_2k FROM vatsvetkova;"
vatsvetkova;Цветкова Виктория Андреевна (Viktoriya Tsvetkova);ccu;d_reestr_ifl18_2k;TRUNCATE;EDW All CCU;"REVOKE TRUNCATE ON ccu.d_reestr_ifl18_2k FROM vatsvetkova;"
vatsvetkova;Цветкова Виктория Андреевна (Viktoriya Tsvetkova);ccu;d_reestr_ifl18_2k;REFERENCES;EDW All CCU;"REVOKE REFERENCES ON ccu.d_reestr_ifl18_2k FROM vatsvetkova;"
vatsvetkova;Цветкова Виктория Андреевна (Viktoriya Tsvetkova);ccu;d_reestr_ifl18_2k;TRIGGER;EDW All CCU;"REVOKE TRIGGER ON ccu.d_reestr_ifl18_2k FROM vatsvetkova;"
vatsvetkova;Цветкова Виктория Андреевна (Viktoriya Tsvetkova);ccu;d_reestr_ifl18_2km;INSERT;EDW All CCU;"REVOKE INSERT ON ccu.d_reestr_ifl18_2km FROM vatsvetkova;"
vatsvetkova;Цветкова Виктория Андреевна (Viktoriya Tsvetkova);ccu;d_reestr_ifl18_2km;SELECT;EDW All CCU;"REVOKE SELECT ON ccu.d_reestr_ifl18_2km FROM vatsvetkova;"
vatsvetkova;Цветкова Виктория Андреевна (Viktoriya Tsvetkova);ccu;d_reestr_ifl18_2km;UPDATE;EDW All CCU;"REVOKE UPDATE ON ccu.d_reestr_ifl18_2km FROM vatsvetkova;"
vatsvetkova;Цветкова Виктория Андреевна (Viktoriya Tsvetkova);ccu;d_reestr_ifl18_2km;DELETE;EDW All CCU;"REVOKE DELETE ON ccu.d_reestr_ifl18_2km FROM vatsvetkova;"
vatsvetkova;Цветкова Виктория Андреевна (Viktoriya Tsvetkova);ccu;d_reestr_ifl18_2km;TRUNCATE;EDW All CCU;"REVOKE TRUNCATE ON ccu.d_reestr_ifl18_2km FROM vatsvetkova;"
vatsvetkova;Цветкова Виктория Андреевна (Viktoriya Tsvetkova);ccu;d_reestr_ifl18_2km;REFERENCES;EDW All CCU;"REVOKE REFERENCES ON ccu.d_reestr_ifl18_2km FROM vatsvetkova;"
vatsvetkova;Цветкова Виктория Андреевна (Viktoriya Tsvetkova);ccu;d_reestr_ifl18_2km;TRIGGER;EDW All CCU;"REVOKE TRIGGER ON ccu.d_reestr_ifl18_2km FROM vatsvetkova;"
vatsvetkova;Цветкова Виктория Андреевна (Viktoriya Tsvetkova);ccu;d_reestr_ifl18_apr_may_jun_magbcd2;INSERT;EDW All CCU;"REVOKE INSERT ON ccu.d_reestr_ifl18_apr_may_jun_magbcd2 FROM vatsvetkova;"
vatsvetkova;Цветкова Виктория Андреевна (Viktoriya Tsvetkova);ccu;d_reestr_ifl18_apr_may_jun_magbcd2;SELECT;EDW All CCU;"REVOKE SELECT ON ccu.d_reestr_ifl18_apr_may_jun_magbcd2 FROM vatsvetkova;"
vatsvetkova;Цветкова Виктория Андреевна (Viktoriya Tsvetkova);ccu;d_reestr_ifl18_apr_may_jun_magbcd2;UPDATE;EDW All CCU;"REVOKE UPDATE ON ccu.d_reestr_ifl18_apr_may_jun_magbcd2 FROM vatsvetkova;"
vatsvetkova;Цветкова Виктория Андреевна (Viktoriya Tsvetkova);ccu;d_reestr_ifl18_apr_may_jun_magbcd2;DELETE;EDW All CCU;"REVOKE DELETE ON ccu.d_reestr_ifl18_apr_may_jun_magbcd2 FROM vatsvetkova;"
vatsvetkova;Цветкова Виктория Андреевна (Viktoriya Tsvetkova);ccu;d_reestr_ifl18_apr_may_jun_magbcd2;TRUNCATE;EDW All CCU;"REVOKE TRUNCATE ON ccu.d_reestr_ifl18_apr_may_jun_magbcd2 FROM vatsvetkova;"
vatsvetkova;Цветкова Виктория Андреевна (Viktoriya Tsvetkova);ccu;d_reestr_ifl18_apr_may_jun_magbcd2;REFERENCES;EDW All CCU;"REVOKE REFERENCES ON ccu.d_reestr_ifl18_apr_may_jun_magbcd2 FROM vatsvetkova;"
vatsvetkova;Цветкова Виктория Андреевна (Viktoriya Tsvetkova);ccu;d_reestr_ifl18_apr_may_jun_magbcd2;TRIGGER;EDW All CCU;"REVOKE TRIGGER ON ccu.d_reestr_ifl18_apr_may_jun_magbcd2 FROM vatsvetkova;"
vatsvetkova;Цветкова Виктория Андреевна (Viktoriya Tsvetkova);ccu;d_reestr_ifl19_2k;INSERT;EDW All CCU;"REVOKE INSERT ON ccu.d_reestr_ifl19_2k FROM vatsvetkova;"
vatsvetkova;Цветкова Виктория Андреевна (Viktoriya Tsvetkova);ccu;d_reestr_ifl19_2k;SELECT;EDW All CCU;"REVOKE SELECT ON ccu.d_reestr_ifl19_2k FROM vatsvetkova;"
vatsvetkova;Цветкова Виктория Андреевна (Viktoriya Tsvetkova);ccu;d_reestr_ifl19_2k;UPDATE;EDW All CCU;"REVOKE UPDATE ON ccu.d_reestr_ifl19_2k FROM vatsvetkova;"
vatsvetkova;Цветкова Виктория Андреевна (Viktoriya Tsvetkova);ccu;d_reestr_ifl19_2k;DELETE;EDW All CCU;"REVOKE DELETE ON ccu.d_reestr_ifl19_2k FROM vatsvetkova;"
vatsvetkova;Цветкова Виктория Андреевна (Viktoriya Tsvetkova);ccu;d_reestr_ifl19_2k;TRUNCATE;EDW All CCU;"REVOKE TRUNCATE ON ccu.d_reestr_ifl19_2k FROM vatsvetkova;"
vatsvetkova;Цветкова Виктория Андреевна (Viktoriya Tsvetkova);ccu;d_reestr_ifl19_2k;REFERENCES;EDW All CCU;"REVOKE REFERENCES ON ccu.d_reestr_ifl19_2k FROM vatsvetkova;"
vatsvetkova;Цветкова Виктория Андреевна (Viktoriya Tsvetkova);ccu;d_reestr_ifl19_2k;TRIGGER;EDW All CCU;"REVOKE TRIGGER ON ccu.d_reestr_ifl19_2k FROM vatsvetkova;"
vatsvetkova;Цветкова Виктория Андреевна (Viktoriya Tsvetkova);ccu;d_reestr_ifl19_2kc;INSERT;EDW All CCU;"REVOKE INSERT ON ccu.d_reestr_ifl19_2kc FROM vatsvetkova;"
vatsvetkova;Цветкова Виктория Андреевна (Viktoriya Tsvetkova);ccu;d_reestr_ifl19_2kc;SELECT;EDW All CCU;"REVOKE SELECT ON ccu.d_reestr_ifl19_2kc FROM vatsvetkova;"
vatsvetkova;Цветкова Виктория Андреевна (Viktoriya Tsvetkova);ccu;d_reestr_ifl19_2kc;UPDATE;EDW All CCU;"REVOKE UPDATE ON ccu.d_reestr_ifl19_2kc FROM vatsvetkova;"
vatsvetkova;Цветкова Виктория Андреевна (Viktoriya Tsvetkova);ccu;d_reestr_ifl19_2kc;DELETE;EDW All CCU;"REVOKE DELETE ON ccu.d_reestr_ifl19_2kc FROM vatsvetkova;"
vatsvetkova;Цветкова Виктория Андреевна (Viktoriya Tsvetkova);ccu;d_reestr_ifl19_2kc;TRUNCATE;EDW All CCU;"REVOKE TRUNCATE ON ccu.d_reestr_ifl19_2kc FROM vatsvetkova;"
vatsvetkova;Цветкова Виктория Андреевна (Viktoriya Tsvetkova);ccu;d_reestr_ifl19_2kc;REFERENCES;EDW All CCU;"REVOKE REFERENCES ON ccu.d_reestr_ifl19_2kc FROM vatsvetkova;"
vatsvetkova;Цветкова Виктория Андреевна (Viktoriya Tsvetkova);ccu;d_reestr_ifl19_2kc;TRIGGER;EDW All CCU;"REVOKE TRIGGER ON ccu.d_reestr_ifl19_2kc FROM vatsvetkova;"
vatsvetkova;Цветкова Виктория Андреевна (Viktoriya Tsvetkova);ccu;d_reestr_ifl21_feb_mar_not_in_ftr3_add;INSERT;EDW All CCU;"REVOKE INSERT ON ccu.d_reestr_ifl21_feb_mar_not_in_ftr3_add FROM vatsvetkova;"
vatsvetkova;Цветкова Виктория Андреевна (Viktoriya Tsvetkova);ccu;d_reestr_ifl21_feb_mar_not_in_ftr3_add;SELECT;EDW All CCU;"REVOKE SELECT ON ccu.d_reestr_ifl21_feb_mar_not_in_ftr3_add FROM vatsvetkova;"
vatsvetkova;Цветкова Виктория Андреевна (Viktoriya Tsvetkova);ccu;d_reestr_ifl21_feb_mar_not_in_ftr3_add;UPDATE;EDW All CCU;"REVOKE UPDATE ON ccu.d_reestr_ifl21_feb_mar_not_in_ftr3_add FROM vatsvetkova;"
vatsvetkova;Цветкова Виктория Андреевна (Viktoriya Tsvetkova);ccu;d_reestr_ifl21_feb_mar_not_in_ftr3_add;DELETE;EDW All CCU;"REVOKE DELETE ON ccu.d_reestr_ifl21_feb_mar_not_in_ftr3_add FROM vatsvetkova;"
vatsvetkova;Цветкова Виктория Андреевна (Viktoriya Tsvetkova);ccu;d_reestr_ifl21_feb_mar_not_in_ftr3_add;TRUNCATE;EDW All CCU;"REVOKE TRUNCATE ON ccu.d_reestr_ifl21_feb_mar_not_in_ftr3_add FROM vatsvetkova;"
vatsvetkova;Цветкова Виктория Андреевна (Viktoriya Tsvetkova);ccu;d_reestr_ifl21_feb_mar_not_in_ftr3_add;REFERENCES;EDW All CCU;"REVOKE REFERENCES ON ccu.d_reestr_ifl21_feb_mar_not_in_ftr3_add FROM vatsvetkova;"
vatsvetkova;Цветкова Виктория Андреевна (Viktoriya Tsvetkova);ccu;d_reestr_ifl21_feb_mar_not_in_ftr3_add;TRIGGER;EDW All CCU;"REVOKE TRIGGER ON ccu.d_reestr_ifl21_feb_mar_not_in_ftr3_add FROM vatsvetkova;"
vatsvetkova;Цветкова Виктория Андреевна (Viktoriya Tsvetkova);ccu;d_reestr_kasko17_apr_may_jun_magbcd2;INSERT;EDW All CCU;"REVOKE INSERT ON ccu.d_reestr_kasko17_apr_may_jun_magbcd2 FROM vatsvetkova;"
vatsvetkova;Цветкова Виктория Андреевна (Viktoriya Tsvetkova);ccu;d_reestr_kasko17_apr_may_jun_magbcd2;SELECT;EDW All CCU;"REVOKE SELECT ON ccu.d_reestr_kasko17_apr_may_jun_magbcd2 FROM vatsvetkova;"
vatsvetkova;Цветкова Виктория Андреевна (Viktoriya Tsvetkova);ccu;d_reestr_kasko17_apr_may_jun_magbcd2;UPDATE;EDW All CCU;"REVOKE UPDATE ON ccu.d_reestr_kasko17_apr_may_jun_magbcd2 FROM vatsvetkova;"
vatsvetkova;Цветкова Виктория Андреевна (Viktoriya Tsvetkova);ccu;d_reestr_kasko17_apr_may_jun_magbcd2;DELETE;EDW All CCU;"REVOKE DELETE ON ccu.d_reestr_kasko17_apr_may_jun_magbcd2 FROM vatsvetkova;"
vatsvetkova;Цветкова Виктория Андреевна (Viktoriya Tsvetkova);ccu;d_reestr_kasko17_apr_may_jun_magbcd2;TRUNCATE;EDW All CCU;"REVOKE TRUNCATE ON ccu.d_reestr_kasko17_apr_may_jun_magbcd2 FROM vatsvetkova;"
vatsvetkova;Цветкова Виктория Андреевна (Viktoriya Tsvetkova);ccu;d_reestr_kasko17_apr_may_jun_magbcd2;REFERENCES;EDW All CCU;"REVOKE REFERENCES ON ccu.d_reestr_kasko17_apr_may_jun_magbcd2 FROM vatsvetkova;"
vatsvetkova;Цветкова Виктория Андреевна (Viktoriya Tsvetkova);ccu;d_reestr_kasko17_apr_may_jun_magbcd2;TRIGGER;EDW All CCU;"REVOKE TRIGGER ON ccu.d_reestr_kasko17_apr_may_jun_magbcd2 FROM vatsvetkova;"
vatsvetkova;Цветкова Виктория Андреевна (Viktoriya Tsvetkova);ccu;d_reestr_kasko18_apr_may_jun_magbcd2;INSERT;EDW All CCU;"REVOKE INSERT ON ccu.d_reestr_kasko18_apr_may_jun_magbcd2 FROM vatsvetkova;"
vatsvetkova;Цветкова Виктория Андреевна (Viktoriya Tsvetkova);ccu;d_reestr_kasko18_apr_may_jun_magbcd2;SELECT;EDW All CCU;"REVOKE SELECT ON ccu.d_reestr_kasko18_apr_may_jun_magbcd2 FROM vatsvetkova;"
vatsvetkova;Цветкова Виктория Андреевна (Viktoriya Tsvetkova);ccu;d_reestr_kasko18_apr_may_jun_magbcd2;UPDATE;EDW All CCU;"REVOKE UPDATE ON ccu.d_reestr_kasko18_apr_may_jun_magbcd2 FROM vatsvetkova;"
vatsvetkova;Цветкова Виктория Андреевна (Viktoriya Tsvetkova);ccu;d_reestr_kasko18_apr_may_jun_magbcd2;DELETE;EDW All CCU;"REVOKE DELETE ON ccu.d_reestr_kasko18_apr_may_jun_magbcd2 FROM vatsvetkova;"
vatsvetkova;Цветкова Виктория Андреевна (Viktoriya Tsvetkova);ccu;d_reestr_kasko18_apr_may_jun_magbcd2;TRUNCATE;EDW All CCU;"REVOKE TRUNCATE ON ccu.d_reestr_kasko18_apr_may_jun_magbcd2 FROM vatsvetkova;"
vatsvetkova;Цветкова Виктория Андреевна (Viktoriya Tsvetkova);ccu;d_reestr_kasko18_apr_may_jun_magbcd2;REFERENCES;EDW All CCU;"REVOKE REFERENCES ON ccu.d_reestr_kasko18_apr_may_jun_magbcd2 FROM vatsvetkova;"
vatsvetkova;Цветкова Виктория Андреевна (Viktoriya Tsvetkova);ccu;d_reestr_kasko18_apr_may_jun_magbcd2;TRIGGER;EDW All CCU;"REVOKE TRIGGER ON ccu.d_reestr_kasko18_apr_may_jun_magbcd2 FROM vatsvetkova;"
vatsvetkova;Цветкова Виктория Андреевна (Viktoriya Tsvetkova);ccu;d_reestr_kasko19_apr_may_jun_magbcd2;INSERT;EDW All CCU;"REVOKE INSERT ON ccu.d_reestr_kasko19_apr_may_jun_magbcd2 FROM vatsvetkova;"
vatsvetkova;Цветкова Виктория Андреевна (Viktoriya Tsvetkova);ccu;d_reestr_kasko19_apr_may_jun_magbcd2;SELECT;EDW All CCU;"REVOKE SELECT ON ccu.d_reestr_kasko19_apr_may_jun_magbcd2 FROM vatsvetkova;"
vatsvetkova;Цветкова Виктория Андреевна (Viktoriya Tsvetkova);ccu;d_reestr_kasko19_apr_may_jun_magbcd2;UPDATE;EDW All CCU;"REVOKE UPDATE ON ccu.d_reestr_kasko19_apr_may_jun_magbcd2 FROM vatsvetkova;"
vatsvetkova;Цветкова Виктория Андреевна (Viktoriya Tsvetkova);ccu;d_reestr_kasko19_apr_may_jun_magbcd2;DELETE;EDW All CCU;"REVOKE DELETE ON ccu.d_reestr_kasko19_apr_may_jun_magbcd2 FROM vatsvetkova;"
vatsvetkova;Цветкова Виктория Андреевна (Viktoriya Tsvetkova);ccu;d_reestr_kasko19_apr_may_jun_magbcd2;TRUNCATE;EDW All CCU;"REVOKE TRUNCATE ON ccu.d_reestr_kasko19_apr_may_jun_magbcd2 FROM vatsvetkova;"
vatsvetkova;Цветкова Виктория Андреевна (Viktoriya Tsvetkova);ccu;d_reestr_kasko19_apr_may_jun_magbcd2;REFERENCES;EDW All CCU;"REVOKE REFERENCES ON ccu.d_reestr_kasko19_apr_may_jun_magbcd2 FROM vatsvetkova;"
vatsvetkova;Цветкова Виктория Андреевна (Viktoriya Tsvetkova);ccu;d_reestr_kasko19_apr_may_jun_magbcd2;TRIGGER;EDW All CCU;"REVOKE TRIGGER ON ccu.d_reestr_kasko19_apr_may_jun_magbcd2 FROM vatsvetkova;"
vatsvetkova;Цветкова Виктория Андреевна (Viktoriya Tsvetkova);ccu;d_reestr_kasko_cross2_con2;INSERT;EDW All CCU;"REVOKE INSERT ON ccu.d_reestr_kasko_cross2_con2 FROM vatsvetkova;"
vatsvetkova;Цветкова Виктория Андреевна (Viktoriya Tsvetkova);ccu;d_reestr_kasko_cross2_con2;SELECT;EDW All CCU;"REVOKE SELECT ON ccu.d_reestr_kasko_cross2_con2 FROM vatsvetkova;"
vatsvetkova;Цветкова Виктория Андреевна (Viktoriya Tsvetkova);ccu;d_reestr_kasko_cross2_con2;UPDATE;EDW All CCU;"REVOKE UPDATE ON ccu.d_reestr_kasko_cross2_con2 FROM vatsvetkova;"
vatsvetkova;Цветкова Виктория Андреевна (Viktoriya Tsvetkova);ccu;d_reestr_kasko_cross2_con2;DELETE;EDW All CCU;"REVOKE DELETE ON ccu.d_reestr_kasko_cross2_con2 FROM vatsvetkova;"
vatsvetkova;Цветкова Виктория Андреевна (Viktoriya Tsvetkova);ccu;d_reestr_kasko_cross2_con2;TRUNCATE;EDW All CCU;"REVOKE TRUNCATE ON ccu.d_reestr_kasko_cross2_con2 FROM vatsvetkova;"
vatsvetkova;Цветкова Виктория Андреевна (Viktoriya Tsvetkova);ccu;d_reestr_kasko_cross2_con2;REFERENCES;EDW All CCU;"REVOKE REFERENCES ON ccu.d_reestr_kasko_cross2_con2 FROM vatsvetkova;"
vatsvetkova;Цветкова Виктория Андреевна (Viktoriya Tsvetkova);ccu;d_reestr_kasko_cross2_con2;TRIGGER;EDW All CCU;"REVOKE TRIGGER ON ccu.d_reestr_kasko_cross2_con2 FROM vatsvetkova;"
vatsvetkova;Цветкова Виктория Андреевна (Viktoriya Tsvetkova);ccu;d_reestr_kasko_cross;INSERT;EDW All CCU;"REVOKE INSERT ON ccu.d_reestr_kasko_cross FROM vatsvetkova;"
vatsvetkova;Цветкова Виктория Андреевна (Viktoriya Tsvetkova);ccu;d_reestr_kasko_cross;SELECT;EDW All CCU;"REVOKE SELECT ON ccu.d_reestr_kasko_cross FROM vatsvetkova;"
vatsvetkova;Цветкова Виктория Андреевна (Viktoriya Tsvetkova);ccu;d_reestr_kasko_cross;UPDATE;EDW All CCU;"REVOKE UPDATE ON ccu.d_reestr_kasko_cross FROM vatsvetkova;"
vatsvetkova;Цветкова Виктория Андреевна (Viktoriya Tsvetkova);ccu;d_reestr_kasko_cross;DELETE;EDW All CCU;"REVOKE DELETE ON ccu.d_reestr_kasko_cross FROM vatsvetkova;"
vatsvetkova;Цветкова Виктория Андреевна (Viktoriya Tsvetkova);ccu;d_reestr_kasko_cross;TRUNCATE;EDW All CCU;"REVOKE TRUNCATE ON ccu.d_reestr_kasko_cross FROM vatsvetkova;"
vatsvetkova;Цветкова Виктория Андреевна (Viktoriya Tsvetkova);ccu;d_reestr_kasko_cross;REFERENCES;EDW All CCU;"REVOKE REFERENCES ON ccu.d_reestr_kasko_cross FROM vatsvetkova;"
vatsvetkova;Цветкова Виктория Андреевна (Viktoriya Tsvetkova);ccu;d_reestr_kasko_cross;TRIGGER;EDW All CCU;"REVOKE TRIGGER ON ccu.d_reestr_kasko_cross FROM vatsvetkova;"
vatsvetkova;Цветкова Виктория Андреевна (Viktoriya Tsvetkova);ccu;d_reestr_kasko_cross2;INSERT;EDW All CCU;"REVOKE INSERT ON ccu.d_reestr_kasko_cross2 FROM vatsvetkova;"
vatsvetkova;Цветкова Виктория Андреевна (Viktoriya Tsvetkova);ccu;d_reestr_kasko_cross2;SELECT;EDW All CCU;"REVOKE SELECT ON ccu.d_reestr_kasko_cross2 FROM vatsvetkova;"
vatsvetkova;Цветкова Виктория Андреевна (Viktoriya Tsvetkova);ccu;d_reestr_kasko_cross2;UPDATE;EDW All CCU;"REVOKE UPDATE ON ccu.d_reestr_kasko_cross2 FROM vatsvetkova;"
vatsvetkova;Цветкова Виктория Андреевна (Viktoriya Tsvetkova);ccu;d_reestr_kasko_cross2;DELETE;EDW All CCU;"REVOKE DELETE ON ccu.d_reestr_kasko_cross2 FROM vatsvetkova;"
vatsvetkova;Цветкова Виктория Андреевна (Viktoriya Tsvetkova);ccu;d_reestr_kasko_cross2;TRUNCATE;EDW All CCU;"REVOKE TRUNCATE ON ccu.d_reestr_kasko_cross2 FROM vatsvetkova;"
vatsvetkova;Цветкова Виктория Андреевна (Viktoriya Tsvetkova);ccu;d_reestr_kasko_cross2;REFERENCES;EDW All CCU;"REVOKE REFERENCES ON ccu.d_reestr_kasko_cross2 FROM vatsvetkova;"
vatsvetkova;Цветкова Виктория Андреевна (Viktoriya Tsvetkova);ccu;d_reestr_kasko_cross2;TRIGGER;EDW All CCU;"REVOKE TRIGGER ON ccu.d_reestr_kasko_cross2 FROM vatsvetkova;"
vatsvetkova;Цветкова Виктория Андреевна (Viktoriya Tsvetkova);ccu;d_reestr_kasko_cross2_con;INSERT;EDW All CCU;"REVOKE INSERT ON ccu.d_reestr_kasko_cross2_con FROM vatsvetkova;"
vatsvetkova;Цветкова Виктория Андреевна (Viktoriya Tsvetkova);ccu;d_reestr_kasko_cross2_con;SELECT;EDW All CCU;"REVOKE SELECT ON ccu.d_reestr_kasko_cross2_con FROM vatsvetkova;"
vatsvetkova;Цветкова Виктория Андреевна (Viktoriya Tsvetkova);ccu;d_reestr_kasko_cross2_con;UPDATE;EDW All CCU;"REVOKE UPDATE ON ccu.d_reestr_kasko_cross2_con FROM vatsvetkova;"
vatsvetkova;Цветкова Виктория Андреевна (Viktoriya Tsvetkova);ccu;d_reestr_kasko_cross2_con;DELETE;EDW All CCU;"REVOKE DELETE ON ccu.d_reestr_kasko_cross2_con FROM vatsvetkova;"
vatsvetkova;Цветкова Виктория Андреевна (Viktoriya Tsvetkova);ccu;d_reestr_kasko_cross2_con;TRUNCATE;EDW All CCU;"REVOKE TRUNCATE ON ccu.d_reestr_kasko_cross2_con FROM vatsvetkova;"
vatsvetkova;Цветкова Виктория Андреевна (Viktoriya Tsvetkova);ccu;d_reestr_kasko_cross2_con;REFERENCES;EDW All CCU;"REVOKE REFERENCES ON ccu.d_reestr_kasko_cross2_con FROM vatsvetkova;"
vatsvetkova;Цветкова Виктория Андреевна (Viktoriya Tsvetkova);ccu;d_reestr_kasko_cross2_con;TRIGGER;EDW All CCU;"REVOKE TRIGGER ON ccu.d_reestr_kasko_cross2_con FROM vatsvetkova;"
vatsvetkova;Цветкова Виктория Андреевна (Viktoriya Tsvetkova);ccu;d_reestr_next_pay2_21_2qc;INSERT;EDW All CCU;"REVOKE INSERT ON ccu.d_reestr_next_pay2_21_2qc FROM vatsvetkova;"
vatsvetkova;Цветкова Виктория Андреевна (Viktoriya Tsvetkova);ccu;d_reestr_next_pay2_21_2qc;SELECT;EDW All CCU;"REVOKE SELECT ON ccu.d_reestr_next_pay2_21_2qc FROM vatsvetkova;"
vatsvetkova;Цветкова Виктория Андреевна (Viktoriya Tsvetkova);ccu;d_reestr_next_pay2_21_2qc;UPDATE;EDW All CCU;"REVOKE UPDATE ON ccu.d_reestr_next_pay2_21_2qc FROM vatsvetkova;"
vatsvetkova;Цветкова Виктория Андреевна (Viktoriya Tsvetkova);ccu;d_reestr_next_pay2_21_2qc;DELETE;EDW All CCU;"REVOKE DELETE ON ccu.d_reestr_next_pay2_21_2qc FROM vatsvetkova;"
vatsvetkova;Цветкова Виктория Андреевна (Viktoriya Tsvetkova);ccu;d_reestr_next_pay2_21_2qc;TRUNCATE;EDW All CCU;"REVOKE TRUNCATE ON ccu.d_reestr_next_pay2_21_2qc FROM vatsvetkova;"
vatsvetkova;Цветкова Виктория Андреевна (Viktoriya Tsvetkova);ccu;d_reestr_next_pay2_21_2qc;REFERENCES;EDW All CCU;"REVOKE REFERENCES ON ccu.d_reestr_next_pay2_21_2qc FROM vatsvetkova;"
vatsvetkova;Цветкова Виктория Андреевна (Viktoriya Tsvetkova);ccu;d_reestr_next_pay2_21_2qc;TRIGGER;EDW All CCU;"REVOKE TRIGGER ON ccu.d_reestr_next_pay2_21_2qc FROM vatsvetkova;"
vatsvetkova;Цветкова Виктория Андреевна (Viktoriya Tsvetkova);ccu;d_reestr_osago01_in_ftr;INSERT;EDW All CCU;"REVOKE INSERT ON ccu.d_reestr_osago01_in_ftr FROM vatsvetkova;"
vatsvetkova;Цветкова Виктория Андреевна (Viktoriya Tsvetkova);ccu;d_reestr_osago01_in_ftr;SELECT;EDW All CCU;"REVOKE SELECT ON ccu.d_reestr_osago01_in_ftr FROM vatsvetkova;"
vatsvetkova;Цветкова Виктория Андреевна (Viktoriya Tsvetkova);ccu;d_reestr_osago01_in_ftr;UPDATE;EDW All CCU;"REVOKE UPDATE ON ccu.d_reestr_osago01_in_ftr FROM vatsvetkova;"
vatsvetkova;Цветкова Виктория Андреевна (Viktoriya Tsvetkova);ccu;d_reestr_osago01_in_ftr;DELETE;EDW All CCU;"REVOKE DELETE ON ccu.d_reestr_osago01_in_ftr FROM vatsvetkova;"
vatsvetkova;Цветкова Виктория Андреевна (Viktoriya Tsvetkova);ccu;d_reestr_osago01_in_ftr;TRUNCATE;EDW All CCU;"REVOKE TRUNCATE ON ccu.d_reestr_osago01_in_ftr FROM vatsvetkova;"
vatsvetkova;Цветкова Виктория Андреевна (Viktoriya Tsvetkova);ccu;d_reestr_osago01_in_ftr;REFERENCES;EDW All CCU;"REVOKE REFERENCES ON ccu.d_reestr_osago01_in_ftr FROM vatsvetkova;"
vatsvetkova;Цветкова Виктория Андреевна (Viktoriya Tsvetkova);ccu;d_reestr_osago01_in_ftr;TRIGGER;EDW All CCU;"REVOKE TRIGGER ON ccu.d_reestr_osago01_in_ftr FROM vatsvetkova;"
vatsvetkova;Цветкова Виктория Андреевна (Viktoriya Tsvetkova);ccu;d_reestr_osago17_apr_may_jun_magbcd2;INSERT;EDW All CCU;"REVOKE INSERT ON ccu.d_reestr_osago17_apr_may_jun_magbcd2 FROM vatsvetkova;"
vatsvetkova;Цветкова Виктория Андреевна (Viktoriya Tsvetkova);ccu;d_reestr_osago17_apr_may_jun_magbcd2;SELECT;EDW All CCU;"REVOKE SELECT ON ccu.d_reestr_osago17_apr_may_jun_magbcd2 FROM vatsvetkova;"
vatsvetkova;Цветкова Виктория Андреевна (Viktoriya Tsvetkova);ccu;d_reestr_osago17_apr_may_jun_magbcd2;UPDATE;EDW All CCU;"REVOKE UPDATE ON ccu.d_reestr_osago17_apr_may_jun_magbcd2 FROM vatsvetkova;"
vatsvetkova;Цветкова Виктория Андреевна (Viktoriya Tsvetkova);ccu;d_reestr_osago17_apr_may_jun_magbcd2;DELETE;EDW All CCU;"REVOKE DELETE ON ccu.d_reestr_osago17_apr_may_jun_magbcd2 FROM vatsvetkova;"
vatsvetkova;Цветкова Виктория Андреевна (Viktoriya Tsvetkova);ccu;d_reestr_osago17_apr_may_jun_magbcd2;TRUNCATE;EDW All CCU;"REVOKE TRUNCATE ON ccu.d_reestr_osago17_apr_may_jun_magbcd2 FROM vatsvetkova;"
vatsvetkova;Цветкова Виктория Андреевна (Viktoriya Tsvetkova);ccu;d_reestr_osago17_apr_may_jun_magbcd2;REFERENCES;EDW All CCU;"REVOKE REFERENCES ON ccu.d_reestr_osago17_apr_may_jun_magbcd2 FROM vatsvetkova;"
vatsvetkova;Цветкова Виктория Андреевна (Viktoriya Tsvetkova);ccu;d_reestr_osago17_apr_may_jun_magbcd2;TRIGGER;EDW All CCU;"REVOKE TRIGGER ON ccu.d_reestr_osago17_apr_may_jun_magbcd2 FROM vatsvetkova;"
vatsvetkova;Цветкова Виктория Андреевна (Viktoriya Tsvetkova);ccu;d_reestr_osago19_apr_may_jun_magbcd2;INSERT;EDW All CCU;"REVOKE INSERT ON ccu.d_reestr_osago19_apr_may_jun_magbcd2 FROM vatsvetkova;"
vatsvetkova;Цветкова Виктория Андреевна (Viktoriya Tsvetkova);ccu;d_reestr_osago19_apr_may_jun_magbcd2;SELECT;EDW All CCU;"REVOKE SELECT ON ccu.d_reestr_osago19_apr_may_jun_magbcd2 FROM vatsvetkova;"
vatsvetkova;Цветкова Виктория Андреевна (Viktoriya Tsvetkova);ccu;d_reestr_osago19_apr_may_jun_magbcd2;UPDATE;EDW All CCU;"REVOKE UPDATE ON ccu.d_reestr_osago19_apr_may_jun_magbcd2 FROM vatsvetkova;"
vatsvetkova;Цветкова Виктория Андреевна (Viktoriya Tsvetkova);ccu;d_reestr_osago19_apr_may_jun_magbcd2;DELETE;EDW All CCU;"REVOKE DELETE ON ccu.d_reestr_osago19_apr_may_jun_magbcd2 FROM vatsvetkova;"
vatsvetkova;Цветкова Виктория Андреевна (Viktoriya Tsvetkova);ccu;d_reestr_osago19_apr_may_jun_magbcd2;TRUNCATE;EDW All CCU;"REVOKE TRUNCATE ON ccu.d_reestr_osago19_apr_may_jun_magbcd2 FROM vatsvetkova;"
vatsvetkova;Цветкова Виктория Андреевна (Viktoriya Tsvetkova);ccu;d_reestr_osago19_apr_may_jun_magbcd2;REFERENCES;EDW All CCU;"REVOKE REFERENCES ON ccu.d_reestr_osago19_apr_may_jun_magbcd2 FROM vatsvetkova;"
vatsvetkova;Цветкова Виктория Андреевна (Viktoriya Tsvetkova);ccu;d_reestr_osago19_apr_may_jun_magbcd2;TRIGGER;EDW All CCU;"REVOKE TRIGGER ON ccu.d_reestr_osago19_apr_may_jun_magbcd2 FROM vatsvetkova;"
vatsvetkova;Цветкова Виктория Андреевна (Viktoriya Tsvetkova);ccu;d_reestr_osago20_apr_may_jun_magbcd2;INSERT;EDW All CCU;"REVOKE INSERT ON ccu.d_reestr_osago20_apr_may_jun_magbcd2 FROM vatsvetkova;"
vatsvetkova;Цветкова Виктория Андреевна (Viktoriya Tsvetkova);ccu;d_reestr_osago20_apr_may_jun_magbcd2;SELECT;EDW All CCU;"REVOKE SELECT ON ccu.d_reestr_osago20_apr_may_jun_magbcd2 FROM vatsvetkova;"
vatsvetkova;Цветкова Виктория Андреевна (Viktoriya Tsvetkova);ccu;d_reestr_osago20_apr_may_jun_magbcd2;UPDATE;EDW All CCU;"REVOKE UPDATE ON ccu.d_reestr_osago20_apr_may_jun_magbcd2 FROM vatsvetkova;"
vatsvetkova;Цветкова Виктория Андреевна (Viktoriya Tsvetkova);ccu;d_reestr_osago20_apr_may_jun_magbcd2;DELETE;EDW All CCU;"REVOKE DELETE ON ccu.d_reestr_osago20_apr_may_jun_magbcd2 FROM vatsvetkova;"
vatsvetkova;Цветкова Виктория Андреевна (Viktoriya Tsvetkova);ccu;d_reestr_osago20_apr_may_jun_magbcd2;TRUNCATE;EDW All CCU;"REVOKE TRUNCATE ON ccu.d_reestr_osago20_apr_may_jun_magbcd2 FROM vatsvetkova;"
vatsvetkova;Цветкова Виктория Андреевна (Viktoriya Tsvetkova);ccu;d_reestr_osago20_apr_may_jun_magbcd2;REFERENCES;EDW All CCU;"REVOKE REFERENCES ON ccu.d_reestr_osago20_apr_may_jun_magbcd2 FROM vatsvetkova;"
vatsvetkova;Цветкова Виктория Андреевна (Viktoriya Tsvetkova);ccu;d_reestr_osago20_apr_may_jun_magbcd2;TRIGGER;EDW All CCU;"REVOKE TRIGGER ON ccu.d_reestr_osago20_apr_may_jun_magbcd2 FROM vatsvetkova;"
vatsvetkova;Цветкова Виктория Андреевна (Viktoriya Tsvetkova);ccu;d_reestr_osago21_2q_in_ftr;INSERT;EDW All CCU;"REVOKE INSERT ON ccu.d_reestr_osago21_2q_in_ftr FROM vatsvetkova;"
vatsvetkova;Цветкова Виктория Андреевна (Viktoriya Tsvetkova);ccu;d_reestr_osago21_2q_in_ftr;SELECT;EDW All CCU;"REVOKE SELECT ON ccu.d_reestr_osago21_2q_in_ftr FROM vatsvetkova;"
vatsvetkova;Цветкова Виктория Андреевна (Viktoriya Tsvetkova);ccu;d_reestr_osago21_2q_in_ftr;UPDATE;EDW All CCU;"REVOKE UPDATE ON ccu.d_reestr_osago21_2q_in_ftr FROM vatsvetkova;"
vatsvetkova;Цветкова Виктория Андреевна (Viktoriya Tsvetkova);ccu;d_reestr_osago21_2q_in_ftr;DELETE;EDW All CCU;"REVOKE DELETE ON ccu.d_reestr_osago21_2q_in_ftr FROM vatsvetkova;"
vatsvetkova;Цветкова Виктория Андреевна (Viktoriya Tsvetkova);ccu;d_reestr_osago21_2q_in_ftr;TRUNCATE;EDW All CCU;"REVOKE TRUNCATE ON ccu.d_reestr_osago21_2q_in_ftr FROM vatsvetkova;"
vatsvetkova;Цветкова Виктория Андреевна (Viktoriya Tsvetkova);ccu;d_reestr_osago21_2q_in_ftr;REFERENCES;EDW All CCU;"REVOKE REFERENCES ON ccu.d_reestr_osago21_2q_in_ftr FROM vatsvetkova;"
vatsvetkova;Цветкова Виктория Андреевна (Viktoriya Tsvetkova);ccu;d_reestr_osago21_2q_in_ftr;TRIGGER;EDW All CCU;"REVOKE TRIGGER ON ccu.d_reestr_osago21_2q_in_ftr FROM vatsvetkova;"
vatsvetkova;Цветкова Виктория Андреевна (Viktoriya Tsvetkova);ccu;d_reestr_osago21_2q_not_in_ftr3;INSERT;EDW All CCU;"REVOKE INSERT ON ccu.d_reestr_osago21_2q_not_in_ftr3 FROM vatsvetkova;"
vatsvetkova;Цветкова Виктория Андреевна (Viktoriya Tsvetkova);ccu;d_reestr_osago21_2q_not_in_ftr3;SELECT;EDW All CCU;"REVOKE SELECT ON ccu.d_reestr_osago21_2q_not_in_ftr3 FROM vatsvetkova;"
vatsvetkova;Цветкова Виктория Андреевна (Viktoriya Tsvetkova);ccu;d_reestr_osago21_2q_not_in_ftr3;UPDATE;EDW All CCU;"REVOKE UPDATE ON ccu.d_reestr_osago21_2q_not_in_ftr3 FROM vatsvetkova;"
vatsvetkova;Цветкова Виктория Андреевна (Viktoriya Tsvetkova);ccu;d_reestr_osago21_2q_not_in_ftr3;DELETE;EDW All CCU;"REVOKE DELETE ON ccu.d_reestr_osago21_2q_not_in_ftr3 FROM vatsvetkova;"
vatsvetkova;Цветкова Виктория Андреевна (Viktoriya Tsvetkova);ccu;d_reestr_osago21_2q_not_in_ftr3;TRUNCATE;EDW All CCU;"REVOKE TRUNCATE ON ccu.d_reestr_osago21_2q_not_in_ftr3 FROM vatsvetkova;"
vatsvetkova;Цветкова Виктория Андреевна (Viktoriya Tsvetkova);ccu;d_reestr_osago21_2q_not_in_ftr3;REFERENCES;EDW All CCU;"REVOKE REFERENCES ON ccu.d_reestr_osago21_2q_not_in_ftr3 FROM vatsvetkova;"
vatsvetkova;Цветкова Виктория Андреевна (Viktoriya Tsvetkova);ccu;d_reestr_osago21_2q_not_in_ftr3;TRIGGER;EDW All CCU;"REVOKE TRIGGER ON ccu.d_reestr_osago21_2q_not_in_ftr3 FROM vatsvetkova;"
vatsvetkova;Цветкова Виктория Андреевна (Viktoriya Tsvetkova);ccu;d_reestr_oth18_apr_may_jun_magbcd2;INSERT;EDW All CCU;"REVOKE INSERT ON ccu.d_reestr_oth18_apr_may_jun_magbcd2 FROM vatsvetkova;"
vatsvetkova;Цветкова Виктория Андреевна (Viktoriya Tsvetkova);ccu;d_reestr_oth18_apr_may_jun_magbcd2;SELECT;EDW All CCU;"REVOKE SELECT ON ccu.d_reestr_oth18_apr_may_jun_magbcd2 FROM vatsvetkova;"
vatsvetkova;Цветкова Виктория Андреевна (Viktoriya Tsvetkova);ccu;d_reestr_oth18_apr_may_jun_magbcd2;UPDATE;EDW All CCU;"REVOKE UPDATE ON ccu.d_reestr_oth18_apr_may_jun_magbcd2 FROM vatsvetkova;"
vatsvetkova;Цветкова Виктория Андреевна (Viktoriya Tsvetkova);ccu;d_reestr_oth18_apr_may_jun_magbcd2;DELETE;EDW All CCU;"REVOKE DELETE ON ccu.d_reestr_oth18_apr_may_jun_magbcd2 FROM vatsvetkova;"
vatsvetkova;Цветкова Виктория Андреевна (Viktoriya Tsvetkova);ccu;d_reestr_oth18_apr_may_jun_magbcd2;TRUNCATE;EDW All CCU;"REVOKE TRUNCATE ON ccu.d_reestr_oth18_apr_may_jun_magbcd2 FROM vatsvetkova;"
vatsvetkova;Цветкова Виктория Андреевна (Viktoriya Tsvetkova);ccu;d_reestr_oth18_apr_may_jun_magbcd2;REFERENCES;EDW All CCU;"REVOKE REFERENCES ON ccu.d_reestr_oth18_apr_may_jun_magbcd2 FROM vatsvetkova;"
vatsvetkova;Цветкова Виктория Андреевна (Viktoriya Tsvetkova);ccu;d_reestr_oth18_apr_may_jun_magbcd2;TRIGGER;EDW All CCU;"REVOKE TRIGGER ON ccu.d_reestr_oth18_apr_may_jun_magbcd2 FROM vatsvetkova;"
vatsvetkova;Цветкова Виктория Андреевна (Viktoriya Tsvetkova);ccu;d_row_rgs_ifl20_2k;INSERT;EDW All CCU;"REVOKE INSERT ON ccu.d_row_rgs_ifl20_2k FROM vatsvetkova;"
vatsvetkova;Цветкова Виктория Андреевна (Viktoriya Tsvetkova);ccu;d_row_rgs_ifl20_2k;SELECT;EDW All CCU;"REVOKE SELECT ON ccu.d_row_rgs_ifl20_2k FROM vatsvetkova;"
vatsvetkova;Цветкова Виктория Андреевна (Viktoriya Tsvetkova);ccu;d_row_rgs_ifl20_2k;UPDATE;EDW All CCU;"REVOKE UPDATE ON ccu.d_row_rgs_ifl20_2k FROM vatsvetkova;"
vatsvetkova;Цветкова Виктория Андреевна (Viktoriya Tsvetkova);ccu;d_row_rgs_ifl20_2k;DELETE;EDW All CCU;"REVOKE DELETE ON ccu.d_row_rgs_ifl20_2k FROM vatsvetkova;"
vatsvetkova;Цветкова Виктория Андреевна (Viktoriya Tsvetkova);ccu;d_row_rgs_ifl20_2k;TRUNCATE;EDW All CCU;"REVOKE TRUNCATE ON ccu.d_row_rgs_ifl20_2k FROM vatsvetkova;"
vatsvetkova;Цветкова Виктория Андреевна (Viktoriya Tsvetkova);ccu;d_row_rgs_ifl20_2k;REFERENCES;EDW All CCU;"REVOKE REFERENCES ON ccu.d_row_rgs_ifl20_2k FROM vatsvetkova;"
vatsvetkova;Цветкова Виктория Андреевна (Viktoriya Tsvetkova);ccu;d_row_rgs_ifl20_2k;TRIGGER;EDW All CCU;"REVOKE TRIGGER ON ccu.d_row_rgs_ifl20_2k FROM vatsvetkova;"
vatsvetkova;Цветкова Виктория Андреевна (Viktoriya Tsvetkova);ccu;d_sms_agent_last_12_01;INSERT;EDW All CCU;"REVOKE INSERT ON ccu.d_sms_agent_last_12_01 FROM vatsvetkova;"
vatsvetkova;Цветкова Виктория Андреевна (Viktoriya Tsvetkova);ccu;d_sms_agent_last_12_01;SELECT;EDW All CCU;"REVOKE SELECT ON ccu.d_sms_agent_last_12_01 FROM vatsvetkova;"
vatsvetkova;Цветкова Виктория Андреевна (Viktoriya Tsvetkova);ccu;d_sms_agent_last_12_01;UPDATE;EDW All CCU;"REVOKE UPDATE ON ccu.d_sms_agent_last_12_01 FROM vatsvetkova;"
vatsvetkova;Цветкова Виктория Андреевна (Viktoriya Tsvetkova);ccu;d_sms_agent_last_12_01;DELETE;EDW All CCU;"REVOKE DELETE ON ccu.d_sms_agent_last_12_01 FROM vatsvetkova;"
vatsvetkova;Цветкова Виктория Андреевна (Viktoriya Tsvetkova);ccu;d_sms_agent_last_12_01;TRUNCATE;EDW All CCU;"REVOKE TRUNCATE ON ccu.d_sms_agent_last_12_01 FROM vatsvetkova;"
vatsvetkova;Цветкова Виктория Андреевна (Viktoriya Tsvetkova);ccu;d_sms_agent_last_12_01;REFERENCES;EDW All CCU;"REVOKE REFERENCES ON ccu.d_sms_agent_last_12_01 FROM vatsvetkova;"
vatsvetkova;Цветкова Виктория Андреевна (Viktoriya Tsvetkova);ccu;d_sms_agent_last_12_01;TRIGGER;EDW All CCU;"REVOKE TRIGGER ON ccu.d_sms_agent_last_12_01 FROM vatsvetkova;"
vatsvetkova;Цветкова Виктория Андреевна (Viktoriya Tsvetkova);ccu;d_sms_ipoteka_last2_18_01;INSERT;EDW All CCU;"REVOKE INSERT ON ccu.d_sms_ipoteka_last2_18_01 FROM vatsvetkova;"
vatsvetkova;Цветкова Виктория Андреевна (Viktoriya Tsvetkova);ccu;d_sms_ipoteka_last2_18_01;SELECT;EDW All CCU;"REVOKE SELECT ON ccu.d_sms_ipoteka_last2_18_01 FROM vatsvetkova;"
vatsvetkova;Цветкова Виктория Андреевна (Viktoriya Tsvetkova);ccu;d_sms_ipoteka_last2_18_01;UPDATE;EDW All CCU;"REVOKE UPDATE ON ccu.d_sms_ipoteka_last2_18_01 FROM vatsvetkova;"
vatsvetkova;Цветкова Виктория Андреевна (Viktoriya Tsvetkova);ccu;d_sms_ipoteka_last2_18_01;DELETE;EDW All CCU;"REVOKE DELETE ON ccu.d_sms_ipoteka_last2_18_01 FROM vatsvetkova;"
vatsvetkova;Цветкова Виктория Андреевна (Viktoriya Tsvetkova);ccu;d_sms_ipoteka_last2_18_01;TRUNCATE;EDW All CCU;"REVOKE TRUNCATE ON ccu.d_sms_ipoteka_last2_18_01 FROM vatsvetkova;"
vatsvetkova;Цветкова Виктория Андреевна (Viktoriya Tsvetkova);ccu;d_sms_ipoteka_last2_18_01;REFERENCES;EDW All CCU;"REVOKE REFERENCES ON ccu.d_sms_ipoteka_last2_18_01 FROM vatsvetkova;"
vatsvetkova;Цветкова Виктория Андреевна (Viktoriya Tsvetkova);ccu;d_sms_ipoteka_last2_18_01;TRIGGER;EDW All CCU;"REVOKE TRIGGER ON ccu.d_sms_ipoteka_last2_18_01 FROM vatsvetkova;"
vatsvetkova;Цветкова Виктория Андреевна (Viktoriya Tsvetkova);ccu;d_sms_ipoteka_last2_15_01;INSERT;EDW All CCU;"REVOKE INSERT ON ccu.d_sms_ipoteka_last2_15_01 FROM vatsvetkova;"
vatsvetkova;Цветкова Виктория Андреевна (Viktoriya Tsvetkova);ccu;d_sms_ipoteka_last2_15_01;SELECT;EDW All CCU;"REVOKE SELECT ON ccu.d_sms_ipoteka_last2_15_01 FROM vatsvetkova;"
vatsvetkova;Цветкова Виктория Андреевна (Viktoriya Tsvetkova);ccu;d_sms_ipoteka_last2_15_01;UPDATE;EDW All CCU;"REVOKE UPDATE ON ccu.d_sms_ipoteka_last2_15_01 FROM vatsvetkova;"
vatsvetkova;Цветкова Виктория Андреевна (Viktoriya Tsvetkova);ccu;d_sms_ipoteka_last2_15_01;DELETE;EDW All CCU;"REVOKE DELETE ON ccu.d_sms_ipoteka_last2_15_01 FROM vatsvetkova;"
vatsvetkova;Цветкова Виктория Андреевна (Viktoriya Tsvetkova);ccu;d_sms_ipoteka_last2_15_01;TRUNCATE;EDW All CCU;"REVOKE TRUNCATE ON ccu.d_sms_ipoteka_last2_15_01 FROM vatsvetkova;"
vatsvetkova;Цветкова Виктория Андреевна (Viktoriya Tsvetkova);ccu;d_sms_ipoteka_last2_15_01;REFERENCES;EDW All CCU;"REVOKE REFERENCES ON ccu.d_sms_ipoteka_last2_15_01 FROM vatsvetkova;"
vatsvetkova;Цветкова Виктория Андреевна (Viktoriya Tsvetkova);ccu;d_sms_ipoteka_last2_15_01;TRIGGER;EDW All CCU;"REVOKE TRIGGER ON ccu.d_sms_ipoteka_last2_15_01 FROM vatsvetkova;"
vatsvetkova;Цветкова Виктория Андреевна (Viktoriya Tsvetkova);ccu;d_sms_ipoteka_last_12_01;INSERT;EDW All CCU;"REVOKE INSERT ON ccu.d_sms_ipoteka_last_12_01 FROM vatsvetkova;"
vatsvetkova;Цветкова Виктория Андреевна (Viktoriya Tsvetkova);ccu;d_sms_ipoteka_last_12_01;SELECT;EDW All CCU;"REVOKE SELECT ON ccu.d_sms_ipoteka_last_12_01 FROM vatsvetkova;"
vatsvetkova;Цветкова Виктория Андреевна (Viktoriya Tsvetkova);ccu;d_sms_ipoteka_last_12_01;UPDATE;EDW All CCU;"REVOKE UPDATE ON ccu.d_sms_ipoteka_last_12_01 FROM vatsvetkova;"
vatsvetkova;Цветкова Виктория Андреевна (Viktoriya Tsvetkova);ccu;d_sms_ipoteka_last_12_01;DELETE;EDW All CCU;"REVOKE DELETE ON ccu.d_sms_ipoteka_last_12_01 FROM vatsvetkova;"
vatsvetkova;Цветкова Виктория Андреевна (Viktoriya Tsvetkova);ccu;d_sms_ipoteka_last_12_01;TRUNCATE;EDW All CCU;"REVOKE TRUNCATE ON ccu.d_sms_ipoteka_last_12_01 FROM vatsvetkova;"
vatsvetkova;Цветкова Виктория Андреевна (Viktoriya Tsvetkova);ccu;d_sms_ipoteka_last_12_01;REFERENCES;EDW All CCU;"REVOKE REFERENCES ON ccu.d_sms_ipoteka_last_12_01 FROM vatsvetkova;"
vatsvetkova;Цветкова Виктория Андреевна (Viktoriya Tsvetkova);ccu;d_sms_ipoteka_last_12_01;TRIGGER;EDW All CCU;"REVOKE TRIGGER ON ccu.d_sms_ipoteka_last_12_01 FROM vatsvetkova;"
vatsvetkova;Цветкова Виктория Андреевна (Viktoriya Tsvetkova);ccu;d_sms_ipoteka_mail_15_01;INSERT;EDW All CCU;"REVOKE INSERT ON ccu.d_sms_ipoteka_mail_15_01 FROM vatsvetkova;"
vatsvetkova;Цветкова Виктория Андреевна (Viktoriya Tsvetkova);ccu;d_sms_ipoteka_mail_15_01;SELECT;EDW All CCU;"REVOKE SELECT ON ccu.d_sms_ipoteka_mail_15_01 FROM vatsvetkova;"
vatsvetkova;Цветкова Виктория Андреевна (Viktoriya Tsvetkova);ccu;d_sms_ipoteka_mail_15_01;UPDATE;EDW All CCU;"REVOKE UPDATE ON ccu.d_sms_ipoteka_mail_15_01 FROM vatsvetkova;"
vatsvetkova;Цветкова Виктория Андреевна (Viktoriya Tsvetkova);ccu;d_sms_ipoteka_mail_15_01;DELETE;EDW All CCU;"REVOKE DELETE ON ccu.d_sms_ipoteka_mail_15_01 FROM vatsvetkova;"
vatsvetkova;Цветкова Виктория Андреевна (Viktoriya Tsvetkova);ccu;d_sms_ipoteka_mail_15_01;TRUNCATE;EDW All CCU;"REVOKE TRUNCATE ON ccu.d_sms_ipoteka_mail_15_01 FROM vatsvetkova;"
vatsvetkova;Цветкова Виктория Андреевна (Viktoriya Tsvetkova);ccu;d_sms_ipoteka_mail_15_01;REFERENCES;EDW All CCU;"REVOKE REFERENCES ON ccu.d_sms_ipoteka_mail_15_01 FROM vatsvetkova;"
vatsvetkova;Цветкова Виктория Андреевна (Viktoriya Tsvetkova);ccu;d_sms_ipoteka_mail_15_01;TRIGGER;EDW All CCU;"REVOKE TRIGGER ON ccu.d_sms_ipoteka_mail_15_01 FROM vatsvetkova;"
vatsvetkova;Цветкова Виктория Андреевна (Viktoriya Tsvetkova);ccu;d_sms_ipoteka_mail_18_01;INSERT;EDW All CCU;"REVOKE INSERT ON ccu.d_sms_ipoteka_mail_18_01 FROM vatsvetkova;"
vatsvetkova;Цветкова Виктория Андреевна (Viktoriya Tsvetkova);ccu;d_sms_ipoteka_mail_18_01;SELECT;EDW All CCU;"REVOKE SELECT ON ccu.d_sms_ipoteka_mail_18_01 FROM vatsvetkova;"
vatsvetkova;Цветкова Виктория Андреевна (Viktoriya Tsvetkova);ccu;d_sms_ipoteka_mail_18_01;UPDATE;EDW All CCU;"REVOKE UPDATE ON ccu.d_sms_ipoteka_mail_18_01 FROM vatsvetkova;"
vatsvetkova;Цветкова Виктория Андреевна (Viktoriya Tsvetkova);ccu;d_sms_ipoteka_mail_18_01;DELETE;EDW All CCU;"REVOKE DELETE ON ccu.d_sms_ipoteka_mail_18_01 FROM vatsvetkova;"
vatsvetkova;Цветкова Виктория Андреевна (Viktoriya Tsvetkova);ccu;d_sms_ipoteka_mail_18_01;TRUNCATE;EDW All CCU;"REVOKE TRUNCATE ON ccu.d_sms_ipoteka_mail_18_01 FROM vatsvetkova;"
vatsvetkova;Цветкова Виктория Андреевна (Viktoriya Tsvetkova);ccu;d_sms_ipoteka_mail_18_01;REFERENCES;EDW All CCU;"REVOKE REFERENCES ON ccu.d_sms_ipoteka_mail_18_01 FROM vatsvetkova;"
vatsvetkova;Цветкова Виктория Андреевна (Viktoriya Tsvetkova);ccu;d_sms_ipoteka_mail_18_01;TRIGGER;EDW All CCU;"REVOKE TRIGGER ON ccu.d_sms_ipoteka_mail_18_01 FROM vatsvetkova;"
vatsvetkova;Цветкова Виктория Андреевна (Viktoriya Tsvetkova);ccu;d_sms_ok_last;INSERT;EDW All CCU;"REVOKE INSERT ON ccu.d_sms_ok_last FROM vatsvetkova;"
vatsvetkova;Цветкова Виктория Андреевна (Viktoriya Tsvetkova);ccu;d_sms_ok_last;SELECT;EDW All CCU;"REVOKE SELECT ON ccu.d_sms_ok_last FROM vatsvetkova;"
vatsvetkova;Цветкова Виктория Андреевна (Viktoriya Tsvetkova);ccu;d_sms_ok_last;UPDATE;EDW All CCU;"REVOKE UPDATE ON ccu.d_sms_ok_last FROM vatsvetkova;"
vatsvetkova;Цветкова Виктория Андреевна (Viktoriya Tsvetkova);ccu;d_sms_ok_last;DELETE;EDW All CCU;"REVOKE DELETE ON ccu.d_sms_ok_last FROM vatsvetkova;"
vatsvetkova;Цветкова Виктория Андреевна (Viktoriya Tsvetkova);ccu;d_sms_ok_last;TRUNCATE;EDW All CCU;"REVOKE TRUNCATE ON ccu.d_sms_ok_last FROM vatsvetkova;"
vatsvetkova;Цветкова Виктория Андреевна (Viktoriya Tsvetkova);ccu;d_sms_ok_last;REFERENCES;EDW All CCU;"REVOKE REFERENCES ON ccu.d_sms_ok_last FROM vatsvetkova;"
vatsvetkova;Цветкова Виктория Андреевна (Viktoriya Tsvetkova);ccu;d_sms_ok_last;TRIGGER;EDW All CCU;"REVOKE TRIGGER ON ccu.d_sms_ok_last FROM vatsvetkova;"
yvvorobev;Воробьев Юрий Владимирович (Yury Vorobev);cdm_analysis;list_vehicle_18463;SELECT;EDW All Cdm Analysis;"REVOKE SELECT ON cdm_analysis.list_vehicle_18463 FROM yvvorobev;"
evzubkov;Зубков Евгений Валентинович (Evgeniy Zubkov);core;segment;INSERT;EDW All Core;"REVOKE INSERT ON core.segment FROM evzubkov;"
evzubkov;Зубков Евгений Валентинович (Evgeniy Zubkov);core;segment;SELECT;EDW All Core;"REVOKE SELECT ON core.segment FROM evzubkov;"
evzubkov;Зубков Евгений Валентинович (Evgeniy Zubkov);core;segment;UPDATE;EDW All Core;"REVOKE UPDATE ON core.segment FROM evzubkov;"
evzubkov;Зубков Евгений Валентинович (Evgeniy Zubkov);core;segment;DELETE;EDW All Core;"REVOKE DELETE ON core.segment FROM evzubkov;"
evzubkov;Зубков Евгений Валентинович (Evgeniy Zubkov);core;segment;TRUNCATE;EDW All Core;"REVOKE TRUNCATE ON core.segment FROM evzubkov;"
evzubkov;Зубков Евгений Валентинович (Evgeniy Zubkov);core;segment;REFERENCES;EDW All Core;"REVOKE REFERENCES ON core.segment FROM evzubkov;"
evzubkov;Зубков Евгений Валентинович (Evgeniy Zubkov);core;segment;TRIGGER;EDW All Core;"REVOKE TRIGGER ON core.segment FROM evzubkov;"
alvreus;Реус Александр Валерьевич (Aleksandr Reus);core;segment;SELECT;EDW Read Core;"REVOKE SELECT ON core.segment FROM alvreus;"
vatsvetkova;Цветкова Виктория Андреевна (Viktoriya Tsvetkova);core;segment;SELECT;EDW Read Core;"REVOKE SELECT ON core.segment FROM vatsvetkova;"
mpmashin;Машин Максим Павлович (Maksim Mashin);core;segment;SELECT;EDW All Core;"REVOKE SELECT ON core.segment FROM mpmashin;"
evzubkov;Зубков Евгений Валентинович (Evgeniy Zubkov);core;claim_exposure;INSERT;EDW All Core;"REVOKE INSERT ON core.claim_exposure FROM evzubkov;"
evzubkov;Зубков Евгений Валентинович (Evgeniy Zubkov);core;claim_exposure;SELECT;EDW All Core;"REVOKE SELECT ON core.claim_exposure FROM evzubkov;"
evzubkov;Зубков Евгений Валентинович (Evgeniy Zubkov);core;claim_exposure;UPDATE;EDW All Core;"REVOKE UPDATE ON core.claim_exposure FROM evzubkov;"
evzubkov;Зубков Евгений Валентинович (Evgeniy Zubkov);core;claim_exposure;DELETE;EDW All Core;"REVOKE DELETE ON core.claim_exposure FROM evzubkov;"
evzubkov;Зубков Евгений Валентинович (Evgeniy Zubkov);core;claim_exposure;TRUNCATE;EDW All Core;"REVOKE TRUNCATE ON core.claim_exposure FROM evzubkov;"
evzubkov;Зубков Евгений Валентинович (Evgeniy Zubkov);core;claim_exposure;REFERENCES;EDW All Core;"REVOKE REFERENCES ON core.claim_exposure FROM evzubkov;"
evzubkov;Зубков Евгений Валентинович (Evgeniy Zubkov);core;claim_exposure;TRIGGER;EDW All Core;"REVOKE TRIGGER ON core.claim_exposure FROM evzubkov;"
alvreus;Реус Александр Валерьевич (Aleksandr Reus);core;claim_exposure;SELECT;EDW Read Core;"REVOKE SELECT ON core.claim_exposure FROM alvreus;"
vatsvetkova;Цветкова Виктория Андреевна (Viktoriya Tsvetkova);core;claim_exposure;SELECT;EDW Read Core;"REVOKE SELECT ON core.claim_exposure FROM vatsvetkova;"
mpmashin;Машин Максим Павлович (Maksim Mashin);core;claim_exposure;SELECT;EDW All Core;"REVOKE SELECT ON core.claim_exposure FROM mpmashin;"
vatsvetkova;Цветкова Виктория Андреевна (Viktoriya Tsvetkova);kias_dm;load_agrsum;INSERT;EDW All Kias DM;"REVOKE INSERT ON kias_dm.load_agrsum FROM vatsvetkova;"
vatsvetkova;Цветкова Виктория Андреевна (Viktoriya Tsvetkova);kias_dm;load_agrsum;SELECT;EDW All Kias DM;"REVOKE SELECT ON kias_dm.load_agrsum FROM vatsvetkova;"
vatsvetkova;Цветкова Виктория Андреевна (Viktoriya Tsvetkova);kias_dm;load_agrsum;UPDATE;EDW All Kias DM;"REVOKE UPDATE ON kias_dm.load_agrsum FROM vatsvetkova;"
vatsvetkova;Цветкова Виктория Андреевна (Viktoriya Tsvetkova);kias_dm;load_agrsum;DELETE;EDW All Kias DM;"REVOKE DELETE ON kias_dm.load_agrsum FROM vatsvetkova;"
vatsvetkova;Цветкова Виктория Андреевна (Viktoriya Tsvetkova);kias_dm;load_agrsum;TRUNCATE;EDW All Kias DM;"REVOKE TRUNCATE ON kias_dm.load_agrsum FROM vatsvetkova;"
vatsvetkova;Цветкова Виктория Андреевна (Viktoriya Tsvetkova);kias_dm;load_agrsum;REFERENCES;EDW All Kias DM;"REVOKE REFERENCES ON kias_dm.load_agrsum FROM vatsvetkova;"
vatsvetkova;Цветкова Виктория Андреевна (Viktoriya Tsvetkova);kias_dm;load_agrsum;TRIGGER;EDW All Kias DM;"REVOKE TRIGGER ON kias_dm.load_agrsum FROM vatsvetkova;"
alvreus;Реус Александр Валерьевич (Aleksandr Reus);kias_dm;load_agrsum;INSERT;EDW All Kias DM;"REVOKE INSERT ON kias_dm.load_agrsum FROM alvreus;"
alvreus;Реус Александр Валерьевич (Aleksandr Reus);kias_dm;load_agrsum;SELECT;EDW All Kias DM;"REVOKE SELECT ON kias_dm.load_agrsum FROM alvreus;"
alvreus;Реус Александр Валерьевич (Aleksandr Reus);kias_dm;load_agrsum;UPDATE;EDW All Kias DM;"REVOKE UPDATE ON kias_dm.load_agrsum FROM alvreus;"
alvreus;Реус Александр Валерьевич (Aleksandr Reus);kias_dm;load_agrsum;DELETE;EDW All Kias DM;"REVOKE DELETE ON kias_dm.load_agrsum FROM alvreus;"
alvreus;Реус Александр Валерьевич (Aleksandr Reus);kias_dm;load_agrsum;TRUNCATE;EDW All Kias DM;"REVOKE TRUNCATE ON kias_dm.load_agrsum FROM alvreus;"
alvreus;Реус Александр Валерьевич (Aleksandr Reus);kias_dm;load_agrsum;REFERENCES;EDW All Kias DM;"REVOKE REFERENCES ON kias_dm.load_agrsum FROM alvreus;"
alvreus;Реус Александр Валерьевич (Aleksandr Reus);kias_dm;load_agrsum;TRIGGER;EDW All Kias DM;"REVOKE TRIGGER ON kias_dm.load_agrsum FROM alvreus;"
mpmashin;Машин Максим Павлович (Maksim Mashin);kias_dm;load_agrsum;INSERT;EDW All Kias DM;"REVOKE INSERT ON kias_dm.load_agrsum FROM mpmashin;"
mpmashin;Машин Максим Павлович (Maksim Mashin);kias_dm;load_agrsum;SELECT;EDW All Kias DM;"REVOKE SELECT ON kias_dm.load_agrsum FROM mpmashin;"
mpmashin;Машин Максим Павлович (Maksim Mashin);kias_dm;load_agrsum;UPDATE;EDW All Kias DM;"REVOKE UPDATE ON kias_dm.load_agrsum FROM mpmashin;"
mpmashin;Машин Максим Павлович (Maksim Mashin);kias_dm;load_agrsum;DELETE;EDW All Kias DM;"REVOKE DELETE ON kias_dm.load_agrsum FROM mpmashin;"
mpmashin;Машин Максим Павлович (Maksim Mashin);kias_dm;load_agrsum;TRUNCATE;EDW All Kias DM;"REVOKE TRUNCATE ON kias_dm.load_agrsum FROM mpmashin;"
mpmashin;Машин Максим Павлович (Maksim Mashin);kias_dm;load_agrsum;REFERENCES;EDW All Kias DM;"REVOKE REFERENCES ON kias_dm.load_agrsum FROM mpmashin;"
mpmashin;Машин Максим Павлович (Maksim Mashin);kias_dm;load_agrsum;TRIGGER;EDW All Kias DM;"REVOKE TRIGGER ON kias_dm.load_agrsum FROM mpmashin;"
evzubkov;Зубков Евгений Валентинович (Evgeniy Zubkov);core;claim_policy;INSERT;EDW All Core;"REVOKE INSERT ON core.claim_policy FROM evzubkov;"
evzubkov;Зубков Евгений Валентинович (Evgeniy Zubkov);core;claim_policy;SELECT;EDW All Core;"REVOKE SELECT ON core.claim_policy FROM evzubkov;"
evzubkov;Зубков Евгений Валентинович (Evgeniy Zubkov);core;claim_policy;UPDATE;EDW All Core;"REVOKE UPDATE ON core.claim_policy FROM evzubkov;"
evzubkov;Зубков Евгений Валентинович (Evgeniy Zubkov);core;claim_policy;DELETE;EDW All Core;"REVOKE DELETE ON core.claim_policy FROM evzubkov;"
evzubkov;Зубков Евгений Валентинович (Evgeniy Zubkov);core;claim_policy;TRUNCATE;EDW All Core;"REVOKE TRUNCATE ON core.claim_policy FROM evzubkov;"
evzubkov;Зубков Евгений Валентинович (Evgeniy Zubkov);core;claim_policy;REFERENCES;EDW All Core;"REVOKE REFERENCES ON core.claim_policy FROM evzubkov;"
evzubkov;Зубков Евгений Валентинович (Evgeniy Zubkov);core;claim_policy;TRIGGER;EDW All Core;"REVOKE TRIGGER ON core.claim_policy FROM evzubkov;"
alvreus;Реус Александр Валерьевич (Aleksandr Reus);core;claim_policy;SELECT;EDW Read Core;"REVOKE SELECT ON core.claim_policy FROM alvreus;"
vatsvetkova;Цветкова Виктория Андреевна (Viktoriya Tsvetkova);core;claim_policy;SELECT;EDW Read Core;"REVOKE SELECT ON core.claim_policy FROM vatsvetkova;"
mpmashin;Машин Максим Павлович (Maksim Mashin);core;claim_policy;SELECT;EDW All Core;"REVOKE SELECT ON core.claim_policy FROM mpmashin;"
vatsvetkova;Цветкова Виктория Андреевна (Viktoriya Tsvetkova);aiszhl;jb_log;INSERT;EDW All AISZHL;"REVOKE INSERT ON aiszhl.jb_log FROM vatsvetkova;"
vatsvetkova;Цветкова Виктория Андреевна (Viktoriya Tsvetkova);aiszhl;jb_log;SELECT;EDW All AISZHL;"REVOKE SELECT ON aiszhl.jb_log FROM vatsvetkova;"
vatsvetkova;Цветкова Виктория Андреевна (Viktoriya Tsvetkova);aiszhl;jb_log;UPDATE;EDW All AISZHL;"REVOKE UPDATE ON aiszhl.jb_log FROM vatsvetkova;"
vatsvetkova;Цветкова Виктория Андреевна (Viktoriya Tsvetkova);aiszhl;jb_log;DELETE;EDW All AISZHL;"REVOKE DELETE ON aiszhl.jb_log FROM vatsvetkova;"
vatsvetkova;Цветкова Виктория Андреевна (Viktoriya Tsvetkova);aiszhl;jb_log;TRUNCATE;EDW All AISZHL;"REVOKE TRUNCATE ON aiszhl.jb_log FROM vatsvetkova;"
vatsvetkova;Цветкова Виктория Андреевна (Viktoriya Tsvetkova);aiszhl;jb_log;REFERENCES;EDW All AISZHL;"REVOKE REFERENCES ON aiszhl.jb_log FROM vatsvetkova;"
vatsvetkova;Цветкова Виктория Андреевна (Viktoriya Tsvetkova);aiszhl;jb_log;TRIGGER;EDW All AISZHL;"REVOKE TRIGGER ON aiszhl.jb_log FROM vatsvetkova;"
alvreus;Реус Александр Валерьевич (Aleksandr Reus);aiszhl;jb_log;INSERT;EDW All AISZHL;"REVOKE INSERT ON aiszhl.jb_log FROM alvreus;"
alvreus;Реус Александр Валерьевич (Aleksandr Reus);aiszhl;jb_log;SELECT;EDW All AISZHL;"REVOKE SELECT ON aiszhl.jb_log FROM alvreus;"
alvreus;Реус Александр Валерьевич (Aleksandr Reus);aiszhl;jb_log;UPDATE;EDW All AISZHL;"REVOKE UPDATE ON aiszhl.jb_log FROM alvreus;"
alvreus;Реус Александр Валерьевич (Aleksandr Reus);aiszhl;jb_log;DELETE;EDW All AISZHL;"REVOKE DELETE ON aiszhl.jb_log FROM alvreus;"
alvreus;Реус Александр Валерьевич (Aleksandr Reus);aiszhl;jb_log;TRUNCATE;EDW All AISZHL;"REVOKE TRUNCATE ON aiszhl.jb_log FROM alvreus;"
alvreus;Реус Александр Валерьевич (Aleksandr Reus);aiszhl;jb_log;REFERENCES;EDW All AISZHL;"REVOKE REFERENCES ON aiszhl.jb_log FROM alvreus;"
alvreus;Реус Александр Валерьевич (Aleksandr Reus);aiszhl;jb_log;TRIGGER;EDW All AISZHL;"REVOKE TRIGGER ON aiszhl.jb_log FROM alvreus;"
mpmashin;Машин Максим Павлович (Maksim Mashin);aiszhl;jb_log;INSERT;EDW All AISZHL;"REVOKE INSERT ON aiszhl.jb_log FROM mpmashin;"
mpmashin;Машин Максим Павлович (Maksim Mashin);aiszhl;jb_log;SELECT;EDW All AISZHL;"REVOKE SELECT ON aiszhl.jb_log FROM mpmashin;"
mpmashin;Машин Максим Павлович (Maksim Mashin);aiszhl;jb_log;UPDATE;EDW All AISZHL;"REVOKE UPDATE ON aiszhl.jb_log FROM mpmashin;"
mpmashin;Машин Максим Павлович (Maksim Mashin);aiszhl;jb_log;DELETE;EDW All AISZHL;"REVOKE DELETE ON aiszhl.jb_log FROM mpmashin;"
mpmashin;Машин Максим Павлович (Maksim Mashin);aiszhl;jb_log;TRUNCATE;EDW All AISZHL;"REVOKE TRUNCATE ON aiszhl.jb_log FROM mpmashin;"
mpmashin;Машин Максим Павлович (Maksim Mashin);aiszhl;jb_log;REFERENCES;EDW All AISZHL;"REVOKE REFERENCES ON aiszhl.jb_log FROM mpmashin;"
mpmashin;Машин Максим Павлович (Maksim Mashin);aiszhl;jb_log;TRIGGER;EDW All AISZHL;"REVOKE TRIGGER ON aiszhl.jb_log FROM mpmashin;"
alvreus;Реус Александр Валерьевич (Aleksandr Reus);core;contract_add;SELECT;EDW Read Core;"REVOKE SELECT ON core.contract_add FROM alvreus;"
mpmashin;Машин Максим Павлович (Maksim Mashin);core;contract_add;SELECT;EDW All Core;"REVOKE SELECT ON core.contract_add FROM mpmashin;"
vatsvetkova;Цветкова Виктория Андреевна (Viktoriya Tsvetkova);core;contract_add;SELECT;EDW Read Core;"REVOKE SELECT ON core.contract_add FROM vatsvetkova;"
aisadilov;Садилов Антон Игоревич (Anton Sadilov);aiszhl;dct_risk;SELECT;EDW Read AISZHL;"REVOKE SELECT ON aiszhl.dct_risk FROM aisadilov;"
vatsvetkova;Цветкова Виктория Андреевна (Viktoriya Tsvetkova);aiszhl;dct_risk;INSERT;EDW All AISZHL;"REVOKE INSERT ON aiszhl.dct_risk FROM vatsvetkova;"
vatsvetkova;Цветкова Виктория Андреевна (Viktoriya Tsvetkova);aiszhl;dct_risk;SELECT;EDW All AISZHL;"REVOKE SELECT ON aiszhl.dct_risk FROM vatsvetkova;"
vatsvetkova;Цветкова Виктория Андреевна (Viktoriya Tsvetkova);aiszhl;dct_risk;UPDATE;EDW All AISZHL;"REVOKE UPDATE ON aiszhl.dct_risk FROM vatsvetkova;"
vatsvetkova;Цветкова Виктория Андреевна (Viktoriya Tsvetkova);aiszhl;dct_risk;DELETE;EDW All AISZHL;"REVOKE DELETE ON aiszhl.dct_risk FROM vatsvetkova;"
vatsvetkova;Цветкова Виктория Андреевна (Viktoriya Tsvetkova);aiszhl;dct_risk;TRUNCATE;EDW All AISZHL;"REVOKE TRUNCATE ON aiszhl.dct_risk FROM vatsvetkova;"
vatsvetkova;Цветкова Виктория Андреевна (Viktoriya Tsvetkova);aiszhl;dct_risk;REFERENCES;EDW All AISZHL;"REVOKE REFERENCES ON aiszhl.dct_risk FROM vatsvetkova;"
vatsvetkova;Цветкова Виктория Андреевна (Viktoriya Tsvetkova);aiszhl;dct_risk;TRIGGER;EDW All AISZHL;"REVOKE TRIGGER ON aiszhl.dct_risk FROM vatsvetkova;"
alvreus;Реус Александр Валерьевич (Aleksandr Reus);aiszhl;dct_risk;INSERT;EDW All AISZHL;"REVOKE INSERT ON aiszhl.dct_risk FROM alvreus;"
alvreus;Реус Александр Валерьевич (Aleksandr Reus);aiszhl;dct_risk;SELECT;EDW All AISZHL;"REVOKE SELECT ON aiszhl.dct_risk FROM alvreus;"
alvreus;Реус Александр Валерьевич (Aleksandr Reus);aiszhl;dct_risk;UPDATE;EDW All AISZHL;"REVOKE UPDATE ON aiszhl.dct_risk FROM alvreus;"
alvreus;Реус Александр Валерьевич (Aleksandr Reus);aiszhl;dct_risk;DELETE;EDW All AISZHL;"REVOKE DELETE ON aiszhl.dct_risk FROM alvreus;"
alvreus;Реус Александр Валерьевич (Aleksandr Reus);aiszhl;dct_risk;TRUNCATE;EDW All AISZHL;"REVOKE TRUNCATE ON aiszhl.dct_risk FROM alvreus;"
alvreus;Реус Александр Валерьевич (Aleksandr Reus);aiszhl;dct_risk;REFERENCES;EDW All AISZHL;"REVOKE REFERENCES ON aiszhl.dct_risk FROM alvreus;"
alvreus;Реус Александр Валерьевич (Aleksandr Reus);aiszhl;dct_risk;TRIGGER;EDW All AISZHL;"REVOKE TRIGGER ON aiszhl.dct_risk FROM alvreus;"
mpmashin;Машин Максим Павлович (Maksim Mashin);aiszhl;dct_risk;INSERT;EDW All AISZHL;"REVOKE INSERT ON aiszhl.dct_risk FROM mpmashin;"
mpmashin;Машин Максим Павлович (Maksim Mashin);aiszhl;dct_risk;SELECT;EDW All AISZHL;"REVOKE SELECT ON aiszhl.dct_risk FROM mpmashin;"
mpmashin;Машин Максим Павлович (Maksim Mashin);aiszhl;dct_risk;UPDATE;EDW All AISZHL;"REVOKE UPDATE ON aiszhl.dct_risk FROM mpmashin;"
mpmashin;Машин Максим Павлович (Maksim Mashin);aiszhl;dct_risk;DELETE;EDW All AISZHL;"REVOKE DELETE ON aiszhl.dct_risk FROM mpmashin;"
mpmashin;Машин Максим Павлович (Maksim Mashin);aiszhl;dct_risk;TRUNCATE;EDW All AISZHL;"REVOKE TRUNCATE ON aiszhl.dct_risk FROM mpmashin;"
mpmashin;Машин Максим Павлович (Maksim Mashin);aiszhl;dct_risk;REFERENCES;EDW All AISZHL;"REVOKE REFERENCES ON aiszhl.dct_risk FROM mpmashin;"
mpmashin;Машин Максим Павлович (Maksim Mashin);aiszhl;dct_risk;TRIGGER;EDW All AISZHL;"REVOKE TRIGGER ON aiszhl.dct_risk FROM mpmashin;"
aabazaev;Базаев Алексей Александрович (Aleksey Bazaev);cdm_analysis_out;debt_contracts_tmp;SELECT;EDW Read Cdm Analysis Out;"REVOKE SELECT ON cdm_analysis_out.debt_contracts_tmp FROM aabazaev;"
aabazaev;Базаев Алексей Александрович (Aleksey Bazaev);cdm_analysis_out;payment_risk_long_tmp;SELECT;EDW Read Cdm Analysis Out;"REVOKE SELECT ON cdm_analysis_out.payment_risk_long_tmp FROM aabazaev;"
mpmashin;Машин Максим Павлович (Maksim Mashin);property;gdi_tmp_osago_not_in_dmkasko2;INSERT;EDW All Property;"REVOKE INSERT ON property.gdi_tmp_osago_not_in_dmkasko2 FROM mpmashin;"
mpmashin;Машин Максим Павлович (Maksim Mashin);property;gdi_tmp_osago_not_in_dmkasko2;SELECT;EDW All Property;"REVOKE SELECT ON property.gdi_tmp_osago_not_in_dmkasko2 FROM mpmashin;"
mpmashin;Машин Максим Павлович (Maksim Mashin);property;gdi_tmp_osago_not_in_dmkasko2;UPDATE;EDW All Property;"REVOKE UPDATE ON property.gdi_tmp_osago_not_in_dmkasko2 FROM mpmashin;"
mpmashin;Машин Максим Павлович (Maksim Mashin);property;gdi_tmp_osago_not_in_dmkasko2;DELETE;EDW All Property;"REVOKE DELETE ON property.gdi_tmp_osago_not_in_dmkasko2 FROM mpmashin;"
mpmashin;Машин Максим Павлович (Maksim Mashin);property;gdi_tmp_osago_not_in_dmkasko2;TRUNCATE;EDW All Property;"REVOKE TRUNCATE ON property.gdi_tmp_osago_not_in_dmkasko2 FROM mpmashin;"
mpmashin;Машин Максим Павлович (Maksim Mashin);property;gdi_tmp_osago_not_in_dmkasko2;REFERENCES;EDW All Property;"REVOKE REFERENCES ON property.gdi_tmp_osago_not_in_dmkasko2 FROM mpmashin;"
mpmashin;Машин Максим Павлович (Maksim Mashin);property;gdi_tmp_osago_not_in_dmkasko2;TRIGGER;EDW All Property;"REVOKE TRIGGER ON property.gdi_tmp_osago_not_in_dmkasko2 FROM mpmashin;"
evzubkov;Зубков Евгений Валентинович (Evgeniy Zubkov);core;loading_stats;INSERT;EDW All Core;"REVOKE INSERT ON core.loading_stats FROM evzubkov;"
evzubkov;Зубков Евгений Валентинович (Evgeniy Zubkov);core;loading_stats;SELECT;EDW All Core;"REVOKE SELECT ON core.loading_stats FROM evzubkov;"
evzubkov;Зубков Евгений Валентинович (Evgeniy Zubkov);core;loading_stats;UPDATE;EDW All Core;"REVOKE UPDATE ON core.loading_stats FROM evzubkov;"
evzubkov;Зубков Евгений Валентинович (Evgeniy Zubkov);core;loading_stats;DELETE;EDW All Core;"REVOKE DELETE ON core.loading_stats FROM evzubkov;"
evzubkov;Зубков Евгений Валентинович (Evgeniy Zubkov);core;loading_stats;TRUNCATE;EDW All Core;"REVOKE TRUNCATE ON core.loading_stats FROM evzubkov;"
evzubkov;Зубков Евгений Валентинович (Evgeniy Zubkov);core;loading_stats;REFERENCES;EDW All Core;"REVOKE REFERENCES ON core.loading_stats FROM evzubkov;"
evzubkov;Зубков Евгений Валентинович (Evgeniy Zubkov);core;loading_stats;TRIGGER;EDW All Core;"REVOKE TRIGGER ON core.loading_stats FROM evzubkov;"
alvreus;Реус Александр Валерьевич (Aleksandr Reus);core;loading_stats;SELECT;EDW Read Core;"REVOKE SELECT ON core.loading_stats FROM alvreus;"
vatsvetkova;Цветкова Виктория Андреевна (Viktoriya Tsvetkova);core;loading_stats;SELECT;EDW Read Core;"REVOKE SELECT ON core.loading_stats FROM vatsvetkova;"
mpmashin;Машин Максим Павлович (Maksim Mashin);core;loading_stats;SELECT;EDW All Core;"REVOKE SELECT ON core.loading_stats FROM mpmashin;"
aisadilov;Садилов Антон Игоревич (Anton Sadilov);aiszhl;zhl_request_addendum;SELECT;EDW Read AISZHL;"REVOKE SELECT ON aiszhl.zhl_request_addendum FROM aisadilov;"
vatsvetkova;Цветкова Виктория Андреевна (Viktoriya Tsvetkova);aiszhl;zhl_request_addendum;INSERT;EDW All AISZHL;"REVOKE INSERT ON aiszhl.zhl_request_addendum FROM vatsvetkova;"
vatsvetkova;Цветкова Виктория Андреевна (Viktoriya Tsvetkova);aiszhl;zhl_request_addendum;SELECT;EDW All AISZHL;"REVOKE SELECT ON aiszhl.zhl_request_addendum FROM vatsvetkova;"
vatsvetkova;Цветкова Виктория Андреевна (Viktoriya Tsvetkova);aiszhl;zhl_request_addendum;UPDATE;EDW All AISZHL;"REVOKE UPDATE ON aiszhl.zhl_request_addendum FROM vatsvetkova;"
vatsvetkova;Цветкова Виктория Андреевна (Viktoriya Tsvetkova);aiszhl;zhl_request_addendum;DELETE;EDW All AISZHL;"REVOKE DELETE ON aiszhl.zhl_request_addendum FROM vatsvetkova;"
vatsvetkova;Цветкова Виктория Андреевна (Viktoriya Tsvetkova);aiszhl;zhl_request_addendum;TRUNCATE;EDW All AISZHL;"REVOKE TRUNCATE ON aiszhl.zhl_request_addendum FROM vatsvetkova;"
vatsvetkova;Цветкова Виктория Андреевна (Viktoriya Tsvetkova);aiszhl;zhl_request_addendum;REFERENCES;EDW All AISZHL;"REVOKE REFERENCES ON aiszhl.zhl_request_addendum FROM vatsvetkova;"
vatsvetkova;Цветкова Виктория Андреевна (Viktoriya Tsvetkova);aiszhl;zhl_request_addendum;TRIGGER;EDW All AISZHL;"REVOKE TRIGGER ON aiszhl.zhl_request_addendum FROM vatsvetkova;"
alvreus;Реус Александр Валерьевич (Aleksandr Reus);aiszhl;zhl_request_addendum;INSERT;EDW All AISZHL;"REVOKE INSERT ON aiszhl.zhl_request_addendum FROM alvreus;"
alvreus;Реус Александр Валерьевич (Aleksandr Reus);aiszhl;zhl_request_addendum;SELECT;EDW All AISZHL;"REVOKE SELECT ON aiszhl.zhl_request_addendum FROM alvreus;"
alvreus;Реус Александр Валерьевич (Aleksandr Reus);aiszhl;zhl_request_addendum;UPDATE;EDW All AISZHL;"REVOKE UPDATE ON aiszhl.zhl_request_addendum FROM alvreus;"
alvreus;Реус Александр Валерьевич (Aleksandr Reus);aiszhl;zhl_request_addendum;DELETE;EDW All AISZHL;"REVOKE DELETE ON aiszhl.zhl_request_addendum FROM alvreus;"
alvreus;Реус Александр Валерьевич (Aleksandr Reus);aiszhl;zhl_request_addendum;TRUNCATE;EDW All AISZHL;"REVOKE TRUNCATE ON aiszhl.zhl_request_addendum FROM alvreus;"
alvreus;Реус Александр Валерьевич (Aleksandr Reus);aiszhl;zhl_request_addendum;REFERENCES;EDW All AISZHL;"REVOKE REFERENCES ON aiszhl.zhl_request_addendum FROM alvreus;"
alvreus;Реус Александр Валерьевич (Aleksandr Reus);aiszhl;zhl_request_addendum;TRIGGER;EDW All AISZHL;"REVOKE TRIGGER ON aiszhl.zhl_request_addendum FROM alvreus;"
mpmashin;Машин Максим Павлович (Maksim Mashin);aiszhl;zhl_request_addendum;INSERT;EDW All AISZHL;"REVOKE INSERT ON aiszhl.zhl_request_addendum FROM mpmashin;"
mpmashin;Машин Максим Павлович (Maksim Mashin);aiszhl;zhl_request_addendum;SELECT;EDW All AISZHL;"REVOKE SELECT ON aiszhl.zhl_request_addendum FROM mpmashin;"
mpmashin;Машин Максим Павлович (Maksim Mashin);aiszhl;zhl_request_addendum;UPDATE;EDW All AISZHL;"REVOKE UPDATE ON aiszhl.zhl_request_addendum FROM mpmashin;"
mpmashin;Машин Максим Павлович (Maksim Mashin);aiszhl;zhl_request_addendum;DELETE;EDW All AISZHL;"REVOKE DELETE ON aiszhl.zhl_request_addendum FROM mpmashin;"
mpmashin;Машин Максим Павлович (Maksim Mashin);aiszhl;zhl_request_addendum;TRUNCATE;EDW All AISZHL;"REVOKE TRUNCATE ON aiszhl.zhl_request_addendum FROM mpmashin;"
mpmashin;Машин Максим Павлович (Maksim Mashin);aiszhl;zhl_request_addendum;REFERENCES;EDW All AISZHL;"REVOKE REFERENCES ON aiszhl.zhl_request_addendum FROM mpmashin;"
mpmashin;Машин Максим Павлович (Maksim Mashin);aiszhl;zhl_request_addendum;TRIGGER;EDW All AISZHL;"REVOKE TRIGGER ON aiszhl.zhl_request_addendum FROM mpmashin;"
aisadilov;Садилов Антон Игоревич (Anton Sadilov);aiszhl;zhl_request_addendum_risk;SELECT;EDW Read AISZHL;"REVOKE SELECT ON aiszhl.zhl_request_addendum_risk FROM aisadilov;"
vatsvetkova;Цветкова Виктория Андреевна (Viktoriya Tsvetkova);aiszhl;zhl_request_addendum_risk;INSERT;EDW All AISZHL;"REVOKE INSERT ON aiszhl.zhl_request_addendum_risk FROM vatsvetkova;"
vatsvetkova;Цветкова Виктория Андреевна (Viktoriya Tsvetkova);aiszhl;zhl_request_addendum_risk;SELECT;EDW All AISZHL;"REVOKE SELECT ON aiszhl.zhl_request_addendum_risk FROM vatsvetkova;"
vatsvetkova;Цветкова Виктория Андреевна (Viktoriya Tsvetkova);aiszhl;zhl_request_addendum_risk;UPDATE;EDW All AISZHL;"REVOKE UPDATE ON aiszhl.zhl_request_addendum_risk FROM vatsvetkova;"
vatsvetkova;Цветкова Виктория Андреевна (Viktoriya Tsvetkova);aiszhl;zhl_request_addendum_risk;DELETE;EDW All AISZHL;"REVOKE DELETE ON aiszhl.zhl_request_addendum_risk FROM vatsvetkova;"
vatsvetkova;Цветкова Виктория Андреевна (Viktoriya Tsvetkova);aiszhl;zhl_request_addendum_risk;TRUNCATE;EDW All AISZHL;"REVOKE TRUNCATE ON aiszhl.zhl_request_addendum_risk FROM vatsvetkova;"
vatsvetkova;Цветкова Виктория Андреевна (Viktoriya Tsvetkova);aiszhl;zhl_request_addendum_risk;REFERENCES;EDW All AISZHL;"REVOKE REFERENCES ON aiszhl.zhl_request_addendum_risk FROM vatsvetkova;"
vatsvetkova;Цветкова Виктория Андреевна (Viktoriya Tsvetkova);aiszhl;zhl_request_addendum_risk;TRIGGER;EDW All AISZHL;"REVOKE TRIGGER ON aiszhl.zhl_request_addendum_risk FROM vatsvetkova;"
alvreus;Реус Александр Валерьевич (Aleksandr Reus);aiszhl;zhl_request_addendum_risk;INSERT;EDW All AISZHL;"REVOKE INSERT ON aiszhl.zhl_request_addendum_risk FROM alvreus;"
alvreus;Реус Александр Валерьевич (Aleksandr Reus);aiszhl;zhl_request_addendum_risk;SELECT;EDW All AISZHL;"REVOKE SELECT ON aiszhl.zhl_request_addendum_risk FROM alvreus;"
alvreus;Реус Александр Валерьевич (Aleksandr Reus);aiszhl;zhl_request_addendum_risk;UPDATE;EDW All AISZHL;"REVOKE UPDATE ON aiszhl.zhl_request_addendum_risk FROM alvreus;"
alvreus;Реус Александр Валерьевич (Aleksandr Reus);aiszhl;zhl_request_addendum_risk;DELETE;EDW All AISZHL;"REVOKE DELETE ON aiszhl.zhl_request_addendum_risk FROM alvreus;"
alvreus;Реус Александр Валерьевич (Aleksandr Reus);aiszhl;zhl_request_addendum_risk;TRUNCATE;EDW All AISZHL;"REVOKE TRUNCATE ON aiszhl.zhl_request_addendum_risk FROM alvreus;"
alvreus;Реус Александр Валерьевич (Aleksandr Reus);aiszhl;zhl_request_addendum_risk;REFERENCES;EDW All AISZHL;"REVOKE REFERENCES ON aiszhl.zhl_request_addendum_risk FROM alvreus;"
alvreus;Реус Александр Валерьевич (Aleksandr Reus);aiszhl;zhl_request_addendum_risk;TRIGGER;EDW All AISZHL;"REVOKE TRIGGER ON aiszhl.zhl_request_addendum_risk FROM alvreus;"
mpmashin;Машин Максим Павлович (Maksim Mashin);aiszhl;zhl_request_addendum_risk;INSERT;EDW All AISZHL;"REVOKE INSERT ON aiszhl.zhl_request_addendum_risk FROM mpmashin;"
mpmashin;Машин Максим Павлович (Maksim Mashin);aiszhl;zhl_request_addendum_risk;SELECT;EDW All AISZHL;"REVOKE SELECT ON aiszhl.zhl_request_addendum_risk FROM mpmashin;"
mpmashin;Машин Максим Павлович (Maksim Mashin);aiszhl;zhl_request_addendum_risk;UPDATE;EDW All AISZHL;"REVOKE UPDATE ON aiszhl.zhl_request_addendum_risk FROM mpmashin;"
mpmashin;Машин Максим Павлович (Maksim Mashin);aiszhl;zhl_request_addendum_risk;DELETE;EDW All AISZHL;"REVOKE DELETE ON aiszhl.zhl_request_addendum_risk FROM mpmashin;"
mpmashin;Машин Максим Павлович (Maksim Mashin);aiszhl;zhl_request_addendum_risk;TRUNCATE;EDW All AISZHL;"REVOKE TRUNCATE ON aiszhl.zhl_request_addendum_risk FROM mpmashin;"
mpmashin;Машин Максим Павлович (Maksim Mashin);aiszhl;zhl_request_addendum_risk;REFERENCES;EDW All AISZHL;"REVOKE REFERENCES ON aiszhl.zhl_request_addendum_risk FROM mpmashin;"
mpmashin;Машин Максим Павлович (Maksim Mashin);aiszhl;zhl_request_addendum_risk;TRIGGER;EDW All AISZHL;"REVOKE TRIGGER ON aiszhl.zhl_request_addendum_risk FROM mpmashin;"
aisadilov;Садилов Антон Игоревич (Anton Sadilov);aiszhl;zhl_request_payment;SELECT;EDW Read AISZHL;"REVOKE SELECT ON aiszhl.zhl_request_payment FROM aisadilov;"
vatsvetkova;Цветкова Виктория Андреевна (Viktoriya Tsvetkova);aiszhl;zhl_request_payment;INSERT;EDW All AISZHL;"REVOKE INSERT ON aiszhl.zhl_request_payment FROM vatsvetkova;"
vatsvetkova;Цветкова Виктория Андреевна (Viktoriya Tsvetkova);aiszhl;zhl_request_payment;SELECT;EDW All AISZHL;"REVOKE SELECT ON aiszhl.zhl_request_payment FROM vatsvetkova;"
vatsvetkova;Цветкова Виктория Андреевна (Viktoriya Tsvetkova);aiszhl;zhl_request_payment;UPDATE;EDW All AISZHL;"REVOKE UPDATE ON aiszhl.zhl_request_payment FROM vatsvetkova;"
vatsvetkova;Цветкова Виктория Андреевна (Viktoriya Tsvetkova);aiszhl;zhl_request_payment;DELETE;EDW All AISZHL;"REVOKE DELETE ON aiszhl.zhl_request_payment FROM vatsvetkova;"
vatsvetkova;Цветкова Виктория Андреевна (Viktoriya Tsvetkova);aiszhl;zhl_request_payment;TRUNCATE;EDW All AISZHL;"REVOKE TRUNCATE ON aiszhl.zhl_request_payment FROM vatsvetkova;"
vatsvetkova;Цветкова Виктория Андреевна (Viktoriya Tsvetkova);aiszhl;zhl_request_payment;REFERENCES;EDW All AISZHL;"REVOKE REFERENCES ON aiszhl.zhl_request_payment FROM vatsvetkova;"
vatsvetkova;Цветкова Виктория Андреевна (Viktoriya Tsvetkova);aiszhl;zhl_request_payment;TRIGGER;EDW All AISZHL;"REVOKE TRIGGER ON aiszhl.zhl_request_payment FROM vatsvetkova;"
alvreus;Реус Александр Валерьевич (Aleksandr Reus);aiszhl;zhl_request_payment;INSERT;EDW All AISZHL;"REVOKE INSERT ON aiszhl.zhl_request_payment FROM alvreus;"
alvreus;Реус Александр Валерьевич (Aleksandr Reus);aiszhl;zhl_request_payment;SELECT;EDW All AISZHL;"REVOKE SELECT ON aiszhl.zhl_request_payment FROM alvreus;"
alvreus;Реус Александр Валерьевич (Aleksandr Reus);aiszhl;zhl_request_payment;UPDATE;EDW All AISZHL;"REVOKE UPDATE ON aiszhl.zhl_request_payment FROM alvreus;"
alvreus;Реус Александр Валерьевич (Aleksandr Reus);aiszhl;zhl_request_payment;DELETE;EDW All AISZHL;"REVOKE DELETE ON aiszhl.zhl_request_payment FROM alvreus;"
alvreus;Реус Александр Валерьевич (Aleksandr Reus);aiszhl;zhl_request_payment;TRUNCATE;EDW All AISZHL;"REVOKE TRUNCATE ON aiszhl.zhl_request_payment FROM alvreus;"
alvreus;Реус Александр Валерьевич (Aleksandr Reus);aiszhl;zhl_request_payment;REFERENCES;EDW All AISZHL;"REVOKE REFERENCES ON aiszhl.zhl_request_payment FROM alvreus;"
alvreus;Реус Александр Валерьевич (Aleksandr Reus);aiszhl;zhl_request_payment;TRIGGER;EDW All AISZHL;"REVOKE TRIGGER ON aiszhl.zhl_request_payment FROM alvreus;"
mpmashin;Машин Максим Павлович (Maksim Mashin);aiszhl;zhl_request_payment;INSERT;EDW All AISZHL;"REVOKE INSERT ON aiszhl.zhl_request_payment FROM mpmashin;"
mpmashin;Машин Максим Павлович (Maksim Mashin);aiszhl;zhl_request_payment;SELECT;EDW All AISZHL;"REVOKE SELECT ON aiszhl.zhl_request_payment FROM mpmashin;"
mpmashin;Машин Максим Павлович (Maksim Mashin);aiszhl;zhl_request_payment;UPDATE;EDW All AISZHL;"REVOKE UPDATE ON aiszhl.zhl_request_payment FROM mpmashin;"
mpmashin;Машин Максим Павлович (Maksim Mashin);aiszhl;zhl_request_payment;DELETE;EDW All AISZHL;"REVOKE DELETE ON aiszhl.zhl_request_payment FROM mpmashin;"
mpmashin;Машин Максим Павлович (Maksim Mashin);aiszhl;zhl_request_payment;TRUNCATE;EDW All AISZHL;"REVOKE TRUNCATE ON aiszhl.zhl_request_payment FROM mpmashin;"
mpmashin;Машин Максим Павлович (Maksim Mashin);aiszhl;zhl_request_payment;REFERENCES;EDW All AISZHL;"REVOKE REFERENCES ON aiszhl.zhl_request_payment FROM mpmashin;"
mpmashin;Машин Максим Павлович (Maksim Mashin);aiszhl;zhl_request_payment;TRIGGER;EDW All AISZHL;"REVOKE TRIGGER ON aiszhl.zhl_request_payment FROM mpmashin;"
aisadilov;Садилов Антон Игоревич (Anton Sadilov);aiszhl;zhl_request_payment_risk;SELECT;EDW Read AISZHL;"REVOKE SELECT ON aiszhl.zhl_request_payment_risk FROM aisadilov;"
vatsvetkova;Цветкова Виктория Андреевна (Viktoriya Tsvetkova);aiszhl;zhl_request_payment_risk;INSERT;EDW All AISZHL;"REVOKE INSERT ON aiszhl.zhl_request_payment_risk FROM vatsvetkova;"
vatsvetkova;Цветкова Виктория Андреевна (Viktoriya Tsvetkova);aiszhl;zhl_request_payment_risk;SELECT;EDW All AISZHL;"REVOKE SELECT ON aiszhl.zhl_request_payment_risk FROM vatsvetkova;"
vatsvetkova;Цветкова Виктория Андреевна (Viktoriya Tsvetkova);aiszhl;zhl_request_payment_risk;UPDATE;EDW All AISZHL;"REVOKE UPDATE ON aiszhl.zhl_request_payment_risk FROM vatsvetkova;"
vatsvetkova;Цветкова Виктория Андреевна (Viktoriya Tsvetkova);aiszhl;zhl_request_payment_risk;DELETE;EDW All AISZHL;"REVOKE DELETE ON aiszhl.zhl_request_payment_risk FROM vatsvetkova;"
vatsvetkova;Цветкова Виктория Андреевна (Viktoriya Tsvetkova);aiszhl;zhl_request_payment_risk;TRUNCATE;EDW All AISZHL;"REVOKE TRUNCATE ON aiszhl.zhl_request_payment_risk FROM vatsvetkova;"
vatsvetkova;Цветкова Виктория Андреевна (Viktoriya Tsvetkova);aiszhl;zhl_request_payment_risk;REFERENCES;EDW All AISZHL;"REVOKE REFERENCES ON aiszhl.zhl_request_payment_risk FROM vatsvetkova;"
vatsvetkova;Цветкова Виктория Андреевна (Viktoriya Tsvetkova);aiszhl;zhl_request_payment_risk;TRIGGER;EDW All AISZHL;"REVOKE TRIGGER ON aiszhl.zhl_request_payment_risk FROM vatsvetkova;"
alvreus;Реус Александр Валерьевич (Aleksandr Reus);aiszhl;zhl_request_payment_risk;INSERT;EDW All AISZHL;"REVOKE INSERT ON aiszhl.zhl_request_payment_risk FROM alvreus;"
alvreus;Реус Александр Валерьевич (Aleksandr Reus);aiszhl;zhl_request_payment_risk;SELECT;EDW All AISZHL;"REVOKE SELECT ON aiszhl.zhl_request_payment_risk FROM alvreus;"
alvreus;Реус Александр Валерьевич (Aleksandr Reus);aiszhl;zhl_request_payment_risk;UPDATE;EDW All AISZHL;"REVOKE UPDATE ON aiszhl.zhl_request_payment_risk FROM alvreus;"
alvreus;Реус Александр Валерьевич (Aleksandr Reus);aiszhl;zhl_request_payment_risk;DELETE;EDW All AISZHL;"REVOKE DELETE ON aiszhl.zhl_request_payment_risk FROM alvreus;"
alvreus;Реус Александр Валерьевич (Aleksandr Reus);aiszhl;zhl_request_payment_risk;TRUNCATE;EDW All AISZHL;"REVOKE TRUNCATE ON aiszhl.zhl_request_payment_risk FROM alvreus;"
alvreus;Реус Александр Валерьевич (Aleksandr Reus);aiszhl;zhl_request_payment_risk;REFERENCES;EDW All AISZHL;"REVOKE REFERENCES ON aiszhl.zhl_request_payment_risk FROM alvreus;"
alvreus;Реус Александр Валерьевич (Aleksandr Reus);aiszhl;zhl_request_payment_risk;TRIGGER;EDW All AISZHL;"REVOKE TRIGGER ON aiszhl.zhl_request_payment_risk FROM alvreus;"
mpmashin;Машин Максим Павлович (Maksim Mashin);aiszhl;zhl_request_payment_risk;INSERT;EDW All AISZHL;"REVOKE INSERT ON aiszhl.zhl_request_payment_risk FROM mpmashin;"
mpmashin;Машин Максим Павлович (Maksim Mashin);aiszhl;zhl_request_payment_risk;SELECT;EDW All AISZHL;"REVOKE SELECT ON aiszhl.zhl_request_payment_risk FROM mpmashin;"
mpmashin;Машин Максим Павлович (Maksim Mashin);aiszhl;zhl_request_payment_risk;UPDATE;EDW All AISZHL;"REVOKE UPDATE ON aiszhl.zhl_request_payment_risk FROM mpmashin;"
mpmashin;Машин Максим Павлович (Maksim Mashin);aiszhl;zhl_request_payment_risk;DELETE;EDW All AISZHL;"REVOKE DELETE ON aiszhl.zhl_request_payment_risk FROM mpmashin;"
mpmashin;Машин Максим Павлович (Maksim Mashin);aiszhl;zhl_request_payment_risk;TRUNCATE;EDW All AISZHL;"REVOKE TRUNCATE ON aiszhl.zhl_request_payment_risk FROM mpmashin;"
mpmashin;Машин Максим Павлович (Maksim Mashin);aiszhl;zhl_request_payment_risk;REFERENCES;EDW All AISZHL;"REVOKE REFERENCES ON aiszhl.zhl_request_payment_risk FROM mpmashin;"
mpmashin;Машин Максим Павлович (Maksim Mashin);aiszhl;zhl_request_payment_risk;TRIGGER;EDW All AISZHL;"REVOKE TRIGGER ON aiszhl.zhl_request_payment_risk FROM mpmashin;"
aisadilov;Садилов Антон Игоревич (Anton Sadilov);aiszhl;zhl_request_policy;SELECT;EDW Read AISZHL;"REVOKE SELECT ON aiszhl.zhl_request_policy FROM aisadilov;"
vatsvetkova;Цветкова Виктория Андреевна (Viktoriya Tsvetkova);aiszhl;zhl_request_policy;INSERT;EDW All AISZHL;"REVOKE INSERT ON aiszhl.zhl_request_policy FROM vatsvetkova;"
vatsvetkova;Цветкова Виктория Андреевна (Viktoriya Tsvetkova);aiszhl;zhl_request_policy;SELECT;EDW All AISZHL;"REVOKE SELECT ON aiszhl.zhl_request_policy FROM vatsvetkova;"
vatsvetkova;Цветкова Виктория Андреевна (Viktoriya Tsvetkova);aiszhl;zhl_request_policy;UPDATE;EDW All AISZHL;"REVOKE UPDATE ON aiszhl.zhl_request_policy FROM vatsvetkova;"
vatsvetkova;Цветкова Виктория Андреевна (Viktoriya Tsvetkova);aiszhl;zhl_request_policy;DELETE;EDW All AISZHL;"REVOKE DELETE ON aiszhl.zhl_request_policy FROM vatsvetkova;"
vatsvetkova;Цветкова Виктория Андреевна (Viktoriya Tsvetkova);aiszhl;zhl_request_policy;TRUNCATE;EDW All AISZHL;"REVOKE TRUNCATE ON aiszhl.zhl_request_policy FROM vatsvetkova;"
vatsvetkova;Цветкова Виктория Андреевна (Viktoriya Tsvetkova);aiszhl;zhl_request_policy;REFERENCES;EDW All AISZHL;"REVOKE REFERENCES ON aiszhl.zhl_request_policy FROM vatsvetkova;"
vatsvetkova;Цветкова Виктория Андреевна (Viktoriya Tsvetkova);aiszhl;zhl_request_policy;TRIGGER;EDW All AISZHL;"REVOKE TRIGGER ON aiszhl.zhl_request_policy FROM vatsvetkova;"
alvreus;Реус Александр Валерьевич (Aleksandr Reus);aiszhl;zhl_request_policy;INSERT;EDW All AISZHL;"REVOKE INSERT ON aiszhl.zhl_request_policy FROM alvreus;"
alvreus;Реус Александр Валерьевич (Aleksandr Reus);aiszhl;zhl_request_policy;SELECT;EDW All AISZHL;"REVOKE SELECT ON aiszhl.zhl_request_policy FROM alvreus;"
alvreus;Реус Александр Валерьевич (Aleksandr Reus);aiszhl;zhl_request_policy;UPDATE;EDW All AISZHL;"REVOKE UPDATE ON aiszhl.zhl_request_policy FROM alvreus;"
alvreus;Реус Александр Валерьевич (Aleksandr Reus);aiszhl;zhl_request_policy;DELETE;EDW All AISZHL;"REVOKE DELETE ON aiszhl.zhl_request_policy FROM alvreus;"
alvreus;Реус Александр Валерьевич (Aleksandr Reus);aiszhl;zhl_request_policy;TRUNCATE;EDW All AISZHL;"REVOKE TRUNCATE ON aiszhl.zhl_request_policy FROM alvreus;"
alvreus;Реус Александр Валерьевич (Aleksandr Reus);aiszhl;zhl_request_policy;REFERENCES;EDW All AISZHL;"REVOKE REFERENCES ON aiszhl.zhl_request_policy FROM alvreus;"
alvreus;Реус Александр Валерьевич (Aleksandr Reus);aiszhl;zhl_request_policy;TRIGGER;EDW All AISZHL;"REVOKE TRIGGER ON aiszhl.zhl_request_policy FROM alvreus;"
mpmashin;Машин Максим Павлович (Maksim Mashin);aiszhl;zhl_request_policy;INSERT;EDW All AISZHL;"REVOKE INSERT ON aiszhl.zhl_request_policy FROM mpmashin;"
mpmashin;Машин Максим Павлович (Maksim Mashin);aiszhl;zhl_request_policy;SELECT;EDW All AISZHL;"REVOKE SELECT ON aiszhl.zhl_request_policy FROM mpmashin;"
mpmashin;Машин Максим Павлович (Maksim Mashin);aiszhl;zhl_request_policy;UPDATE;EDW All AISZHL;"REVOKE UPDATE ON aiszhl.zhl_request_policy FROM mpmashin;"
mpmashin;Машин Максим Павлович (Maksim Mashin);aiszhl;zhl_request_policy;DELETE;EDW All AISZHL;"REVOKE DELETE ON aiszhl.zhl_request_policy FROM mpmashin;"
mpmashin;Машин Максим Павлович (Maksim Mashin);aiszhl;zhl_request_policy;TRUNCATE;EDW All AISZHL;"REVOKE TRUNCATE ON aiszhl.zhl_request_policy FROM mpmashin;"
mpmashin;Машин Максим Павлович (Maksim Mashin);aiszhl;zhl_request_policy;REFERENCES;EDW All AISZHL;"REVOKE REFERENCES ON aiszhl.zhl_request_policy FROM mpmashin;"
mpmashin;Машин Максим Павлович (Maksim Mashin);aiszhl;zhl_request_policy;TRIGGER;EDW All AISZHL;"REVOKE TRIGGER ON aiszhl.zhl_request_policy FROM mpmashin;"
aisadilov;Садилов Антон Игоревич (Anton Sadilov);aiszhl;zhl_request_policy_risk;SELECT;EDW Read AISZHL;"REVOKE SELECT ON aiszhl.zhl_request_policy_risk FROM aisadilov;"
vatsvetkova;Цветкова Виктория Андреевна (Viktoriya Tsvetkova);aiszhl;zhl_request_policy_risk;INSERT;EDW All AISZHL;"REVOKE INSERT ON aiszhl.zhl_request_policy_risk FROM vatsvetkova;"
vatsvetkova;Цветкова Виктория Андреевна (Viktoriya Tsvetkova);aiszhl;zhl_request_policy_risk;SELECT;EDW All AISZHL;"REVOKE SELECT ON aiszhl.zhl_request_policy_risk FROM vatsvetkova;"
vatsvetkova;Цветкова Виктория Андреевна (Viktoriya Tsvetkova);aiszhl;zhl_request_policy_risk;UPDATE;EDW All AISZHL;"REVOKE UPDATE ON aiszhl.zhl_request_policy_risk FROM vatsvetkova;"
vatsvetkova;Цветкова Виктория Андреевна (Viktoriya Tsvetkova);aiszhl;zhl_request_policy_risk;DELETE;EDW All AISZHL;"REVOKE DELETE ON aiszhl.zhl_request_policy_risk FROM vatsvetkova;"
vatsvetkova;Цветкова Виктория Андреевна (Viktoriya Tsvetkova);aiszhl;zhl_request_policy_risk;TRUNCATE;EDW All AISZHL;"REVOKE TRUNCATE ON aiszhl.zhl_request_policy_risk FROM vatsvetkova;"
vatsvetkova;Цветкова Виктория Андреевна (Viktoriya Tsvetkova);aiszhl;zhl_request_policy_risk;REFERENCES;EDW All AISZHL;"REVOKE REFERENCES ON aiszhl.zhl_request_policy_risk FROM vatsvetkova;"
vatsvetkova;Цветкова Виктория Андреевна (Viktoriya Tsvetkova);aiszhl;zhl_request_policy_risk;TRIGGER;EDW All AISZHL;"REVOKE TRIGGER ON aiszhl.zhl_request_policy_risk FROM vatsvetkova;"
alvreus;Реус Александр Валерьевич (Aleksandr Reus);aiszhl;zhl_request_policy_risk;INSERT;EDW All AISZHL;"REVOKE INSERT ON aiszhl.zhl_request_policy_risk FROM alvreus;"
alvreus;Реус Александр Валерьевич (Aleksandr Reus);aiszhl;zhl_request_policy_risk;SELECT;EDW All AISZHL;"REVOKE SELECT ON aiszhl.zhl_request_policy_risk FROM alvreus;"
alvreus;Реус Александр Валерьевич (Aleksandr Reus);aiszhl;zhl_request_policy_risk;UPDATE;EDW All AISZHL;"REVOKE UPDATE ON aiszhl.zhl_request_policy_risk FROM alvreus;"
alvreus;Реус Александр Валерьевич (Aleksandr Reus);aiszhl;zhl_request_policy_risk;DELETE;EDW All AISZHL;"REVOKE DELETE ON aiszhl.zhl_request_policy_risk FROM alvreus;"
alvreus;Реус Александр Валерьевич (Aleksandr Reus);aiszhl;zhl_request_policy_risk;TRUNCATE;EDW All AISZHL;"REVOKE TRUNCATE ON aiszhl.zhl_request_policy_risk FROM alvreus;"
alvreus;Реус Александр Валерьевич (Aleksandr Reus);aiszhl;zhl_request_policy_risk;REFERENCES;EDW All AISZHL;"REVOKE REFERENCES ON aiszhl.zhl_request_policy_risk FROM alvreus;"
alvreus;Реус Александр Валерьевич (Aleksandr Reus);aiszhl;zhl_request_policy_risk;TRIGGER;EDW All AISZHL;"REVOKE TRIGGER ON aiszhl.zhl_request_policy_risk FROM alvreus;"
mpmashin;Машин Максим Павлович (Maksim Mashin);aiszhl;zhl_request_policy_risk;INSERT;EDW All AISZHL;"REVOKE INSERT ON aiszhl.zhl_request_policy_risk FROM mpmashin;"
mpmashin;Машин Максим Павлович (Maksim Mashin);aiszhl;zhl_request_policy_risk;SELECT;EDW All AISZHL;"REVOKE SELECT ON aiszhl.zhl_request_policy_risk FROM mpmashin;"
mpmashin;Машин Максим Павлович (Maksim Mashin);aiszhl;zhl_request_policy_risk;UPDATE;EDW All AISZHL;"REVOKE UPDATE ON aiszhl.zhl_request_policy_risk FROM mpmashin;"
mpmashin;Машин Максим Павлович (Maksim Mashin);aiszhl;zhl_request_policy_risk;DELETE;EDW All AISZHL;"REVOKE DELETE ON aiszhl.zhl_request_policy_risk FROM mpmashin;"
mpmashin;Машин Максим Павлович (Maksim Mashin);aiszhl;zhl_request_policy_risk;TRUNCATE;EDW All AISZHL;"REVOKE TRUNCATE ON aiszhl.zhl_request_policy_risk FROM mpmashin;"
mpmashin;Машин Максим Павлович (Maksim Mashin);aiszhl;zhl_request_policy_risk;REFERENCES;EDW All AISZHL;"REVOKE REFERENCES ON aiszhl.zhl_request_policy_risk FROM mpmashin;"
mpmashin;Машин Максим Павлович (Maksim Mashin);aiszhl;zhl_request_policy_risk;TRIGGER;EDW All AISZHL;"REVOKE TRIGGER ON aiszhl.zhl_request_policy_risk FROM mpmashin;"
aisadilov;Садилов Антон Игоревич (Anton Sadilov);aiszhl;zhl_request_termination;SELECT;EDW Read AISZHL;"REVOKE SELECT ON aiszhl.zhl_request_termination FROM aisadilov;"
vatsvetkova;Цветкова Виктория Андреевна (Viktoriya Tsvetkova);aiszhl;zhl_request_termination;INSERT;EDW All AISZHL;"REVOKE INSERT ON aiszhl.zhl_request_termination FROM vatsvetkova;"
vatsvetkova;Цветкова Виктория Андреевна (Viktoriya Tsvetkova);aiszhl;zhl_request_termination;SELECT;EDW All AISZHL;"REVOKE SELECT ON aiszhl.zhl_request_termination FROM vatsvetkova;"
vatsvetkova;Цветкова Виктория Андреевна (Viktoriya Tsvetkova);aiszhl;zhl_request_termination;UPDATE;EDW All AISZHL;"REVOKE UPDATE ON aiszhl.zhl_request_termination FROM vatsvetkova;"
vatsvetkova;Цветкова Виктория Андреевна (Viktoriya Tsvetkova);aiszhl;zhl_request_termination;DELETE;EDW All AISZHL;"REVOKE DELETE ON aiszhl.zhl_request_termination FROM vatsvetkova;"
vatsvetkova;Цветкова Виктория Андреевна (Viktoriya Tsvetkova);aiszhl;zhl_request_termination;TRUNCATE;EDW All AISZHL;"REVOKE TRUNCATE ON aiszhl.zhl_request_termination FROM vatsvetkova;"
vatsvetkova;Цветкова Виктория Андреевна (Viktoriya Tsvetkova);aiszhl;zhl_request_termination;REFERENCES;EDW All AISZHL;"REVOKE REFERENCES ON aiszhl.zhl_request_termination FROM vatsvetkova;"
vatsvetkova;Цветкова Виктория Андреевна (Viktoriya Tsvetkova);aiszhl;zhl_request_termination;TRIGGER;EDW All AISZHL;"REVOKE TRIGGER ON aiszhl.zhl_request_termination FROM vatsvetkova;"
alvreus;Реус Александр Валерьевич (Aleksandr Reus);aiszhl;zhl_request_termination;INSERT;EDW All AISZHL;"REVOKE INSERT ON aiszhl.zhl_request_termination FROM alvreus;"
alvreus;Реус Александр Валерьевич (Aleksandr Reus);aiszhl;zhl_request_termination;SELECT;EDW All AISZHL;"REVOKE SELECT ON aiszhl.zhl_request_termination FROM alvreus;"
alvreus;Реус Александр Валерьевич (Aleksandr Reus);aiszhl;zhl_request_termination;UPDATE;EDW All AISZHL;"REVOKE UPDATE ON aiszhl.zhl_request_termination FROM alvreus;"
alvreus;Реус Александр Валерьевич (Aleksandr Reus);aiszhl;zhl_request_termination;DELETE;EDW All AISZHL;"REVOKE DELETE ON aiszhl.zhl_request_termination FROM alvreus;"
alvreus;Реус Александр Валерьевич (Aleksandr Reus);aiszhl;zhl_request_termination;TRUNCATE;EDW All AISZHL;"REVOKE TRUNCATE ON aiszhl.zhl_request_termination FROM alvreus;"
alvreus;Реус Александр Валерьевич (Aleksandr Reus);aiszhl;zhl_request_termination;REFERENCES;EDW All AISZHL;"REVOKE REFERENCES ON aiszhl.zhl_request_termination FROM alvreus;"
alvreus;Реус Александр Валерьевич (Aleksandr Reus);aiszhl;zhl_request_termination;TRIGGER;EDW All AISZHL;"REVOKE TRIGGER ON aiszhl.zhl_request_termination FROM alvreus;"
mpmashin;Машин Максим Павлович (Maksim Mashin);aiszhl;zhl_request_termination;INSERT;EDW All AISZHL;"REVOKE INSERT ON aiszhl.zhl_request_termination FROM mpmashin;"
mpmashin;Машин Максим Павлович (Maksim Mashin);aiszhl;zhl_request_termination;SELECT;EDW All AISZHL;"REVOKE SELECT ON aiszhl.zhl_request_termination FROM mpmashin;"
mpmashin;Машин Максим Павлович (Maksim Mashin);aiszhl;zhl_request_termination;UPDATE;EDW All AISZHL;"REVOKE UPDATE ON aiszhl.zhl_request_termination FROM mpmashin;"
mpmashin;Машин Максим Павлович (Maksim Mashin);aiszhl;zhl_request_termination;DELETE;EDW All AISZHL;"REVOKE DELETE ON aiszhl.zhl_request_termination FROM mpmashin;"
mpmashin;Машин Максим Павлович (Maksim Mashin);aiszhl;zhl_request_termination;TRUNCATE;EDW All AISZHL;"REVOKE TRUNCATE ON aiszhl.zhl_request_termination FROM mpmashin;"
mpmashin;Машин Максим Павлович (Maksim Mashin);aiszhl;zhl_request_termination;REFERENCES;EDW All AISZHL;"REVOKE REFERENCES ON aiszhl.zhl_request_termination FROM mpmashin;"
mpmashin;Машин Максим Павлович (Maksim Mashin);aiszhl;zhl_request_termination;TRIGGER;EDW All AISZHL;"REVOKE TRIGGER ON aiszhl.zhl_request_termination FROM mpmashin;"
yvvorobev;Воробьев Юрий Владимирович (Yury Vorobev);cdm;dm_kasko_contract_dop;SELECT;EDW All CDM;"REVOKE SELECT ON cdm.dm_kasko_contract_dop FROM yvvorobev;"
yvvorobev;Воробьев Юрий Владимирович (Yury Vorobev);cdm;dm_kasko_person_hist;SELECT;EDW All CDM;"REVOKE SELECT ON cdm.dm_kasko_person_hist FROM yvvorobev;"
yvvorobev;Воробьев Юрий Владимирович (Yury Vorobev);cdm;dm_kasko_with_osago;SELECT;EDW All CDM;"REVOKE SELECT ON cdm.dm_kasko_with_osago FROM yvvorobev;"
vatsvetkova;Цветкова Виктория Андреевна (Viktoriya Tsvetkova);dwh_settings;etl_docs_reinsurance_conditions;INSERT;EDW All Dwh settings;"REVOKE INSERT ON dwh_settings.etl_docs_reinsurance_conditions FROM vatsvetkova;"
vatsvetkova;Цветкова Виктория Андреевна (Viktoriya Tsvetkova);dwh_settings;etl_docs_reinsurance_conditions;SELECT;EDW All Dwh settings;"REVOKE SELECT ON dwh_settings.etl_docs_reinsurance_conditions FROM vatsvetkova;"
vatsvetkova;Цветкова Виктория Андреевна (Viktoriya Tsvetkova);dwh_settings;etl_docs_reinsurance_conditions;UPDATE;EDW All Dwh settings;"REVOKE UPDATE ON dwh_settings.etl_docs_reinsurance_conditions FROM vatsvetkova;"
vatsvetkova;Цветкова Виктория Андреевна (Viktoriya Tsvetkova);dwh_settings;etl_docs_reinsurance_conditions;DELETE;EDW All Dwh settings;"REVOKE DELETE ON dwh_settings.etl_docs_reinsurance_conditions FROM vatsvetkova;"
vatsvetkova;Цветкова Виктория Андреевна (Viktoriya Tsvetkova);dwh_settings;etl_docs_reinsurance_conditions;TRUNCATE;EDW All Dwh settings;"REVOKE TRUNCATE ON dwh_settings.etl_docs_reinsurance_conditions FROM vatsvetkova;"
vatsvetkova;Цветкова Виктория Андреевна (Viktoriya Tsvetkova);dwh_settings;etl_docs_reinsurance_conditions;REFERENCES;EDW All Dwh settings;"REVOKE REFERENCES ON dwh_settings.etl_docs_reinsurance_conditions FROM vatsvetkova;"
vatsvetkova;Цветкова Виктория Андреевна (Viktoriya Tsvetkova);dwh_settings;etl_docs_reinsurance_conditions;TRIGGER;EDW All Dwh settings;"REVOKE TRIGGER ON dwh_settings.etl_docs_reinsurance_conditions FROM vatsvetkova;"
alvreus;Реус Александр Валерьевич (Aleksandr Reus);dwh_settings;etl_docs_reinsurance_conditions;INSERT;EDW All Dwh settings;"REVOKE INSERT ON dwh_settings.etl_docs_reinsurance_conditions FROM alvreus;"
alvreus;Реус Александр Валерьевич (Aleksandr Reus);dwh_settings;etl_docs_reinsurance_conditions;SELECT;EDW All Dwh settings;"REVOKE SELECT ON dwh_settings.etl_docs_reinsurance_conditions FROM alvreus;"
alvreus;Реус Александр Валерьевич (Aleksandr Reus);dwh_settings;etl_docs_reinsurance_conditions;UPDATE;EDW All Dwh settings;"REVOKE UPDATE ON dwh_settings.etl_docs_reinsurance_conditions FROM alvreus;"
alvreus;Реус Александр Валерьевич (Aleksandr Reus);dwh_settings;etl_docs_reinsurance_conditions;DELETE;EDW All Dwh settings;"REVOKE DELETE ON dwh_settings.etl_docs_reinsurance_conditions FROM alvreus;"
alvreus;Реус Александр Валерьевич (Aleksandr Reus);dwh_settings;etl_docs_reinsurance_conditions;TRUNCATE;EDW All Dwh settings;"REVOKE TRUNCATE ON dwh_settings.etl_docs_reinsurance_conditions FROM alvreus;"
alvreus;Реус Александр Валерьевич (Aleksandr Reus);dwh_settings;etl_docs_reinsurance_conditions;REFERENCES;EDW All Dwh settings;"REVOKE REFERENCES ON dwh_settings.etl_docs_reinsurance_conditions FROM alvreus;"
alvreus;Реус Александр Валерьевич (Aleksandr Reus);dwh_settings;etl_docs_reinsurance_conditions;TRIGGER;EDW All Dwh settings;"REVOKE TRIGGER ON dwh_settings.etl_docs_reinsurance_conditions FROM alvreus;"
mpmashin;Машин Максим Павлович (Maksim Mashin);dwh_settings;etl_docs_reinsurance_conditions;INSERT;EDW All Dwh settings;"REVOKE INSERT ON dwh_settings.etl_docs_reinsurance_conditions FROM mpmashin;"
mpmashin;Машин Максим Павлович (Maksim Mashin);dwh_settings;etl_docs_reinsurance_conditions;SELECT;EDW All Dwh settings;"REVOKE SELECT ON dwh_settings.etl_docs_reinsurance_conditions FROM mpmashin;"
mpmashin;Машин Максим Павлович (Maksim Mashin);dwh_settings;etl_docs_reinsurance_conditions;UPDATE;EDW All Dwh settings;"REVOKE UPDATE ON dwh_settings.etl_docs_reinsurance_conditions FROM mpmashin;"
mpmashin;Машин Максим Павлович (Maksim Mashin);dwh_settings;etl_docs_reinsurance_conditions;DELETE;EDW All Dwh settings;"REVOKE DELETE ON dwh_settings.etl_docs_reinsurance_conditions FROM mpmashin;"
mpmashin;Машин Максим Павлович (Maksim Mashin);dwh_settings;etl_docs_reinsurance_conditions;TRUNCATE;EDW All Dwh settings;"REVOKE TRUNCATE ON dwh_settings.etl_docs_reinsurance_conditions FROM mpmashin;"
mpmashin;Машин Максим Павлович (Maksim Mashin);dwh_settings;etl_docs_reinsurance_conditions;REFERENCES;EDW All Dwh settings;"REVOKE REFERENCES ON dwh_settings.etl_docs_reinsurance_conditions FROM mpmashin;"
mpmashin;Машин Максим Павлович (Maksim Mashin);dwh_settings;etl_docs_reinsurance_conditions;TRIGGER;EDW All Dwh settings;"REVOKE TRIGGER ON dwh_settings.etl_docs_reinsurance_conditions FROM mpmashin;"
yvvorobev;Воробьев Юрий Владимирович (Yury Vorobev);cdm;dm_corp_risk2atomic;SELECT;EDW All CDM;"REVOKE SELECT ON cdm.dm_corp_risk2atomic FROM yvvorobev;"
yvvorobev;Воробьев Юрий Владимирович (Yury Vorobev);cdm;dm_realty_address_subject;SELECT;EDW All CDM;"REVOKE SELECT ON cdm.dm_realty_address_subject FROM yvvorobev;"
yvvorobev;Воробьев Юрий Владимирович (Yury Vorobev);cdm;ac_claim;SELECT;EDW All CDM;"REVOKE SELECT ON cdm.ac_claim FROM yvvorobev;"
yvvorobev;Воробьев Юрий Владимирович (Yury Vorobev);cdm;dm_corp_arm4_arbitrary;SELECT;EDW All CDM;"REVOKE SELECT ON cdm.dm_corp_arm4_arbitrary FROM yvvorobev;"
yvvorobev;Воробьев Юрий Владимирович (Yury Vorobev);cdm;ac_incident_full;SELECT;EDW All CDM;"REVOKE SELECT ON cdm.ac_incident_full FROM yvvorobev;"
yvvorobev;Воробьев Юрий Владимирович (Yury Vorobev);cdm;dm_m5kbm_severity_delta;SELECT;EDW All CDM;"REVOKE SELECT ON cdm.dm_m5kbm_severity_delta FROM yvvorobev;"
gmindrupskaya;Индрупская Галина Михайловна (Galina Indrupskaya);cdm_analysis_out;ac_osago_form1_pre;SELECT;EDW Read Cdm Analysis Out;"REVOKE SELECT ON cdm_analysis_out.ac_osago_form1_pre FROM gmindrupskaya;"
gmindrupskaya;Индрупская Галина Михайловна (Galina Indrupskaya);cdm_analysis_out;ac_osago_form5;SELECT;EDW Read Cdm Analysis Out;"REVOKE SELECT ON cdm_analysis_out.ac_osago_form5 FROM gmindrupskaya;"
gmindrupskaya;Индрупская Галина Михайловна (Galina Indrupskaya);cdm_analysis_out;ac_osago_form6;SELECT;EDW Read Cdm Analysis Out;"REVOKE SELECT ON cdm_analysis_out.ac_osago_form6 FROM gmindrupskaya;"
gmindrupskaya;Индрупская Галина Михайловна (Galina Indrupskaya);cdm_analysis_out;ac_kasko_form1;SELECT;EDW Read Cdm Analysis Out;"REVOKE SELECT ON cdm_analysis_out.ac_kasko_form1 FROM gmindrupskaya;"
avchaplygina;Чаплыгина Алена Владимировна (Alena Chaplygina);cdm_analysis_out;ac_kasko_form1;SELECT;EDW Read Cdm Analysis Out;"REVOKE SELECT ON cdm_analysis_out.ac_kasko_form1 FROM avchaplygina;"
tvbozhenkova;Боженкова Татьяна Владимировна (Tatyana Bozhenkova);cdm_analysis_out;ac_kasko_form1;SELECT;EDW Read Cdm Analysis Out;"REVOKE SELECT ON cdm_analysis_out.ac_kasko_form1 FROM tvbozhenkova;"
avyurin;Юрин Андрей Викторович (Andrey Yurin);cdm_analysis_out;ac_kasko_form1;SELECT;EDW Read Cdm Analysis Out;"REVOKE SELECT ON cdm_analysis_out.ac_kasko_form1 FROM avyurin;"
yvvorobev;Воробьев Юрий Владимирович (Yury Vorobev);cdm;dm_m5kbm_clientfactor_agg;SELECT;EDW All CDM;"REVOKE SELECT ON cdm.dm_m5kbm_clientfactor_agg FROM yvvorobev;"
yvvorobev;Воробьев Юрий Владимирович (Yury Vorobev);cdm;dm_osago_vehicle;SELECT;EDW All CDM;"REVOKE SELECT ON cdm.dm_osago_vehicle FROM yvvorobev;"
vatsvetkova;Цветкова Виктория Андреевна (Viktoriya Tsvetkova);dwh_settings;core_paymetlegacy4close_etl;INSERT;EDW All Dwh settings;"REVOKE INSERT ON dwh_settings.core_paymetlegacy4close_etl FROM vatsvetkova;"
vatsvetkova;Цветкова Виктория Андреевна (Viktoriya Tsvetkova);dwh_settings;core_paymetlegacy4close_etl;SELECT;EDW All Dwh settings;"REVOKE SELECT ON dwh_settings.core_paymetlegacy4close_etl FROM vatsvetkova;"
vatsvetkova;Цветкова Виктория Андреевна (Viktoriya Tsvetkova);dwh_settings;core_paymetlegacy4close_etl;UPDATE;EDW All Dwh settings;"REVOKE UPDATE ON dwh_settings.core_paymetlegacy4close_etl FROM vatsvetkova;"
vatsvetkova;Цветкова Виктория Андреевна (Viktoriya Tsvetkova);dwh_settings;core_paymetlegacy4close_etl;DELETE;EDW All Dwh settings;"REVOKE DELETE ON dwh_settings.core_paymetlegacy4close_etl FROM vatsvetkova;"
vatsvetkova;Цветкова Виктория Андреевна (Viktoriya Tsvetkova);dwh_settings;core_paymetlegacy4close_etl;TRUNCATE;EDW All Dwh settings;"REVOKE TRUNCATE ON dwh_settings.core_paymetlegacy4close_etl FROM vatsvetkova;"
vatsvetkova;Цветкова Виктория Андреевна (Viktoriya Tsvetkova);dwh_settings;core_paymetlegacy4close_etl;REFERENCES;EDW All Dwh settings;"REVOKE REFERENCES ON dwh_settings.core_paymetlegacy4close_etl FROM vatsvetkova;"
vatsvetkova;Цветкова Виктория Андреевна (Viktoriya Tsvetkova);dwh_settings;core_paymetlegacy4close_etl;TRIGGER;EDW All Dwh settings;"REVOKE TRIGGER ON dwh_settings.core_paymetlegacy4close_etl FROM vatsvetkova;"
alvreus;Реус Александр Валерьевич (Aleksandr Reus);dwh_settings;core_paymetlegacy4close_etl;INSERT;EDW All Dwh settings;"REVOKE INSERT ON dwh_settings.core_paymetlegacy4close_etl FROM alvreus;"
alvreus;Реус Александр Валерьевич (Aleksandr Reus);dwh_settings;core_paymetlegacy4close_etl;SELECT;EDW All Dwh settings;"REVOKE SELECT ON dwh_settings.core_paymetlegacy4close_etl FROM alvreus;"
alvreus;Реус Александр Валерьевич (Aleksandr Reus);dwh_settings;core_paymetlegacy4close_etl;UPDATE;EDW All Dwh settings;"REVOKE UPDATE ON dwh_settings.core_paymetlegacy4close_etl FROM alvreus;"
alvreus;Реус Александр Валерьевич (Aleksandr Reus);dwh_settings;core_paymetlegacy4close_etl;DELETE;EDW All Dwh settings;"REVOKE DELETE ON dwh_settings.core_paymetlegacy4close_etl FROM alvreus;"
alvreus;Реус Александр Валерьевич (Aleksandr Reus);dwh_settings;core_paymetlegacy4close_etl;TRUNCATE;EDW All Dwh settings;"REVOKE TRUNCATE ON dwh_settings.core_paymetlegacy4close_etl FROM alvreus;"
alvreus;Реус Александр Валерьевич (Aleksandr Reus);dwh_settings;core_paymetlegacy4close_etl;REFERENCES;EDW All Dwh settings;"REVOKE REFERENCES ON dwh_settings.core_paymetlegacy4close_etl FROM alvreus;"
alvreus;Реус Александр Валерьевич (Aleksandr Reus);dwh_settings;core_paymetlegacy4close_etl;TRIGGER;EDW All Dwh settings;"REVOKE TRIGGER ON dwh_settings.core_paymetlegacy4close_etl FROM alvreus;"
mpmashin;Машин Максим Павлович (Maksim Mashin);dwh_settings;core_paymetlegacy4close_etl;INSERT;EDW All Dwh settings;"REVOKE INSERT ON dwh_settings.core_paymetlegacy4close_etl FROM mpmashin;"
mpmashin;Машин Максим Павлович (Maksim Mashin);dwh_settings;core_paymetlegacy4close_etl;SELECT;EDW All Dwh settings;"REVOKE SELECT ON dwh_settings.core_paymetlegacy4close_etl FROM mpmashin;"
mpmashin;Машин Максим Павлович (Maksim Mashin);dwh_settings;core_paymetlegacy4close_etl;UPDATE;EDW All Dwh settings;"REVOKE UPDATE ON dwh_settings.core_paymetlegacy4close_etl FROM mpmashin;"
mpmashin;Машин Максим Павлович (Maksim Mashin);dwh_settings;core_paymetlegacy4close_etl;DELETE;EDW All Dwh settings;"REVOKE DELETE ON dwh_settings.core_paymetlegacy4close_etl FROM mpmashin;"
mpmashin;Машин Максим Павлович (Maksim Mashin);dwh_settings;core_paymetlegacy4close_etl;TRUNCATE;EDW All Dwh settings;"REVOKE TRUNCATE ON dwh_settings.core_paymetlegacy4close_etl FROM mpmashin;"
mpmashin;Машин Максим Павлович (Maksim Mashin);dwh_settings;core_paymetlegacy4close_etl;REFERENCES;EDW All Dwh settings;"REVOKE REFERENCES ON dwh_settings.core_paymetlegacy4close_etl FROM mpmashin;"
mpmashin;Машин Максим Павлович (Maksim Mashin);dwh_settings;core_paymetlegacy4close_etl;TRIGGER;EDW All Dwh settings;"REVOKE TRIGGER ON dwh_settings.core_paymetlegacy4close_etl FROM mpmashin;"
vatsvetkova;Цветкова Виктория Андреевна (Viktoriya Tsvetkova);dwh_settings;claim_check_delta;INSERT;EDW All Dwh settings;"REVOKE INSERT ON dwh_settings.claim_check_delta FROM vatsvetkova;"
vatsvetkova;Цветкова Виктория Андреевна (Viktoriya Tsvetkova);dwh_settings;claim_check_delta;SELECT;EDW All Dwh settings;"REVOKE SELECT ON dwh_settings.claim_check_delta FROM vatsvetkova;"
vatsvetkova;Цветкова Виктория Андреевна (Viktoriya Tsvetkova);dwh_settings;claim_check_delta;UPDATE;EDW All Dwh settings;"REVOKE UPDATE ON dwh_settings.claim_check_delta FROM vatsvetkova;"
vatsvetkova;Цветкова Виктория Андреевна (Viktoriya Tsvetkova);dwh_settings;claim_check_delta;DELETE;EDW All Dwh settings;"REVOKE DELETE ON dwh_settings.claim_check_delta FROM vatsvetkova;"
vatsvetkova;Цветкова Виктория Андреевна (Viktoriya Tsvetkova);dwh_settings;claim_check_delta;TRUNCATE;EDW All Dwh settings;"REVOKE TRUNCATE ON dwh_settings.claim_check_delta FROM vatsvetkova;"
vatsvetkova;Цветкова Виктория Андреевна (Viktoriya Tsvetkova);dwh_settings;claim_check_delta;REFERENCES;EDW All Dwh settings;"REVOKE REFERENCES ON dwh_settings.claim_check_delta FROM vatsvetkova;"
vatsvetkova;Цветкова Виктория Андреевна (Viktoriya Tsvetkova);dwh_settings;claim_check_delta;TRIGGER;EDW All Dwh settings;"REVOKE TRIGGER ON dwh_settings.claim_check_delta FROM vatsvetkova;"
alvreus;Реус Александр Валерьевич (Aleksandr Reus);dwh_settings;claim_check_delta;INSERT;EDW All Dwh settings;"REVOKE INSERT ON dwh_settings.claim_check_delta FROM alvreus;"
alvreus;Реус Александр Валерьевич (Aleksandr Reus);dwh_settings;claim_check_delta;SELECT;EDW All Dwh settings;"REVOKE SELECT ON dwh_settings.claim_check_delta FROM alvreus;"
alvreus;Реус Александр Валерьевич (Aleksandr Reus);dwh_settings;claim_check_delta;UPDATE;EDW All Dwh settings;"REVOKE UPDATE ON dwh_settings.claim_check_delta FROM alvreus;"
alvreus;Реус Александр Валерьевич (Aleksandr Reus);dwh_settings;claim_check_delta;DELETE;EDW All Dwh settings;"REVOKE DELETE ON dwh_settings.claim_check_delta FROM alvreus;"
alvreus;Реус Александр Валерьевич (Aleksandr Reus);dwh_settings;claim_check_delta;TRUNCATE;EDW All Dwh settings;"REVOKE TRUNCATE ON dwh_settings.claim_check_delta FROM alvreus;"
alvreus;Реус Александр Валерьевич (Aleksandr Reus);dwh_settings;claim_check_delta;REFERENCES;EDW All Dwh settings;"REVOKE REFERENCES ON dwh_settings.claim_check_delta FROM alvreus;"
alvreus;Реус Александр Валерьевич (Aleksandr Reus);dwh_settings;claim_check_delta;TRIGGER;EDW All Dwh settings;"REVOKE TRIGGER ON dwh_settings.claim_check_delta FROM alvreus;"
mpmashin;Машин Максим Павлович (Maksim Mashin);dwh_settings;claim_check_delta;INSERT;EDW All Dwh settings;"REVOKE INSERT ON dwh_settings.claim_check_delta FROM mpmashin;"
mpmashin;Машин Максим Павлович (Maksim Mashin);dwh_settings;claim_check_delta;SELECT;EDW All Dwh settings;"REVOKE SELECT ON dwh_settings.claim_check_delta FROM mpmashin;"
mpmashin;Машин Максим Павлович (Maksim Mashin);dwh_settings;claim_check_delta;UPDATE;EDW All Dwh settings;"REVOKE UPDATE ON dwh_settings.claim_check_delta FROM mpmashin;"
mpmashin;Машин Максим Павлович (Maksim Mashin);dwh_settings;claim_check_delta;DELETE;EDW All Dwh settings;"REVOKE DELETE ON dwh_settings.claim_check_delta FROM mpmashin;"
mpmashin;Машин Максим Павлович (Maksim Mashin);dwh_settings;claim_check_delta;TRUNCATE;EDW All Dwh settings;"REVOKE TRUNCATE ON dwh_settings.claim_check_delta FROM mpmashin;"
mpmashin;Машин Максим Павлович (Maksim Mashin);dwh_settings;claim_check_delta;REFERENCES;EDW All Dwh settings;"REVOKE REFERENCES ON dwh_settings.claim_check_delta FROM mpmashin;"
mpmashin;Машин Максим Павлович (Maksim Mashin);dwh_settings;claim_check_delta;TRIGGER;EDW All Dwh settings;"REVOKE TRIGGER ON dwh_settings.claim_check_delta FROM mpmashin;"
report;Сервер отчетов;cdm_analysis_out;bks_css_agro;INSERT;EDW All Cdm Analysis Out;"REVOKE INSERT ON cdm_analysis_out.bks_css_agro FROM report;"
aefilkin;Филькин Александр Евгеньевич (Aleksandr Filkin);cdm_analysis;dcm_comp_arm_0723;SELECT;EDW Read Cdm Analysis;"REVOKE SELECT ON cdm_analysis.dcm_comp_arm_0723 FROM aefilkin;"
report;Сервер отчетов;cdm_analysis;dict_risk_object_name_nsa;INSERT;EDW All Cdm Analysis;"REVOKE INSERT ON cdm_analysis.dict_risk_object_name_nsa FROM report;"
report;Сервер отчетов;cdm_analysis;dict_risk_object_name_nsa;SELECT;EDW All Cdm Analysis;"REVOKE SELECT ON cdm_analysis.dict_risk_object_name_nsa FROM report;"
report;Сервер отчетов;cdm_analysis;dict_risk_object_name_nsa;TRUNCATE;EDW All Cdm Analysis;"REVOKE TRUNCATE ON cdm_analysis.dict_risk_object_name_nsa FROM report;"
avdombrovskiy;Домбровский Александр Владимирович (Aleksandr Dombrovskiy);cdm_analysis;list_data_1067;SELECT;EDW Read Cdm Analysis;"REVOKE SELECT ON cdm_analysis.list_data_1067 FROM avdombrovskiy;"
gmindrupskaya;Индрупская Галина Михайловна (Galina Indrupskaya);cdm_analysis;ac_kasko_form1;SELECT;EDW Read Cdm Analysis;"REVOKE SELECT ON cdm_analysis.ac_kasko_form1 FROM gmindrupskaya;"
mskazakov;Казаков Максим Сергеевич (Maksim Kazakov);cdm_analysis;ac_kasko_form1;SELECT;EDW Read Cdm Analysis;"REVOKE SELECT ON cdm_analysis.ac_kasko_form1 FROM mskazakov;"
aafedorov;Федоров Алексей Анатольевич (Aleksey Fedorov);cdm_analysis_out;ofr_plan_agg_all;SELECT;EDW Read Cdm Analysis Out;"REVOKE SELECT ON cdm_analysis_out.ofr_plan_agg_all FROM aafedorov;"
gmindrupskaya;Индрупская Галина Михайловна (Galina Indrupskaya);cdm_analysis;ac_kasko_form2_1;SELECT;EDW Read Cdm Analysis;"REVOKE SELECT ON cdm_analysis.ac_kasko_form2_1 FROM gmindrupskaya;"
gmindrupskaya;Индрупская Галина Михайловна (Galina Indrupskaya);cdm_analysis;ac_kasko_form2_2;SELECT;EDW Read Cdm Analysis;"REVOKE SELECT ON cdm_analysis.ac_kasko_form2_2 FROM gmindrupskaya;"
mpmashin;Машин Максим Павлович (Maksim Mashin);property;gdi_tmp_osago_not_in_dmosago2;INSERT;EDW All Property;"REVOKE INSERT ON property.gdi_tmp_osago_not_in_dmosago2 FROM mpmashin;"
mpmashin;Машин Максим Павлович (Maksim Mashin);property;gdi_tmp_osago_not_in_dmosago2;SELECT;EDW All Property;"REVOKE SELECT ON property.gdi_tmp_osago_not_in_dmosago2 FROM mpmashin;"
mpmashin;Машин Максим Павлович (Maksim Mashin);property;gdi_tmp_osago_not_in_dmosago2;UPDATE;EDW All Property;"REVOKE UPDATE ON property.gdi_tmp_osago_not_in_dmosago2 FROM mpmashin;"
mpmashin;Машин Максим Павлович (Maksim Mashin);property;gdi_tmp_osago_not_in_dmosago2;DELETE;EDW All Property;"REVOKE DELETE ON property.gdi_tmp_osago_not_in_dmosago2 FROM mpmashin;"
mpmashin;Машин Максим Павлович (Maksim Mashin);property;gdi_tmp_osago_not_in_dmosago2;TRUNCATE;EDW All Property;"REVOKE TRUNCATE ON property.gdi_tmp_osago_not_in_dmosago2 FROM mpmashin;"
mpmashin;Машин Максим Павлович (Maksim Mashin);property;gdi_tmp_osago_not_in_dmosago2;REFERENCES;EDW All Property;"REVOKE REFERENCES ON property.gdi_tmp_osago_not_in_dmosago2 FROM mpmashin;"
mpmashin;Машин Максим Павлович (Maksim Mashin);property;gdi_tmp_osago_not_in_dmosago2;TRIGGER;EDW All Property;"REVOKE TRIGGER ON property.gdi_tmp_osago_not_in_dmosago2 FROM mpmashin;"
aatokolova;Токолова Алина Александровна (Alina Tokolova);cdm_analysis_out;dvs_quotessearch_owners;SELECT;EDW Read Cdm Analysis Out;"REVOKE SELECT ON cdm_analysis_out.dvs_quotessearch_owners FROM aatokolova;"
aozhigalov;Жигалов Артур Олегович (Artur Zhigalov);cdm_analysis_out;dvs_quotessearch_owners;SELECT;EDW Read Cdm Analysis Out;"REVOKE SELECT ON cdm_analysis_out.dvs_quotessearch_owners FROM aozhigalov;"
rdayzatulin;Айзатулин Ринат Дамирович (Rinat Ayzatulin);cdm_analysis_out;dvs_quotessearch_owners;SELECT;EDW Read Cdm Analysis Out;"REVOKE SELECT ON cdm_analysis_out.dvs_quotessearch_owners FROM rdayzatulin;"
asfesenko;Фесенко Александр Сергеевич (Aleksandr Fesenko);cdm_analysis_out;dvs_quotessearch_owners;SELECT;EDW Read Cdm Analysis Out;"REVOKE SELECT ON cdm_analysis_out.dvs_quotessearch_owners FROM asfesenko;"
digarifulin;Гарифулин Дмитрий Исмагильевич (Dmitriy Garifulin);cdm_analysis_out;dvs_quotessearch_owners;SELECT;EDW Read Cdm Analysis Out;"REVOKE SELECT ON cdm_analysis_out.dvs_quotessearch_owners FROM digarifulin;"
yvvorobev;Воробьев Юрий Владимирович (Yury Vorobev);cdm_analysis_out;dvs_quotessearch_owners;SELECT;EDW Read Cdm Analysis Out;"REVOKE SELECT ON cdm_analysis_out.dvs_quotessearch_owners FROM yvvorobev;"
akavdeev;Авдеев Андрей Кириллович (Andrey Avdeev);cdm_analysis_out;dvs_quotessearch_owners;SELECT;EDW Read Cdm Analysis Out;"REVOKE SELECT ON cdm_analysis_out.dvs_quotessearch_owners FROM akavdeev;"
gmvargaftik;Варгафтик Григорий Михайлович (Grigoriy Vargaftik);cdm_analysis_out;dvs_quotessearch_owners;SELECT;EDW Read Cdm Analysis Out;"REVOKE SELECT ON cdm_analysis_out.dvs_quotessearch_owners FROM gmvargaftik;"
avdombrovskiy;Домбровский Александр Владимирович (Aleksandr Dombrovskiy);cdm_analysis_out;dvs_quotessearch_owners;SELECT;EDW Read Cdm Analysis Out;"REVOKE SELECT ON cdm_analysis_out.dvs_quotessearch_owners FROM avdombrovskiy;"
yvvorobev;Воробьев Юрий Владимирович (Yury Vorobev);cdm;dm_kasko_k5_k6;SELECT;EDW All CDM;"REVOKE SELECT ON cdm.dm_kasko_k5_k6 FROM yvvorobev;"
alvreus;Реус Александр Валерьевич (Aleksandr Reus);core;paid_return;SELECT;EDW Read Core;"REVOKE SELECT ON core.paid_return FROM alvreus;"
evzubkov;Зубков Евгений Валентинович (Evgeniy Zubkov);core;paid_return;INSERT;EDW All Core;"REVOKE INSERT ON core.paid_return FROM evzubkov;"
evzubkov;Зубков Евгений Валентинович (Evgeniy Zubkov);core;paid_return;SELECT;EDW All Core;"REVOKE SELECT ON core.paid_return FROM evzubkov;"
evzubkov;Зубков Евгений Валентинович (Evgeniy Zubkov);core;paid_return;UPDATE;EDW All Core;"REVOKE UPDATE ON core.paid_return FROM evzubkov;"
evzubkov;Зубков Евгений Валентинович (Evgeniy Zubkov);core;paid_return;DELETE;EDW All Core;"REVOKE DELETE ON core.paid_return FROM evzubkov;"
evzubkov;Зубков Евгений Валентинович (Evgeniy Zubkov);core;paid_return;TRUNCATE;EDW All Core;"REVOKE TRUNCATE ON core.paid_return FROM evzubkov;"
evzubkov;Зубков Евгений Валентинович (Evgeniy Zubkov);core;paid_return;REFERENCES;EDW All Core;"REVOKE REFERENCES ON core.paid_return FROM evzubkov;"
evzubkov;Зубков Евгений Валентинович (Evgeniy Zubkov);core;paid_return;TRIGGER;EDW All Core;"REVOKE TRIGGER ON core.paid_return FROM evzubkov;"
mpmashin;Машин Максим Павлович (Maksim Mashin);core;paid_return;SELECT;EDW All Core;"REVOKE SELECT ON core.paid_return FROM mpmashin;"
vatsvetkova;Цветкова Виктория Андреевна (Viktoriya Tsvetkova);core;paid_return;SELECT;EDW Read Core;"REVOKE SELECT ON core.paid_return FROM vatsvetkova;"
gmindrupskaya;Индрупская Галина Михайловна (Galina Indrupskaya);cdm_analysis;ac_osago_form5;SELECT;EDW Read Cdm Analysis;"REVOKE SELECT ON cdm_analysis.ac_osago_form5 FROM gmindrupskaya;"
mskazakov;Казаков Максим Сергеевич (Maksim Kazakov);cdm_analysis;ac_osago_form5;SELECT;EDW Read Cdm Analysis;"REVOKE SELECT ON cdm_analysis.ac_osago_form5 FROM mskazakov;"
gmindrupskaya;Индрупская Галина Михайловна (Galina Indrupskaya);cdm_analysis;ac_osago_form6;SELECT;EDW Read Cdm Analysis;"REVOKE SELECT ON cdm_analysis.ac_osago_form6 FROM gmindrupskaya;"
mskazakov;Казаков Максим Сергеевич (Maksim Kazakov);cdm_analysis;ac_osago_form6;SELECT;EDW Read Cdm Analysis;"REVOKE SELECT ON cdm_analysis.ac_osago_form6 FROM mskazakov;"
aefilkin;Филькин Александр Евгеньевич (Aleksandr Filkin);cdm_analysis;dcm_comp_bycore_0723;SELECT;EDW Read Cdm Analysis;"REVOKE SELECT ON cdm_analysis.dcm_comp_bycore_0723 FROM aefilkin;"
alvreus;Реус Александр Валерьевич (Aleksandr Reus);core;object_risk_info;SELECT;EDW Read Core;"REVOKE SELECT ON core.object_risk_info FROM alvreus;"
evzubkov;Зубков Евгений Валентинович (Evgeniy Zubkov);core;object_risk_info;INSERT;EDW All Core;"REVOKE INSERT ON core.object_risk_info FROM evzubkov;"
evzubkov;Зубков Евгений Валентинович (Evgeniy Zubkov);core;object_risk_info;SELECT;EDW All Core;"REVOKE SELECT ON core.object_risk_info FROM evzubkov;"
evzubkov;Зубков Евгений Валентинович (Evgeniy Zubkov);core;object_risk_info;UPDATE;EDW All Core;"REVOKE UPDATE ON core.object_risk_info FROM evzubkov;"
evzubkov;Зубков Евгений Валентинович (Evgeniy Zubkov);core;object_risk_info;DELETE;EDW All Core;"REVOKE DELETE ON core.object_risk_info FROM evzubkov;"
evzubkov;Зубков Евгений Валентинович (Evgeniy Zubkov);core;object_risk_info;TRUNCATE;EDW All Core;"REVOKE TRUNCATE ON core.object_risk_info FROM evzubkov;"
evzubkov;Зубков Евгений Валентинович (Evgeniy Zubkov);core;object_risk_info;REFERENCES;EDW All Core;"REVOKE REFERENCES ON core.object_risk_info FROM evzubkov;"
evzubkov;Зубков Евгений Валентинович (Evgeniy Zubkov);core;object_risk_info;TRIGGER;EDW All Core;"REVOKE TRIGGER ON core.object_risk_info FROM evzubkov;"
mpmashin;Машин Максим Павлович (Maksim Mashin);core;object_risk_info;SELECT;EDW All Core;"REVOKE SELECT ON core.object_risk_info FROM mpmashin;"
vatsvetkova;Цветкова Виктория Андреевна (Viktoriya Tsvetkova);core;object_risk_info;SELECT;EDW Read Core;"REVOKE SELECT ON core.object_risk_info FROM vatsvetkova;"
yvvorobev;Воробьев Юрий Владимирович (Yury Vorobev);cdm;ac_invoice;SELECT;EDW All CDM;"REVOKE SELECT ON cdm.ac_invoice FROM yvvorobev;"
mpmashin;Машин Максим Павлович (Maksim Mashin);property;tmp_gdi_insurer_ul_test;INSERT;EDW All Property;"REVOKE INSERT ON property.tmp_gdi_insurer_ul_test FROM mpmashin;"
mpmashin;Машин Максим Павлович (Maksim Mashin);property;tmp_gdi_insurer_ul_test;SELECT;EDW All Property;"REVOKE SELECT ON property.tmp_gdi_insurer_ul_test FROM mpmashin;"
mpmashin;Машин Максим Павлович (Maksim Mashin);property;tmp_gdi_insurer_ul_test;UPDATE;EDW All Property;"REVOKE UPDATE ON property.tmp_gdi_insurer_ul_test FROM mpmashin;"
mpmashin;Машин Максим Павлович (Maksim Mashin);property;tmp_gdi_insurer_ul_test;DELETE;EDW All Property;"REVOKE DELETE ON property.tmp_gdi_insurer_ul_test FROM mpmashin;"
mpmashin;Машин Максим Павлович (Maksim Mashin);property;tmp_gdi_insurer_ul_test;TRUNCATE;EDW All Property;"REVOKE TRUNCATE ON property.tmp_gdi_insurer_ul_test FROM mpmashin;"
mpmashin;Машин Максим Павлович (Maksim Mashin);property;tmp_gdi_insurer_ul_test;REFERENCES;EDW All Property;"REVOKE REFERENCES ON property.tmp_gdi_insurer_ul_test FROM mpmashin;"
mpmashin;Машин Максим Павлович (Maksim Mashin);property;tmp_gdi_insurer_ul_test;TRIGGER;EDW All Property;"REVOKE TRIGGER ON property.tmp_gdi_insurer_ul_test FROM mpmashin;"
vakremnev;Кремнев Владимир Александрович (Vladimir Kremnev);cdm_analysis_out;sold_contracts_without_renewal_data_2663;INSERT;EDW All Cdm Analysis Out;"REVOKE INSERT ON cdm_analysis_out.sold_contracts_without_renewal_data_2663 FROM vakremnev;"
vakremnev;Кремнев Владимир Александрович (Vladimir Kremnev);cdm_analysis_out;sold_contracts_without_renewal_data_2663;SELECT;EDW Read Cdm Analysis Out;"REVOKE SELECT ON cdm_analysis_out.sold_contracts_without_renewal_data_2663 FROM vakremnev;"
vakremnev;Кремнев Владимир Александрович (Vladimir Kremnev);cdm_analysis_out;sold_contracts_without_renewal_data_2663;UPDATE;EDW All Cdm Analysis Out;"REVOKE UPDATE ON cdm_analysis_out.sold_contracts_without_renewal_data_2663 FROM vakremnev;"
vakremnev;Кремнев Владимир Александрович (Vladimir Kremnev);cdm_analysis_out;sold_contracts_without_renewal_data_2663;DELETE;EDW All Cdm Analysis Out;"REVOKE DELETE ON cdm_analysis_out.sold_contracts_without_renewal_data_2663 FROM vakremnev;"
vakremnev;Кремнев Владимир Александрович (Vladimir Kremnev);cdm_analysis_out;sold_contracts_without_renewal_data_2663;TRUNCATE;EDW All Cdm Analysis Out;"REVOKE TRUNCATE ON cdm_analysis_out.sold_contracts_without_renewal_data_2663 FROM vakremnev;"
vakremnev;Кремнев Владимир Александрович (Vladimir Kremnev);cdm_analysis_out;sold_contracts_without_renewal_data_2663;REFERENCES;EDW All Cdm Analysis Out;"REVOKE REFERENCES ON cdm_analysis_out.sold_contracts_without_renewal_data_2663 FROM vakremnev;"
vakremnev;Кремнев Владимир Александрович (Vladimir Kremnev);cdm_analysis_out;sold_contracts_without_renewal_data_2663;TRIGGER;EDW All Cdm Analysis Out;"REVOKE TRIGGER ON cdm_analysis_out.sold_contracts_without_renewal_data_2663 FROM vakremnev;"
ivfilin;Филин Игорь Валерьевич (Igor Filin);cdm_analysis;all_ifl_prol_20260127;SELECT;EDW All Cdm Analysis;"REVOKE SELECT ON cdm_analysis.all_ifl_prol_20260127 FROM ivfilin;"
mpmashin;Машин Максим Павлович (Maksim Mashin);cdm_analysis;bad_pol_claim_contract_delta;SELECT;EDW All Cdm Analysis;"REVOKE SELECT ON cdm_analysis.bad_pol_claim_contract_delta FROM mpmashin;"
avchaplygina;Чаплыгина Алена Владимировна (Alena Chaplygina);cdm_analysis;br_edw_f10_merge;SELECT;EDW Read Cdm Analysis;"REVOKE SELECT ON cdm_analysis.br_edw_f10_merge FROM avchaplygina;"
qs_economic;QS_Economic;cdm_analysis;cb_kasko_claim;SELECT;EDW Read Cdm Analysis;"REVOKE SELECT ON cdm_analysis.cb_kasko_claim FROM qs_economic;"
avchaplygina;Чаплыгина Алена Владимировна (Alena Chaplygina);cdm_analysis;cb_kasko_claim;SELECT;EDW Read Cdm Analysis;"REVOKE SELECT ON cdm_analysis.cb_kasko_claim FROM avchaplygina;"
tvbozhenkova;Боженкова Татьяна Владимировна (Tatyana Bozhenkova);cdm_analysis;cb_kasko_claim;SELECT;EDW Read Cdm Analysis;"REVOKE SELECT ON cdm_analysis.cb_kasko_claim FROM tvbozhenkova;"
ayzhukova;Жукова Анастасия Юрьевна (Anastasiya Zhukova);cdm_analysis;cb_kasko_claim;SELECT;EDW Read Cdm Analysis;"REVOKE SELECT ON cdm_analysis.cb_kasko_claim FROM ayzhukova;"
ekorotkih;Коротких Екатерина Александровна (Ekaterina Korotkikh);cdm_analysis;cb_kasko_claim;SELECT;EDW Read Cdm Analysis;"REVOKE SELECT ON cdm_analysis.cb_kasko_claim FROM ekorotkih;"
asergeev;Сергеев Артем Александрович (Artem Sergeev);cdm_analysis;cb_kasko_claim;SELECT;EDW Read Cdm Analysis;"REVOKE SELECT ON cdm_analysis.cb_kasko_claim FROM asergeev;"
gmindrupskaya;Индрупская Галина Михайловна (Galina Indrupskaya);cdm_analysis;cb_kasko_claim;SELECT;EDW Read Cdm Analysis;"REVOKE SELECT ON cdm_analysis.cb_kasko_claim FROM gmindrupskaya;"
avyurin;Юрин Андрей Викторович (Andrey Yurin);cdm_analysis;cb_kasko_claim;SELECT;EDW Read Cdm Analysis;"REVOKE SELECT ON cdm_analysis.cb_kasko_claim FROM avyurin;"
yvvorobev;Воробьев Юрий Владимирович (Yury Vorobev);cdm;dm_osago_payment;SELECT;EDW All CDM;"REVOKE SELECT ON cdm.dm_osago_payment FROM yvvorobev;"
gmindrupskaya;Индрупская Галина Михайловна (Galina Indrupskaya);cdm_analysis;cdbrep16407_f10_kar_par_cp;SELECT;EDW Read Cdm Analysis;"REVOKE SELECT ON cdm_analysis.cdbrep16407_f10_kar_par_cp FROM gmindrupskaya;"
ogbykova;Быкова Ольга Геннадьевна (Olga Bykova);cdm_analysis;cdbrep16407_f10_kar_par_cp;SELECT;EDW Read Cdm Analysis;"REVOKE SELECT ON cdm_analysis.cdbrep16407_f10_kar_par_cp FROM ogbykova;"
gmindrupskaya;Индрупская Галина Михайловна (Galina Indrupskaya);cdm_analysis;cdbrep16407_losses;SELECT;EDW Read Cdm Analysis;"REVOKE SELECT ON cdm_analysis.cdbrep16407_losses FROM gmindrupskaya;"
ogbykova;Быкова Ольга Геннадьевна (Olga Bykova);cdm_analysis;cdbrep16407_losses;SELECT;EDW Read Cdm Analysis;"REVOKE SELECT ON cdm_analysis.cdbrep16407_losses FROM ogbykova;"
gmindrupskaya;Индрупская Галина Михайловна (Galina Indrupskaya);cdm_analysis;cdbrep16621_con_2023;SELECT;EDW Read Cdm Analysis;"REVOKE SELECT ON cdm_analysis.cdbrep16621_con_2023 FROM gmindrupskaya;"
aarozhnov;Рожнов Андрей Алексеевич (Andrey Rozhnov);cdm_analysis;cdbrep16621_con_2023;SELECT;EDW Read Cdm Analysis;"REVOKE SELECT ON cdm_analysis.cdbrep16621_con_2023 FROM aarozhnov;"
teabel;Абель Татьяна Евгеньевна (Tatyana Abel);cdm_analysis;cdbrep16621_con_2023;SELECT;EDW Read Cdm Analysis;"REVOKE SELECT ON cdm_analysis.cdbrep16621_con_2023 FROM teabel;"
ogbykova;Быкова Ольга Геннадьевна (Olga Bykova);cdm_analysis;cdbrep16621_con_2023;SELECT;EDW Read Cdm Analysis;"REVOKE SELECT ON cdm_analysis.cdbrep16621_con_2023 FROM ogbykova;"
asergeev;Сергеев Артем Александрович (Artem Sergeev);cdm_analysis;cdbrep16621_con_2023;SELECT;EDW Read Cdm Analysis;"REVOKE SELECT ON cdm_analysis.cdbrep16621_con_2023 FROM asergeev;"
gmindrupskaya;Индрупская Галина Михайловна (Galina Indrupskaya);cdm_analysis;cdbrep16949;SELECT;EDW Read Cdm Analysis;"REVOKE SELECT ON cdm_analysis.cdbrep16949 FROM gmindrupskaya;"
aarozhnov;Рожнов Андрей Алексеевич (Andrey Rozhnov);cdm_analysis;cdbrep16949;SELECT;EDW Read Cdm Analysis;"REVOKE SELECT ON cdm_analysis.cdbrep16949 FROM aarozhnov;"
teabel;Абель Татьяна Евгеньевна (Tatyana Abel);cdm_analysis;cdbrep16949;SELECT;EDW Read Cdm Analysis;"REVOKE SELECT ON cdm_analysis.cdbrep16949 FROM teabel;"
ogbykova;Быкова Ольга Геннадьевна (Olga Bykova);cdm_analysis;cdbrep16949;SELECT;EDW Read Cdm Analysis;"REVOKE SELECT ON cdm_analysis.cdbrep16949 FROM ogbykova;"
asergeev;Сергеев Артем Александрович (Artem Sergeev);cdm_analysis;cdbrep16949;SELECT;EDW Read Cdm Analysis;"REVOKE SELECT ON cdm_analysis.cdbrep16949 FROM asergeev;"
aafedorov;Федоров Алексей Анатольевич (Aleksey Fedorov);cdm_analysis_out;ofr_premium_agg_agent_con;SELECT;EDW Read Cdm Analysis Out;"REVOKE SELECT ON cdm_analysis_out.ofr_premium_agg_agent_con FROM aafedorov;"
yvvorobev;Воробьев Юрий Владимирович (Yury Vorobev);cdm;dm_osago_person_claim;SELECT;EDW All CDM;"REVOKE SELECT ON cdm.dm_osago_person_claim FROM yvvorobev;"
yvvorobev;Воробьев Юрий Владимирович (Yury Vorobev);cdm;dm_osago_person_hist;SELECT;EDW All CDM;"REVOKE SELECT ON cdm.dm_osago_person_hist FROM yvvorobev;"
yvvorobev;Воробьев Юрий Владимирович (Yury Vorobev);cdm;dm_corp_atomic;SELECT;EDW All CDM;"REVOKE SELECT ON cdm.dm_corp_atomic FROM yvvorobev;"
yvvorobev;Воробьев Юрий Владимирович (Yury Vorobev);cdm;dm_corp_ekis_object;SELECT;EDW All CDM;"REVOKE SELECT ON cdm.dm_corp_ekis_object FROM yvvorobev;"
yvvorobev;Воробьев Юрий Владимирович (Yury Vorobev);cdm;dm_corp_object_dop;SELECT;EDW All CDM;"REVOKE SELECT ON cdm.dm_corp_object_dop FROM yvvorobev;"
evzubkov;Зубков Евгений Валентинович (Evgeniy Zubkov);core;tr_perfomance;INSERT;EDW All Core;"REVOKE INSERT ON core.tr_perfomance FROM evzubkov;"
evzubkov;Зубков Евгений Валентинович (Evgeniy Zubkov);core;tr_perfomance;SELECT;EDW All Core;"REVOKE SELECT ON core.tr_perfomance FROM evzubkov;"
evzubkov;Зубков Евгений Валентинович (Evgeniy Zubkov);core;tr_perfomance;UPDATE;EDW All Core;"REVOKE UPDATE ON core.tr_perfomance FROM evzubkov;"
evzubkov;Зубков Евгений Валентинович (Evgeniy Zubkov);core;tr_perfomance;DELETE;EDW All Core;"REVOKE DELETE ON core.tr_perfomance FROM evzubkov;"
evzubkov;Зубков Евгений Валентинович (Evgeniy Zubkov);core;tr_perfomance;TRUNCATE;EDW All Core;"REVOKE TRUNCATE ON core.tr_perfomance FROM evzubkov;"
evzubkov;Зубков Евгений Валентинович (Evgeniy Zubkov);core;tr_perfomance;REFERENCES;EDW All Core;"REVOKE REFERENCES ON core.tr_perfomance FROM evzubkov;"
evzubkov;Зубков Евгений Валентинович (Evgeniy Zubkov);core;tr_perfomance;TRIGGER;EDW All Core;"REVOKE TRIGGER ON core.tr_perfomance FROM evzubkov;"
alvreus;Реус Александр Валерьевич (Aleksandr Reus);core;tr_perfomance;SELECT;EDW Read Core;"REVOKE SELECT ON core.tr_perfomance FROM alvreus;"
vatsvetkova;Цветкова Виктория Андреевна (Viktoriya Tsvetkova);core;tr_perfomance;SELECT;EDW Read Core;"REVOKE SELECT ON core.tr_perfomance FROM vatsvetkova;"
mpmashin;Машин Максим Павлович (Maksim Mashin);core;tr_perfomance;SELECT;EDW All Core;"REVOKE SELECT ON core.tr_perfomance FROM mpmashin;"
aatokolova;Токолова Алина Александровна (Alina Tokolova);cdm_analysis_out;dvs_quotessearch_contracts_incr;SELECT;EDW Read Cdm Analysis Out;"REVOKE SELECT ON cdm_analysis_out.dvs_quotessearch_contracts_incr FROM aatokolova;"
aozhigalov;Жигалов Артур Олегович (Artur Zhigalov);cdm_analysis_out;dvs_quotessearch_contracts_incr;SELECT;EDW Read Cdm Analysis Out;"REVOKE SELECT ON cdm_analysis_out.dvs_quotessearch_contracts_incr FROM aozhigalov;"
rdayzatulin;Айзатулин Ринат Дамирович (Rinat Ayzatulin);cdm_analysis_out;dvs_quotessearch_contracts_incr;SELECT;EDW Read Cdm Analysis Out;"REVOKE SELECT ON cdm_analysis_out.dvs_quotessearch_contracts_incr FROM rdayzatulin;"
asfesenko;Фесенко Александр Сергеевич (Aleksandr Fesenko);cdm_analysis_out;dvs_quotessearch_contracts_incr;SELECT;EDW Read Cdm Analysis Out;"REVOKE SELECT ON cdm_analysis_out.dvs_quotessearch_contracts_incr FROM asfesenko;"
digarifulin;Гарифулин Дмитрий Исмагильевич (Dmitriy Garifulin);cdm_analysis_out;dvs_quotessearch_contracts_incr;SELECT;EDW Read Cdm Analysis Out;"REVOKE SELECT ON cdm_analysis_out.dvs_quotessearch_contracts_incr FROM digarifulin;"
yvvorobev;Воробьев Юрий Владимирович (Yury Vorobev);cdm_analysis_out;dvs_quotessearch_contracts_incr;SELECT;EDW Read Cdm Analysis Out;"REVOKE SELECT ON cdm_analysis_out.dvs_quotessearch_contracts_incr FROM yvvorobev;"
akavdeev;Авдеев Андрей Кириллович (Andrey Avdeev);cdm_analysis_out;dvs_quotessearch_contracts_incr;SELECT;EDW Read Cdm Analysis Out;"REVOKE SELECT ON cdm_analysis_out.dvs_quotessearch_contracts_incr FROM akavdeev;"
gmvargaftik;Варгафтик Григорий Михайлович (Grigoriy Vargaftik);cdm_analysis_out;dvs_quotessearch_contracts_incr;SELECT;EDW Read Cdm Analysis Out;"REVOKE SELECT ON cdm_analysis_out.dvs_quotessearch_contracts_incr FROM gmvargaftik;"
avdombrovskiy;Домбровский Александр Владимирович (Aleksandr Dombrovskiy);cdm_analysis_out;dvs_quotessearch_contracts_incr;SELECT;EDW Read Cdm Analysis Out;"REVOKE SELECT ON cdm_analysis_out.dvs_quotessearch_contracts_incr FROM avdombrovskiy;"
aatokolova;Токолова Алина Александровна (Alina Tokolova);cdm_analysis_out;dvs_quotessearch_contracts;SELECT;EDW Read Cdm Analysis Out;"REVOKE SELECT ON cdm_analysis_out.dvs_quotessearch_contracts FROM aatokolova;"
aozhigalov;Жигалов Артур Олегович (Artur Zhigalov);cdm_analysis_out;dvs_quotessearch_contracts;SELECT;EDW Read Cdm Analysis Out;"REVOKE SELECT ON cdm_analysis_out.dvs_quotessearch_contracts FROM aozhigalov;"
rdayzatulin;Айзатулин Ринат Дамирович (Rinat Ayzatulin);cdm_analysis_out;dvs_quotessearch_contracts;SELECT;EDW Read Cdm Analysis Out;"REVOKE SELECT ON cdm_analysis_out.dvs_quotessearch_contracts FROM rdayzatulin;"
asfesenko;Фесенко Александр Сергеевич (Aleksandr Fesenko);cdm_analysis_out;dvs_quotessearch_contracts;SELECT;EDW Read Cdm Analysis Out;"REVOKE SELECT ON cdm_analysis_out.dvs_quotessearch_contracts FROM asfesenko;"
digarifulin;Гарифулин Дмитрий Исмагильевич (Dmitriy Garifulin);cdm_analysis_out;dvs_quotessearch_contracts;SELECT;EDW Read Cdm Analysis Out;"REVOKE SELECT ON cdm_analysis_out.dvs_quotessearch_contracts FROM digarifulin;"
yvvorobev;Воробьев Юрий Владимирович (Yury Vorobev);cdm_analysis_out;dvs_quotessearch_contracts;SELECT;EDW Read Cdm Analysis Out;"REVOKE SELECT ON cdm_analysis_out.dvs_quotessearch_contracts FROM yvvorobev;"
akavdeev;Авдеев Андрей Кириллович (Andrey Avdeev);cdm_analysis_out;dvs_quotessearch_contracts;SELECT;EDW Read Cdm Analysis Out;"REVOKE SELECT ON cdm_analysis_out.dvs_quotessearch_contracts FROM akavdeev;"
gmvargaftik;Варгафтик Григорий Михайлович (Grigoriy Vargaftik);cdm_analysis_out;dvs_quotessearch_contracts;SELECT;EDW Read Cdm Analysis Out;"REVOKE SELECT ON cdm_analysis_out.dvs_quotessearch_contracts FROM gmvargaftik;"
avdombrovskiy;Домбровский Александр Владимирович (Aleksandr Dombrovskiy);cdm_analysis_out;dvs_quotessearch_contracts;SELECT;EDW Read Cdm Analysis Out;"REVOKE SELECT ON cdm_analysis_out.dvs_quotessearch_contracts FROM avdombrovskiy;"
aatokolova;Токолова Алина Александровна (Alina Tokolova);cdm_analysis_out;dvs_quotessearch_vehicle;SELECT;EDW Read Cdm Analysis Out;"REVOKE SELECT ON cdm_analysis_out.dvs_quotessearch_vehicle FROM aatokolova;"
aozhigalov;Жигалов Артур Олегович (Artur Zhigalov);cdm_analysis_out;dvs_quotessearch_vehicle;SELECT;EDW Read Cdm Analysis Out;"REVOKE SELECT ON cdm_analysis_out.dvs_quotessearch_vehicle FROM aozhigalov;"
rdayzatulin;Айзатулин Ринат Дамирович (Rinat Ayzatulin);cdm_analysis_out;dvs_quotessearch_vehicle;SELECT;EDW Read Cdm Analysis Out;"REVOKE SELECT ON cdm_analysis_out.dvs_quotessearch_vehicle FROM rdayzatulin;"
asfesenko;Фесенко Александр Сергеевич (Aleksandr Fesenko);cdm_analysis_out;dvs_quotessearch_vehicle;SELECT;EDW Read Cdm Analysis Out;"REVOKE SELECT ON cdm_analysis_out.dvs_quotessearch_vehicle FROM asfesenko;"
digarifulin;Гарифулин Дмитрий Исмагильевич (Dmitriy Garifulin);cdm_analysis_out;dvs_quotessearch_vehicle;SELECT;EDW Read Cdm Analysis Out;"REVOKE SELECT ON cdm_analysis_out.dvs_quotessearch_vehicle FROM digarifulin;"
yvvorobev;Воробьев Юрий Владимирович (Yury Vorobev);cdm_analysis_out;dvs_quotessearch_vehicle;SELECT;EDW Read Cdm Analysis Out;"REVOKE SELECT ON cdm_analysis_out.dvs_quotessearch_vehicle FROM yvvorobev;"
akavdeev;Авдеев Андрей Кириллович (Andrey Avdeev);cdm_analysis_out;dvs_quotessearch_vehicle;SELECT;EDW Read Cdm Analysis Out;"REVOKE SELECT ON cdm_analysis_out.dvs_quotessearch_vehicle FROM akavdeev;"
gmvargaftik;Варгафтик Григорий Михайлович (Grigoriy Vargaftik);cdm_analysis_out;dvs_quotessearch_vehicle;SELECT;EDW Read Cdm Analysis Out;"REVOKE SELECT ON cdm_analysis_out.dvs_quotessearch_vehicle FROM gmvargaftik;"
avdombrovskiy;Домбровский Александр Владимирович (Aleksandr Dombrovskiy);cdm_analysis_out;dvs_quotessearch_vehicle;SELECT;EDW Read Cdm Analysis Out;"REVOKE SELECT ON cdm_analysis_out.dvs_quotessearch_vehicle FROM avdombrovskiy;"
qs_economic;QS_Economic;cdm_analysis;commission_sap_errors3;SELECT;EDW Read Cdm Analysis;"REVOKE SELECT ON cdm_analysis.commission_sap_errors3 FROM qs_economic;"
avyurin;Юрин Андрей Викторович (Andrey Yurin);cdm_analysis;commission_sap_errors3;SELECT;EDW Read Cdm Analysis;"REVOKE SELECT ON cdm_analysis.commission_sap_errors3 FROM avyurin;"
avchaplygina;Чаплыгина Алена Владимировна (Alena Chaplygina);cdm_analysis;commission_sap_errors3;SELECT;EDW Read Cdm Analysis;"REVOKE SELECT ON cdm_analysis.commission_sap_errors3 FROM avchaplygina;"
tvbozhenkova;Боженкова Татьяна Владимировна (Tatyana Bozhenkova);cdm_analysis;commission_sap_errors3;SELECT;EDW Read Cdm Analysis;"REVOKE SELECT ON cdm_analysis.commission_sap_errors3 FROM tvbozhenkova;"
avyurin;Юрин Андрей Викторович (Andrey Yurin);cdm_analysis;contr_with_agent_kv;SELECT;EDW Read Cdm Analysis;"REVOKE SELECT ON cdm_analysis.contr_with_agent_kv FROM avyurin;"
qs_economic;QS_Economic;cdm_analysis;contr_with_agent_kv;SELECT;EDW Read Cdm Analysis;"REVOKE SELECT ON cdm_analysis.contr_with_agent_kv FROM qs_economic;"
avchaplygina;Чаплыгина Алена Владимировна (Alena Chaplygina);cdm_analysis;contr_with_agent_kv;SELECT;EDW Read Cdm Analysis;"REVOKE SELECT ON cdm_analysis.contr_with_agent_kv FROM avchaplygina;"
tvbozhenkova;Боженкова Татьяна Владимировна (Tatyana Bozhenkova);cdm_analysis;contr_with_agent_kv;SELECT;EDW Read Cdm Analysis;"REVOKE SELECT ON cdm_analysis.contr_with_agent_kv FROM tvbozhenkova;"
yvvorobev;Воробьев Юрий Владимирович (Yury Vorobev);cdm;dm_m5kbm_rgs2household;SELECT;EDW All CDM;"REVOKE SELECT ON cdm.dm_m5kbm_rgs2household FROM yvvorobev;"
yvvorobev;Воробьев Юрий Владимирович (Yury Vorobev);cdm;dm_m5kbm_chain;SELECT;EDW All CDM;"REVOKE SELECT ON cdm.dm_m5kbm_chain FROM yvvorobev;"
gmvargaftik;Варгафтик Григорий Михайлович (Grigoriy Vargaftik);cdm_analysis;cdbrep_18614;SELECT;EDW Read Cdm Analysis;"REVOKE SELECT ON cdm_analysis.cdbrep_18614 FROM gmvargaftik;"
yvvorobev;Воробьев Юрий Владимирович (Yury Vorobev);cdm_analysis;cdbrep_18614;SELECT;EDW All Cdm Analysis;"REVOKE SELECT ON cdm_analysis.cdbrep_18614 FROM yvvorobev;"
yvvorobev;Воробьев Юрий Владимирович (Yury Vorobev);cdm;dm_m5kbm_main2hist;SELECT;EDW All CDM;"REVOKE SELECT ON cdm.dm_m5kbm_main2hist FROM yvvorobev;"
vatsvetkova;Цветкова Виктория Андреевна (Viktoriya Tsvetkova);ccu;a_an_camp_agent_change_2;INSERT;EDW All CCU;"REVOKE INSERT ON ccu.a_an_camp_agent_change_2 FROM vatsvetkova;"
vatsvetkova;Цветкова Виктория Андреевна (Viktoriya Tsvetkova);ccu;a_an_camp_agent_change_2;SELECT;EDW All CCU;"REVOKE SELECT ON ccu.a_an_camp_agent_change_2 FROM vatsvetkova;"
vatsvetkova;Цветкова Виктория Андреевна (Viktoriya Tsvetkova);ccu;a_an_camp_agent_change_2;UPDATE;EDW All CCU;"REVOKE UPDATE ON ccu.a_an_camp_agent_change_2 FROM vatsvetkova;"
vatsvetkova;Цветкова Виктория Андреевна (Viktoriya Tsvetkova);ccu;a_an_camp_agent_change_2;DELETE;EDW All CCU;"REVOKE DELETE ON ccu.a_an_camp_agent_change_2 FROM vatsvetkova;"
vatsvetkova;Цветкова Виктория Андреевна (Viktoriya Tsvetkova);ccu;a_an_camp_agent_change_2;TRUNCATE;EDW All CCU;"REVOKE TRUNCATE ON ccu.a_an_camp_agent_change_2 FROM vatsvetkova;"
vatsvetkova;Цветкова Виктория Андреевна (Viktoriya Tsvetkova);ccu;a_an_camp_agent_change_2;REFERENCES;EDW All CCU;"REVOKE REFERENCES ON ccu.a_an_camp_agent_change_2 FROM vatsvetkova;"
vatsvetkova;Цветкова Виктория Андреевна (Viktoriya Tsvetkova);ccu;a_an_camp_agent_change_2;TRIGGER;EDW All CCU;"REVOKE TRIGGER ON ccu.a_an_camp_agent_change_2 FROM vatsvetkova;"
yvvorobev;Воробьев Юрий Владимирович (Yury Vorobev);cdm;dm_m5kbm_payment_agg;SELECT;EDW All CDM;"REVOKE SELECT ON cdm.dm_m5kbm_payment_agg FROM yvvorobev;"
yvvorobev;Воробьев Юрий Владимирович (Yury Vorobev);cdm;dm_m5kbm_contract_agg;SELECT;EDW All CDM;"REVOKE SELECT ON cdm.dm_m5kbm_contract_agg FROM yvvorobev;"
alvreus;Реус Александр Валерьевич (Aleksandr Reus);core;jb_log;SELECT;EDW Read Core;"REVOKE SELECT ON core.jb_log FROM alvreus;"
vatsvetkova;Цветкова Виктория Андреевна (Viktoriya Tsvetkova);core;jb_log;SELECT;EDW Read Core;"REVOKE SELECT ON core.jb_log FROM vatsvetkova;"
mpmashin;Машин Максим Павлович (Maksim Mashin);core;jb_log;SELECT;EDW All Core;"REVOKE SELECT ON core.jb_log FROM mpmashin;"
yvvorobev;Воробьев Юрий Владимирович (Yury Vorobev);cdm;dm_m5kbm_severity_term_delta;SELECT;EDW All CDM;"REVOKE SELECT ON cdm.dm_m5kbm_severity_term_delta FROM yvvorobev;"
aisadilov;Садилов Антон Игоревич (Anton Sadilov);aiszhl;dct_error_allocation;SELECT;EDW Read AISZHL;"REVOKE SELECT ON aiszhl.dct_error_allocation FROM aisadilov;"
vatsvetkova;Цветкова Виктория Андреевна (Viktoriya Tsvetkova);aiszhl;dct_error_allocation;INSERT;EDW All AISZHL;"REVOKE INSERT ON aiszhl.dct_error_allocation FROM vatsvetkova;"
vatsvetkova;Цветкова Виктория Андреевна (Viktoriya Tsvetkova);aiszhl;dct_error_allocation;SELECT;EDW All AISZHL;"REVOKE SELECT ON aiszhl.dct_error_allocation FROM vatsvetkova;"
vatsvetkova;Цветкова Виктория Андреевна (Viktoriya Tsvetkova);aiszhl;dct_error_allocation;UPDATE;EDW All AISZHL;"REVOKE UPDATE ON aiszhl.dct_error_allocation FROM vatsvetkova;"
vatsvetkova;Цветкова Виктория Андреевна (Viktoriya Tsvetkova);aiszhl;dct_error_allocation;DELETE;EDW All AISZHL;"REVOKE DELETE ON aiszhl.dct_error_allocation FROM vatsvetkova;"
vatsvetkova;Цветкова Виктория Андреевна (Viktoriya Tsvetkova);aiszhl;dct_error_allocation;TRUNCATE;EDW All AISZHL;"REVOKE TRUNCATE ON aiszhl.dct_error_allocation FROM vatsvetkova;"
vatsvetkova;Цветкова Виктория Андреевна (Viktoriya Tsvetkova);aiszhl;dct_error_allocation;REFERENCES;EDW All AISZHL;"REVOKE REFERENCES ON aiszhl.dct_error_allocation FROM vatsvetkova;"
vatsvetkova;Цветкова Виктория Андреевна (Viktoriya Tsvetkova);aiszhl;dct_error_allocation;TRIGGER;EDW All AISZHL;"REVOKE TRIGGER ON aiszhl.dct_error_allocation FROM vatsvetkova;"
alvreus;Реус Александр Валерьевич (Aleksandr Reus);aiszhl;dct_error_allocation;INSERT;EDW All AISZHL;"REVOKE INSERT ON aiszhl.dct_error_allocation FROM alvreus;"
alvreus;Реус Александр Валерьевич (Aleksandr Reus);aiszhl;dct_error_allocation;SELECT;EDW All AISZHL;"REVOKE SELECT ON aiszhl.dct_error_allocation FROM alvreus;"
alvreus;Реус Александр Валерьевич (Aleksandr Reus);aiszhl;dct_error_allocation;UPDATE;EDW All AISZHL;"REVOKE UPDATE ON aiszhl.dct_error_allocation FROM alvreus;"
alvreus;Реус Александр Валерьевич (Aleksandr Reus);aiszhl;dct_error_allocation;DELETE;EDW All AISZHL;"REVOKE DELETE ON aiszhl.dct_error_allocation FROM alvreus;"
alvreus;Реус Александр Валерьевич (Aleksandr Reus);aiszhl;dct_error_allocation;TRUNCATE;EDW All AISZHL;"REVOKE TRUNCATE ON aiszhl.dct_error_allocation FROM alvreus;"
alvreus;Реус Александр Валерьевич (Aleksandr Reus);aiszhl;dct_error_allocation;REFERENCES;EDW All AISZHL;"REVOKE REFERENCES ON aiszhl.dct_error_allocation FROM alvreus;"
alvreus;Реус Александр Валерьевич (Aleksandr Reus);aiszhl;dct_error_allocation;TRIGGER;EDW All AISZHL;"REVOKE TRIGGER ON aiszhl.dct_error_allocation FROM alvreus;"
mpmashin;Машин Максим Павлович (Maksim Mashin);aiszhl;dct_error_allocation;INSERT;EDW All AISZHL;"REVOKE INSERT ON aiszhl.dct_error_allocation FROM mpmashin;"
mpmashin;Машин Максим Павлович (Maksim Mashin);aiszhl;dct_error_allocation;SELECT;EDW All AISZHL;"REVOKE SELECT ON aiszhl.dct_error_allocation FROM mpmashin;"
mpmashin;Машин Максим Павлович (Maksim Mashin);aiszhl;dct_error_allocation;UPDATE;EDW All AISZHL;"REVOKE UPDATE ON aiszhl.dct_error_allocation FROM mpmashin;"
mpmashin;Машин Максим Павлович (Maksim Mashin);aiszhl;dct_error_allocation;DELETE;EDW All AISZHL;"REVOKE DELETE ON aiszhl.dct_error_allocation FROM mpmashin;"
mpmashin;Машин Максим Павлович (Maksim Mashin);aiszhl;dct_error_allocation;TRUNCATE;EDW All AISZHL;"REVOKE TRUNCATE ON aiszhl.dct_error_allocation FROM mpmashin;"
mpmashin;Машин Максим Павлович (Maksim Mashin);aiszhl;dct_error_allocation;REFERENCES;EDW All AISZHL;"REVOKE REFERENCES ON aiszhl.dct_error_allocation FROM mpmashin;"
mpmashin;Машин Максим Павлович (Maksim Mashin);aiszhl;dct_error_allocation;TRIGGER;EDW All AISZHL;"REVOKE TRIGGER ON aiszhl.dct_error_allocation FROM mpmashin;"
vatsvetkova;Цветкова Виктория Андреевна (Viktoriya Tsvetkova);ccu;a_ma_contact_history_fm;INSERT;EDW All CCU;"REVOKE INSERT ON ccu.a_ma_contact_history_fm FROM vatsvetkova;"
vatsvetkova;Цветкова Виктория Андреевна (Viktoriya Tsvetkova);ccu;a_ma_contact_history_fm;SELECT;EDW All CCU;"REVOKE SELECT ON ccu.a_ma_contact_history_fm FROM vatsvetkova;"
vatsvetkova;Цветкова Виктория Андреевна (Viktoriya Tsvetkova);ccu;a_ma_contact_history_fm;UPDATE;EDW All CCU;"REVOKE UPDATE ON ccu.a_ma_contact_history_fm FROM vatsvetkova;"
vatsvetkova;Цветкова Виктория Андреевна (Viktoriya Tsvetkova);ccu;a_ma_contact_history_fm;DELETE;EDW All CCU;"REVOKE DELETE ON ccu.a_ma_contact_history_fm FROM vatsvetkova;"
vatsvetkova;Цветкова Виктория Андреевна (Viktoriya Tsvetkova);ccu;a_ma_contact_history_fm;TRUNCATE;EDW All CCU;"REVOKE TRUNCATE ON ccu.a_ma_contact_history_fm FROM vatsvetkova;"
vatsvetkova;Цветкова Виктория Андреевна (Viktoriya Tsvetkova);ccu;a_ma_contact_history_fm;REFERENCES;EDW All CCU;"REVOKE REFERENCES ON ccu.a_ma_contact_history_fm FROM vatsvetkova;"
vatsvetkova;Цветкова Виктория Андреевна (Viktoriya Tsvetkova);ccu;a_ma_contact_history_fm;TRIGGER;EDW All CCU;"REVOKE TRIGGER ON ccu.a_ma_contact_history_fm FROM vatsvetkova;"
aisadilov;Садилов Антон Игоревич (Anton Sadilov);aiszhl;ref_cancel_reason;SELECT;EDW Read AISZHL;"REVOKE SELECT ON aiszhl.ref_cancel_reason FROM aisadilov;"
vatsvetkova;Цветкова Виктория Андреевна (Viktoriya Tsvetkova);aiszhl;ref_cancel_reason;INSERT;EDW All AISZHL;"REVOKE INSERT ON aiszhl.ref_cancel_reason FROM vatsvetkova;"
vatsvetkova;Цветкова Виктория Андреевна (Viktoriya Tsvetkova);aiszhl;ref_cancel_reason;SELECT;EDW All AISZHL;"REVOKE SELECT ON aiszhl.ref_cancel_reason FROM vatsvetkova;"
vatsvetkova;Цветкова Виктория Андреевна (Viktoriya Tsvetkova);aiszhl;ref_cancel_reason;UPDATE;EDW All AISZHL;"REVOKE UPDATE ON aiszhl.ref_cancel_reason FROM vatsvetkova;"
vatsvetkova;Цветкова Виктория Андреевна (Viktoriya Tsvetkova);aiszhl;ref_cancel_reason;DELETE;EDW All AISZHL;"REVOKE DELETE ON aiszhl.ref_cancel_reason FROM vatsvetkova;"
vatsvetkova;Цветкова Виктория Андреевна (Viktoriya Tsvetkova);aiszhl;ref_cancel_reason;TRUNCATE;EDW All AISZHL;"REVOKE TRUNCATE ON aiszhl.ref_cancel_reason FROM vatsvetkova;"
vatsvetkova;Цветкова Виктория Андреевна (Viktoriya Tsvetkova);aiszhl;ref_cancel_reason;REFERENCES;EDW All AISZHL;"REVOKE REFERENCES ON aiszhl.ref_cancel_reason FROM vatsvetkova;"
vatsvetkova;Цветкова Виктория Андреевна (Viktoriya Tsvetkova);aiszhl;ref_cancel_reason;TRIGGER;EDW All AISZHL;"REVOKE TRIGGER ON aiszhl.ref_cancel_reason FROM vatsvetkova;"
alvreus;Реус Александр Валерьевич (Aleksandr Reus);aiszhl;ref_cancel_reason;INSERT;EDW All AISZHL;"REVOKE INSERT ON aiszhl.ref_cancel_reason FROM alvreus;"
alvreus;Реус Александр Валерьевич (Aleksandr Reus);aiszhl;ref_cancel_reason;SELECT;EDW All AISZHL;"REVOKE SELECT ON aiszhl.ref_cancel_reason FROM alvreus;"
alvreus;Реус Александр Валерьевич (Aleksandr Reus);aiszhl;ref_cancel_reason;UPDATE;EDW All AISZHL;"REVOKE UPDATE ON aiszhl.ref_cancel_reason FROM alvreus;"
alvreus;Реус Александр Валерьевич (Aleksandr Reus);aiszhl;ref_cancel_reason;DELETE;EDW All AISZHL;"REVOKE DELETE ON aiszhl.ref_cancel_reason FROM alvreus;"
alvreus;Реус Александр Валерьевич (Aleksandr Reus);aiszhl;ref_cancel_reason;TRUNCATE;EDW All AISZHL;"REVOKE TRUNCATE ON aiszhl.ref_cancel_reason FROM alvreus;"
alvreus;Реус Александр Валерьевич (Aleksandr Reus);aiszhl;ref_cancel_reason;REFERENCES;EDW All AISZHL;"REVOKE REFERENCES ON aiszhl.ref_cancel_reason FROM alvreus;"
alvreus;Реус Александр Валерьевич (Aleksandr Reus);aiszhl;ref_cancel_reason;TRIGGER;EDW All AISZHL;"REVOKE TRIGGER ON aiszhl.ref_cancel_reason FROM alvreus;"
mpmashin;Машин Максим Павлович (Maksim Mashin);aiszhl;ref_cancel_reason;INSERT;EDW All AISZHL;"REVOKE INSERT ON aiszhl.ref_cancel_reason FROM mpmashin;"
mpmashin;Машин Максим Павлович (Maksim Mashin);aiszhl;ref_cancel_reason;SELECT;EDW All AISZHL;"REVOKE SELECT ON aiszhl.ref_cancel_reason FROM mpmashin;"
mpmashin;Машин Максим Павлович (Maksim Mashin);aiszhl;ref_cancel_reason;UPDATE;EDW All AISZHL;"REVOKE UPDATE ON aiszhl.ref_cancel_reason FROM mpmashin;"
mpmashin;Машин Максим Павлович (Maksim Mashin);aiszhl;ref_cancel_reason;DELETE;EDW All AISZHL;"REVOKE DELETE ON aiszhl.ref_cancel_reason FROM mpmashin;"
mpmashin;Машин Максим Павлович (Maksim Mashin);aiszhl;ref_cancel_reason;TRUNCATE;EDW All AISZHL;"REVOKE TRUNCATE ON aiszhl.ref_cancel_reason FROM mpmashin;"
mpmashin;Машин Максим Павлович (Maksim Mashin);aiszhl;ref_cancel_reason;REFERENCES;EDW All AISZHL;"REVOKE REFERENCES ON aiszhl.ref_cancel_reason FROM mpmashin;"
mpmashin;Машин Максим Павлович (Maksim Mashin);aiszhl;ref_cancel_reason;TRIGGER;EDW All AISZHL;"REVOKE TRIGGER ON aiszhl.ref_cancel_reason FROM mpmashin;"
aisadilov;Садилов Антон Игоревич (Anton Sadilov);aiszhl;ref_s_risks;SELECT;EDW Read AISZHL;"REVOKE SELECT ON aiszhl.ref_s_risks FROM aisadilov;"
vatsvetkova;Цветкова Виктория Андреевна (Viktoriya Tsvetkova);aiszhl;ref_s_risks;INSERT;EDW All AISZHL;"REVOKE INSERT ON aiszhl.ref_s_risks FROM vatsvetkova;"
vatsvetkova;Цветкова Виктория Андреевна (Viktoriya Tsvetkova);aiszhl;ref_s_risks;SELECT;EDW All AISZHL;"REVOKE SELECT ON aiszhl.ref_s_risks FROM vatsvetkova;"
vatsvetkova;Цветкова Виктория Андреевна (Viktoriya Tsvetkova);aiszhl;ref_s_risks;UPDATE;EDW All AISZHL;"REVOKE UPDATE ON aiszhl.ref_s_risks FROM vatsvetkova;"
vatsvetkova;Цветкова Виктория Андреевна (Viktoriya Tsvetkova);aiszhl;ref_s_risks;DELETE;EDW All AISZHL;"REVOKE DELETE ON aiszhl.ref_s_risks FROM vatsvetkova;"
vatsvetkova;Цветкова Виктория Андреевна (Viktoriya Tsvetkova);aiszhl;ref_s_risks;TRUNCATE;EDW All AISZHL;"REVOKE TRUNCATE ON aiszhl.ref_s_risks FROM vatsvetkova;"
vatsvetkova;Цветкова Виктория Андреевна (Viktoriya Tsvetkova);aiszhl;ref_s_risks;REFERENCES;EDW All AISZHL;"REVOKE REFERENCES ON aiszhl.ref_s_risks FROM vatsvetkova;"
vatsvetkova;Цветкова Виктория Андреевна (Viktoriya Tsvetkova);aiszhl;ref_s_risks;TRIGGER;EDW All AISZHL;"REVOKE TRIGGER ON aiszhl.ref_s_risks FROM vatsvetkova;"
alvreus;Реус Александр Валерьевич (Aleksandr Reus);aiszhl;ref_s_risks;INSERT;EDW All AISZHL;"REVOKE INSERT ON aiszhl.ref_s_risks FROM alvreus;"
alvreus;Реус Александр Валерьевич (Aleksandr Reus);aiszhl;ref_s_risks;SELECT;EDW All AISZHL;"REVOKE SELECT ON aiszhl.ref_s_risks FROM alvreus;"
alvreus;Реус Александр Валерьевич (Aleksandr Reus);aiszhl;ref_s_risks;UPDATE;EDW All AISZHL;"REVOKE UPDATE ON aiszhl.ref_s_risks FROM alvreus;"
alvreus;Реус Александр Валерьевич (Aleksandr Reus);aiszhl;ref_s_risks;DELETE;EDW All AISZHL;"REVOKE DELETE ON aiszhl.ref_s_risks FROM alvreus;"
alvreus;Реус Александр Валерьевич (Aleksandr Reus);aiszhl;ref_s_risks;TRUNCATE;EDW All AISZHL;"REVOKE TRUNCATE ON aiszhl.ref_s_risks FROM alvreus;"
alvreus;Реус Александр Валерьевич (Aleksandr Reus);aiszhl;ref_s_risks;REFERENCES;EDW All AISZHL;"REVOKE REFERENCES ON aiszhl.ref_s_risks FROM alvreus;"
alvreus;Реус Александр Валерьевич (Aleksandr Reus);aiszhl;ref_s_risks;TRIGGER;EDW All AISZHL;"REVOKE TRIGGER ON aiszhl.ref_s_risks FROM alvreus;"
mpmashin;Машин Максим Павлович (Maksim Mashin);aiszhl;ref_s_risks;INSERT;EDW All AISZHL;"REVOKE INSERT ON aiszhl.ref_s_risks FROM mpmashin;"
mpmashin;Машин Максим Павлович (Maksim Mashin);aiszhl;ref_s_risks;SELECT;EDW All AISZHL;"REVOKE SELECT ON aiszhl.ref_s_risks FROM mpmashin;"
mpmashin;Машин Максим Павлович (Maksim Mashin);aiszhl;ref_s_risks;UPDATE;EDW All AISZHL;"REVOKE UPDATE ON aiszhl.ref_s_risks FROM mpmashin;"
mpmashin;Машин Максим Павлович (Maksim Mashin);aiszhl;ref_s_risks;DELETE;EDW All AISZHL;"REVOKE DELETE ON aiszhl.ref_s_risks FROM mpmashin;"
mpmashin;Машин Максим Павлович (Maksim Mashin);aiszhl;ref_s_risks;TRUNCATE;EDW All AISZHL;"REVOKE TRUNCATE ON aiszhl.ref_s_risks FROM mpmashin;"
mpmashin;Машин Максим Павлович (Maksim Mashin);aiszhl;ref_s_risks;REFERENCES;EDW All AISZHL;"REVOKE REFERENCES ON aiszhl.ref_s_risks FROM mpmashin;"
mpmashin;Машин Максим Павлович (Maksim Mashin);aiszhl;ref_s_risks;TRIGGER;EDW All AISZHL;"REVOKE TRIGGER ON aiszhl.ref_s_risks FROM mpmashin;"
vatsvetkova;Цветкова Виктория Андреевна (Viktoriya Tsvetkova);dwh_settings;core_check;INSERT;EDW All Dwh settings;"REVOKE INSERT ON dwh_settings.core_check FROM vatsvetkova;"
vatsvetkova;Цветкова Виктория Андреевна (Viktoriya Tsvetkova);dwh_settings;core_check;SELECT;EDW All Dwh settings;"REVOKE SELECT ON dwh_settings.core_check FROM vatsvetkova;"
vatsvetkova;Цветкова Виктория Андреевна (Viktoriya Tsvetkova);dwh_settings;core_check;UPDATE;EDW All Dwh settings;"REVOKE UPDATE ON dwh_settings.core_check FROM vatsvetkova;"
vatsvetkova;Цветкова Виктория Андреевна (Viktoriya Tsvetkova);dwh_settings;core_check;DELETE;EDW All Dwh settings;"REVOKE DELETE ON dwh_settings.core_check FROM vatsvetkova;"
vatsvetkova;Цветкова Виктория Андреевна (Viktoriya Tsvetkova);dwh_settings;core_check;TRUNCATE;EDW All Dwh settings;"REVOKE TRUNCATE ON dwh_settings.core_check FROM vatsvetkova;"
vatsvetkova;Цветкова Виктория Андреевна (Viktoriya Tsvetkova);dwh_settings;core_check;REFERENCES;EDW All Dwh settings;"REVOKE REFERENCES ON dwh_settings.core_check FROM vatsvetkova;"
vatsvetkova;Цветкова Виктория Андреевна (Viktoriya Tsvetkova);dwh_settings;core_check;TRIGGER;EDW All Dwh settings;"REVOKE TRIGGER ON dwh_settings.core_check FROM vatsvetkova;"
alvreus;Реус Александр Валерьевич (Aleksandr Reus);dwh_settings;core_check;INSERT;EDW All Dwh settings;"REVOKE INSERT ON dwh_settings.core_check FROM alvreus;"
alvreus;Реус Александр Валерьевич (Aleksandr Reus);dwh_settings;core_check;SELECT;EDW All Dwh settings;"REVOKE SELECT ON dwh_settings.core_check FROM alvreus;"
alvreus;Реус Александр Валерьевич (Aleksandr Reus);dwh_settings;core_check;UPDATE;EDW All Dwh settings;"REVOKE UPDATE ON dwh_settings.core_check FROM alvreus;"
alvreus;Реус Александр Валерьевич (Aleksandr Reus);dwh_settings;core_check;DELETE;EDW All Dwh settings;"REVOKE DELETE ON dwh_settings.core_check FROM alvreus;"
alvreus;Реус Александр Валерьевич (Aleksandr Reus);dwh_settings;core_check;TRUNCATE;EDW All Dwh settings;"REVOKE TRUNCATE ON dwh_settings.core_check FROM alvreus;"
alvreus;Реус Александр Валерьевич (Aleksandr Reus);dwh_settings;core_check;REFERENCES;EDW All Dwh settings;"REVOKE REFERENCES ON dwh_settings.core_check FROM alvreus;"
alvreus;Реус Александр Валерьевич (Aleksandr Reus);dwh_settings;core_check;TRIGGER;EDW All Dwh settings;"REVOKE TRIGGER ON dwh_settings.core_check FROM alvreus;"
mpmashin;Машин Максим Павлович (Maksim Mashin);dwh_settings;core_check;INSERT;EDW All Dwh settings;"REVOKE INSERT ON dwh_settings.core_check FROM mpmashin;"
mpmashin;Машин Максим Павлович (Maksim Mashin);dwh_settings;core_check;SELECT;EDW All Dwh settings;"REVOKE SELECT ON dwh_settings.core_check FROM mpmashin;"
mpmashin;Машин Максим Павлович (Maksim Mashin);dwh_settings;core_check;UPDATE;EDW All Dwh settings;"REVOKE UPDATE ON dwh_settings.core_check FROM mpmashin;"
mpmashin;Машин Максим Павлович (Maksim Mashin);dwh_settings;core_check;DELETE;EDW All Dwh settings;"REVOKE DELETE ON dwh_settings.core_check FROM mpmashin;"
mpmashin;Машин Максим Павлович (Maksim Mashin);dwh_settings;core_check;TRUNCATE;EDW All Dwh settings;"REVOKE TRUNCATE ON dwh_settings.core_check FROM mpmashin;"
mpmashin;Машин Максим Павлович (Maksim Mashin);dwh_settings;core_check;REFERENCES;EDW All Dwh settings;"REVOKE REFERENCES ON dwh_settings.core_check FROM mpmashin;"
mpmashin;Машин Максим Павлович (Maksim Mashin);dwh_settings;core_check;TRIGGER;EDW All Dwh settings;"REVOKE TRIGGER ON dwh_settings.core_check FROM mpmashin;"
vatsvetkova;Цветкова Виктория Андреевна (Viktoriya Tsvetkova);dwh_settings;core_dblid;INSERT;EDW All Dwh settings;"REVOKE INSERT ON dwh_settings.core_dblid FROM vatsvetkova;"
vatsvetkova;Цветкова Виктория Андреевна (Viktoriya Tsvetkova);dwh_settings;core_dblid;SELECT;EDW All Dwh settings;"REVOKE SELECT ON dwh_settings.core_dblid FROM vatsvetkova;"
vatsvetkova;Цветкова Виктория Андреевна (Viktoriya Tsvetkova);dwh_settings;core_dblid;UPDATE;EDW All Dwh settings;"REVOKE UPDATE ON dwh_settings.core_dblid FROM vatsvetkova;"
vatsvetkova;Цветкова Виктория Андреевна (Viktoriya Tsvetkova);dwh_settings;core_dblid;DELETE;EDW All Dwh settings;"REVOKE DELETE ON dwh_settings.core_dblid FROM vatsvetkova;"
vatsvetkova;Цветкова Виктория Андреевна (Viktoriya Tsvetkova);dwh_settings;core_dblid;TRUNCATE;EDW All Dwh settings;"REVOKE TRUNCATE ON dwh_settings.core_dblid FROM vatsvetkova;"
vatsvetkova;Цветкова Виктория Андреевна (Viktoriya Tsvetkova);dwh_settings;core_dblid;REFERENCES;EDW All Dwh settings;"REVOKE REFERENCES ON dwh_settings.core_dblid FROM vatsvetkova;"
vatsvetkova;Цветкова Виктория Андреевна (Viktoriya Tsvetkova);dwh_settings;core_dblid;TRIGGER;EDW All Dwh settings;"REVOKE TRIGGER ON dwh_settings.core_dblid FROM vatsvetkova;"
alvreus;Реус Александр Валерьевич (Aleksandr Reus);dwh_settings;core_dblid;INSERT;EDW All Dwh settings;"REVOKE INSERT ON dwh_settings.core_dblid FROM alvreus;"
alvreus;Реус Александр Валерьевич (Aleksandr Reus);dwh_settings;core_dblid;SELECT;EDW All Dwh settings;"REVOKE SELECT ON dwh_settings.core_dblid FROM alvreus;"
alvreus;Реус Александр Валерьевич (Aleksandr Reus);dwh_settings;core_dblid;UPDATE;EDW All Dwh settings;"REVOKE UPDATE ON dwh_settings.core_dblid FROM alvreus;"
alvreus;Реус Александр Валерьевич (Aleksandr Reus);dwh_settings;core_dblid;DELETE;EDW All Dwh settings;"REVOKE DELETE ON dwh_settings.core_dblid FROM alvreus;"
alvreus;Реус Александр Валерьевич (Aleksandr Reus);dwh_settings;core_dblid;TRUNCATE;EDW All Dwh settings;"REVOKE TRUNCATE ON dwh_settings.core_dblid FROM alvreus;"
alvreus;Реус Александр Валерьевич (Aleksandr Reus);dwh_settings;core_dblid;REFERENCES;EDW All Dwh settings;"REVOKE REFERENCES ON dwh_settings.core_dblid FROM alvreus;"
alvreus;Реус Александр Валерьевич (Aleksandr Reus);dwh_settings;core_dblid;TRIGGER;EDW All Dwh settings;"REVOKE TRIGGER ON dwh_settings.core_dblid FROM alvreus;"
mpmashin;Машин Максим Павлович (Maksim Mashin);dwh_settings;core_dblid;INSERT;EDW All Dwh settings;"REVOKE INSERT ON dwh_settings.core_dblid FROM mpmashin;"
mpmashin;Машин Максим Павлович (Maksim Mashin);dwh_settings;core_dblid;SELECT;EDW All Dwh settings;"REVOKE SELECT ON dwh_settings.core_dblid FROM mpmashin;"
mpmashin;Машин Максим Павлович (Maksim Mashin);dwh_settings;core_dblid;UPDATE;EDW All Dwh settings;"REVOKE UPDATE ON dwh_settings.core_dblid FROM mpmashin;"
mpmashin;Машин Максим Павлович (Maksim Mashin);dwh_settings;core_dblid;DELETE;EDW All Dwh settings;"REVOKE DELETE ON dwh_settings.core_dblid FROM mpmashin;"
mpmashin;Машин Максим Павлович (Maksim Mashin);dwh_settings;core_dblid;TRUNCATE;EDW All Dwh settings;"REVOKE TRUNCATE ON dwh_settings.core_dblid FROM mpmashin;"
mpmashin;Машин Максим Павлович (Maksim Mashin);dwh_settings;core_dblid;REFERENCES;EDW All Dwh settings;"REVOKE REFERENCES ON dwh_settings.core_dblid FROM mpmashin;"
mpmashin;Машин Максим Павлович (Maksim Mashin);dwh_settings;core_dblid;TRIGGER;EDW All Dwh settings;"REVOKE TRIGGER ON dwh_settings.core_dblid FROM mpmashin;"
vatsvetkova;Цветкова Виктория Андреевна (Viktoriya Tsvetkova);ccu;con_vip_old_23mar_3;INSERT;EDW All CCU;"REVOKE INSERT ON ccu.con_vip_old_23mar_3 FROM vatsvetkova;"
vatsvetkova;Цветкова Виктория Андреевна (Viktoriya Tsvetkova);ccu;con_vip_old_23mar_3;SELECT;EDW All CCU;"REVOKE SELECT ON ccu.con_vip_old_23mar_3 FROM vatsvetkova;"
vatsvetkova;Цветкова Виктория Андреевна (Viktoriya Tsvetkova);ccu;con_vip_old_23mar_3;UPDATE;EDW All CCU;"REVOKE UPDATE ON ccu.con_vip_old_23mar_3 FROM vatsvetkova;"
vatsvetkova;Цветкова Виктория Андреевна (Viktoriya Tsvetkova);ccu;con_vip_old_23mar_3;DELETE;EDW All CCU;"REVOKE DELETE ON ccu.con_vip_old_23mar_3 FROM vatsvetkova;"
vatsvetkova;Цветкова Виктория Андреевна (Viktoriya Tsvetkova);ccu;con_vip_old_23mar_3;TRUNCATE;EDW All CCU;"REVOKE TRUNCATE ON ccu.con_vip_old_23mar_3 FROM vatsvetkova;"
vatsvetkova;Цветкова Виктория Андреевна (Viktoriya Tsvetkova);ccu;con_vip_old_23mar_3;REFERENCES;EDW All CCU;"REVOKE REFERENCES ON ccu.con_vip_old_23mar_3 FROM vatsvetkova;"
vatsvetkova;Цветкова Виктория Андреевна (Viktoriya Tsvetkova);ccu;con_vip_old_23mar_3;TRIGGER;EDW All CCU;"REVOKE TRIGGER ON ccu.con_vip_old_23mar_3 FROM vatsvetkova;"
vatsvetkova;Цветкова Виктория Андреевна (Viktoriya Tsvetkova);ccu;con_vip_old_23mar_4;INSERT;EDW All CCU;"REVOKE INSERT ON ccu.con_vip_old_23mar_4 FROM vatsvetkova;"
vatsvetkova;Цветкова Виктория Андреевна (Viktoriya Tsvetkova);ccu;con_vip_old_23mar_4;SELECT;EDW All CCU;"REVOKE SELECT ON ccu.con_vip_old_23mar_4 FROM vatsvetkova;"
vatsvetkova;Цветкова Виктория Андреевна (Viktoriya Tsvetkova);ccu;con_vip_old_23mar_4;UPDATE;EDW All CCU;"REVOKE UPDATE ON ccu.con_vip_old_23mar_4 FROM vatsvetkova;"
vatsvetkova;Цветкова Виктория Андреевна (Viktoriya Tsvetkova);ccu;con_vip_old_23mar_4;DELETE;EDW All CCU;"REVOKE DELETE ON ccu.con_vip_old_23mar_4 FROM vatsvetkova;"
vatsvetkova;Цветкова Виктория Андреевна (Viktoriya Tsvetkova);ccu;con_vip_old_23mar_4;TRUNCATE;EDW All CCU;"REVOKE TRUNCATE ON ccu.con_vip_old_23mar_4 FROM vatsvetkova;"
vatsvetkova;Цветкова Виктория Андреевна (Viktoriya Tsvetkova);ccu;con_vip_old_23mar_4;REFERENCES;EDW All CCU;"REVOKE REFERENCES ON ccu.con_vip_old_23mar_4 FROM vatsvetkova;"
vatsvetkova;Цветкова Виктория Андреевна (Viktoriya Tsvetkova);ccu;con_vip_old_23mar_4;TRIGGER;EDW All CCU;"REVOKE TRIGGER ON ccu.con_vip_old_23mar_4 FROM vatsvetkova;"
vatsvetkova;Цветкова Виктория Андреевна (Viktoriya Tsvetkova);ccu;con_vip_old_23mar_7;INSERT;EDW All CCU;"REVOKE INSERT ON ccu.con_vip_old_23mar_7 FROM vatsvetkova;"
vatsvetkova;Цветкова Виктория Андреевна (Viktoriya Tsvetkova);ccu;con_vip_old_23mar_7;SELECT;EDW All CCU;"REVOKE SELECT ON ccu.con_vip_old_23mar_7 FROM vatsvetkova;"
vatsvetkova;Цветкова Виктория Андреевна (Viktoriya Tsvetkova);ccu;con_vip_old_23mar_7;UPDATE;EDW All CCU;"REVOKE UPDATE ON ccu.con_vip_old_23mar_7 FROM vatsvetkova;"
vatsvetkova;Цветкова Виктория Андреевна (Viktoriya Tsvetkova);ccu;con_vip_old_23mar_7;DELETE;EDW All CCU;"REVOKE DELETE ON ccu.con_vip_old_23mar_7 FROM vatsvetkova;"
vatsvetkova;Цветкова Виктория Андреевна (Viktoriya Tsvetkova);ccu;con_vip_old_23mar_7;TRUNCATE;EDW All CCU;"REVOKE TRUNCATE ON ccu.con_vip_old_23mar_7 FROM vatsvetkova;"
vatsvetkova;Цветкова Виктория Андреевна (Viktoriya Tsvetkova);ccu;con_vip_old_23mar_7;REFERENCES;EDW All CCU;"REVOKE REFERENCES ON ccu.con_vip_old_23mar_7 FROM vatsvetkova;"
vatsvetkova;Цветкова Виктория Андреевна (Viktoriya Tsvetkova);ccu;con_vip_old_23mar_7;TRIGGER;EDW All CCU;"REVOKE TRIGGER ON ccu.con_vip_old_23mar_7 FROM vatsvetkova;"
vatsvetkova;Цветкова Виктория Андреевна (Viktoriya Tsvetkova);ccu;con_vip_old_23mar_6;INSERT;EDW All CCU;"REVOKE INSERT ON ccu.con_vip_old_23mar_6 FROM vatsvetkova;"
vatsvetkova;Цветкова Виктория Андреевна (Viktoriya Tsvetkova);ccu;con_vip_old_23mar_6;SELECT;EDW All CCU;"REVOKE SELECT ON ccu.con_vip_old_23mar_6 FROM vatsvetkova;"
vatsvetkova;Цветкова Виктория Андреевна (Viktoriya Tsvetkova);ccu;con_vip_old_23mar_6;UPDATE;EDW All CCU;"REVOKE UPDATE ON ccu.con_vip_old_23mar_6 FROM vatsvetkova;"
vatsvetkova;Цветкова Виктория Андреевна (Viktoriya Tsvetkova);ccu;con_vip_old_23mar_6;DELETE;EDW All CCU;"REVOKE DELETE ON ccu.con_vip_old_23mar_6 FROM vatsvetkova;"
vatsvetkova;Цветкова Виктория Андреевна (Viktoriya Tsvetkova);ccu;con_vip_old_23mar_6;TRUNCATE;EDW All CCU;"REVOKE TRUNCATE ON ccu.con_vip_old_23mar_6 FROM vatsvetkova;"
vatsvetkova;Цветкова Виктория Андреевна (Viktoriya Tsvetkova);ccu;con_vip_old_23mar_6;REFERENCES;EDW All CCU;"REVOKE REFERENCES ON ccu.con_vip_old_23mar_6 FROM vatsvetkova;"
vatsvetkova;Цветкова Виктория Андреевна (Viktoriya Tsvetkova);ccu;con_vip_old_23mar_6;TRIGGER;EDW All CCU;"REVOKE TRIGGER ON ccu.con_vip_old_23mar_6 FROM vatsvetkova;"
vatsvetkova;Цветкова Виктория Андреевна (Viktoriya Tsvetkova);ccu;con_vip_old_23mar_666;INSERT;EDW All CCU;"REVOKE INSERT ON ccu.con_vip_old_23mar_666 FROM vatsvetkova;"
vatsvetkova;Цветкова Виктория Андреевна (Viktoriya Tsvetkova);ccu;con_vip_old_23mar_666;SELECT;EDW All CCU;"REVOKE SELECT ON ccu.con_vip_old_23mar_666 FROM vatsvetkova;"
vatsvetkova;Цветкова Виктория Андреевна (Viktoriya Tsvetkova);ccu;con_vip_old_23mar_666;UPDATE;EDW All CCU;"REVOKE UPDATE ON ccu.con_vip_old_23mar_666 FROM vatsvetkova;"
vatsvetkova;Цветкова Виктория Андреевна (Viktoriya Tsvetkova);ccu;con_vip_old_23mar_666;DELETE;EDW All CCU;"REVOKE DELETE ON ccu.con_vip_old_23mar_666 FROM vatsvetkova;"
vatsvetkova;Цветкова Виктория Андреевна (Viktoriya Tsvetkova);ccu;con_vip_old_23mar_666;TRUNCATE;EDW All CCU;"REVOKE TRUNCATE ON ccu.con_vip_old_23mar_666 FROM vatsvetkova;"
vatsvetkova;Цветкова Виктория Андреевна (Viktoriya Tsvetkova);ccu;con_vip_old_23mar_666;REFERENCES;EDW All CCU;"REVOKE REFERENCES ON ccu.con_vip_old_23mar_666 FROM vatsvetkova;"
vatsvetkova;Цветкова Виктория Андреевна (Viktoriya Tsvetkova);ccu;con_vip_old_23mar_666;TRIGGER;EDW All CCU;"REVOKE TRIGGER ON ccu.con_vip_old_23mar_666 FROM vatsvetkova;"
vatsvetkova;Цветкова Виктория Андреевна (Viktoriya Tsvetkova);ccu;d_agent_change_23_03_last;INSERT;EDW All CCU;"REVOKE INSERT ON ccu.d_agent_change_23_03_last FROM vatsvetkova;"
vatsvetkova;Цветкова Виктория Андреевна (Viktoriya Tsvetkova);ccu;d_agent_change_23_03_last;SELECT;EDW All CCU;"REVOKE SELECT ON ccu.d_agent_change_23_03_last FROM vatsvetkova;"
vatsvetkova;Цветкова Виктория Андреевна (Viktoriya Tsvetkova);ccu;d_agent_change_23_03_last;UPDATE;EDW All CCU;"REVOKE UPDATE ON ccu.d_agent_change_23_03_last FROM vatsvetkova;"
vatsvetkova;Цветкова Виктория Андреевна (Viktoriya Tsvetkova);ccu;d_agent_change_23_03_last;DELETE;EDW All CCU;"REVOKE DELETE ON ccu.d_agent_change_23_03_last FROM vatsvetkova;"
vatsvetkova;Цветкова Виктория Андреевна (Viktoriya Tsvetkova);ccu;d_agent_change_23_03_last;TRUNCATE;EDW All CCU;"REVOKE TRUNCATE ON ccu.d_agent_change_23_03_last FROM vatsvetkova;"
vatsvetkova;Цветкова Виктория Андреевна (Viktoriya Tsvetkova);ccu;d_agent_change_23_03_last;REFERENCES;EDW All CCU;"REVOKE REFERENCES ON ccu.d_agent_change_23_03_last FROM vatsvetkova;"
vatsvetkova;Цветкова Виктория Андреевна (Viktoriya Tsvetkova);ccu;d_agent_change_23_03_last;TRIGGER;EDW All CCU;"REVOKE TRIGGER ON ccu.d_agent_change_23_03_last FROM vatsvetkova;"
vatsvetkova;Цветкова Виктория Андреевна (Viktoriya Tsvetkova);ccu;d_agent_change_30_03_last;INSERT;EDW All CCU;"REVOKE INSERT ON ccu.d_agent_change_30_03_last FROM vatsvetkova;"
vatsvetkova;Цветкова Виктория Андреевна (Viktoriya Tsvetkova);ccu;d_agent_change_30_03_last;SELECT;EDW All CCU;"REVOKE SELECT ON ccu.d_agent_change_30_03_last FROM vatsvetkova;"
vatsvetkova;Цветкова Виктория Андреевна (Viktoriya Tsvetkova);ccu;d_agent_change_30_03_last;UPDATE;EDW All CCU;"REVOKE UPDATE ON ccu.d_agent_change_30_03_last FROM vatsvetkova;"
vatsvetkova;Цветкова Виктория Андреевна (Viktoriya Tsvetkova);ccu;d_agent_change_30_03_last;DELETE;EDW All CCU;"REVOKE DELETE ON ccu.d_agent_change_30_03_last FROM vatsvetkova;"
vatsvetkova;Цветкова Виктория Андреевна (Viktoriya Tsvetkova);ccu;d_agent_change_30_03_last;TRUNCATE;EDW All CCU;"REVOKE TRUNCATE ON ccu.d_agent_change_30_03_last FROM vatsvetkova;"
vatsvetkova;Цветкова Виктория Андреевна (Viktoriya Tsvetkova);ccu;d_agent_change_30_03_last;REFERENCES;EDW All CCU;"REVOKE REFERENCES ON ccu.d_agent_change_30_03_last FROM vatsvetkova;"
vatsvetkova;Цветкова Виктория Андреевна (Viktoriya Tsvetkova);ccu;d_agent_change_30_03_last;TRIGGER;EDW All CCU;"REVOKE TRIGGER ON ccu.d_agent_change_30_03_last FROM vatsvetkova;"
vatsvetkova;Цветкова Виктория Андреевна (Viktoriya Tsvetkova);ccu;d_cli_next_pay_21_2q;INSERT;EDW All CCU;"REVOKE INSERT ON ccu.d_cli_next_pay_21_2q FROM vatsvetkova;"
vatsvetkova;Цветкова Виктория Андреевна (Viktoriya Tsvetkova);ccu;d_cli_next_pay_21_2q;SELECT;EDW All CCU;"REVOKE SELECT ON ccu.d_cli_next_pay_21_2q FROM vatsvetkova;"
vatsvetkova;Цветкова Виктория Андреевна (Viktoriya Tsvetkova);ccu;d_cli_next_pay_21_2q;UPDATE;EDW All CCU;"REVOKE UPDATE ON ccu.d_cli_next_pay_21_2q FROM vatsvetkova;"
vatsvetkova;Цветкова Виктория Андреевна (Viktoriya Tsvetkova);ccu;d_cli_next_pay_21_2q;DELETE;EDW All CCU;"REVOKE DELETE ON ccu.d_cli_next_pay_21_2q FROM vatsvetkova;"
vatsvetkova;Цветкова Виктория Андреевна (Viktoriya Tsvetkova);ccu;d_cli_next_pay_21_2q;TRUNCATE;EDW All CCU;"REVOKE TRUNCATE ON ccu.d_cli_next_pay_21_2q FROM vatsvetkova;"
vatsvetkova;Цветкова Виктория Андреевна (Viktoriya Tsvetkova);ccu;d_cli_next_pay_21_2q;REFERENCES;EDW All CCU;"REVOKE REFERENCES ON ccu.d_cli_next_pay_21_2q FROM vatsvetkova;"
vatsvetkova;Цветкова Виктория Андреевна (Viktoriya Tsvetkova);ccu;d_cli_next_pay_21_2q;TRIGGER;EDW All CCU;"REVOKE TRIGGER ON ccu.d_cli_next_pay_21_2q FROM vatsvetkova;"
vatsvetkova;Цветкова Виктория Андреевна (Viktoriya Tsvetkova);ccu;d_cli_next_pay_21_2q_2;INSERT;EDW All CCU;"REVOKE INSERT ON ccu.d_cli_next_pay_21_2q_2 FROM vatsvetkova;"
vatsvetkova;Цветкова Виктория Андреевна (Viktoriya Tsvetkova);ccu;d_cli_next_pay_21_2q_2;SELECT;EDW All CCU;"REVOKE SELECT ON ccu.d_cli_next_pay_21_2q_2 FROM vatsvetkova;"
vatsvetkova;Цветкова Виктория Андреевна (Viktoriya Tsvetkova);ccu;d_cli_next_pay_21_2q_2;UPDATE;EDW All CCU;"REVOKE UPDATE ON ccu.d_cli_next_pay_21_2q_2 FROM vatsvetkova;"
vatsvetkova;Цветкова Виктория Андреевна (Viktoriya Tsvetkova);ccu;d_cli_next_pay_21_2q_2;DELETE;EDW All CCU;"REVOKE DELETE ON ccu.d_cli_next_pay_21_2q_2 FROM vatsvetkova;"
vatsvetkova;Цветкова Виктория Андреевна (Viktoriya Tsvetkova);ccu;d_cli_next_pay_21_2q_2;TRUNCATE;EDW All CCU;"REVOKE TRUNCATE ON ccu.d_cli_next_pay_21_2q_2 FROM vatsvetkova;"
vatsvetkova;Цветкова Виктория Андреевна (Viktoriya Tsvetkova);ccu;d_cli_next_pay_21_2q_2;REFERENCES;EDW All CCU;"REVOKE REFERENCES ON ccu.d_cli_next_pay_21_2q_2 FROM vatsvetkova;"
vatsvetkova;Цветкова Виктория Андреевна (Viktoriya Tsvetkova);ccu;d_cli_next_pay_21_2q_2;TRIGGER;EDW All CCU;"REVOKE TRIGGER ON ccu.d_cli_next_pay_21_2q_2 FROM vatsvetkova;"
vatsvetkova;Цветкова Виктория Андреевна (Viktoriya Tsvetkova);ccu;d_con_claim_next_pay_21_2q;INSERT;EDW All CCU;"REVOKE INSERT ON ccu.d_con_claim_next_pay_21_2q FROM vatsvetkova;"
vatsvetkova;Цветкова Виктория Андреевна (Viktoriya Tsvetkova);ccu;d_con_claim_next_pay_21_2q;SELECT;EDW All CCU;"REVOKE SELECT ON ccu.d_con_claim_next_pay_21_2q FROM vatsvetkova;"
vatsvetkova;Цветкова Виктория Андреевна (Viktoriya Tsvetkova);ccu;d_con_claim_next_pay_21_2q;UPDATE;EDW All CCU;"REVOKE UPDATE ON ccu.d_con_claim_next_pay_21_2q FROM vatsvetkova;"
vatsvetkova;Цветкова Виктория Андреевна (Viktoriya Tsvetkova);ccu;d_con_claim_next_pay_21_2q;DELETE;EDW All CCU;"REVOKE DELETE ON ccu.d_con_claim_next_pay_21_2q FROM vatsvetkova;"
vatsvetkova;Цветкова Виктория Андреевна (Viktoriya Tsvetkova);ccu;d_con_claim_next_pay_21_2q;TRUNCATE;EDW All CCU;"REVOKE TRUNCATE ON ccu.d_con_claim_next_pay_21_2q FROM vatsvetkova;"
vatsvetkova;Цветкова Виктория Андреевна (Viktoriya Tsvetkova);ccu;d_con_claim_next_pay_21_2q;REFERENCES;EDW All CCU;"REVOKE REFERENCES ON ccu.d_con_claim_next_pay_21_2q FROM vatsvetkova;"
vatsvetkova;Цветкова Виктория Андреевна (Viktoriya Tsvetkova);ccu;d_con_claim_next_pay_21_2q;TRIGGER;EDW All CCU;"REVOKE TRIGGER ON ccu.d_con_claim_next_pay_21_2q FROM vatsvetkova;"
vatsvetkova;Цветкова Виктория Андреевна (Viktoriya Tsvetkova);ccu;d_con_claim_ifl21_2q;INSERT;EDW All CCU;"REVOKE INSERT ON ccu.d_con_claim_ifl21_2q FROM vatsvetkova;"
vatsvetkova;Цветкова Виктория Андреевна (Viktoriya Tsvetkova);ccu;d_con_claim_ifl21_2q;SELECT;EDW All CCU;"REVOKE SELECT ON ccu.d_con_claim_ifl21_2q FROM vatsvetkova;"
vatsvetkova;Цветкова Виктория Андреевна (Viktoriya Tsvetkova);ccu;d_con_claim_ifl21_2q;UPDATE;EDW All CCU;"REVOKE UPDATE ON ccu.d_con_claim_ifl21_2q FROM vatsvetkova;"
vatsvetkova;Цветкова Виктория Андреевна (Viktoriya Tsvetkova);ccu;d_con_claim_ifl21_2q;DELETE;EDW All CCU;"REVOKE DELETE ON ccu.d_con_claim_ifl21_2q FROM vatsvetkova;"
vatsvetkova;Цветкова Виктория Андреевна (Viktoriya Tsvetkova);ccu;d_con_claim_ifl21_2q;TRUNCATE;EDW All CCU;"REVOKE TRUNCATE ON ccu.d_con_claim_ifl21_2q FROM vatsvetkova;"
vatsvetkova;Цветкова Виктория Андреевна (Viktoriya Tsvetkova);ccu;d_con_claim_ifl21_2q;REFERENCES;EDW All CCU;"REVOKE REFERENCES ON ccu.d_con_claim_ifl21_2q FROM vatsvetkova;"
vatsvetkova;Цветкова Виктория Андреевна (Viktoriya Tsvetkova);ccu;d_con_claim_ifl21_2q;TRIGGER;EDW All CCU;"REVOKE TRIGGER ON ccu.d_con_claim_ifl21_2q FROM vatsvetkova;"
vatsvetkova;Цветкова Виктория Андреевна (Viktoriya Tsvetkova);ccu;d_con_claim_kasko21_2q;INSERT;EDW All CCU;"REVOKE INSERT ON ccu.d_con_claim_kasko21_2q FROM vatsvetkova;"
vatsvetkova;Цветкова Виктория Андреевна (Viktoriya Tsvetkova);ccu;d_con_claim_kasko21_2q;SELECT;EDW All CCU;"REVOKE SELECT ON ccu.d_con_claim_kasko21_2q FROM vatsvetkova;"
vatsvetkova;Цветкова Виктория Андреевна (Viktoriya Tsvetkova);ccu;d_con_claim_kasko21_2q;UPDATE;EDW All CCU;"REVOKE UPDATE ON ccu.d_con_claim_kasko21_2q FROM vatsvetkova;"
vatsvetkova;Цветкова Виктория Андреевна (Viktoriya Tsvetkova);ccu;d_con_claim_kasko21_2q;DELETE;EDW All CCU;"REVOKE DELETE ON ccu.d_con_claim_kasko21_2q FROM vatsvetkova;"
vatsvetkova;Цветкова Виктория Андреевна (Viktoriya Tsvetkova);ccu;d_con_claim_kasko21_2q;TRUNCATE;EDW All CCU;"REVOKE TRUNCATE ON ccu.d_con_claim_kasko21_2q FROM vatsvetkova;"
vatsvetkova;Цветкова Виктория Андреевна (Viktoriya Tsvetkova);ccu;d_con_claim_kasko21_2q;REFERENCES;EDW All CCU;"REVOKE REFERENCES ON ccu.d_con_claim_kasko21_2q FROM vatsvetkova;"
vatsvetkova;Цветкова Виктория Андреевна (Viktoriya Tsvetkova);ccu;d_con_claim_kasko21_2q;TRIGGER;EDW All CCU;"REVOKE TRIGGER ON ccu.d_con_claim_kasko21_2q FROM vatsvetkova;"
vatsvetkova;Цветкова Виктория Андреевна (Viktoriya Tsvetkova);ccu;d_con_claim_oth21_2q;INSERT;EDW All CCU;"REVOKE INSERT ON ccu.d_con_claim_oth21_2q FROM vatsvetkova;"
vatsvetkova;Цветкова Виктория Андреевна (Viktoriya Tsvetkova);ccu;d_con_claim_oth21_2q;SELECT;EDW All CCU;"REVOKE SELECT ON ccu.d_con_claim_oth21_2q FROM vatsvetkova;"
vatsvetkova;Цветкова Виктория Андреевна (Viktoriya Tsvetkova);ccu;d_con_claim_oth21_2q;UPDATE;EDW All CCU;"REVOKE UPDATE ON ccu.d_con_claim_oth21_2q FROM vatsvetkova;"
vatsvetkova;Цветкова Виктория Андреевна (Viktoriya Tsvetkova);ccu;d_con_claim_oth21_2q;DELETE;EDW All CCU;"REVOKE DELETE ON ccu.d_con_claim_oth21_2q FROM vatsvetkova;"
vatsvetkova;Цветкова Виктория Андреевна (Viktoriya Tsvetkova);ccu;d_con_claim_oth21_2q;TRUNCATE;EDW All CCU;"REVOKE TRUNCATE ON ccu.d_con_claim_oth21_2q FROM vatsvetkova;"
vatsvetkova;Цветкова Виктория Андреевна (Viktoriya Tsvetkova);ccu;d_con_claim_oth21_2q;REFERENCES;EDW All CCU;"REVOKE REFERENCES ON ccu.d_con_claim_oth21_2q FROM vatsvetkova;"
vatsvetkova;Цветкова Виктория Андреевна (Viktoriya Tsvetkova);ccu;d_con_claim_oth21_2q;TRIGGER;EDW All CCU;"REVOKE TRIGGER ON ccu.d_con_claim_oth21_2q FROM vatsvetkova;"
vatsvetkova;Цветкова Виктория Андреевна (Viktoriya Tsvetkova);ccu;d_con_claim_osago21_2q;INSERT;EDW All CCU;"REVOKE INSERT ON ccu.d_con_claim_osago21_2q FROM vatsvetkova;"
vatsvetkova;Цветкова Виктория Андреевна (Viktoriya Tsvetkova);ccu;d_con_claim_osago21_2q;SELECT;EDW All CCU;"REVOKE SELECT ON ccu.d_con_claim_osago21_2q FROM vatsvetkova;"
vatsvetkova;Цветкова Виктория Андреевна (Viktoriya Tsvetkova);ccu;d_con_claim_osago21_2q;UPDATE;EDW All CCU;"REVOKE UPDATE ON ccu.d_con_claim_osago21_2q FROM vatsvetkova;"
vatsvetkova;Цветкова Виктория Андреевна (Viktoriya Tsvetkova);ccu;d_con_claim_osago21_2q;DELETE;EDW All CCU;"REVOKE DELETE ON ccu.d_con_claim_osago21_2q FROM vatsvetkova;"
vatsvetkova;Цветкова Виктория Андреевна (Viktoriya Tsvetkova);ccu;d_con_claim_osago21_2q;TRUNCATE;EDW All CCU;"REVOKE TRUNCATE ON ccu.d_con_claim_osago21_2q FROM vatsvetkova;"
vatsvetkova;Цветкова Виктория Андреевна (Viktoriya Tsvetkova);ccu;d_con_claim_osago21_2q;REFERENCES;EDW All CCU;"REVOKE REFERENCES ON ccu.d_con_claim_osago21_2q FROM vatsvetkova;"
vatsvetkova;Цветкова Виктория Андреевна (Viktoriya Tsvetkova);ccu;d_con_claim_osago21_2q;TRIGGER;EDW All CCU;"REVOKE TRIGGER ON ccu.d_con_claim_osago21_2q FROM vatsvetkova;"
vatsvetkova;Цветкова Виктория Андреевна (Viktoriya Tsvetkova);ccu;d_con_next_pay4_2q_2;INSERT;EDW All CCU;"REVOKE INSERT ON ccu.d_con_next_pay4_2q_2 FROM vatsvetkova;"
vatsvetkova;Цветкова Виктория Андреевна (Viktoriya Tsvetkova);ccu;d_con_next_pay4_2q_2;SELECT;EDW All CCU;"REVOKE SELECT ON ccu.d_con_next_pay4_2q_2 FROM vatsvetkova;"
vatsvetkova;Цветкова Виктория Андреевна (Viktoriya Tsvetkova);ccu;d_con_next_pay4_2q_2;UPDATE;EDW All CCU;"REVOKE UPDATE ON ccu.d_con_next_pay4_2q_2 FROM vatsvetkova;"
vatsvetkova;Цветкова Виктория Андреевна (Viktoriya Tsvetkova);ccu;d_con_next_pay4_2q_2;DELETE;EDW All CCU;"REVOKE DELETE ON ccu.d_con_next_pay4_2q_2 FROM vatsvetkova;"
vatsvetkova;Цветкова Виктория Андреевна (Viktoriya Tsvetkova);ccu;d_con_next_pay4_2q_2;TRUNCATE;EDW All CCU;"REVOKE TRUNCATE ON ccu.d_con_next_pay4_2q_2 FROM vatsvetkova;"
vatsvetkova;Цветкова Виктория Андреевна (Viktoriya Tsvetkova);ccu;d_con_next_pay4_2q_2;REFERENCES;EDW All CCU;"REVOKE REFERENCES ON ccu.d_con_next_pay4_2q_2 FROM vatsvetkova;"
vatsvetkova;Цветкова Виктория Андреевна (Viktoriya Tsvetkova);ccu;d_con_next_pay4_2q_2;TRIGGER;EDW All CCU;"REVOKE TRIGGER ON ccu.d_con_next_pay4_2q_2 FROM vatsvetkova;"
vatsvetkova;Цветкова Виктория Андреевна (Viktoriya Tsvetkova);ccu;d_con_next_pay4_2q;INSERT;EDW All CCU;"REVOKE INSERT ON ccu.d_con_next_pay4_2q FROM vatsvetkova;"
vatsvetkova;Цветкова Виктория Андреевна (Viktoriya Tsvetkova);ccu;d_con_next_pay4_2q;SELECT;EDW All CCU;"REVOKE SELECT ON ccu.d_con_next_pay4_2q FROM vatsvetkova;"
vatsvetkova;Цветкова Виктория Андреевна (Viktoriya Tsvetkova);ccu;d_con_next_pay4_2q;UPDATE;EDW All CCU;"REVOKE UPDATE ON ccu.d_con_next_pay4_2q FROM vatsvetkova;"
vatsvetkova;Цветкова Виктория Андреевна (Viktoriya Tsvetkova);ccu;d_con_next_pay4_2q;DELETE;EDW All CCU;"REVOKE DELETE ON ccu.d_con_next_pay4_2q FROM vatsvetkova;"
vatsvetkova;Цветкова Виктория Андреевна (Viktoriya Tsvetkova);ccu;d_con_next_pay4_2q;TRUNCATE;EDW All CCU;"REVOKE TRUNCATE ON ccu.d_con_next_pay4_2q FROM vatsvetkova;"
vatsvetkova;Цветкова Виктория Андреевна (Viktoriya Tsvetkova);ccu;d_con_next_pay4_2q;REFERENCES;EDW All CCU;"REVOKE REFERENCES ON ccu.d_con_next_pay4_2q FROM vatsvetkova;"
vatsvetkova;Цветкова Виктория Андреевна (Viktoriya Tsvetkova);ccu;d_con_next_pay4_2q;TRIGGER;EDW All CCU;"REVOKE TRIGGER ON ccu.d_con_next_pay4_2q FROM vatsvetkova;"
vatsvetkova;Цветкова Виктория Андреевна (Viktoriya Tsvetkova);ccu;d_con_oth;INSERT;EDW All CCU;"REVOKE INSERT ON ccu.d_con_oth FROM vatsvetkova;"
vatsvetkova;Цветкова Виктория Андреевна (Viktoriya Tsvetkova);ccu;d_con_oth;SELECT;EDW All CCU;"REVOKE SELECT ON ccu.d_con_oth FROM vatsvetkova;"
vatsvetkova;Цветкова Виктория Андреевна (Viktoriya Tsvetkova);ccu;d_con_oth;UPDATE;EDW All CCU;"REVOKE UPDATE ON ccu.d_con_oth FROM vatsvetkova;"
vatsvetkova;Цветкова Виктория Андреевна (Viktoriya Tsvetkova);ccu;d_con_oth;DELETE;EDW All CCU;"REVOKE DELETE ON ccu.d_con_oth FROM vatsvetkova;"
vatsvetkova;Цветкова Виктория Андреевна (Viktoriya Tsvetkova);ccu;d_con_oth;TRUNCATE;EDW All CCU;"REVOKE TRUNCATE ON ccu.d_con_oth FROM vatsvetkova;"
vatsvetkova;Цветкова Виктория Андреевна (Viktoriya Tsvetkova);ccu;d_con_oth;REFERENCES;EDW All CCU;"REVOKE REFERENCES ON ccu.d_con_oth FROM vatsvetkova;"
vatsvetkova;Цветкова Виктория Андреевна (Viktoriya Tsvetkova);ccu;d_con_oth;TRIGGER;EDW All CCU;"REVOKE TRIGGER ON ccu.d_con_oth FROM vatsvetkova;"
vatsvetkova;Цветкова Виктория Андреевна (Viktoriya Tsvetkova);ccu;d_con_oth2;INSERT;EDW All CCU;"REVOKE INSERT ON ccu.d_con_oth2 FROM vatsvetkova;"
vatsvetkova;Цветкова Виктория Андреевна (Viktoriya Tsvetkova);ccu;d_con_oth2;SELECT;EDW All CCU;"REVOKE SELECT ON ccu.d_con_oth2 FROM vatsvetkova;"
vatsvetkova;Цветкова Виктория Андреевна (Viktoriya Tsvetkova);ccu;d_con_oth2;UPDATE;EDW All CCU;"REVOKE UPDATE ON ccu.d_con_oth2 FROM vatsvetkova;"
vatsvetkova;Цветкова Виктория Андреевна (Viktoriya Tsvetkova);ccu;d_con_oth2;DELETE;EDW All CCU;"REVOKE DELETE ON ccu.d_con_oth2 FROM vatsvetkova;"
vatsvetkova;Цветкова Виктория Андреевна (Viktoriya Tsvetkova);ccu;d_con_oth2;TRUNCATE;EDW All CCU;"REVOKE TRUNCATE ON ccu.d_con_oth2 FROM vatsvetkova;"
vatsvetkova;Цветкова Виктория Андреевна (Viktoriya Tsvetkova);ccu;d_con_oth2;REFERENCES;EDW All CCU;"REVOKE REFERENCES ON ccu.d_con_oth2 FROM vatsvetkova;"
vatsvetkova;Цветкова Виктория Андреевна (Viktoriya Tsvetkova);ccu;d_con_oth2;TRIGGER;EDW All CCU;"REVOKE TRIGGER ON ccu.d_con_oth2 FROM vatsvetkova;"
vatsvetkova;Цветкова Виктория Андреевна (Viktoriya Tsvetkova);ccu;d_ifl_16_17_all;INSERT;EDW All CCU;"REVOKE INSERT ON ccu.d_ifl_16_17_all FROM vatsvetkova;"
vatsvetkova;Цветкова Виктория Андреевна (Viktoriya Tsvetkova);ccu;d_ifl_16_17_all;SELECT;EDW All CCU;"REVOKE SELECT ON ccu.d_ifl_16_17_all FROM vatsvetkova;"
vatsvetkova;Цветкова Виктория Андреевна (Viktoriya Tsvetkova);ccu;d_ifl_16_17_all;UPDATE;EDW All CCU;"REVOKE UPDATE ON ccu.d_ifl_16_17_all FROM vatsvetkova;"
vatsvetkova;Цветкова Виктория Андреевна (Viktoriya Tsvetkova);ccu;d_ifl_16_17_all;DELETE;EDW All CCU;"REVOKE DELETE ON ccu.d_ifl_16_17_all FROM vatsvetkova;"
vatsvetkova;Цветкова Виктория Андреевна (Viktoriya Tsvetkova);ccu;d_ifl_16_17_all;TRUNCATE;EDW All CCU;"REVOKE TRUNCATE ON ccu.d_ifl_16_17_all FROM vatsvetkova;"
vatsvetkova;Цветкова Виктория Андреевна (Viktoriya Tsvetkova);ccu;d_ifl_16_17_all;REFERENCES;EDW All CCU;"REVOKE REFERENCES ON ccu.d_ifl_16_17_all FROM vatsvetkova;"
vatsvetkova;Цветкова Виктория Андреевна (Viktoriya Tsvetkova);ccu;d_ifl_16_17_all;TRIGGER;EDW All CCU;"REVOKE TRIGGER ON ccu.d_ifl_16_17_all FROM vatsvetkova;"
vatsvetkova;Цветкова Виктория Андреевна (Viktoriya Tsvetkova);ccu;d_ifl_18_19_20_all;INSERT;EDW All CCU;"REVOKE INSERT ON ccu.d_ifl_18_19_20_all FROM vatsvetkova;"
vatsvetkova;Цветкова Виктория Андреевна (Viktoriya Tsvetkova);ccu;d_ifl_18_19_20_all;SELECT;EDW All CCU;"REVOKE SELECT ON ccu.d_ifl_18_19_20_all FROM vatsvetkova;"
vatsvetkova;Цветкова Виктория Андреевна (Viktoriya Tsvetkova);ccu;d_ifl_18_19_20_all;UPDATE;EDW All CCU;"REVOKE UPDATE ON ccu.d_ifl_18_19_20_all FROM vatsvetkova;"
vatsvetkova;Цветкова Виктория Андреевна (Viktoriya Tsvetkova);ccu;d_ifl_18_19_20_all;DELETE;EDW All CCU;"REVOKE DELETE ON ccu.d_ifl_18_19_20_all FROM vatsvetkova;"
vatsvetkova;Цветкова Виктория Андреевна (Viktoriya Tsvetkova);ccu;d_ifl_18_19_20_all;TRUNCATE;EDW All CCU;"REVOKE TRUNCATE ON ccu.d_ifl_18_19_20_all FROM vatsvetkova;"
vatsvetkova;Цветкова Виктория Андреевна (Viktoriya Tsvetkova);ccu;d_ifl_18_19_20_all;REFERENCES;EDW All CCU;"REVOKE REFERENCES ON ccu.d_ifl_18_19_20_all FROM vatsvetkova;"
vatsvetkova;Цветкова Виктория Андреевна (Viktoriya Tsvetkova);ccu;d_ifl_18_19_20_all;TRIGGER;EDW All CCU;"REVOKE TRIGGER ON ccu.d_ifl_18_19_20_all FROM vatsvetkova;"
vatsvetkova;Цветкова Виктория Андреевна (Viktoriya Tsvetkova);ccu;d_ifl_18_19_20_dop;INSERT;EDW All CCU;"REVOKE INSERT ON ccu.d_ifl_18_19_20_dop FROM vatsvetkova;"
vatsvetkova;Цветкова Виктория Андреевна (Viktoriya Tsvetkova);ccu;d_ifl_18_19_20_dop;SELECT;EDW All CCU;"REVOKE SELECT ON ccu.d_ifl_18_19_20_dop FROM vatsvetkova;"
vatsvetkova;Цветкова Виктория Андреевна (Viktoriya Tsvetkova);ccu;d_ifl_18_19_20_dop;UPDATE;EDW All CCU;"REVOKE UPDATE ON ccu.d_ifl_18_19_20_dop FROM vatsvetkova;"
vatsvetkova;Цветкова Виктория Андреевна (Viktoriya Tsvetkova);ccu;d_ifl_18_19_20_dop;DELETE;EDW All CCU;"REVOKE DELETE ON ccu.d_ifl_18_19_20_dop FROM vatsvetkova;"
vatsvetkova;Цветкова Виктория Андреевна (Viktoriya Tsvetkova);ccu;d_ifl_18_19_20_dop;TRUNCATE;EDW All CCU;"REVOKE TRUNCATE ON ccu.d_ifl_18_19_20_dop FROM vatsvetkova;"
vatsvetkova;Цветкова Виктория Андреевна (Viktoriya Tsvetkova);ccu;d_ifl_18_19_20_dop;REFERENCES;EDW All CCU;"REVOKE REFERENCES ON ccu.d_ifl_18_19_20_dop FROM vatsvetkova;"
vatsvetkova;Цветкова Виктория Андреевна (Viktoriya Tsvetkova);ccu;d_ifl_18_19_20_dop;TRIGGER;EDW All CCU;"REVOKE TRIGGER ON ccu.d_ifl_18_19_20_dop FROM vatsvetkova;"
vatsvetkova;Цветкова Виктория Андреевна (Viktoriya Tsvetkova);ccu;d_ma_campaign_history_fm;INSERT;EDW All CCU;"REVOKE INSERT ON ccu.d_ma_campaign_history_fm FROM vatsvetkova;"
vatsvetkova;Цветкова Виктория Андреевна (Viktoriya Tsvetkova);ccu;d_ma_campaign_history_fm;SELECT;EDW All CCU;"REVOKE SELECT ON ccu.d_ma_campaign_history_fm FROM vatsvetkova;"
vatsvetkova;Цветкова Виктория Андреевна (Viktoriya Tsvetkova);ccu;d_ma_campaign_history_fm;UPDATE;EDW All CCU;"REVOKE UPDATE ON ccu.d_ma_campaign_history_fm FROM vatsvetkova;"
vatsvetkova;Цветкова Виктория Андреевна (Viktoriya Tsvetkova);ccu;d_ma_campaign_history_fm;DELETE;EDW All CCU;"REVOKE DELETE ON ccu.d_ma_campaign_history_fm FROM vatsvetkova;"
vatsvetkova;Цветкова Виктория Андреевна (Viktoriya Tsvetkova);ccu;d_ma_campaign_history_fm;TRUNCATE;EDW All CCU;"REVOKE TRUNCATE ON ccu.d_ma_campaign_history_fm FROM vatsvetkova;"
vatsvetkova;Цветкова Виктория Андреевна (Viktoriya Tsvetkova);ccu;d_ma_campaign_history_fm;REFERENCES;EDW All CCU;"REVOKE REFERENCES ON ccu.d_ma_campaign_history_fm FROM vatsvetkova;"
vatsvetkova;Цветкова Виктория Андреевна (Viktoriya Tsvetkova);ccu;d_ma_campaign_history_fm;TRIGGER;EDW All CCU;"REVOKE TRIGGER ON ccu.d_ma_campaign_history_fm FROM vatsvetkova;"
vatsvetkova;Цветкова Виктория Андреевна (Viktoriya Tsvetkova);ccu;d_ma_campaign_history_amj;INSERT;EDW All CCU;"REVOKE INSERT ON ccu.d_ma_campaign_history_amj FROM vatsvetkova;"
vatsvetkova;Цветкова Виктория Андреевна (Viktoriya Tsvetkova);ccu;d_ma_campaign_history_amj;SELECT;EDW All CCU;"REVOKE SELECT ON ccu.d_ma_campaign_history_amj FROM vatsvetkova;"
vatsvetkova;Цветкова Виктория Андреевна (Viktoriya Tsvetkova);ccu;d_ma_campaign_history_amj;UPDATE;EDW All CCU;"REVOKE UPDATE ON ccu.d_ma_campaign_history_amj FROM vatsvetkova;"
vatsvetkova;Цветкова Виктория Андреевна (Viktoriya Tsvetkova);ccu;d_ma_campaign_history_amj;DELETE;EDW All CCU;"REVOKE DELETE ON ccu.d_ma_campaign_history_amj FROM vatsvetkova;"
vatsvetkova;Цветкова Виктория Андреевна (Viktoriya Tsvetkova);ccu;d_ma_campaign_history_amj;TRUNCATE;EDW All CCU;"REVOKE TRUNCATE ON ccu.d_ma_campaign_history_amj FROM vatsvetkova;"
vatsvetkova;Цветкова Виктория Андреевна (Viktoriya Tsvetkova);ccu;d_ma_campaign_history_amj;REFERENCES;EDW All CCU;"REVOKE REFERENCES ON ccu.d_ma_campaign_history_amj FROM vatsvetkova;"
vatsvetkova;Цветкова Виктория Андреевна (Viktoriya Tsvetkova);ccu;d_ma_campaign_history_amj;TRIGGER;EDW All CCU;"REVOKE TRIGGER ON ccu.d_ma_campaign_history_amj FROM vatsvetkova;"
vatsvetkova;Цветкова Виктория Андреевна (Viktoriya Tsvetkova);ccu;d_ma_contact_history_amj;INSERT;EDW All CCU;"REVOKE INSERT ON ccu.d_ma_contact_history_amj FROM vatsvetkova;"
vatsvetkova;Цветкова Виктория Андреевна (Viktoriya Tsvetkova);ccu;d_ma_contact_history_amj;SELECT;EDW All CCU;"REVOKE SELECT ON ccu.d_ma_contact_history_amj FROM vatsvetkova;"
vatsvetkova;Цветкова Виктория Андреевна (Viktoriya Tsvetkova);ccu;d_ma_contact_history_amj;UPDATE;EDW All CCU;"REVOKE UPDATE ON ccu.d_ma_contact_history_amj FROM vatsvetkova;"
vatsvetkova;Цветкова Виктория Андреевна (Viktoriya Tsvetkova);ccu;d_ma_contact_history_amj;DELETE;EDW All CCU;"REVOKE DELETE ON ccu.d_ma_contact_history_amj FROM vatsvetkova;"
vatsvetkova;Цветкова Виктория Андреевна (Viktoriya Tsvetkova);ccu;d_ma_contact_history_amj;TRUNCATE;EDW All CCU;"REVOKE TRUNCATE ON ccu.d_ma_contact_history_amj FROM vatsvetkova;"
vatsvetkova;Цветкова Виктория Андреевна (Viktoriya Tsvetkova);ccu;d_ma_contact_history_amj;REFERENCES;EDW All CCU;"REVOKE REFERENCES ON ccu.d_ma_contact_history_amj FROM vatsvetkova;"
vatsvetkova;Цветкова Виктория Андреевна (Viktoriya Tsvetkova);ccu;d_ma_contact_history_amj;TRIGGER;EDW All CCU;"REVOKE TRIGGER ON ccu.d_ma_contact_history_amj FROM vatsvetkova;"
vatsvetkova;Цветкова Виктория Андреевна (Viktoriya Tsvetkova);ccu;d_ma_contact_history_fm;INSERT;EDW All CCU;"REVOKE INSERT ON ccu.d_ma_contact_history_fm FROM vatsvetkova;"
vatsvetkova;Цветкова Виктория Андреевна (Viktoriya Tsvetkova);ccu;d_ma_contact_history_fm;SELECT;EDW All CCU;"REVOKE SELECT ON ccu.d_ma_contact_history_fm FROM vatsvetkova;"
vatsvetkova;Цветкова Виктория Андреевна (Viktoriya Tsvetkova);ccu;d_ma_contact_history_fm;UPDATE;EDW All CCU;"REVOKE UPDATE ON ccu.d_ma_contact_history_fm FROM vatsvetkova;"
vatsvetkova;Цветкова Виктория Андреевна (Viktoriya Tsvetkova);ccu;d_ma_contact_history_fm;DELETE;EDW All CCU;"REVOKE DELETE ON ccu.d_ma_contact_history_fm FROM vatsvetkova;"
vatsvetkova;Цветкова Виктория Андреевна (Viktoriya Tsvetkova);ccu;d_ma_contact_history_fm;TRUNCATE;EDW All CCU;"REVOKE TRUNCATE ON ccu.d_ma_contact_history_fm FROM vatsvetkova;"
vatsvetkova;Цветкова Виктория Андреевна (Viktoriya Tsvetkova);ccu;d_ma_contact_history_fm;REFERENCES;EDW All CCU;"REVOKE REFERENCES ON ccu.d_ma_contact_history_fm FROM vatsvetkova;"
vatsvetkova;Цветкова Виктория Андреевна (Viktoriya Tsvetkova);ccu;d_ma_contact_history_fm;TRIGGER;EDW All CCU;"REVOKE TRIGGER ON ccu.d_ma_contact_history_fm FROM vatsvetkova;"
vatsvetkova;Цветкова Виктория Андреевна (Viktoriya Tsvetkova);ccu;d_next_pay_21_2q_2;INSERT;EDW All CCU;"REVOKE INSERT ON ccu.d_next_pay_21_2q_2 FROM vatsvetkova;"
vatsvetkova;Цветкова Виктория Андреевна (Viktoriya Tsvetkova);ccu;d_next_pay_21_2q_2;SELECT;EDW All CCU;"REVOKE SELECT ON ccu.d_next_pay_21_2q_2 FROM vatsvetkova;"
vatsvetkova;Цветкова Виктория Андреевна (Viktoriya Tsvetkova);ccu;d_next_pay_21_2q_2;UPDATE;EDW All CCU;"REVOKE UPDATE ON ccu.d_next_pay_21_2q_2 FROM vatsvetkova;"
vatsvetkova;Цветкова Виктория Андреевна (Viktoriya Tsvetkova);ccu;d_next_pay_21_2q_2;DELETE;EDW All CCU;"REVOKE DELETE ON ccu.d_next_pay_21_2q_2 FROM vatsvetkova;"
vatsvetkova;Цветкова Виктория Андреевна (Viktoriya Tsvetkova);ccu;d_next_pay_21_2q_2;TRUNCATE;EDW All CCU;"REVOKE TRUNCATE ON ccu.d_next_pay_21_2q_2 FROM vatsvetkova;"
vatsvetkova;Цветкова Виктория Андреевна (Viktoriya Tsvetkova);ccu;d_next_pay_21_2q_2;REFERENCES;EDW All CCU;"REVOKE REFERENCES ON ccu.d_next_pay_21_2q_2 FROM vatsvetkova;"
vatsvetkova;Цветкова Виктория Андреевна (Viktoriya Tsvetkova);ccu;d_next_pay_21_2q_2;TRIGGER;EDW All CCU;"REVOKE TRIGGER ON ccu.d_next_pay_21_2q_2 FROM vatsvetkova;"
vatsvetkova;Цветкова Виктория Андреевна (Viktoriya Tsvetkova);ccu;d_osago_18_19_all;INSERT;EDW All CCU;"REVOKE INSERT ON ccu.d_osago_18_19_all FROM vatsvetkova;"
vatsvetkova;Цветкова Виктория Андреевна (Viktoriya Tsvetkova);ccu;d_osago_18_19_all;SELECT;EDW All CCU;"REVOKE SELECT ON ccu.d_osago_18_19_all FROM vatsvetkova;"
vatsvetkova;Цветкова Виктория Андреевна (Viktoriya Tsvetkova);ccu;d_osago_18_19_all;UPDATE;EDW All CCU;"REVOKE UPDATE ON ccu.d_osago_18_19_all FROM vatsvetkova;"
vatsvetkova;Цветкова Виктория Андреевна (Viktoriya Tsvetkova);ccu;d_osago_18_19_all;DELETE;EDW All CCU;"REVOKE DELETE ON ccu.d_osago_18_19_all FROM vatsvetkova;"
vatsvetkova;Цветкова Виктория Андреевна (Viktoriya Tsvetkova);ccu;d_osago_18_19_all;TRUNCATE;EDW All CCU;"REVOKE TRUNCATE ON ccu.d_osago_18_19_all FROM vatsvetkova;"
vatsvetkova;Цветкова Виктория Андреевна (Viktoriya Tsvetkova);ccu;d_osago_18_19_all;REFERENCES;EDW All CCU;"REVOKE REFERENCES ON ccu.d_osago_18_19_all FROM vatsvetkova;"
vatsvetkova;Цветкова Виктория Андреевна (Viktoriya Tsvetkova);ccu;d_osago_18_19_all;TRIGGER;EDW All CCU;"REVOKE TRIGGER ON ccu.d_osago_18_19_all FROM vatsvetkova;"
vatsvetkova;Цветкова Виктория Андреевна (Viktoriya Tsvetkova);ccu;d_osago_17_20_all;INSERT;EDW All CCU;"REVOKE INSERT ON ccu.d_osago_17_20_all FROM vatsvetkova;"
vatsvetkova;Цветкова Виктория Андреевна (Viktoriya Tsvetkova);ccu;d_osago_17_20_all;SELECT;EDW All CCU;"REVOKE SELECT ON ccu.d_osago_17_20_all FROM vatsvetkova;"
vatsvetkova;Цветкова Виктория Андреевна (Viktoriya Tsvetkova);ccu;d_osago_17_20_all;UPDATE;EDW All CCU;"REVOKE UPDATE ON ccu.d_osago_17_20_all FROM vatsvetkova;"
vatsvetkova;Цветкова Виктория Андреевна (Viktoriya Tsvetkova);ccu;d_osago_17_20_all;DELETE;EDW All CCU;"REVOKE DELETE ON ccu.d_osago_17_20_all FROM vatsvetkova;"
vatsvetkova;Цветкова Виктория Андреевна (Viktoriya Tsvetkova);ccu;d_osago_17_20_all;TRUNCATE;EDW All CCU;"REVOKE TRUNCATE ON ccu.d_osago_17_20_all FROM vatsvetkova;"
vatsvetkova;Цветкова Виктория Андреевна (Viktoriya Tsvetkova);ccu;d_osago_17_20_all;REFERENCES;EDW All CCU;"REVOKE REFERENCES ON ccu.d_osago_17_20_all FROM vatsvetkova;"
vatsvetkova;Цветкова Виктория Андреевна (Viktoriya Tsvetkova);ccu;d_osago_17_20_all;TRIGGER;EDW All CCU;"REVOKE TRIGGER ON ccu.d_osago_17_20_all FROM vatsvetkova;"
vatsvetkova;Цветкова Виктория Андреевна (Viktoriya Tsvetkova);ccu;d_osago_final02;INSERT;EDW All CCU;"REVOKE INSERT ON ccu.d_osago_final02 FROM vatsvetkova;"
vatsvetkova;Цветкова Виктория Андреевна (Viktoriya Tsvetkova);ccu;d_osago_final02;SELECT;EDW All CCU;"REVOKE SELECT ON ccu.d_osago_final02 FROM vatsvetkova;"
vatsvetkova;Цветкова Виктория Андреевна (Viktoriya Tsvetkova);ccu;d_osago_final02;UPDATE;EDW All CCU;"REVOKE UPDATE ON ccu.d_osago_final02 FROM vatsvetkova;"
vatsvetkova;Цветкова Виктория Андреевна (Viktoriya Tsvetkova);ccu;d_osago_final02;DELETE;EDW All CCU;"REVOKE DELETE ON ccu.d_osago_final02 FROM vatsvetkova;"
vatsvetkova;Цветкова Виктория Андреевна (Viktoriya Tsvetkova);ccu;d_osago_final02;TRUNCATE;EDW All CCU;"REVOKE TRUNCATE ON ccu.d_osago_final02 FROM vatsvetkova;"
vatsvetkova;Цветкова Виктория Андреевна (Viktoriya Tsvetkova);ccu;d_osago_final02;REFERENCES;EDW All CCU;"REVOKE REFERENCES ON ccu.d_osago_final02 FROM vatsvetkova;"
vatsvetkova;Цветкова Виктория Андреевна (Viktoriya Tsvetkova);ccu;d_osago_final02;TRIGGER;EDW All CCU;"REVOKE TRIGGER ON ccu.d_osago_final02 FROM vatsvetkova;"
vatsvetkova;Цветкова Виктория Андреевна (Viktoriya Tsvetkova);ccu;d_oth20_next_apr_may_jun3;INSERT;EDW All CCU;"REVOKE INSERT ON ccu.d_oth20_next_apr_may_jun3 FROM vatsvetkova;"
vatsvetkova;Цветкова Виктория Андреевна (Viktoriya Tsvetkova);ccu;d_oth20_next_apr_may_jun3;SELECT;EDW All CCU;"REVOKE SELECT ON ccu.d_oth20_next_apr_may_jun3 FROM vatsvetkova;"
vatsvetkova;Цветкова Виктория Андреевна (Viktoriya Tsvetkova);ccu;d_oth20_next_apr_may_jun3;UPDATE;EDW All CCU;"REVOKE UPDATE ON ccu.d_oth20_next_apr_may_jun3 FROM vatsvetkova;"
vatsvetkova;Цветкова Виктория Андреевна (Viktoriya Tsvetkova);ccu;d_oth20_next_apr_may_jun3;DELETE;EDW All CCU;"REVOKE DELETE ON ccu.d_oth20_next_apr_may_jun3 FROM vatsvetkova;"
vatsvetkova;Цветкова Виктория Андреевна (Viktoriya Tsvetkova);ccu;d_oth20_next_apr_may_jun3;TRUNCATE;EDW All CCU;"REVOKE TRUNCATE ON ccu.d_oth20_next_apr_may_jun3 FROM vatsvetkova;"
vatsvetkova;Цветкова Виктория Андреевна (Viktoriya Tsvetkova);ccu;d_oth20_next_apr_may_jun3;REFERENCES;EDW All CCU;"REVOKE REFERENCES ON ccu.d_oth20_next_apr_may_jun3 FROM vatsvetkova;"
vatsvetkova;Цветкова Виктория Андреевна (Viktoriya Tsvetkova);ccu;d_oth20_next_apr_may_jun3;TRIGGER;EDW All CCU;"REVOKE TRIGGER ON ccu.d_oth20_next_apr_may_jun3 FROM vatsvetkova;"
vatsvetkova;Цветкова Виктория Андреевна (Viktoriya Tsvetkova);ccu;d_oth_18_19_20_all;INSERT;EDW All CCU;"REVOKE INSERT ON ccu.d_oth_18_19_20_all FROM vatsvetkova;"
vatsvetkova;Цветкова Виктория Андреевна (Viktoriya Tsvetkova);ccu;d_oth_18_19_20_all;SELECT;EDW All CCU;"REVOKE SELECT ON ccu.d_oth_18_19_20_all FROM vatsvetkova;"
vatsvetkova;Цветкова Виктория Андреевна (Viktoriya Tsvetkova);ccu;d_oth_18_19_20_all;UPDATE;EDW All CCU;"REVOKE UPDATE ON ccu.d_oth_18_19_20_all FROM vatsvetkova;"
vatsvetkova;Цветкова Виктория Андреевна (Viktoriya Tsvetkova);ccu;d_oth_18_19_20_all;DELETE;EDW All CCU;"REVOKE DELETE ON ccu.d_oth_18_19_20_all FROM vatsvetkova;"
vatsvetkova;Цветкова Виктория Андреевна (Viktoriya Tsvetkova);ccu;d_oth_18_19_20_all;TRUNCATE;EDW All CCU;"REVOKE TRUNCATE ON ccu.d_oth_18_19_20_all FROM vatsvetkova;"
vatsvetkova;Цветкова Виктория Андреевна (Viktoriya Tsvetkova);ccu;d_oth_18_19_20_all;REFERENCES;EDW All CCU;"REVOKE REFERENCES ON ccu.d_oth_18_19_20_all FROM vatsvetkova;"
vatsvetkova;Цветкова Виктория Андреевна (Viktoriya Tsvetkova);ccu;d_oth_18_19_20_all;TRIGGER;EDW All CCU;"REVOKE TRIGGER ON ccu.d_oth_18_19_20_all FROM vatsvetkova;"
vatsvetkova;Цветкова Виктория Андреевна (Viktoriya Tsvetkova);ccu;d_payment_schedule_2q_2;INSERT;EDW All CCU;"REVOKE INSERT ON ccu.d_payment_schedule_2q_2 FROM vatsvetkova;"
vatsvetkova;Цветкова Виктория Андреевна (Viktoriya Tsvetkova);ccu;d_payment_schedule_2q_2;SELECT;EDW All CCU;"REVOKE SELECT ON ccu.d_payment_schedule_2q_2 FROM vatsvetkova;"
vatsvetkova;Цветкова Виктория Андреевна (Viktoriya Tsvetkova);ccu;d_payment_schedule_2q_2;UPDATE;EDW All CCU;"REVOKE UPDATE ON ccu.d_payment_schedule_2q_2 FROM vatsvetkova;"
vatsvetkova;Цветкова Виктория Андреевна (Viktoriya Tsvetkova);ccu;d_payment_schedule_2q_2;DELETE;EDW All CCU;"REVOKE DELETE ON ccu.d_payment_schedule_2q_2 FROM vatsvetkova;"
vatsvetkova;Цветкова Виктория Андреевна (Viktoriya Tsvetkova);ccu;d_payment_schedule_2q_2;TRUNCATE;EDW All CCU;"REVOKE TRUNCATE ON ccu.d_payment_schedule_2q_2 FROM vatsvetkova;"
vatsvetkova;Цветкова Виктория Андреевна (Viktoriya Tsvetkova);ccu;d_payment_schedule_2q_2;REFERENCES;EDW All CCU;"REVOKE REFERENCES ON ccu.d_payment_schedule_2q_2 FROM vatsvetkova;"
vatsvetkova;Цветкова Виктория Андреевна (Viktoriya Tsvetkova);ccu;d_payment_schedule_2q_2;TRIGGER;EDW All CCU;"REVOKE TRIGGER ON ccu.d_payment_schedule_2q_2 FROM vatsvetkova;"
vatsvetkova;Цветкова Виктория Андреевна (Viktoriya Tsvetkova);ccu;d_payment_schedule_2q;INSERT;EDW All CCU;"REVOKE INSERT ON ccu.d_payment_schedule_2q FROM vatsvetkova;"
vatsvetkova;Цветкова Виктория Андреевна (Viktoriya Tsvetkova);ccu;d_payment_schedule_2q;SELECT;EDW All CCU;"REVOKE SELECT ON ccu.d_payment_schedule_2q FROM vatsvetkova;"
vatsvetkova;Цветкова Виктория Андреевна (Viktoriya Tsvetkova);ccu;d_payment_schedule_2q;UPDATE;EDW All CCU;"REVOKE UPDATE ON ccu.d_payment_schedule_2q FROM vatsvetkova;"
vatsvetkova;Цветкова Виктория Андреевна (Viktoriya Tsvetkova);ccu;d_payment_schedule_2q;DELETE;EDW All CCU;"REVOKE DELETE ON ccu.d_payment_schedule_2q FROM vatsvetkova;"
vatsvetkova;Цветкова Виктория Андреевна (Viktoriya Tsvetkova);ccu;d_payment_schedule_2q;TRUNCATE;EDW All CCU;"REVOKE TRUNCATE ON ccu.d_payment_schedule_2q FROM vatsvetkova;"
vatsvetkova;Цветкова Виктория Андреевна (Viktoriya Tsvetkova);ccu;d_payment_schedule_2q;REFERENCES;EDW All CCU;"REVOKE REFERENCES ON ccu.d_payment_schedule_2q FROM vatsvetkova;"
vatsvetkova;Цветкова Виктория Андреевна (Viktoriya Tsvetkova);ccu;d_payment_schedule_2q;TRIGGER;EDW All CCU;"REVOKE TRIGGER ON ccu.d_payment_schedule_2q FROM vatsvetkova;"
vatsvetkova;Цветкова Виктория Андреевна (Viktoriya Tsvetkova);ccu;d_reestr_ifl19_apr_may_jun_magbcd2;INSERT;EDW All CCU;"REVOKE INSERT ON ccu.d_reestr_ifl19_apr_may_jun_magbcd2 FROM vatsvetkova;"
vatsvetkova;Цветкова Виктория Андреевна (Viktoriya Tsvetkova);ccu;d_reestr_ifl19_apr_may_jun_magbcd2;SELECT;EDW All CCU;"REVOKE SELECT ON ccu.d_reestr_ifl19_apr_may_jun_magbcd2 FROM vatsvetkova;"
vatsvetkova;Цветкова Виктория Андреевна (Viktoriya Tsvetkova);ccu;d_reestr_ifl19_apr_may_jun_magbcd2;UPDATE;EDW All CCU;"REVOKE UPDATE ON ccu.d_reestr_ifl19_apr_may_jun_magbcd2 FROM vatsvetkova;"
vatsvetkova;Цветкова Виктория Андреевна (Viktoriya Tsvetkova);ccu;d_reestr_ifl19_apr_may_jun_magbcd2;DELETE;EDW All CCU;"REVOKE DELETE ON ccu.d_reestr_ifl19_apr_may_jun_magbcd2 FROM vatsvetkova;"
vatsvetkova;Цветкова Виктория Андреевна (Viktoriya Tsvetkova);ccu;d_reestr_ifl19_apr_may_jun_magbcd2;TRUNCATE;EDW All CCU;"REVOKE TRUNCATE ON ccu.d_reestr_ifl19_apr_may_jun_magbcd2 FROM vatsvetkova;"
vatsvetkova;Цветкова Виктория Андреевна (Viktoriya Tsvetkova);ccu;d_reestr_ifl19_apr_may_jun_magbcd2;REFERENCES;EDW All CCU;"REVOKE REFERENCES ON ccu.d_reestr_ifl19_apr_may_jun_magbcd2 FROM vatsvetkova;"
vatsvetkova;Цветкова Виктория Андреевна (Viktoriya Tsvetkova);ccu;d_reestr_ifl19_apr_may_jun_magbcd2;TRIGGER;EDW All CCU;"REVOKE TRIGGER ON ccu.d_reestr_ifl19_apr_may_jun_magbcd2 FROM vatsvetkova;"
vatsvetkova;Цветкова Виктория Андреевна (Viktoriya Tsvetkova);ccu;d_reestr_ifl20_2k;INSERT;EDW All CCU;"REVOKE INSERT ON ccu.d_reestr_ifl20_2k FROM vatsvetkova;"
vatsvetkova;Цветкова Виктория Андреевна (Viktoriya Tsvetkova);ccu;d_reestr_ifl20_2k;SELECT;EDW All CCU;"REVOKE SELECT ON ccu.d_reestr_ifl20_2k FROM vatsvetkova;"
vatsvetkova;Цветкова Виктория Андреевна (Viktoriya Tsvetkova);ccu;d_reestr_ifl20_2k;UPDATE;EDW All CCU;"REVOKE UPDATE ON ccu.d_reestr_ifl20_2k FROM vatsvetkova;"
vatsvetkova;Цветкова Виктория Андреевна (Viktoriya Tsvetkova);ccu;d_reestr_ifl20_2k;DELETE;EDW All CCU;"REVOKE DELETE ON ccu.d_reestr_ifl20_2k FROM vatsvetkova;"
vatsvetkova;Цветкова Виктория Андреевна (Viktoriya Tsvetkova);ccu;d_reestr_ifl20_2k;TRUNCATE;EDW All CCU;"REVOKE TRUNCATE ON ccu.d_reestr_ifl20_2k FROM vatsvetkova;"
vatsvetkova;Цветкова Виктория Андреевна (Viktoriya Tsvetkova);ccu;d_reestr_ifl20_2k;REFERENCES;EDW All CCU;"REVOKE REFERENCES ON ccu.d_reestr_ifl20_2k FROM vatsvetkova;"
vatsvetkova;Цветкова Виктория Андреевна (Viktoriya Tsvetkova);ccu;d_reestr_ifl20_2k;TRIGGER;EDW All CCU;"REVOKE TRIGGER ON ccu.d_reestr_ifl20_2k FROM vatsvetkova;"
vatsvetkova;Цветкова Виктория Андреевна (Viktoriya Tsvetkova);ccu;d_reestr_ifl20_apr_may_jun_magbcd2;INSERT;EDW All CCU;"REVOKE INSERT ON ccu.d_reestr_ifl20_apr_may_jun_magbcd2 FROM vatsvetkova;"
vatsvetkova;Цветкова Виктория Андреевна (Viktoriya Tsvetkova);ccu;d_reestr_ifl20_apr_may_jun_magbcd2;SELECT;EDW All CCU;"REVOKE SELECT ON ccu.d_reestr_ifl20_apr_may_jun_magbcd2 FROM vatsvetkova;"
vatsvetkova;Цветкова Виктория Андреевна (Viktoriya Tsvetkova);ccu;d_reestr_ifl20_apr_may_jun_magbcd2;UPDATE;EDW All CCU;"REVOKE UPDATE ON ccu.d_reestr_ifl20_apr_may_jun_magbcd2 FROM vatsvetkova;"
vatsvetkova;Цветкова Виктория Андреевна (Viktoriya Tsvetkova);ccu;d_reestr_ifl20_apr_may_jun_magbcd2;DELETE;EDW All CCU;"REVOKE DELETE ON ccu.d_reestr_ifl20_apr_may_jun_magbcd2 FROM vatsvetkova;"
vatsvetkova;Цветкова Виктория Андреевна (Viktoriya Tsvetkova);ccu;d_reestr_ifl20_apr_may_jun_magbcd2;TRUNCATE;EDW All CCU;"REVOKE TRUNCATE ON ccu.d_reestr_ifl20_apr_may_jun_magbcd2 FROM vatsvetkova;"
vatsvetkova;Цветкова Виктория Андреевна (Viktoriya Tsvetkova);ccu;d_reestr_ifl20_apr_may_jun_magbcd2;REFERENCES;EDW All CCU;"REVOKE REFERENCES ON ccu.d_reestr_ifl20_apr_may_jun_magbcd2 FROM vatsvetkova;"
vatsvetkova;Цветкова Виктория Андреевна (Viktoriya Tsvetkova);ccu;d_reestr_ifl20_apr_may_jun_magbcd2;TRIGGER;EDW All CCU;"REVOKE TRIGGER ON ccu.d_reestr_ifl20_apr_may_jun_magbcd2 FROM vatsvetkova;"
vatsvetkova;Цветкова Виктория Андреевна (Viktoriya Tsvetkova);ccu;d_reestr_ifl21_2q;INSERT;EDW All CCU;"REVOKE INSERT ON ccu.d_reestr_ifl21_2q FROM vatsvetkova;"
vatsvetkova;Цветкова Виктория Андреевна (Viktoriya Tsvetkova);ccu;d_reestr_ifl21_2q;SELECT;EDW All CCU;"REVOKE SELECT ON ccu.d_reestr_ifl21_2q FROM vatsvetkova;"
vatsvetkova;Цветкова Виктория Андреевна (Viktoriya Tsvetkova);ccu;d_reestr_ifl21_2q;UPDATE;EDW All CCU;"REVOKE UPDATE ON ccu.d_reestr_ifl21_2q FROM vatsvetkova;"
vatsvetkova;Цветкова Виктория Андреевна (Viktoriya Tsvetkova);ccu;d_reestr_ifl21_2q;DELETE;EDW All CCU;"REVOKE DELETE ON ccu.d_reestr_ifl21_2q FROM vatsvetkova;"
vatsvetkova;Цветкова Виктория Андреевна (Viktoriya Tsvetkova);ccu;d_reestr_ifl21_2q;TRUNCATE;EDW All CCU;"REVOKE TRUNCATE ON ccu.d_reestr_ifl21_2q FROM vatsvetkova;"
vatsvetkova;Цветкова Виктория Андреевна (Viktoriya Tsvetkova);ccu;d_reestr_ifl21_2q;REFERENCES;EDW All CCU;"REVOKE REFERENCES ON ccu.d_reestr_ifl21_2q FROM vatsvetkova;"
vatsvetkova;Цветкова Виктория Андреевна (Viktoriya Tsvetkova);ccu;d_reestr_ifl21_2q;TRIGGER;EDW All CCU;"REVOKE TRIGGER ON ccu.d_reestr_ifl21_2q FROM vatsvetkova;"
vatsvetkova;Цветкова Виктория Андреевна (Viktoriya Tsvetkova);ccu;d_reestr_ifl21_2q_in_ftr;INSERT;EDW All CCU;"REVOKE INSERT ON ccu.d_reestr_ifl21_2q_in_ftr FROM vatsvetkova;"
vatsvetkova;Цветкова Виктория Андреевна (Viktoriya Tsvetkova);ccu;d_reestr_ifl21_2q_in_ftr;SELECT;EDW All CCU;"REVOKE SELECT ON ccu.d_reestr_ifl21_2q_in_ftr FROM vatsvetkova;"
vatsvetkova;Цветкова Виктория Андреевна (Viktoriya Tsvetkova);ccu;d_reestr_ifl21_2q_in_ftr;UPDATE;EDW All CCU;"REVOKE UPDATE ON ccu.d_reestr_ifl21_2q_in_ftr FROM vatsvetkova;"
vatsvetkova;Цветкова Виктория Андреевна (Viktoriya Tsvetkova);ccu;d_reestr_ifl21_2q_in_ftr;DELETE;EDW All CCU;"REVOKE DELETE ON ccu.d_reestr_ifl21_2q_in_ftr FROM vatsvetkova;"
vatsvetkova;Цветкова Виктория Андреевна (Viktoriya Tsvetkova);ccu;d_reestr_ifl21_2q_in_ftr;TRUNCATE;EDW All CCU;"REVOKE TRUNCATE ON ccu.d_reestr_ifl21_2q_in_ftr FROM vatsvetkova;"
vatsvetkova;Цветкова Виктория Андреевна (Viktoriya Tsvetkova);ccu;d_reestr_ifl21_2q_in_ftr;REFERENCES;EDW All CCU;"REVOKE REFERENCES ON ccu.d_reestr_ifl21_2q_in_ftr FROM vatsvetkova;"
vatsvetkova;Цветкова Виктория Андреевна (Viktoriya Tsvetkova);ccu;d_reestr_ifl21_2q_in_ftr;TRIGGER;EDW All CCU;"REVOKE TRIGGER ON ccu.d_reestr_ifl21_2q_in_ftr FROM vatsvetkova;"
vatsvetkova;Цветкова Виктория Андреевна (Viktoriya Tsvetkova);ccu;d_reestr_ifl21_2qbc;INSERT;EDW All CCU;"REVOKE INSERT ON ccu.d_reestr_ifl21_2qbc FROM vatsvetkova;"
vatsvetkova;Цветкова Виктория Андреевна (Viktoriya Tsvetkova);ccu;d_reestr_ifl21_2qbc;SELECT;EDW All CCU;"REVOKE SELECT ON ccu.d_reestr_ifl21_2qbc FROM vatsvetkova;"
vatsvetkova;Цветкова Виктория Андреевна (Viktoriya Tsvetkova);ccu;d_reestr_ifl21_2qbc;UPDATE;EDW All CCU;"REVOKE UPDATE ON ccu.d_reestr_ifl21_2qbc FROM vatsvetkova;"
vatsvetkova;Цветкова Виктория Андреевна (Viktoriya Tsvetkova);ccu;d_reestr_ifl21_2qbc;DELETE;EDW All CCU;"REVOKE DELETE ON ccu.d_reestr_ifl21_2qbc FROM vatsvetkova;"
vatsvetkova;Цветкова Виктория Андреевна (Viktoriya Tsvetkova);ccu;d_reestr_ifl21_2qbc;TRUNCATE;EDW All CCU;"REVOKE TRUNCATE ON ccu.d_reestr_ifl21_2qbc FROM vatsvetkova;"
vatsvetkova;Цветкова Виктория Андреевна (Viktoriya Tsvetkova);ccu;d_reestr_ifl21_2qbc;REFERENCES;EDW All CCU;"REVOKE REFERENCES ON ccu.d_reestr_ifl21_2qbc FROM vatsvetkova;"
vatsvetkova;Цветкова Виктория Андреевна (Viktoriya Tsvetkova);ccu;d_reestr_ifl21_2qbc;TRIGGER;EDW All CCU;"REVOKE TRIGGER ON ccu.d_reestr_ifl21_2qbc FROM vatsvetkova;"
vatsvetkova;Цветкова Виктория Андреевна (Viktoriya Tsvetkova);ccu;d_reestr_ifl21_2q_not_in_ftr;INSERT;EDW All CCU;"REVOKE INSERT ON ccu.d_reestr_ifl21_2q_not_in_ftr FROM vatsvetkova;"
vatsvetkova;Цветкова Виктория Андреевна (Viktoriya Tsvetkova);ccu;d_reestr_ifl21_2q_not_in_ftr;SELECT;EDW All CCU;"REVOKE SELECT ON ccu.d_reestr_ifl21_2q_not_in_ftr FROM vatsvetkova;"
vatsvetkova;Цветкова Виктория Андреевна (Viktoriya Tsvetkova);ccu;d_reestr_ifl21_2q_not_in_ftr;UPDATE;EDW All CCU;"REVOKE UPDATE ON ccu.d_reestr_ifl21_2q_not_in_ftr FROM vatsvetkova;"
vatsvetkova;Цветкова Виктория Андреевна (Viktoriya Tsvetkova);ccu;d_reestr_ifl21_2q_not_in_ftr;DELETE;EDW All CCU;"REVOKE DELETE ON ccu.d_reestr_ifl21_2q_not_in_ftr FROM vatsvetkova;"
vatsvetkova;Цветкова Виктория Андреевна (Viktoriya Tsvetkova);ccu;d_reestr_ifl21_2q_not_in_ftr;TRUNCATE;EDW All CCU;"REVOKE TRUNCATE ON ccu.d_reestr_ifl21_2q_not_in_ftr FROM vatsvetkova;"
vatsvetkova;Цветкова Виктория Андреевна (Viktoriya Tsvetkova);ccu;d_reestr_ifl21_2q_not_in_ftr;REFERENCES;EDW All CCU;"REVOKE REFERENCES ON ccu.d_reestr_ifl21_2q_not_in_ftr FROM vatsvetkova;"
vatsvetkova;Цветкова Виктория Андреевна (Viktoriya Tsvetkova);ccu;d_reestr_ifl21_2q_not_in_ftr;TRIGGER;EDW All CCU;"REVOKE TRIGGER ON ccu.d_reestr_ifl21_2q_not_in_ftr FROM vatsvetkova;"
vatsvetkova;Цветкова Виктория Андреевна (Viktoriya Tsvetkova);ccu;d_reestr_ifl21_2q_not_in_ftr2;INSERT;EDW All CCU;"REVOKE INSERT ON ccu.d_reestr_ifl21_2q_not_in_ftr2 FROM vatsvetkova;"
vatsvetkova;Цветкова Виктория Андреевна (Viktoriya Tsvetkova);ccu;d_reestr_ifl21_2q_not_in_ftr2;SELECT;EDW All CCU;"REVOKE SELECT ON ccu.d_reestr_ifl21_2q_not_in_ftr2 FROM vatsvetkova;"
vatsvetkova;Цветкова Виктория Андреевна (Viktoriya Tsvetkova);ccu;d_reestr_ifl21_2q_not_in_ftr2;UPDATE;EDW All CCU;"REVOKE UPDATE ON ccu.d_reestr_ifl21_2q_not_in_ftr2 FROM vatsvetkova;"
vatsvetkova;Цветкова Виктория Андреевна (Viktoriya Tsvetkova);ccu;d_reestr_ifl21_2q_not_in_ftr2;DELETE;EDW All CCU;"REVOKE DELETE ON ccu.d_reestr_ifl21_2q_not_in_ftr2 FROM vatsvetkova;"
vatsvetkova;Цветкова Виктория Андреевна (Viktoriya Tsvetkova);ccu;d_reestr_ifl21_2q_not_in_ftr2;TRUNCATE;EDW All CCU;"REVOKE TRUNCATE ON ccu.d_reestr_ifl21_2q_not_in_ftr2 FROM vatsvetkova;"
vatsvetkova;Цветкова Виктория Андреевна (Viktoriya Tsvetkova);ccu;d_reestr_ifl21_2q_not_in_ftr2;REFERENCES;EDW All CCU;"REVOKE REFERENCES ON ccu.d_reestr_ifl21_2q_not_in_ftr2 FROM vatsvetkova;"
vatsvetkova;Цветкова Виктория Андреевна (Viktoriya Tsvetkova);ccu;d_reestr_ifl21_2q_not_in_ftr2;TRIGGER;EDW All CCU;"REVOKE TRIGGER ON ccu.d_reestr_ifl21_2q_not_in_ftr2 FROM vatsvetkova;"
vatsvetkova;Цветкова Виктория Андреевна (Viktoriya Tsvetkova);ccu;d_reestr_ifl21_2q_not_in_ftr3;INSERT;EDW All CCU;"REVOKE INSERT ON ccu.d_reestr_ifl21_2q_not_in_ftr3 FROM vatsvetkova;"
vatsvetkova;Цветкова Виктория Андреевна (Viktoriya Tsvetkova);ccu;d_reestr_ifl21_2q_not_in_ftr3;SELECT;EDW All CCU;"REVOKE SELECT ON ccu.d_reestr_ifl21_2q_not_in_ftr3 FROM vatsvetkova;"
vatsvetkova;Цветкова Виктория Андреевна (Viktoriya Tsvetkova);ccu;d_reestr_ifl21_2q_not_in_ftr3;UPDATE;EDW All CCU;"REVOKE UPDATE ON ccu.d_reestr_ifl21_2q_not_in_ftr3 FROM vatsvetkova;"
vatsvetkova;Цветкова Виктория Андреевна (Viktoriya Tsvetkova);ccu;d_reestr_ifl21_2q_not_in_ftr3;DELETE;EDW All CCU;"REVOKE DELETE ON ccu.d_reestr_ifl21_2q_not_in_ftr3 FROM vatsvetkova;"
vatsvetkova;Цветкова Виктория Андреевна (Viktoriya Tsvetkova);ccu;d_reestr_ifl21_2q_not_in_ftr3;TRUNCATE;EDW All CCU;"REVOKE TRUNCATE ON ccu.d_reestr_ifl21_2q_not_in_ftr3 FROM vatsvetkova;"
vatsvetkova;Цветкова Виктория Андреевна (Viktoriya Tsvetkova);ccu;d_reestr_ifl21_2q_not_in_ftr3;REFERENCES;EDW All CCU;"REVOKE REFERENCES ON ccu.d_reestr_ifl21_2q_not_in_ftr3 FROM vatsvetkova;"
vatsvetkova;Цветкова Виктория Андреевна (Viktoriya Tsvetkova);ccu;d_reestr_ifl21_2q_not_in_ftr3;TRIGGER;EDW All CCU;"REVOKE TRIGGER ON ccu.d_reestr_ifl21_2q_not_in_ftr3 FROM vatsvetkova;"
vatsvetkova;Цветкова Виктория Андреевна (Viktoriya Tsvetkova);ccu;d_reestr_ifl21_feb_mar_not_in_ftr3;INSERT;EDW All CCU;"REVOKE INSERT ON ccu.d_reestr_ifl21_feb_mar_not_in_ftr3 FROM vatsvetkova;"
vatsvetkova;Цветкова Виктория Андреевна (Viktoriya Tsvetkova);ccu;d_reestr_ifl21_feb_mar_not_in_ftr3;SELECT;EDW All CCU;"REVOKE SELECT ON ccu.d_reestr_ifl21_feb_mar_not_in_ftr3 FROM vatsvetkova;"
vatsvetkova;Цветкова Виктория Андреевна (Viktoriya Tsvetkova);ccu;d_reestr_ifl21_feb_mar_not_in_ftr3;UPDATE;EDW All CCU;"REVOKE UPDATE ON ccu.d_reestr_ifl21_feb_mar_not_in_ftr3 FROM vatsvetkova;"
vatsvetkova;Цветкова Виктория Андреевна (Viktoriya Tsvetkova);ccu;d_reestr_ifl21_feb_mar_not_in_ftr3;DELETE;EDW All CCU;"REVOKE DELETE ON ccu.d_reestr_ifl21_feb_mar_not_in_ftr3 FROM vatsvetkova;"
vatsvetkova;Цветкова Виктория Андреевна (Viktoriya Tsvetkova);ccu;d_reestr_ifl21_feb_mar_not_in_ftr3;TRUNCATE;EDW All CCU;"REVOKE TRUNCATE ON ccu.d_reestr_ifl21_feb_mar_not_in_ftr3 FROM vatsvetkova;"
vatsvetkova;Цветкова Виктория Андреевна (Viktoriya Tsvetkova);ccu;d_reestr_ifl21_feb_mar_not_in_ftr3;REFERENCES;EDW All CCU;"REVOKE REFERENCES ON ccu.d_reestr_ifl21_feb_mar_not_in_ftr3 FROM vatsvetkova;"
vatsvetkova;Цветкова Виктория Андреевна (Viktoriya Tsvetkova);ccu;d_reestr_ifl21_feb_mar_not_in_ftr3;TRIGGER;EDW All CCU;"REVOKE TRIGGER ON ccu.d_reestr_ifl21_feb_mar_not_in_ftr3 FROM vatsvetkova;"
vatsvetkova;Цветкова Виктория Андреевна (Viktoriya Tsvetkova);ccu;d_reestr_kasko20_apr_may_jun_magbcd2;INSERT;EDW All CCU;"REVOKE INSERT ON ccu.d_reestr_kasko20_apr_may_jun_magbcd2 FROM vatsvetkova;"
vatsvetkova;Цветкова Виктория Андреевна (Viktoriya Tsvetkova);ccu;d_reestr_kasko20_apr_may_jun_magbcd2;SELECT;EDW All CCU;"REVOKE SELECT ON ccu.d_reestr_kasko20_apr_may_jun_magbcd2 FROM vatsvetkova;"
vatsvetkova;Цветкова Виктория Андреевна (Viktoriya Tsvetkova);ccu;d_reestr_kasko20_apr_may_jun_magbcd2;UPDATE;EDW All CCU;"REVOKE UPDATE ON ccu.d_reestr_kasko20_apr_may_jun_magbcd2 FROM vatsvetkova;"
vatsvetkova;Цветкова Виктория Андреевна (Viktoriya Tsvetkova);ccu;d_reestr_kasko20_apr_may_jun_magbcd2;DELETE;EDW All CCU;"REVOKE DELETE ON ccu.d_reestr_kasko20_apr_may_jun_magbcd2 FROM vatsvetkova;"
vatsvetkova;Цветкова Виктория Андреевна (Viktoriya Tsvetkova);ccu;d_reestr_kasko20_apr_may_jun_magbcd2;TRUNCATE;EDW All CCU;"REVOKE TRUNCATE ON ccu.d_reestr_kasko20_apr_may_jun_magbcd2 FROM vatsvetkova;"
vatsvetkova;Цветкова Виктория Андреевна (Viktoriya Tsvetkova);ccu;d_reestr_kasko20_apr_may_jun_magbcd2;REFERENCES;EDW All CCU;"REVOKE REFERENCES ON ccu.d_reestr_kasko20_apr_may_jun_magbcd2 FROM vatsvetkova;"
vatsvetkova;Цветкова Виктория Андреевна (Viktoriya Tsvetkova);ccu;d_reestr_kasko20_apr_may_jun_magbcd2;TRIGGER;EDW All CCU;"REVOKE TRIGGER ON ccu.d_reestr_kasko20_apr_may_jun_magbcd2 FROM vatsvetkova;"
vatsvetkova;Цветкова Виктория Андреевна (Viktoriya Tsvetkova);ccu;d_reestr_kasko21_2q_not_in_ftr3;INSERT;EDW All CCU;"REVOKE INSERT ON ccu.d_reestr_kasko21_2q_not_in_ftr3 FROM vatsvetkova;"
vatsvetkova;Цветкова Виктория Андреевна (Viktoriya Tsvetkova);ccu;d_reestr_kasko21_2q_not_in_ftr3;SELECT;EDW All CCU;"REVOKE SELECT ON ccu.d_reestr_kasko21_2q_not_in_ftr3 FROM vatsvetkova;"
vatsvetkova;Цветкова Виктория Андреевна (Viktoriya Tsvetkova);ccu;d_reestr_kasko21_2q_not_in_ftr3;UPDATE;EDW All CCU;"REVOKE UPDATE ON ccu.d_reestr_kasko21_2q_not_in_ftr3 FROM vatsvetkova;"
vatsvetkova;Цветкова Виктория Андреевна (Viktoriya Tsvetkova);ccu;d_reestr_kasko21_2q_not_in_ftr3;DELETE;EDW All CCU;"REVOKE DELETE ON ccu.d_reestr_kasko21_2q_not_in_ftr3 FROM vatsvetkova;"
vatsvetkova;Цветкова Виктория Андреевна (Viktoriya Tsvetkova);ccu;d_reestr_kasko21_2q_not_in_ftr3;TRUNCATE;EDW All CCU;"REVOKE TRUNCATE ON ccu.d_reestr_kasko21_2q_not_in_ftr3 FROM vatsvetkova;"
vatsvetkova;Цветкова Виктория Андреевна (Viktoriya Tsvetkova);ccu;d_reestr_kasko21_2q_not_in_ftr3;REFERENCES;EDW All CCU;"REVOKE REFERENCES ON ccu.d_reestr_kasko21_2q_not_in_ftr3 FROM vatsvetkova;"
vatsvetkova;Цветкова Виктория Андреевна (Viktoriya Tsvetkova);ccu;d_reestr_kasko21_2q_not_in_ftr3;TRIGGER;EDW All CCU;"REVOKE TRIGGER ON ccu.d_reestr_kasko21_2q_not_in_ftr3 FROM vatsvetkova;"
vatsvetkova;Цветкова Виктория Андреевна (Viktoriya Tsvetkova);ccu;d_reestr_kasko21_feb_mar_not_in_ftr3_add;INSERT;EDW All CCU;"REVOKE INSERT ON ccu.d_reestr_kasko21_feb_mar_not_in_ftr3_add FROM vatsvetkova;"
vatsvetkova;Цветкова Виктория Андреевна (Viktoriya Tsvetkova);ccu;d_reestr_kasko21_feb_mar_not_in_ftr3_add;SELECT;EDW All CCU;"REVOKE SELECT ON ccu.d_reestr_kasko21_feb_mar_not_in_ftr3_add FROM vatsvetkova;"
vatsvetkova;Цветкова Виктория Андреевна (Viktoriya Tsvetkova);ccu;d_reestr_kasko21_feb_mar_not_in_ftr3_add;UPDATE;EDW All CCU;"REVOKE UPDATE ON ccu.d_reestr_kasko21_feb_mar_not_in_ftr3_add FROM vatsvetkova;"
vatsvetkova;Цветкова Виктория Андреевна (Viktoriya Tsvetkova);ccu;d_reestr_kasko21_feb_mar_not_in_ftr3_add;DELETE;EDW All CCU;"REVOKE DELETE ON ccu.d_reestr_kasko21_feb_mar_not_in_ftr3_add FROM vatsvetkova;"
vatsvetkova;Цветкова Виктория Андреевна (Viktoriya Tsvetkova);ccu;d_reestr_kasko21_feb_mar_not_in_ftr3_add;TRUNCATE;EDW All CCU;"REVOKE TRUNCATE ON ccu.d_reestr_kasko21_feb_mar_not_in_ftr3_add FROM vatsvetkova;"
vatsvetkova;Цветкова Виктория Андреевна (Viktoriya Tsvetkova);ccu;d_reestr_kasko21_feb_mar_not_in_ftr3_add;REFERENCES;EDW All CCU;"REVOKE REFERENCES ON ccu.d_reestr_kasko21_feb_mar_not_in_ftr3_add FROM vatsvetkova;"
vatsvetkova;Цветкова Виктория Андреевна (Viktoriya Tsvetkova);ccu;d_reestr_kasko21_feb_mar_not_in_ftr3_add;TRIGGER;EDW All CCU;"REVOKE TRIGGER ON ccu.d_reestr_kasko21_feb_mar_not_in_ftr3_add FROM vatsvetkova;"
vatsvetkova;Цветкова Виктория Андреевна (Viktoriya Tsvetkova);ccu;d_reestr_kasko21_feb_mar_not_in_ftr3;INSERT;EDW All CCU;"REVOKE INSERT ON ccu.d_reestr_kasko21_feb_mar_not_in_ftr3 FROM vatsvetkova;"
vatsvetkova;Цветкова Виктория Андреевна (Viktoriya Tsvetkova);ccu;d_reestr_kasko21_feb_mar_not_in_ftr3;SELECT;EDW All CCU;"REVOKE SELECT ON ccu.d_reestr_kasko21_feb_mar_not_in_ftr3 FROM vatsvetkova;"
vatsvetkova;Цветкова Виктория Андреевна (Viktoriya Tsvetkova);ccu;d_reestr_kasko21_feb_mar_not_in_ftr3;UPDATE;EDW All CCU;"REVOKE UPDATE ON ccu.d_reestr_kasko21_feb_mar_not_in_ftr3 FROM vatsvetkova;"
vatsvetkova;Цветкова Виктория Андреевна (Viktoriya Tsvetkova);ccu;d_reestr_kasko21_feb_mar_not_in_ftr3;DELETE;EDW All CCU;"REVOKE DELETE ON ccu.d_reestr_kasko21_feb_mar_not_in_ftr3 FROM vatsvetkova;"
vatsvetkova;Цветкова Виктория Андреевна (Viktoriya Tsvetkova);ccu;d_reestr_kasko21_feb_mar_not_in_ftr3;TRUNCATE;EDW All CCU;"REVOKE TRUNCATE ON ccu.d_reestr_kasko21_feb_mar_not_in_ftr3 FROM vatsvetkova;"
vatsvetkova;Цветкова Виктория Андреевна (Viktoriya Tsvetkova);ccu;d_reestr_kasko21_feb_mar_not_in_ftr3;REFERENCES;EDW All CCU;"REVOKE REFERENCES ON ccu.d_reestr_kasko21_feb_mar_not_in_ftr3 FROM vatsvetkova;"
vatsvetkova;Цветкова Виктория Андреевна (Viktoriya Tsvetkova);ccu;d_reestr_kasko21_feb_mar_not_in_ftr3;TRIGGER;EDW All CCU;"REVOKE TRIGGER ON ccu.d_reestr_kasko21_feb_mar_not_in_ftr3 FROM vatsvetkova;"
vatsvetkova;Цветкова Виктория Андреевна (Viktoriya Tsvetkova);ccu;d_reestr_next_pay2_21_2qc_2t;INSERT;EDW All CCU;"REVOKE INSERT ON ccu.d_reestr_next_pay2_21_2qc_2t FROM vatsvetkova;"
vatsvetkova;Цветкова Виктория Андреевна (Viktoriya Tsvetkova);ccu;d_reestr_next_pay2_21_2qc_2t;SELECT;EDW All CCU;"REVOKE SELECT ON ccu.d_reestr_next_pay2_21_2qc_2t FROM vatsvetkova;"
vatsvetkova;Цветкова Виктория Андреевна (Viktoriya Tsvetkova);ccu;d_reestr_next_pay2_21_2qc_2t;UPDATE;EDW All CCU;"REVOKE UPDATE ON ccu.d_reestr_next_pay2_21_2qc_2t FROM vatsvetkova;"
vatsvetkova;Цветкова Виктория Андреевна (Viktoriya Tsvetkova);ccu;d_reestr_next_pay2_21_2qc_2t;DELETE;EDW All CCU;"REVOKE DELETE ON ccu.d_reestr_next_pay2_21_2qc_2t FROM vatsvetkova;"
vatsvetkova;Цветкова Виктория Андреевна (Viktoriya Tsvetkova);ccu;d_reestr_next_pay2_21_2qc_2t;TRUNCATE;EDW All CCU;"REVOKE TRUNCATE ON ccu.d_reestr_next_pay2_21_2qc_2t FROM vatsvetkova;"
vatsvetkova;Цветкова Виктория Андреевна (Viktoriya Tsvetkova);ccu;d_reestr_next_pay2_21_2qc_2t;REFERENCES;EDW All CCU;"REVOKE REFERENCES ON ccu.d_reestr_next_pay2_21_2qc_2t FROM vatsvetkova;"
vatsvetkova;Цветкова Виктория Андреевна (Viktoriya Tsvetkova);ccu;d_reestr_next_pay2_21_2qc_2t;TRIGGER;EDW All CCU;"REVOKE TRIGGER ON ccu.d_reestr_next_pay2_21_2qc_2t FROM vatsvetkova;"
vatsvetkova;Цветкова Виктория Андреевна (Viktoriya Tsvetkova);ccu;d_reestr_next_pay_21_2q;INSERT;EDW All CCU;"REVOKE INSERT ON ccu.d_reestr_next_pay_21_2q FROM vatsvetkova;"
vatsvetkova;Цветкова Виктория Андреевна (Viktoriya Tsvetkova);ccu;d_reestr_next_pay_21_2q;SELECT;EDW All CCU;"REVOKE SELECT ON ccu.d_reestr_next_pay_21_2q FROM vatsvetkova;"
vatsvetkova;Цветкова Виктория Андреевна (Viktoriya Tsvetkova);ccu;d_reestr_next_pay_21_2q;UPDATE;EDW All CCU;"REVOKE UPDATE ON ccu.d_reestr_next_pay_21_2q FROM vatsvetkova;"
vatsvetkova;Цветкова Виктория Андреевна (Viktoriya Tsvetkova);ccu;d_reestr_next_pay_21_2q;DELETE;EDW All CCU;"REVOKE DELETE ON ccu.d_reestr_next_pay_21_2q FROM vatsvetkova;"
vatsvetkova;Цветкова Виктория Андреевна (Viktoriya Tsvetkova);ccu;d_reestr_next_pay_21_2q;TRUNCATE;EDW All CCU;"REVOKE TRUNCATE ON ccu.d_reestr_next_pay_21_2q FROM vatsvetkova;"
vatsvetkova;Цветкова Виктория Андреевна (Viktoriya Tsvetkova);ccu;d_reestr_next_pay_21_2q;REFERENCES;EDW All CCU;"REVOKE REFERENCES ON ccu.d_reestr_next_pay_21_2q FROM vatsvetkova;"
vatsvetkova;Цветкова Виктория Андреевна (Viktoriya Tsvetkova);ccu;d_reestr_next_pay_21_2q;TRIGGER;EDW All CCU;"REVOKE TRIGGER ON ccu.d_reestr_next_pay_21_2q FROM vatsvetkova;"
vatsvetkova;Цветкова Виктория Андреевна (Viktoriya Tsvetkova);ccu;d_reestr_next_pay_21_2q_2t;INSERT;EDW All CCU;"REVOKE INSERT ON ccu.d_reestr_next_pay_21_2q_2t FROM vatsvetkova;"
vatsvetkova;Цветкова Виктория Андреевна (Viktoriya Tsvetkova);ccu;d_reestr_next_pay_21_2q_2t;SELECT;EDW All CCU;"REVOKE SELECT ON ccu.d_reestr_next_pay_21_2q_2t FROM vatsvetkova;"
vatsvetkova;Цветкова Виктория Андреевна (Viktoriya Tsvetkova);ccu;d_reestr_next_pay_21_2q_2t;UPDATE;EDW All CCU;"REVOKE UPDATE ON ccu.d_reestr_next_pay_21_2q_2t FROM vatsvetkova;"
vatsvetkova;Цветкова Виктория Андреевна (Viktoriya Tsvetkova);ccu;d_reestr_next_pay_21_2q_2t;DELETE;EDW All CCU;"REVOKE DELETE ON ccu.d_reestr_next_pay_21_2q_2t FROM vatsvetkova;"
vatsvetkova;Цветкова Виктория Андреевна (Viktoriya Tsvetkova);ccu;d_reestr_next_pay_21_2q_2t;TRUNCATE;EDW All CCU;"REVOKE TRUNCATE ON ccu.d_reestr_next_pay_21_2q_2t FROM vatsvetkova;"
vatsvetkova;Цветкова Виктория Андреевна (Viktoriya Tsvetkova);ccu;d_reestr_next_pay_21_2q_2t;REFERENCES;EDW All CCU;"REVOKE REFERENCES ON ccu.d_reestr_next_pay_21_2q_2t FROM vatsvetkova;"
vatsvetkova;Цветкова Виктория Андреевна (Viktoriya Tsvetkova);ccu;d_reestr_next_pay_21_2q_2t;TRIGGER;EDW All CCU;"REVOKE TRIGGER ON ccu.d_reestr_next_pay_21_2q_2t FROM vatsvetkova;"
vatsvetkova;Цветкова Виктория Андреевна (Viktoriya Tsvetkova);ccu;d_reestr_next_pay_21_2q_2;INSERT;EDW All CCU;"REVOKE INSERT ON ccu.d_reestr_next_pay_21_2q_2 FROM vatsvetkova;"
vatsvetkova;Цветкова Виктория Андреевна (Viktoriya Tsvetkova);ccu;d_reestr_next_pay_21_2q_2;SELECT;EDW All CCU;"REVOKE SELECT ON ccu.d_reestr_next_pay_21_2q_2 FROM vatsvetkova;"
vatsvetkova;Цветкова Виктория Андреевна (Viktoriya Tsvetkova);ccu;d_reestr_next_pay_21_2q_2;UPDATE;EDW All CCU;"REVOKE UPDATE ON ccu.d_reestr_next_pay_21_2q_2 FROM vatsvetkova;"
vatsvetkova;Цветкова Виктория Андреевна (Viktoriya Tsvetkova);ccu;d_reestr_next_pay_21_2q_2;DELETE;EDW All CCU;"REVOKE DELETE ON ccu.d_reestr_next_pay_21_2q_2 FROM vatsvetkova;"
vatsvetkova;Цветкова Виктория Андреевна (Viktoriya Tsvetkova);ccu;d_reestr_next_pay_21_2q_2;TRUNCATE;EDW All CCU;"REVOKE TRUNCATE ON ccu.d_reestr_next_pay_21_2q_2 FROM vatsvetkova;"
vatsvetkova;Цветкова Виктория Андреевна (Viktoriya Tsvetkova);ccu;d_reestr_next_pay_21_2q_2;REFERENCES;EDW All CCU;"REVOKE REFERENCES ON ccu.d_reestr_next_pay_21_2q_2 FROM vatsvetkova;"
vatsvetkova;Цветкова Виктория Андреевна (Viktoriya Tsvetkova);ccu;d_reestr_next_pay_21_2q_2;TRIGGER;EDW All CCU;"REVOKE TRIGGER ON ccu.d_reestr_next_pay_21_2q_2 FROM vatsvetkova;"
vatsvetkova;Цветкова Виктория Андреевна (Viktoriya Tsvetkova);ccu;d_reestr_next_pay_21_2qc;INSERT;EDW All CCU;"REVOKE INSERT ON ccu.d_reestr_next_pay_21_2qc FROM vatsvetkova;"
vatsvetkova;Цветкова Виктория Андреевна (Viktoriya Tsvetkova);ccu;d_reestr_next_pay_21_2qc;SELECT;EDW All CCU;"REVOKE SELECT ON ccu.d_reestr_next_pay_21_2qc FROM vatsvetkova;"
vatsvetkova;Цветкова Виктория Андреевна (Viktoriya Tsvetkova);ccu;d_reestr_next_pay_21_2qc;UPDATE;EDW All CCU;"REVOKE UPDATE ON ccu.d_reestr_next_pay_21_2qc FROM vatsvetkova;"
vatsvetkova;Цветкова Виктория Андреевна (Viktoriya Tsvetkova);ccu;d_reestr_next_pay_21_2qc;DELETE;EDW All CCU;"REVOKE DELETE ON ccu.d_reestr_next_pay_21_2qc FROM vatsvetkova;"
vatsvetkova;Цветкова Виктория Андреевна (Viktoriya Tsvetkova);ccu;d_reestr_next_pay_21_2qc;TRUNCATE;EDW All CCU;"REVOKE TRUNCATE ON ccu.d_reestr_next_pay_21_2qc FROM vatsvetkova;"
vatsvetkova;Цветкова Виктория Андреевна (Viktoriya Tsvetkova);ccu;d_reestr_next_pay_21_2qc;REFERENCES;EDW All CCU;"REVOKE REFERENCES ON ccu.d_reestr_next_pay_21_2qc FROM vatsvetkova;"
vatsvetkova;Цветкова Виктория Андреевна (Viktoriya Tsvetkova);ccu;d_reestr_next_pay_21_2qc;TRIGGER;EDW All CCU;"REVOKE TRIGGER ON ccu.d_reestr_next_pay_21_2qc FROM vatsvetkova;"
vatsvetkova;Цветкова Виктория Андреевна (Viktoriya Tsvetkova);ccu;d_reestr_next_pay_21_2qc_2t;INSERT;EDW All CCU;"REVOKE INSERT ON ccu.d_reestr_next_pay_21_2qc_2t FROM vatsvetkova;"
vatsvetkova;Цветкова Виктория Андреевна (Viktoriya Tsvetkova);ccu;d_reestr_next_pay_21_2qc_2t;SELECT;EDW All CCU;"REVOKE SELECT ON ccu.d_reestr_next_pay_21_2qc_2t FROM vatsvetkova;"
vatsvetkova;Цветкова Виктория Андреевна (Viktoriya Tsvetkova);ccu;d_reestr_next_pay_21_2qc_2t;UPDATE;EDW All CCU;"REVOKE UPDATE ON ccu.d_reestr_next_pay_21_2qc_2t FROM vatsvetkova;"
vatsvetkova;Цветкова Виктория Андреевна (Viktoriya Tsvetkova);ccu;d_reestr_next_pay_21_2qc_2t;DELETE;EDW All CCU;"REVOKE DELETE ON ccu.d_reestr_next_pay_21_2qc_2t FROM vatsvetkova;"
vatsvetkova;Цветкова Виктория Андреевна (Viktoriya Tsvetkova);ccu;d_reestr_next_pay_21_2qc_2t;TRUNCATE;EDW All CCU;"REVOKE TRUNCATE ON ccu.d_reestr_next_pay_21_2qc_2t FROM vatsvetkova;"
vatsvetkova;Цветкова Виктория Андреевна (Viktoriya Tsvetkova);ccu;d_reestr_next_pay_21_2qc_2t;REFERENCES;EDW All CCU;"REVOKE REFERENCES ON ccu.d_reestr_next_pay_21_2qc_2t FROM vatsvetkova;"
vatsvetkova;Цветкова Виктория Андреевна (Viktoriya Tsvetkova);ccu;d_reestr_next_pay_21_2qc_2t;TRIGGER;EDW All CCU;"REVOKE TRIGGER ON ccu.d_reestr_next_pay_21_2qc_2t FROM vatsvetkova;"
vatsvetkova;Цветкова Виктория Андреевна (Viktoriya Tsvetkova);ccu;d_reestr_osago01;INSERT;EDW All CCU;"REVOKE INSERT ON ccu.d_reestr_osago01 FROM vatsvetkova;"
vatsvetkova;Цветкова Виктория Андреевна (Viktoriya Tsvetkova);ccu;d_reestr_osago01;SELECT;EDW All CCU;"REVOKE SELECT ON ccu.d_reestr_osago01 FROM vatsvetkova;"
vatsvetkova;Цветкова Виктория Андреевна (Viktoriya Tsvetkova);ccu;d_reestr_osago01;UPDATE;EDW All CCU;"REVOKE UPDATE ON ccu.d_reestr_osago01 FROM vatsvetkova;"
vatsvetkova;Цветкова Виктория Андреевна (Viktoriya Tsvetkova);ccu;d_reestr_osago01;DELETE;EDW All CCU;"REVOKE DELETE ON ccu.d_reestr_osago01 FROM vatsvetkova;"
vatsvetkova;Цветкова Виктория Андреевна (Viktoriya Tsvetkova);ccu;d_reestr_osago01;TRUNCATE;EDW All CCU;"REVOKE TRUNCATE ON ccu.d_reestr_osago01 FROM vatsvetkova;"
vatsvetkova;Цветкова Виктория Андреевна (Viktoriya Tsvetkova);ccu;d_reestr_osago01;REFERENCES;EDW All CCU;"REVOKE REFERENCES ON ccu.d_reestr_osago01 FROM vatsvetkova;"
vatsvetkova;Цветкова Виктория Андреевна (Viktoriya Tsvetkova);ccu;d_reestr_osago01;TRIGGER;EDW All CCU;"REVOKE TRIGGER ON ccu.d_reestr_osago01 FROM vatsvetkova;"
vatsvetkova;Цветкова Виктория Андреевна (Viktoriya Tsvetkova);ccu;d_reestr_osago02;INSERT;EDW All CCU;"REVOKE INSERT ON ccu.d_reestr_osago02 FROM vatsvetkova;"
vatsvetkova;Цветкова Виктория Андреевна (Viktoriya Tsvetkova);ccu;d_reestr_osago02;SELECT;EDW All CCU;"REVOKE SELECT ON ccu.d_reestr_osago02 FROM vatsvetkova;"
vatsvetkova;Цветкова Виктория Андреевна (Viktoriya Tsvetkova);ccu;d_reestr_osago02;UPDATE;EDW All CCU;"REVOKE UPDATE ON ccu.d_reestr_osago02 FROM vatsvetkova;"
vatsvetkova;Цветкова Виктория Андреевна (Viktoriya Tsvetkova);ccu;d_reestr_osago02;DELETE;EDW All CCU;"REVOKE DELETE ON ccu.d_reestr_osago02 FROM vatsvetkova;"
vatsvetkova;Цветкова Виктория Андреевна (Viktoriya Tsvetkova);ccu;d_reestr_osago02;TRUNCATE;EDW All CCU;"REVOKE TRUNCATE ON ccu.d_reestr_osago02 FROM vatsvetkova;"
vatsvetkova;Цветкова Виктория Андреевна (Viktoriya Tsvetkova);ccu;d_reestr_osago02;REFERENCES;EDW All CCU;"REVOKE REFERENCES ON ccu.d_reestr_osago02 FROM vatsvetkova;"
vatsvetkova;Цветкова Виктория Андреевна (Viktoriya Tsvetkova);ccu;d_reestr_osago02;TRIGGER;EDW All CCU;"REVOKE TRIGGER ON ccu.d_reestr_osago02 FROM vatsvetkova;"
vatsvetkova;Цветкова Виктория Андреевна (Viktoriya Tsvetkova);ccu;d_reestr_osago01_not_in_ftr;INSERT;EDW All CCU;"REVOKE INSERT ON ccu.d_reestr_osago01_not_in_ftr FROM vatsvetkova;"
vatsvetkova;Цветкова Виктория Андреевна (Viktoriya Tsvetkova);ccu;d_reestr_osago01_not_in_ftr;SELECT;EDW All CCU;"REVOKE SELECT ON ccu.d_reestr_osago01_not_in_ftr FROM vatsvetkova;"
vatsvetkova;Цветкова Виктория Андреевна (Viktoriya Tsvetkova);ccu;d_reestr_osago01_not_in_ftr;UPDATE;EDW All CCU;"REVOKE UPDATE ON ccu.d_reestr_osago01_not_in_ftr FROM vatsvetkova;"
vatsvetkova;Цветкова Виктория Андреевна (Viktoriya Tsvetkova);ccu;d_reestr_osago01_not_in_ftr;DELETE;EDW All CCU;"REVOKE DELETE ON ccu.d_reestr_osago01_not_in_ftr FROM vatsvetkova;"
vatsvetkova;Цветкова Виктория Андреевна (Viktoriya Tsvetkova);ccu;d_reestr_osago01_not_in_ftr;TRUNCATE;EDW All CCU;"REVOKE TRUNCATE ON ccu.d_reestr_osago01_not_in_ftr FROM vatsvetkova;"
vatsvetkova;Цветкова Виктория Андреевна (Viktoriya Tsvetkova);ccu;d_reestr_osago01_not_in_ftr;REFERENCES;EDW All CCU;"REVOKE REFERENCES ON ccu.d_reestr_osago01_not_in_ftr FROM vatsvetkova;"
vatsvetkova;Цветкова Виктория Андреевна (Viktoriya Tsvetkova);ccu;d_reestr_osago01_not_in_ftr;TRIGGER;EDW All CCU;"REVOKE TRIGGER ON ccu.d_reestr_osago01_not_in_ftr FROM vatsvetkova;"
vatsvetkova;Цветкова Виктория Андреевна (Viktoriya Tsvetkova);ccu;d_reestr_osago02_in_ftr;INSERT;EDW All CCU;"REVOKE INSERT ON ccu.d_reestr_osago02_in_ftr FROM vatsvetkova;"
vatsvetkova;Цветкова Виктория Андреевна (Viktoriya Tsvetkova);ccu;d_reestr_osago02_in_ftr;SELECT;EDW All CCU;"REVOKE SELECT ON ccu.d_reestr_osago02_in_ftr FROM vatsvetkova;"
vatsvetkova;Цветкова Виктория Андреевна (Viktoriya Tsvetkova);ccu;d_reestr_osago02_in_ftr;UPDATE;EDW All CCU;"REVOKE UPDATE ON ccu.d_reestr_osago02_in_ftr FROM vatsvetkova;"
vatsvetkova;Цветкова Виктория Андреевна (Viktoriya Tsvetkova);ccu;d_reestr_osago02_in_ftr;DELETE;EDW All CCU;"REVOKE DELETE ON ccu.d_reestr_osago02_in_ftr FROM vatsvetkova;"
vatsvetkova;Цветкова Виктория Андреевна (Viktoriya Tsvetkova);ccu;d_reestr_osago02_in_ftr;TRUNCATE;EDW All CCU;"REVOKE TRUNCATE ON ccu.d_reestr_osago02_in_ftr FROM vatsvetkova;"
vatsvetkova;Цветкова Виктория Андреевна (Viktoriya Tsvetkova);ccu;d_reestr_osago02_in_ftr;REFERENCES;EDW All CCU;"REVOKE REFERENCES ON ccu.d_reestr_osago02_in_ftr FROM vatsvetkova;"
vatsvetkova;Цветкова Виктория Андреевна (Viktoriya Tsvetkova);ccu;d_reestr_osago02_in_ftr;TRIGGER;EDW All CCU;"REVOKE TRIGGER ON ccu.d_reestr_osago02_in_ftr FROM vatsvetkova;"
vatsvetkova;Цветкова Виктория Андреевна (Viktoriya Tsvetkova);ccu;d_reestr_osago02_not_in_ftr;INSERT;EDW All CCU;"REVOKE INSERT ON ccu.d_reestr_osago02_not_in_ftr FROM vatsvetkova;"
vatsvetkova;Цветкова Виктория Андреевна (Viktoriya Tsvetkova);ccu;d_reestr_osago02_not_in_ftr;SELECT;EDW All CCU;"REVOKE SELECT ON ccu.d_reestr_osago02_not_in_ftr FROM vatsvetkova;"
vatsvetkova;Цветкова Виктория Андреевна (Viktoriya Tsvetkova);ccu;d_reestr_osago02_not_in_ftr;UPDATE;EDW All CCU;"REVOKE UPDATE ON ccu.d_reestr_osago02_not_in_ftr FROM vatsvetkova;"
vatsvetkova;Цветкова Виктория Андреевна (Viktoriya Tsvetkova);ccu;d_reestr_osago02_not_in_ftr;DELETE;EDW All CCU;"REVOKE DELETE ON ccu.d_reestr_osago02_not_in_ftr FROM vatsvetkova;"
vatsvetkova;Цветкова Виктория Андреевна (Viktoriya Tsvetkova);ccu;d_reestr_osago02_not_in_ftr;TRUNCATE;EDW All CCU;"REVOKE TRUNCATE ON ccu.d_reestr_osago02_not_in_ftr FROM vatsvetkova;"
vatsvetkova;Цветкова Виктория Андреевна (Viktoriya Tsvetkova);ccu;d_reestr_osago02_not_in_ftr;REFERENCES;EDW All CCU;"REVOKE REFERENCES ON ccu.d_reestr_osago02_not_in_ftr FROM vatsvetkova;"
vatsvetkova;Цветкова Виктория Андреевна (Viktoriya Tsvetkova);ccu;d_reestr_osago02_not_in_ftr;TRIGGER;EDW All CCU;"REVOKE TRIGGER ON ccu.d_reestr_osago02_not_in_ftr FROM vatsvetkova;"
vatsvetkova;Цветкова Виктория Андреевна (Viktoriya Tsvetkova);ccu;d_reestr_osago18_apr_may_jun_magbcd2;INSERT;EDW All CCU;"REVOKE INSERT ON ccu.d_reestr_osago18_apr_may_jun_magbcd2 FROM vatsvetkova;"
vatsvetkova;Цветкова Виктория Андреевна (Viktoriya Tsvetkova);ccu;d_reestr_osago18_apr_may_jun_magbcd2;SELECT;EDW All CCU;"REVOKE SELECT ON ccu.d_reestr_osago18_apr_may_jun_magbcd2 FROM vatsvetkova;"
vatsvetkova;Цветкова Виктория Андреевна (Viktoriya Tsvetkova);ccu;d_reestr_osago18_apr_may_jun_magbcd2;UPDATE;EDW All CCU;"REVOKE UPDATE ON ccu.d_reestr_osago18_apr_may_jun_magbcd2 FROM vatsvetkova;"
vatsvetkova;Цветкова Виктория Андреевна (Viktoriya Tsvetkova);ccu;d_reestr_osago18_apr_may_jun_magbcd2;DELETE;EDW All CCU;"REVOKE DELETE ON ccu.d_reestr_osago18_apr_may_jun_magbcd2 FROM vatsvetkova;"
vatsvetkova;Цветкова Виктория Андреевна (Viktoriya Tsvetkova);ccu;d_reestr_osago18_apr_may_jun_magbcd2;TRUNCATE;EDW All CCU;"REVOKE TRUNCATE ON ccu.d_reestr_osago18_apr_may_jun_magbcd2 FROM vatsvetkova;"
vatsvetkova;Цветкова Виктория Андреевна (Viktoriya Tsvetkova);ccu;d_reestr_osago18_apr_may_jun_magbcd2;REFERENCES;EDW All CCU;"REVOKE REFERENCES ON ccu.d_reestr_osago18_apr_may_jun_magbcd2 FROM vatsvetkova;"
vatsvetkova;Цветкова Виктория Андреевна (Viktoriya Tsvetkova);ccu;d_reestr_osago18_apr_may_jun_magbcd2;TRIGGER;EDW All CCU;"REVOKE TRIGGER ON ccu.d_reestr_osago18_apr_may_jun_magbcd2 FROM vatsvetkova;"
vatsvetkova;Цветкова Виктория Андреевна (Viktoriya Tsvetkova);ccu;d_reestr_oth20_apr_may_jun_magbcd2;INSERT;EDW All CCU;"REVOKE INSERT ON ccu.d_reestr_oth20_apr_may_jun_magbcd2 FROM vatsvetkova;"
vatsvetkova;Цветкова Виктория Андреевна (Viktoriya Tsvetkova);ccu;d_reestr_oth20_apr_may_jun_magbcd2;SELECT;EDW All CCU;"REVOKE SELECT ON ccu.d_reestr_oth20_apr_may_jun_magbcd2 FROM vatsvetkova;"
vatsvetkova;Цветкова Виктория Андреевна (Viktoriya Tsvetkova);ccu;d_reestr_oth20_apr_may_jun_magbcd2;UPDATE;EDW All CCU;"REVOKE UPDATE ON ccu.d_reestr_oth20_apr_may_jun_magbcd2 FROM vatsvetkova;"
vatsvetkova;Цветкова Виктория Андреевна (Viktoriya Tsvetkova);ccu;d_reestr_oth20_apr_may_jun_magbcd2;DELETE;EDW All CCU;"REVOKE DELETE ON ccu.d_reestr_oth20_apr_may_jun_magbcd2 FROM vatsvetkova;"
vatsvetkova;Цветкова Виктория Андреевна (Viktoriya Tsvetkova);ccu;d_reestr_oth20_apr_may_jun_magbcd2;TRUNCATE;EDW All CCU;"REVOKE TRUNCATE ON ccu.d_reestr_oth20_apr_may_jun_magbcd2 FROM vatsvetkova;"
vatsvetkova;Цветкова Виктория Андреевна (Viktoriya Tsvetkova);ccu;d_reestr_oth20_apr_may_jun_magbcd2;REFERENCES;EDW All CCU;"REVOKE REFERENCES ON ccu.d_reestr_oth20_apr_may_jun_magbcd2 FROM vatsvetkova;"
vatsvetkova;Цветкова Виктория Андреевна (Viktoriya Tsvetkova);ccu;d_reestr_oth20_apr_may_jun_magbcd2;TRIGGER;EDW All CCU;"REVOKE TRIGGER ON ccu.d_reestr_oth20_apr_may_jun_magbcd2 FROM vatsvetkova;"
vatsvetkova;Цветкова Виктория Андреевна (Viktoriya Tsvetkova);ccu;d_reestr_oth21_2q_in_ftr3;INSERT;EDW All CCU;"REVOKE INSERT ON ccu.d_reestr_oth21_2q_in_ftr3 FROM vatsvetkova;"
vatsvetkova;Цветкова Виктория Андреевна (Viktoriya Tsvetkova);ccu;d_reestr_oth21_2q_in_ftr3;SELECT;EDW All CCU;"REVOKE SELECT ON ccu.d_reestr_oth21_2q_in_ftr3 FROM vatsvetkova;"
vatsvetkova;Цветкова Виктория Андреевна (Viktoriya Tsvetkova);ccu;d_reestr_oth21_2q_in_ftr3;UPDATE;EDW All CCU;"REVOKE UPDATE ON ccu.d_reestr_oth21_2q_in_ftr3 FROM vatsvetkova;"
vatsvetkova;Цветкова Виктория Андреевна (Viktoriya Tsvetkova);ccu;d_reestr_oth21_2q_in_ftr3;DELETE;EDW All CCU;"REVOKE DELETE ON ccu.d_reestr_oth21_2q_in_ftr3 FROM vatsvetkova;"
vatsvetkova;Цветкова Виктория Андреевна (Viktoriya Tsvetkova);ccu;d_reestr_oth21_2q_in_ftr3;TRUNCATE;EDW All CCU;"REVOKE TRUNCATE ON ccu.d_reestr_oth21_2q_in_ftr3 FROM vatsvetkova;"
vatsvetkova;Цветкова Виктория Андреевна (Viktoriya Tsvetkova);ccu;d_reestr_oth21_2q_in_ftr3;REFERENCES;EDW All CCU;"REVOKE REFERENCES ON ccu.d_reestr_oth21_2q_in_ftr3 FROM vatsvetkova;"
vatsvetkova;Цветкова Виктория Андреевна (Viktoriya Tsvetkova);ccu;d_reestr_oth21_2q_in_ftr3;TRIGGER;EDW All CCU;"REVOKE TRIGGER ON ccu.d_reestr_oth21_2q_in_ftr3 FROM vatsvetkova;"
vatsvetkova;Цветкова Виктория Андреевна (Viktoriya Tsvetkova);ccu;d_reestr_oth21_2q_not_in_ftr3;INSERT;EDW All CCU;"REVOKE INSERT ON ccu.d_reestr_oth21_2q_not_in_ftr3 FROM vatsvetkova;"
vatsvetkova;Цветкова Виктория Андреевна (Viktoriya Tsvetkova);ccu;d_reestr_oth21_2q_not_in_ftr3;SELECT;EDW All CCU;"REVOKE SELECT ON ccu.d_reestr_oth21_2q_not_in_ftr3 FROM vatsvetkova;"
vatsvetkova;Цветкова Виктория Андреевна (Viktoriya Tsvetkova);ccu;d_reestr_oth21_2q_not_in_ftr3;UPDATE;EDW All CCU;"REVOKE UPDATE ON ccu.d_reestr_oth21_2q_not_in_ftr3 FROM vatsvetkova;"
vatsvetkova;Цветкова Виктория Андреевна (Viktoriya Tsvetkova);ccu;d_reestr_oth21_2q_not_in_ftr3;DELETE;EDW All CCU;"REVOKE DELETE ON ccu.d_reestr_oth21_2q_not_in_ftr3 FROM vatsvetkova;"
vatsvetkova;Цветкова Виктория Андреевна (Viktoriya Tsvetkova);ccu;d_reestr_oth21_2q_not_in_ftr3;TRUNCATE;EDW All CCU;"REVOKE TRUNCATE ON ccu.d_reestr_oth21_2q_not_in_ftr3 FROM vatsvetkova;"
vatsvetkova;Цветкова Виктория Андреевна (Viktoriya Tsvetkova);ccu;d_reestr_oth21_2q_not_in_ftr3;REFERENCES;EDW All CCU;"REVOKE REFERENCES ON ccu.d_reestr_oth21_2q_not_in_ftr3 FROM vatsvetkova;"
vatsvetkova;Цветкова Виктория Андреевна (Viktoriya Tsvetkova);ccu;d_reestr_oth21_2q_not_in_ftr3;TRIGGER;EDW All CCU;"REVOKE TRIGGER ON ccu.d_reestr_oth21_2q_not_in_ftr3 FROM vatsvetkova;"
vatsvetkova;Цветкова Виктория Андреевна (Viktoriya Tsvetkova);ccu;d_reestr_oth21_2qbc;INSERT;EDW All CCU;"REVOKE INSERT ON ccu.d_reestr_oth21_2qbc FROM vatsvetkova;"
vatsvetkova;Цветкова Виктория Андреевна (Viktoriya Tsvetkova);ccu;d_reestr_oth21_2qbc;SELECT;EDW All CCU;"REVOKE SELECT ON ccu.d_reestr_oth21_2qbc FROM vatsvetkova;"
vatsvetkova;Цветкова Виктория Андреевна (Viktoriya Tsvetkova);ccu;d_reestr_oth21_2qbc;UPDATE;EDW All CCU;"REVOKE UPDATE ON ccu.d_reestr_oth21_2qbc FROM vatsvetkova;"
vatsvetkova;Цветкова Виктория Андреевна (Viktoriya Tsvetkova);ccu;d_reestr_oth21_2qbc;DELETE;EDW All CCU;"REVOKE DELETE ON ccu.d_reestr_oth21_2qbc FROM vatsvetkova;"
vatsvetkova;Цветкова Виктория Андреевна (Viktoriya Tsvetkova);ccu;d_reestr_oth21_2qbc;TRUNCATE;EDW All CCU;"REVOKE TRUNCATE ON ccu.d_reestr_oth21_2qbc FROM vatsvetkova;"
vatsvetkova;Цветкова Виктория Андреевна (Viktoriya Tsvetkova);ccu;d_reestr_oth21_2qbc;REFERENCES;EDW All CCU;"REVOKE REFERENCES ON ccu.d_reestr_oth21_2qbc FROM vatsvetkova;"
vatsvetkova;Цветкова Виктория Андреевна (Viktoriya Tsvetkova);ccu;d_reestr_oth21_2qbc;TRIGGER;EDW All CCU;"REVOKE TRIGGER ON ccu.d_reestr_oth21_2qbc FROM vatsvetkova;"
vatsvetkova;Цветкова Виктория Андреевна (Viktoriya Tsvetkova);ccu;d_sms_ipoteka_last_18_01;INSERT;EDW All CCU;"REVOKE INSERT ON ccu.d_sms_ipoteka_last_18_01 FROM vatsvetkova;"
vatsvetkova;Цветкова Виктория Андреевна (Viktoriya Tsvetkova);ccu;d_sms_ipoteka_last_18_01;SELECT;EDW All CCU;"REVOKE SELECT ON ccu.d_sms_ipoteka_last_18_01 FROM vatsvetkova;"
vatsvetkova;Цветкова Виктория Андреевна (Viktoriya Tsvetkova);ccu;d_sms_ipoteka_last_18_01;UPDATE;EDW All CCU;"REVOKE UPDATE ON ccu.d_sms_ipoteka_last_18_01 FROM vatsvetkova;"
vatsvetkova;Цветкова Виктория Андреевна (Viktoriya Tsvetkova);ccu;d_sms_ipoteka_last_18_01;DELETE;EDW All CCU;"REVOKE DELETE ON ccu.d_sms_ipoteka_last_18_01 FROM vatsvetkova;"
vatsvetkova;Цветкова Виктория Андреевна (Viktoriya Tsvetkova);ccu;d_sms_ipoteka_last_18_01;TRUNCATE;EDW All CCU;"REVOKE TRUNCATE ON ccu.d_sms_ipoteka_last_18_01 FROM vatsvetkova;"
vatsvetkova;Цветкова Виктория Андреевна (Viktoriya Tsvetkova);ccu;d_sms_ipoteka_last_18_01;REFERENCES;EDW All CCU;"REVOKE REFERENCES ON ccu.d_sms_ipoteka_last_18_01 FROM vatsvetkova;"
vatsvetkova;Цветкова Виктория Андреевна (Viktoriya Tsvetkova);ccu;d_sms_ipoteka_last_18_01;TRIGGER;EDW All CCU;"REVOKE TRIGGER ON ccu.d_sms_ipoteka_last_18_01 FROM vatsvetkova;"
vatsvetkova;Цветкова Виктория Андреевна (Viktoriya Tsvetkova);ccu;d_sms_ipoteka_last_15_01;INSERT;EDW All CCU;"REVOKE INSERT ON ccu.d_sms_ipoteka_last_15_01 FROM vatsvetkova;"
vatsvetkova;Цветкова Виктория Андреевна (Viktoriya Tsvetkova);ccu;d_sms_ipoteka_last_15_01;SELECT;EDW All CCU;"REVOKE SELECT ON ccu.d_sms_ipoteka_last_15_01 FROM vatsvetkova;"
vatsvetkova;Цветкова Виктория Андреевна (Viktoriya Tsvetkova);ccu;d_sms_ipoteka_last_15_01;UPDATE;EDW All CCU;"REVOKE UPDATE ON ccu.d_sms_ipoteka_last_15_01 FROM vatsvetkova;"
vatsvetkova;Цветкова Виктория Андреевна (Viktoriya Tsvetkova);ccu;d_sms_ipoteka_last_15_01;DELETE;EDW All CCU;"REVOKE DELETE ON ccu.d_sms_ipoteka_last_15_01 FROM vatsvetkova;"
vatsvetkova;Цветкова Виктория Андреевна (Viktoriya Tsvetkova);ccu;d_sms_ipoteka_last_15_01;TRUNCATE;EDW All CCU;"REVOKE TRUNCATE ON ccu.d_sms_ipoteka_last_15_01 FROM vatsvetkova;"
vatsvetkova;Цветкова Виктория Андреевна (Viktoriya Tsvetkova);ccu;d_sms_ipoteka_last_15_01;REFERENCES;EDW All CCU;"REVOKE REFERENCES ON ccu.d_sms_ipoteka_last_15_01 FROM vatsvetkova;"
vatsvetkova;Цветкова Виктория Андреевна (Viktoriya Tsvetkova);ccu;d_sms_ipoteka_last_15_01;TRIGGER;EDW All CCU;"REVOKE TRIGGER ON ccu.d_sms_ipoteka_last_15_01 FROM vatsvetkova;"
aafedorov;Федоров Алексей Анатольевич (Aleksey Fedorov);cdm_analysis_out;ofr_plan_osp;SELECT;EDW Read Cdm Analysis Out;"REVOKE SELECT ON cdm_analysis_out.ofr_plan_osp FROM aafedorov;"
yvvorobev;Воробьев Юрий Владимирович (Yury Vorobev);cdm;pr_claim_incr;SELECT;EDW All CDM;"REVOKE SELECT ON cdm.pr_claim_incr FROM yvvorobev;"
yvvorobev;Воробьев Юрий Владимирович (Yury Vorobev);cdm;dm_realty_realty;SELECT;EDW All CDM;"REVOKE SELECT ON cdm.dm_realty_realty FROM yvvorobev;"
yvvorobev;Воробьев Юрий Владимирович (Yury Vorobev);cdm;dm_corp_contract;SELECT;EDW All CDM;"REVOKE SELECT ON cdm.dm_corp_contract FROM yvvorobev;"
qlik_ad;qlik_ad;cdm_analysis;dc22_tb_v221002_show;SELECT;EDW Read Cdm Analysis;"REVOKE SELECT ON cdm_analysis.dc22_tb_v221002_show FROM qlik_ad;"
yvvorobev;Воробьев Юрий Владимирович (Yury Vorobev);cdm;dm_corp_object;SELECT;EDW All CDM;"REVOKE SELECT ON cdm.dm_corp_object FROM yvvorobev;"
aefilkin;Филькин Александр Евгеньевич (Aleksandr Filkin);cdm_analysis;debt_agent_gw_tst;SELECT;EDW Read Cdm Analysis;"REVOKE SELECT ON cdm_analysis.debt_agent_gw_tst FROM aefilkin;"
aefilkin;Филькин Александр Евгеньевич (Aleksandr Filkin);cdm_analysis;debt_client_by_core1;SELECT;EDW Read Cdm Analysis;"REVOKE SELECT ON cdm_analysis.debt_client_by_core1 FROM aefilkin;"
vatsvetkova;Цветкова Виктория Андреевна (Viktoriya Tsvetkova);dwh_settings;etl_contract_my;INSERT;EDW All Dwh settings;"REVOKE INSERT ON dwh_settings.etl_contract_my FROM vatsvetkova;"
vatsvetkova;Цветкова Виктория Андреевна (Viktoriya Tsvetkova);dwh_settings;etl_contract_my;SELECT;EDW All Dwh settings;"REVOKE SELECT ON dwh_settings.etl_contract_my FROM vatsvetkova;"
vatsvetkova;Цветкова Виктория Андреевна (Viktoriya Tsvetkova);dwh_settings;etl_contract_my;UPDATE;EDW All Dwh settings;"REVOKE UPDATE ON dwh_settings.etl_contract_my FROM vatsvetkova;"
vatsvetkova;Цветкова Виктория Андреевна (Viktoriya Tsvetkova);dwh_settings;etl_contract_my;DELETE;EDW All Dwh settings;"REVOKE DELETE ON dwh_settings.etl_contract_my FROM vatsvetkova;"
vatsvetkova;Цветкова Виктория Андреевна (Viktoriya Tsvetkova);dwh_settings;etl_contract_my;TRUNCATE;EDW All Dwh settings;"REVOKE TRUNCATE ON dwh_settings.etl_contract_my FROM vatsvetkova;"
vatsvetkova;Цветкова Виктория Андреевна (Viktoriya Tsvetkova);dwh_settings;etl_contract_my;REFERENCES;EDW All Dwh settings;"REVOKE REFERENCES ON dwh_settings.etl_contract_my FROM vatsvetkova;"
vatsvetkova;Цветкова Виктория Андреевна (Viktoriya Tsvetkova);dwh_settings;etl_contract_my;TRIGGER;EDW All Dwh settings;"REVOKE TRIGGER ON dwh_settings.etl_contract_my FROM vatsvetkova;"
alvreus;Реус Александр Валерьевич (Aleksandr Reus);dwh_settings;etl_contract_my;INSERT;EDW All Dwh settings;"REVOKE INSERT ON dwh_settings.etl_contract_my FROM alvreus;"
alvreus;Реус Александр Валерьевич (Aleksandr Reus);dwh_settings;etl_contract_my;SELECT;EDW All Dwh settings;"REVOKE SELECT ON dwh_settings.etl_contract_my FROM alvreus;"
alvreus;Реус Александр Валерьевич (Aleksandr Reus);dwh_settings;etl_contract_my;UPDATE;EDW All Dwh settings;"REVOKE UPDATE ON dwh_settings.etl_contract_my FROM alvreus;"
alvreus;Реус Александр Валерьевич (Aleksandr Reus);dwh_settings;etl_contract_my;DELETE;EDW All Dwh settings;"REVOKE DELETE ON dwh_settings.etl_contract_my FROM alvreus;"
alvreus;Реус Александр Валерьевич (Aleksandr Reus);dwh_settings;etl_contract_my;TRUNCATE;EDW All Dwh settings;"REVOKE TRUNCATE ON dwh_settings.etl_contract_my FROM alvreus;"
alvreus;Реус Александр Валерьевич (Aleksandr Reus);dwh_settings;etl_contract_my;REFERENCES;EDW All Dwh settings;"REVOKE REFERENCES ON dwh_settings.etl_contract_my FROM alvreus;"
alvreus;Реус Александр Валерьевич (Aleksandr Reus);dwh_settings;etl_contract_my;TRIGGER;EDW All Dwh settings;"REVOKE TRIGGER ON dwh_settings.etl_contract_my FROM alvreus;"
mpmashin;Машин Максим Павлович (Maksim Mashin);dwh_settings;etl_contract_my;INSERT;EDW All Dwh settings;"REVOKE INSERT ON dwh_settings.etl_contract_my FROM mpmashin;"
mpmashin;Машин Максим Павлович (Maksim Mashin);dwh_settings;etl_contract_my;SELECT;EDW All Dwh settings;"REVOKE SELECT ON dwh_settings.etl_contract_my FROM mpmashin;"
mpmashin;Машин Максим Павлович (Maksim Mashin);dwh_settings;etl_contract_my;UPDATE;EDW All Dwh settings;"REVOKE UPDATE ON dwh_settings.etl_contract_my FROM mpmashin;"
mpmashin;Машин Максим Павлович (Maksim Mashin);dwh_settings;etl_contract_my;DELETE;EDW All Dwh settings;"REVOKE DELETE ON dwh_settings.etl_contract_my FROM mpmashin;"
mpmashin;Машин Максим Павлович (Maksim Mashin);dwh_settings;etl_contract_my;TRUNCATE;EDW All Dwh settings;"REVOKE TRUNCATE ON dwh_settings.etl_contract_my FROM mpmashin;"
mpmashin;Машин Максим Павлович (Maksim Mashin);dwh_settings;etl_contract_my;REFERENCES;EDW All Dwh settings;"REVOKE REFERENCES ON dwh_settings.etl_contract_my FROM mpmashin;"
mpmashin;Машин Максим Павлович (Maksim Mashin);dwh_settings;etl_contract_my;TRIGGER;EDW All Dwh settings;"REVOKE TRIGGER ON dwh_settings.etl_contract_my FROM mpmashin;"
report;Сервер отчетов;cdm_analysis;dict_region_name_okato;INSERT;EDW All Cdm Analysis;"REVOKE INSERT ON cdm_analysis.dict_region_name_okato FROM report;"
report;Сервер отчетов;cdm_analysis;dict_region_name_okato;SELECT;EDW All Cdm Analysis;"REVOKE SELECT ON cdm_analysis.dict_region_name_okato FROM report;"
report;Сервер отчетов;cdm_analysis;dict_region_name_okato;TRUNCATE;EDW All Cdm Analysis;"REVOKE TRUNCATE ON cdm_analysis.dict_region_name_okato FROM report;"
report;Сервер отчетов;cdm_analysis;dict_reject_reason_nsa;INSERT;EDW All Cdm Analysis;"REVOKE INSERT ON cdm_analysis.dict_reject_reason_nsa FROM report;"
report;Сервер отчетов;cdm_analysis;dict_reject_reason_nsa;SELECT;EDW All Cdm Analysis;"REVOKE SELECT ON cdm_analysis.dict_reject_reason_nsa FROM report;"
report;Сервер отчетов;cdm_analysis;dict_reject_reason_nsa;TRUNCATE;EDW All Cdm Analysis;"REVOKE TRUNCATE ON cdm_analysis.dict_reject_reason_nsa FROM report;"
yvvorobev;Воробьев Юрий Владимирович (Yury Vorobev);cdm_analysis;dm_m5kbm_contract_agg_koshman_data_2231;SELECT;EDW All Cdm Analysis;"REVOKE SELECT ON cdm_analysis.dm_m5kbm_contract_agg_koshman_data_2231 FROM yvvorobev;"
yvvorobev;Воробьев Юрий Владимирович (Yury Vorobev);cdm_analysis;dm_m5kbm_contract_agg_koshman_data_2231_copy_prod;SELECT;EDW All Cdm Analysis;"REVOKE SELECT ON cdm_analysis.dm_m5kbm_contract_agg_koshman_data_2231_copy_prod FROM yvvorobev;"
yvvorobev;Воробьев Юрий Владимирович (Yury Vorobev);cdm_analysis;dm_m5kbm_contract_dop_koshman_data_2231;SELECT;EDW All Cdm Analysis;"REVOKE SELECT ON cdm_analysis.dm_m5kbm_contract_dop_koshman_data_2231 FROM yvvorobev;"
yvvorobev;Воробьев Юрий Владимирович (Yury Vorobev);cdm;dm_osago_contr_base;SELECT;EDW All CDM;"REVOKE SELECT ON cdm.dm_osago_contr_base FROM yvvorobev;"
gmindrupskaya;Индрупская Галина Михайловна (Galina Indrupskaya);cdm_analysis;dop_2_22_20221231;SELECT;EDW Read Cdm Analysis;"REVOKE SELECT ON cdm_analysis.dop_2_22_20221231 FROM gmindrupskaya;"
avchaplygina;Чаплыгина Алена Владимировна (Alena Chaplygina);cdm_analysis;dop_2_22_20221231;SELECT;EDW Read Cdm Analysis;"REVOKE SELECT ON cdm_analysis.dop_2_22_20221231 FROM avchaplygina;"
tvbozhenkova;Боженкова Татьяна Владимировна (Tatyana Bozhenkova);cdm_analysis;dop_2_22_20221231;SELECT;EDW Read Cdm Analysis;"REVOKE SELECT ON cdm_analysis.dop_2_22_20221231 FROM tvbozhenkova;"
avyurin;Юрин Андрей Викторович (Andrey Yurin);cdm_analysis;dop_2_22_20221231;SELECT;EDW Read Cdm Analysis;"REVOKE SELECT ON cdm_analysis.dop_2_22_20221231 FROM avyurin;"
qs_economic;QS_Economic;cdm_analysis;dop_2_22_20221231;SELECT;EDW Read Cdm Analysis;"REVOKE SELECT ON cdm_analysis.dop_2_22_20221231 FROM qs_economic;"
mpmashin;Машин Максим Павлович (Maksim Mashin);property;gdi_tmp_corp_not_in_dmcorp2;INSERT;EDW All Property;"REVOKE INSERT ON property.gdi_tmp_corp_not_in_dmcorp2 FROM mpmashin;"
mpmashin;Машин Максим Павлович (Maksim Mashin);property;gdi_tmp_corp_not_in_dmcorp2;SELECT;EDW All Property;"REVOKE SELECT ON property.gdi_tmp_corp_not_in_dmcorp2 FROM mpmashin;"
mpmashin;Машин Максим Павлович (Maksim Mashin);property;gdi_tmp_corp_not_in_dmcorp2;UPDATE;EDW All Property;"REVOKE UPDATE ON property.gdi_tmp_corp_not_in_dmcorp2 FROM mpmashin;"
mpmashin;Машин Максим Павлович (Maksim Mashin);property;gdi_tmp_corp_not_in_dmcorp2;DELETE;EDW All Property;"REVOKE DELETE ON property.gdi_tmp_corp_not_in_dmcorp2 FROM mpmashin;"
mpmashin;Машин Максим Павлович (Maksim Mashin);property;gdi_tmp_corp_not_in_dmcorp2;TRUNCATE;EDW All Property;"REVOKE TRUNCATE ON property.gdi_tmp_corp_not_in_dmcorp2 FROM mpmashin;"
mpmashin;Машин Максим Павлович (Maksim Mashin);property;gdi_tmp_corp_not_in_dmcorp2;REFERENCES;EDW All Property;"REVOKE REFERENCES ON property.gdi_tmp_corp_not_in_dmcorp2 FROM mpmashin;"
mpmashin;Машин Максим Павлович (Maksim Mashin);property;gdi_tmp_corp_not_in_dmcorp2;TRIGGER;EDW All Property;"REVOKE TRIGGER ON property.gdi_tmp_corp_not_in_dmcorp2 FROM mpmashin;"
taalandreeva;Андреева Татьяна Александровна (Tatyana Andreeva);cdm_analysis_out;rep_guru_suits_weekly;SELECT;EDW Read Cdm Analysis Out;"REVOKE SELECT ON cdm_analysis_out.rep_guru_suits_weekly FROM taalandreeva;"
ekorotkih;Коротких Екатерина Александровна (Ekaterina Korotkikh);cdm_analysis_out;rep_guru_suits_weekly;SELECT;EDW Read Cdm Analysis Out;"REVOKE SELECT ON cdm_analysis_out.rep_guru_suits_weekly FROM ekorotkih;"
aarozhnov;Рожнов Андрей Алексеевич (Andrey Rozhnov);cdm_analysis_out;rep_guru_suits_weekly;SELECT;EDW Read Cdm Analysis Out;"REVOKE SELECT ON cdm_analysis_out.rep_guru_suits_weekly FROM aarozhnov;"
asergeev;Сергеев Артем Александрович (Artem Sergeev);cdm_analysis_out;rep_guru_suits_weekly;SELECT;EDW Read Cdm Analysis Out;"REVOKE SELECT ON cdm_analysis_out.rep_guru_suits_weekly FROM asergeev;"
gmindrupskaya;Индрупская Галина Михайловна (Galina Indrupskaya);cdm_analysis_out;rep_guru_suits_weekly;SELECT;EDW Read Cdm Analysis Out;"REVOKE SELECT ON cdm_analysis_out.rep_guru_suits_weekly FROM gmindrupskaya;"
mskazakov;Казаков Максим Сергеевич (Maksim Kazakov);cdm_analysis_out;rep_guru_suits_weekly;SELECT;EDW Read Cdm Analysis Out;"REVOKE SELECT ON cdm_analysis_out.rep_guru_suits_weekly FROM mskazakov;"
oakalyagina;Калягина Олеся Александровна (Olesya Kalyagina);cdm_analysis_out;rep_guru_suits_weekly;SELECT;EDW Read Cdm Analysis Out;"REVOKE SELECT ON cdm_analysis_out.rep_guru_suits_weekly FROM oakalyagina;"
avchaplygina;Чаплыгина Алена Владимировна (Alena Chaplygina);cdm_analysis_out;rep_guru_suits_weekly;SELECT;EDW Read Cdm Analysis Out;"REVOKE SELECT ON cdm_analysis_out.rep_guru_suits_weekly FROM avchaplygina;"
tvbozhenkova;Боженкова Татьяна Владимировна (Tatyana Bozhenkova);cdm_analysis_out;rep_guru_suits_weekly;SELECT;EDW Read Cdm Analysis Out;"REVOKE SELECT ON cdm_analysis_out.rep_guru_suits_weekly FROM tvbozhenkova;"
avyurin;Юрин Андрей Викторович (Andrey Yurin);cdm_analysis_out;rep_guru_suits_weekly;SELECT;EDW Read Cdm Analysis Out;"REVOKE SELECT ON cdm_analysis_out.rep_guru_suits_weekly FROM avyurin;"
qs_economic;QS_Economic;cdm_analysis_out;rep_guru_suits_weekly;SELECT;EDW Read Cdm Analysis Out;"REVOKE SELECT ON cdm_analysis_out.rep_guru_suits_weekly FROM qs_economic;"
yvvorobev;Воробьев Юрий Владимирович (Yury Vorobev);cdm;dm_kasko_contr_base;SELECT;EDW All CDM;"REVOKE SELECT ON cdm.dm_kasko_contr_base FROM yvvorobev;"
yvvorobev;Воробьев Юрий Владимирович (Yury Vorobev);cdm;dm_kasko_counterparty;SELECT;EDW All CDM;"REVOKE SELECT ON cdm.dm_kasko_counterparty FROM yvvorobev;"
aatokolova;Токолова Алина Александровна (Alina Tokolova);cdm_analysis_out;dvs_quotessearch_rgs_list;SELECT;EDW Read Cdm Analysis Out;"REVOKE SELECT ON cdm_analysis_out.dvs_quotessearch_rgs_list FROM aatokolova;"
aozhigalov;Жигалов Артур Олегович (Artur Zhigalov);cdm_analysis_out;dvs_quotessearch_rgs_list;SELECT;EDW Read Cdm Analysis Out;"REVOKE SELECT ON cdm_analysis_out.dvs_quotessearch_rgs_list FROM aozhigalov;"
rdayzatulin;Айзатулин Ринат Дамирович (Rinat Ayzatulin);cdm_analysis_out;dvs_quotessearch_rgs_list;SELECT;EDW Read Cdm Analysis Out;"REVOKE SELECT ON cdm_analysis_out.dvs_quotessearch_rgs_list FROM rdayzatulin;"
asfesenko;Фесенко Александр Сергеевич (Aleksandr Fesenko);cdm_analysis_out;dvs_quotessearch_rgs_list;SELECT;EDW Read Cdm Analysis Out;"REVOKE SELECT ON cdm_analysis_out.dvs_quotessearch_rgs_list FROM asfesenko;"
digarifulin;Гарифулин Дмитрий Исмагильевич (Dmitriy Garifulin);cdm_analysis_out;dvs_quotessearch_rgs_list;SELECT;EDW Read Cdm Analysis Out;"REVOKE SELECT ON cdm_analysis_out.dvs_quotessearch_rgs_list FROM digarifulin;"
yvvorobev;Воробьев Юрий Владимирович (Yury Vorobev);cdm_analysis_out;dvs_quotessearch_rgs_list;SELECT;EDW Read Cdm Analysis Out;"REVOKE SELECT ON cdm_analysis_out.dvs_quotessearch_rgs_list FROM yvvorobev;"
akavdeev;Авдеев Андрей Кириллович (Andrey Avdeev);cdm_analysis_out;dvs_quotessearch_rgs_list;SELECT;EDW Read Cdm Analysis Out;"REVOKE SELECT ON cdm_analysis_out.dvs_quotessearch_rgs_list FROM akavdeev;"
gmvargaftik;Варгафтик Григорий Михайлович (Grigoriy Vargaftik);cdm_analysis_out;dvs_quotessearch_rgs_list;SELECT;EDW Read Cdm Analysis Out;"REVOKE SELECT ON cdm_analysis_out.dvs_quotessearch_rgs_list FROM gmvargaftik;"
avdombrovskiy;Домбровский Александр Владимирович (Aleksandr Dombrovskiy);cdm_analysis_out;dvs_quotessearch_rgs_list;SELECT;EDW Read Cdm Analysis Out;"REVOKE SELECT ON cdm_analysis_out.dvs_quotessearch_rgs_list FROM avdombrovskiy;"
aatokolova;Токолова Алина Александровна (Alina Tokolova);cdm_analysis_out;dvs_quotessearch_address;SELECT;EDW Read Cdm Analysis Out;"REVOKE SELECT ON cdm_analysis_out.dvs_quotessearch_address FROM aatokolova;"
aozhigalov;Жигалов Артур Олегович (Artur Zhigalov);cdm_analysis_out;dvs_quotessearch_address;SELECT;EDW Read Cdm Analysis Out;"REVOKE SELECT ON cdm_analysis_out.dvs_quotessearch_address FROM aozhigalov;"
rdayzatulin;Айзатулин Ринат Дамирович (Rinat Ayzatulin);cdm_analysis_out;dvs_quotessearch_address;SELECT;EDW Read Cdm Analysis Out;"REVOKE SELECT ON cdm_analysis_out.dvs_quotessearch_address FROM rdayzatulin;"
asfesenko;Фесенко Александр Сергеевич (Aleksandr Fesenko);cdm_analysis_out;dvs_quotessearch_address;SELECT;EDW Read Cdm Analysis Out;"REVOKE SELECT ON cdm_analysis_out.dvs_quotessearch_address FROM asfesenko;"
digarifulin;Гарифулин Дмитрий Исмагильевич (Dmitriy Garifulin);cdm_analysis_out;dvs_quotessearch_address;SELECT;EDW Read Cdm Analysis Out;"REVOKE SELECT ON cdm_analysis_out.dvs_quotessearch_address FROM digarifulin;"
yvvorobev;Воробьев Юрий Владимирович (Yury Vorobev);cdm_analysis_out;dvs_quotessearch_address;SELECT;EDW Read Cdm Analysis Out;"REVOKE SELECT ON cdm_analysis_out.dvs_quotessearch_address FROM yvvorobev;"
akavdeev;Авдеев Андрей Кириллович (Andrey Avdeev);cdm_analysis_out;dvs_quotessearch_address;SELECT;EDW Read Cdm Analysis Out;"REVOKE SELECT ON cdm_analysis_out.dvs_quotessearch_address FROM akavdeev;"
gmvargaftik;Варгафтик Григорий Михайлович (Grigoriy Vargaftik);cdm_analysis_out;dvs_quotessearch_address;SELECT;EDW Read Cdm Analysis Out;"REVOKE SELECT ON cdm_analysis_out.dvs_quotessearch_address FROM gmvargaftik;"
avdombrovskiy;Домбровский Александр Владимирович (Aleksandr Dombrovskiy);cdm_analysis_out;dvs_quotessearch_address;SELECT;EDW Read Cdm Analysis Out;"REVOKE SELECT ON cdm_analysis_out.dvs_quotessearch_address FROM avdombrovskiy;"
gmindrupskaya;Индрупская Галина Михайловна (Galina Indrupskaya);cdm_analysis;dwh_salvage_material_tst;SELECT;EDW Read Cdm Analysis;"REVOKE SELECT ON cdm_analysis.dwh_salvage_material_tst FROM gmindrupskaya;"
ayzhukova;Жукова Анастасия Юрьевна (Anastasiya Zhukova);cdm_analysis;dwh_salvage_material_tst;SELECT;EDW Read Cdm Analysis;"REVOKE SELECT ON cdm_analysis.dwh_salvage_material_tst FROM ayzhukova;"
teabel;Абель Татьяна Евгеньевна (Tatyana Abel);cdm_analysis;dwh_salvage_material_tst;SELECT;EDW Read Cdm Analysis;"REVOKE SELECT ON cdm_analysis.dwh_salvage_material_tst FROM teabel;"
ekorotkih;Коротких Екатерина Александровна (Ekaterina Korotkikh);cdm_analysis;dwh_salvage_material_tst;SELECT;EDW Read Cdm Analysis;"REVOKE SELECT ON cdm_analysis.dwh_salvage_material_tst FROM ekorotkih;"
aarozhnov;Рожнов Андрей Алексеевич (Andrey Rozhnov);cdm_analysis;dwh_salvage_material_tst;SELECT;EDW Read Cdm Analysis;"REVOKE SELECT ON cdm_analysis.dwh_salvage_material_tst FROM aarozhnov;"
asergeev;Сергеев Артем Александрович (Artem Sergeev);cdm_analysis;dwh_salvage_material_tst;SELECT;EDW Read Cdm Analysis;"REVOKE SELECT ON cdm_analysis.dwh_salvage_material_tst FROM asergeev;"
ogbykova;Быкова Ольга Геннадьевна (Olga Bykova);cdm_analysis;dwh_salvage_material_tst;SELECT;EDW Read Cdm Analysis;"REVOKE SELECT ON cdm_analysis.dwh_salvage_material_tst FROM ogbykova;"
mskazakov;Казаков Максим Сергеевич (Maksim Kazakov);cdm_analysis;dwh_salvage_material_tst;SELECT;EDW Read Cdm Analysis;"REVOKE SELECT ON cdm_analysis.dwh_salvage_material_tst FROM mskazakov;"
oakalyagina;Калягина Олеся Александровна (Olesya Kalyagina);cdm_analysis;dwh_salvage_material_tst;SELECT;EDW Read Cdm Analysis;"REVOKE SELECT ON cdm_analysis.dwh_salvage_material_tst FROM oakalyagina;"
tksolomina;Соломина Татьяна Константиновна (Tatyana Solomina);cdm_analysis;dwh_salvage_material_tst;SELECT;EDW Read Cdm Analysis;"REVOKE SELECT ON cdm_analysis.dwh_salvage_material_tst FROM tksolomina;"
avchaplygina;Чаплыгина Алена Владимировна (Alena Chaplygina);cdm_analysis;dwh_salvage_material_tst;SELECT;EDW Read Cdm Analysis;"REVOKE SELECT ON cdm_analysis.dwh_salvage_material_tst FROM avchaplygina;"
avyurin;Юрин Андрей Викторович (Andrey Yurin);cdm_analysis;commission_sap_errors20220329;SELECT;EDW Read Cdm Analysis;"REVOKE SELECT ON cdm_analysis.commission_sap_errors20220329 FROM avyurin;"
avchaplygina;Чаплыгина Алена Владимировна (Alena Chaplygina);cdm_analysis;dwhiv1302_dwh_kias_daily;SELECT;EDW Read Cdm Analysis;"REVOKE SELECT ON cdm_analysis.dwhiv1302_dwh_kias_daily FROM avchaplygina;"
tvbozhenkova;Боженкова Татьяна Владимировна (Tatyana Bozhenkova);cdm_analysis;dwhiv1302_dwh_kias_daily;SELECT;EDW Read Cdm Analysis;"REVOKE SELECT ON cdm_analysis.dwhiv1302_dwh_kias_daily FROM tvbozhenkova;"
gmindrupskaya;Индрупская Галина Михайловна (Galina Indrupskaya);cdm_analysis;dz_cbrf_monthly;SELECT;EDW Read Cdm Analysis;"REVOKE SELECT ON cdm_analysis.dz_cbrf_monthly FROM gmindrupskaya;"
aefilkin;Филькин Александр Евгеньевич (Aleksandr Filkin);cdm_analysis;dz_cbrf_monthly;SELECT;EDW Read Cdm Analysis;"REVOKE SELECT ON cdm_analysis.dz_cbrf_monthly FROM aefilkin;"
aefilkin;Филькин Александр Евгеньевич (Aleksandr Filkin);cdm_analysis;dz_cbrf_monthly_0522;SELECT;EDW Read Cdm Analysis;"REVOKE SELECT ON cdm_analysis.dz_cbrf_monthly_0522 FROM aefilkin;"
aefilkin;Филькин Александр Евгеньевич (Aleksandr Filkin);cdm_analysis;dzagentbroker_writeoff_conid;SELECT;EDW Read Cdm Analysis;"REVOKE SELECT ON cdm_analysis.dzagentbroker_writeoff_conid FROM aefilkin;"
avchaplygina;Чаплыгина Алена Владимировна (Alena Chaplygina);cdm_analysis;dzstrahovatelperesrahovatel_dwh_202112;SELECT;EDW Read Cdm Analysis;"REVOKE SELECT ON cdm_analysis.dzstrahovatelperesrahovatel_dwh_202112 FROM avchaplygina;"
gmindrupskaya;Индрупская Галина Михайловна (Galina Indrupskaya);cdm_analysis_out;paid_return;SELECT;EDW Read Cdm Analysis Out;"REVOKE SELECT ON cdm_analysis_out.paid_return FROM gmindrupskaya;"
ekorotkih;Коротких Екатерина Александровна (Ekaterina Korotkikh);cdm_analysis_out;paid_return;SELECT;EDW Read Cdm Analysis Out;"REVOKE SELECT ON cdm_analysis_out.paid_return FROM ekorotkih;"
asergeev;Сергеев Артем Александрович (Artem Sergeev);cdm_analysis_out;paid_return;SELECT;EDW Read Cdm Analysis Out;"REVOKE SELECT ON cdm_analysis_out.paid_return FROM asergeev;"
ayzhukova;Жукова Анастасия Юрьевна (Anastasiya Zhukova);cdm_analysis_out;paid_return;SELECT;EDW Read Cdm Analysis Out;"REVOKE SELECT ON cdm_analysis_out.paid_return FROM ayzhukova;"
aarozhnov;Рожнов Андрей Алексеевич (Andrey Rozhnov);cdm_analysis_out;paid_return;SELECT;EDW Read Cdm Analysis Out;"REVOKE SELECT ON cdm_analysis_out.paid_return FROM aarozhnov;"
ogbykova;Быкова Ольга Геннадьевна (Olga Bykova);cdm_analysis_out;paid_return;SELECT;EDW Read Cdm Analysis Out;"REVOKE SELECT ON cdm_analysis_out.paid_return FROM ogbykova;"
mskazakov;Казаков Максим Сергеевич (Maksim Kazakov);cdm_analysis_out;paid_return;SELECT;EDW Read Cdm Analysis Out;"REVOKE SELECT ON cdm_analysis_out.paid_return FROM mskazakov;"
mpmashin;Машин Максим Павлович (Maksim Mashin);property;gdi_tmp_kasko_not_in_dmkasko2;INSERT;EDW All Property;"REVOKE INSERT ON property.gdi_tmp_kasko_not_in_dmkasko2 FROM mpmashin;"
mpmashin;Машин Максим Павлович (Maksim Mashin);property;gdi_tmp_kasko_not_in_dmkasko2;SELECT;EDW All Property;"REVOKE SELECT ON property.gdi_tmp_kasko_not_in_dmkasko2 FROM mpmashin;"
mpmashin;Машин Максим Павлович (Maksim Mashin);property;gdi_tmp_kasko_not_in_dmkasko2;UPDATE;EDW All Property;"REVOKE UPDATE ON property.gdi_tmp_kasko_not_in_dmkasko2 FROM mpmashin;"
mpmashin;Машин Максим Павлович (Maksim Mashin);property;gdi_tmp_kasko_not_in_dmkasko2;DELETE;EDW All Property;"REVOKE DELETE ON property.gdi_tmp_kasko_not_in_dmkasko2 FROM mpmashin;"
mpmashin;Машин Максим Павлович (Maksim Mashin);property;gdi_tmp_kasko_not_in_dmkasko2;TRUNCATE;EDW All Property;"REVOKE TRUNCATE ON property.gdi_tmp_kasko_not_in_dmkasko2 FROM mpmashin;"
mpmashin;Машин Максим Павлович (Maksim Mashin);property;gdi_tmp_kasko_not_in_dmkasko2;REFERENCES;EDW All Property;"REVOKE REFERENCES ON property.gdi_tmp_kasko_not_in_dmkasko2 FROM mpmashin;"
mpmashin;Машин Максим Павлович (Maksim Mashin);property;gdi_tmp_kasko_not_in_dmkasko2;TRIGGER;EDW All Property;"REVOKE TRIGGER ON property.gdi_tmp_kasko_not_in_dmkasko2 FROM mpmashin;"
mpmashin;Машин Максим Павлович (Maksim Mashin);property;gdi_tmp_ul_id;INSERT;EDW All Property;"REVOKE INSERT ON property.gdi_tmp_ul_id FROM mpmashin;"
mpmashin;Машин Максим Павлович (Maksim Mashin);property;gdi_tmp_ul_id;SELECT;EDW All Property;"REVOKE SELECT ON property.gdi_tmp_ul_id FROM mpmashin;"
mpmashin;Машин Максим Павлович (Maksim Mashin);property;gdi_tmp_ul_id;UPDATE;EDW All Property;"REVOKE UPDATE ON property.gdi_tmp_ul_id FROM mpmashin;"
mpmashin;Машин Максим Павлович (Maksim Mashin);property;gdi_tmp_ul_id;DELETE;EDW All Property;"REVOKE DELETE ON property.gdi_tmp_ul_id FROM mpmashin;"
mpmashin;Машин Максим Павлович (Maksim Mashin);property;gdi_tmp_ul_id;TRUNCATE;EDW All Property;"REVOKE TRUNCATE ON property.gdi_tmp_ul_id FROM mpmashin;"
mpmashin;Машин Максим Павлович (Maksim Mashin);property;gdi_tmp_ul_id;REFERENCES;EDW All Property;"REVOKE REFERENCES ON property.gdi_tmp_ul_id FROM mpmashin;"
mpmashin;Машин Максим Павлович (Maksim Mashin);property;gdi_tmp_ul_id;TRIGGER;EDW All Property;"REVOKE TRIGGER ON property.gdi_tmp_ul_id FROM mpmashin;"
mpmashin;Машин Максим Павлович (Maksim Mashin);property;gdi_tmp_ul_id2;INSERT;EDW All Property;"REVOKE INSERT ON property.gdi_tmp_ul_id2 FROM mpmashin;"
mpmashin;Машин Максим Павлович (Maksim Mashin);property;gdi_tmp_ul_id2;SELECT;EDW All Property;"REVOKE SELECT ON property.gdi_tmp_ul_id2 FROM mpmashin;"
mpmashin;Машин Максим Павлович (Maksim Mashin);property;gdi_tmp_ul_id2;UPDATE;EDW All Property;"REVOKE UPDATE ON property.gdi_tmp_ul_id2 FROM mpmashin;"
mpmashin;Машин Максим Павлович (Maksim Mashin);property;gdi_tmp_ul_id2;DELETE;EDW All Property;"REVOKE DELETE ON property.gdi_tmp_ul_id2 FROM mpmashin;"
mpmashin;Машин Максим Павлович (Maksim Mashin);property;gdi_tmp_ul_id2;TRUNCATE;EDW All Property;"REVOKE TRUNCATE ON property.gdi_tmp_ul_id2 FROM mpmashin;"
mpmashin;Машин Максим Павлович (Maksim Mashin);property;gdi_tmp_ul_id2;REFERENCES;EDW All Property;"REVOKE REFERENCES ON property.gdi_tmp_ul_id2 FROM mpmashin;"
mpmashin;Машин Максим Павлович (Maksim Mashin);property;gdi_tmp_ul_id2;TRIGGER;EDW All Property;"REVOKE TRIGGER ON property.gdi_tmp_ul_id2 FROM mpmashin;"
gmindrupskaya;Индрупская Галина Михайловна (Galina Indrupskaya);cdm_analysis;ac_kasko_form5;SELECT;EDW Read Cdm Analysis;"REVOKE SELECT ON cdm_analysis.ac_kasko_form5 FROM gmindrupskaya;"
mskazakov;Казаков Максим Сергеевич (Maksim Kazakov);cdm_analysis;ac_kasko_form5;SELECT;EDW Read Cdm Analysis;"REVOKE SELECT ON cdm_analysis.ac_kasko_form5 FROM mskazakov;"
gmindrupskaya;Индрупская Галина Михайловна (Galina Indrupskaya);cdm_analysis;ac_osago_form1;SELECT;EDW Read Cdm Analysis;"REVOKE SELECT ON cdm_analysis.ac_osago_form1 FROM gmindrupskaya;"
mskazakov;Казаков Максим Сергеевич (Maksim Kazakov);cdm_analysis;ac_osago_form1;SELECT;EDW Read Cdm Analysis;"REVOKE SELECT ON cdm_analysis.ac_osago_form1 FROM mskazakov;"
gmindrupskaya;Индрупская Галина Михайловна (Galina Indrupskaya);cdm_analysis;ac_kasko_form6;SELECT;EDW Read Cdm Analysis;"REVOKE SELECT ON cdm_analysis.ac_kasko_form6 FROM gmindrupskaya;"
mskazakov;Казаков Максим Сергеевич (Maksim Kazakov);cdm_analysis;ac_kasko_form6;SELECT;EDW Read Cdm Analysis;"REVOKE SELECT ON cdm_analysis.ac_kasko_form6 FROM mskazakov;"
ayzhukova;Жукова Анастасия Юрьевна (Anastasiya Zhukova);cdm_analysis;rol_for_sum_cost_add_tst;SELECT;EDW Read Cdm Analysis;"REVOKE SELECT ON cdm_analysis.rol_for_sum_cost_add_tst FROM ayzhukova;"
teabel;Абель Татьяна Евгеньевна (Tatyana Abel);cdm_analysis;rol_for_sum_cost_add_tst;SELECT;EDW Read Cdm Analysis;"REVOKE SELECT ON cdm_analysis.rol_for_sum_cost_add_tst FROM teabel;"
ekorotkih;Коротких Екатерина Александровна (Ekaterina Korotkikh);cdm_analysis;rol_for_sum_cost_add_tst;SELECT;EDW Read Cdm Analysis;"REVOKE SELECT ON cdm_analysis.rol_for_sum_cost_add_tst FROM ekorotkih;"
aarozhnov;Рожнов Андрей Алексеевич (Andrey Rozhnov);cdm_analysis;rol_for_sum_cost_add_tst;SELECT;EDW Read Cdm Analysis;"REVOKE SELECT ON cdm_analysis.rol_for_sum_cost_add_tst FROM aarozhnov;"
asergeev;Сергеев Артем Александрович (Artem Sergeev);cdm_analysis;rol_for_sum_cost_add_tst;SELECT;EDW Read Cdm Analysis;"REVOKE SELECT ON cdm_analysis.rol_for_sum_cost_add_tst FROM asergeev;"
ogbykova;Быкова Ольга Геннадьевна (Olga Bykova);cdm_analysis;rol_for_sum_cost_add_tst;SELECT;EDW Read Cdm Analysis;"REVOKE SELECT ON cdm_analysis.rol_for_sum_cost_add_tst FROM ogbykova;"
mskazakov;Казаков Максим Сергеевич (Maksim Kazakov);cdm_analysis;rol_for_sum_cost_add_tst;SELECT;EDW Read Cdm Analysis;"REVOKE SELECT ON cdm_analysis.rol_for_sum_cost_add_tst FROM mskazakov;"
oakalyagina;Калягина Олеся Александровна (Olesya Kalyagina);cdm_analysis;rol_for_sum_cost_add_tst;SELECT;EDW Read Cdm Analysis;"REVOKE SELECT ON cdm_analysis.rol_for_sum_cost_add_tst FROM oakalyagina;"
gmindrupskaya;Индрупская Галина Михайловна (Galina Indrupskaya);cdm_analysis;rol_for_sum_cost_add_tst;SELECT;EDW Read Cdm Analysis;"REVOKE SELECT ON cdm_analysis.rol_for_sum_cost_add_tst FROM gmindrupskaya;"
torekhova;Орехова Татьяна Александровна (Tatyana Orekhova);cdm_analysis;rol_for_sum_cost_add_tst;SELECT;EDW Read Cdm Analysis;"REVOKE SELECT ON cdm_analysis.rol_for_sum_cost_add_tst FROM torekhova;"
tksolomina;Соломина Татьяна Константиновна (Tatyana Solomina);cdm_analysis;rol_for_sum_cost_add_tst;SELECT;EDW Read Cdm Analysis;"REVOKE SELECT ON cdm_analysis.rol_for_sum_cost_add_tst FROM tksolomina;"
aerikova;Ерикова Анастасия Петровна (Anastasiya Erikova);cdm_analysis;rol_for_sum_cost_add_tst;SELECT;EDW Read Cdm Analysis;"REVOKE SELECT ON cdm_analysis.rol_for_sum_cost_add_tst FROM aerikova;"
ayzhukova;Жукова Анастасия Юрьевна (Anastasiya Zhukova);cdm_analysis;rol_for_sum_cost_tst;SELECT;EDW Read Cdm Analysis;"REVOKE SELECT ON cdm_analysis.rol_for_sum_cost_tst FROM ayzhukova;"
teabel;Абель Татьяна Евгеньевна (Tatyana Abel);cdm_analysis;rol_for_sum_cost_tst;SELECT;EDW Read Cdm Analysis;"REVOKE SELECT ON cdm_analysis.rol_for_sum_cost_tst FROM teabel;"
ekorotkih;Коротких Екатерина Александровна (Ekaterina Korotkikh);cdm_analysis;rol_for_sum_cost_tst;SELECT;EDW Read Cdm Analysis;"REVOKE SELECT ON cdm_analysis.rol_for_sum_cost_tst FROM ekorotkih;"
aarozhnov;Рожнов Андрей Алексеевич (Andrey Rozhnov);cdm_analysis;rol_for_sum_cost_tst;SELECT;EDW Read Cdm Analysis;"REVOKE SELECT ON cdm_analysis.rol_for_sum_cost_tst FROM aarozhnov;"
asergeev;Сергеев Артем Александрович (Artem Sergeev);cdm_analysis;rol_for_sum_cost_tst;SELECT;EDW Read Cdm Analysis;"REVOKE SELECT ON cdm_analysis.rol_for_sum_cost_tst FROM asergeev;"
ogbykova;Быкова Ольга Геннадьевна (Olga Bykova);cdm_analysis;rol_for_sum_cost_tst;SELECT;EDW Read Cdm Analysis;"REVOKE SELECT ON cdm_analysis.rol_for_sum_cost_tst FROM ogbykova;"
mskazakov;Казаков Максим Сергеевич (Maksim Kazakov);cdm_analysis;rol_for_sum_cost_tst;SELECT;EDW Read Cdm Analysis;"REVOKE SELECT ON cdm_analysis.rol_for_sum_cost_tst FROM mskazakov;"
oakalyagina;Калягина Олеся Александровна (Olesya Kalyagina);cdm_analysis;rol_for_sum_cost_tst;SELECT;EDW Read Cdm Analysis;"REVOKE SELECT ON cdm_analysis.rol_for_sum_cost_tst FROM oakalyagina;"
gmindrupskaya;Индрупская Галина Михайловна (Galina Indrupskaya);cdm_analysis;rol_for_sum_cost_tst;SELECT;EDW Read Cdm Analysis;"REVOKE SELECT ON cdm_analysis.rol_for_sum_cost_tst FROM gmindrupskaya;"
torekhova;Орехова Татьяна Александровна (Tatyana Orekhova);cdm_analysis;rol_for_sum_cost_tst;SELECT;EDW Read Cdm Analysis;"REVOKE SELECT ON cdm_analysis.rol_for_sum_cost_tst FROM torekhova;"
tksolomina;Соломина Татьяна Константиновна (Tatyana Solomina);cdm_analysis;rol_for_sum_cost_tst;SELECT;EDW Read Cdm Analysis;"REVOKE SELECT ON cdm_analysis.rol_for_sum_cost_tst FROM tksolomina;"
aerikova;Ерикова Анастасия Петровна (Anastasiya Erikova);cdm_analysis;rol_for_sum_cost_tst;SELECT;EDW Read Cdm Analysis;"REVOKE SELECT ON cdm_analysis.rol_for_sum_cost_tst FROM aerikova;"
ayzhukova;Жукова Анастасия Юрьевна (Anastasiya Zhukova);cdm_analysis;rol_for_sum_daily_tst;SELECT;EDW Read Cdm Analysis;"REVOKE SELECT ON cdm_analysis.rol_for_sum_daily_tst FROM ayzhukova;"
teabel;Абель Татьяна Евгеньевна (Tatyana Abel);cdm_analysis;rol_for_sum_daily_tst;SELECT;EDW Read Cdm Analysis;"REVOKE SELECT ON cdm_analysis.rol_for_sum_daily_tst FROM teabel;"
ekorotkih;Коротких Екатерина Александровна (Ekaterina Korotkikh);cdm_analysis;rol_for_sum_daily_tst;SELECT;EDW Read Cdm Analysis;"REVOKE SELECT ON cdm_analysis.rol_for_sum_daily_tst FROM ekorotkih;"
aarozhnov;Рожнов Андрей Алексеевич (Andrey Rozhnov);cdm_analysis;rol_for_sum_daily_tst;SELECT;EDW Read Cdm Analysis;"REVOKE SELECT ON cdm_analysis.rol_for_sum_daily_tst FROM aarozhnov;"
asergeev;Сергеев Артем Александрович (Artem Sergeev);cdm_analysis;rol_for_sum_daily_tst;SELECT;EDW Read Cdm Analysis;"REVOKE SELECT ON cdm_analysis.rol_for_sum_daily_tst FROM asergeev;"
ogbykova;Быкова Ольга Геннадьевна (Olga Bykova);cdm_analysis;rol_for_sum_daily_tst;SELECT;EDW Read Cdm Analysis;"REVOKE SELECT ON cdm_analysis.rol_for_sum_daily_tst FROM ogbykova;"
mskazakov;Казаков Максим Сергеевич (Maksim Kazakov);cdm_analysis;rol_for_sum_daily_tst;SELECT;EDW Read Cdm Analysis;"REVOKE SELECT ON cdm_analysis.rol_for_sum_daily_tst FROM mskazakov;"
oakalyagina;Калягина Олеся Александровна (Olesya Kalyagina);cdm_analysis;rol_for_sum_daily_tst;SELECT;EDW Read Cdm Analysis;"REVOKE SELECT ON cdm_analysis.rol_for_sum_daily_tst FROM oakalyagina;"
gmindrupskaya;Индрупская Галина Михайловна (Galina Indrupskaya);cdm_analysis;rol_for_sum_daily_tst;SELECT;EDW Read Cdm Analysis;"REVOKE SELECT ON cdm_analysis.rol_for_sum_daily_tst FROM gmindrupskaya;"
torekhova;Орехова Татьяна Александровна (Tatyana Orekhova);cdm_analysis;rol_for_sum_daily_tst;SELECT;EDW Read Cdm Analysis;"REVOKE SELECT ON cdm_analysis.rol_for_sum_daily_tst FROM torekhova;"
tksolomina;Соломина Татьяна Константиновна (Tatyana Solomina);cdm_analysis;rol_for_sum_daily_tst;SELECT;EDW Read Cdm Analysis;"REVOKE SELECT ON cdm_analysis.rol_for_sum_daily_tst FROM tksolomina;"
aerikova;Ерикова Анастасия Петровна (Anastasiya Erikova);cdm_analysis;rol_for_sum_daily_tst;SELECT;EDW Read Cdm Analysis;"REVOKE SELECT ON cdm_analysis.rol_for_sum_daily_tst FROM aerikova;"
ayzhukova;Жукова Анастасия Юрьевна (Anastasiya Zhukova);cdm_analysis;rol_for_sum_tst;SELECT;EDW Read Cdm Analysis;"REVOKE SELECT ON cdm_analysis.rol_for_sum_tst FROM ayzhukova;"
teabel;Абель Татьяна Евгеньевна (Tatyana Abel);cdm_analysis;rol_for_sum_tst;SELECT;EDW Read Cdm Analysis;"REVOKE SELECT ON cdm_analysis.rol_for_sum_tst FROM teabel;"
ekorotkih;Коротких Екатерина Александровна (Ekaterina Korotkikh);cdm_analysis;rol_for_sum_tst;SELECT;EDW Read Cdm Analysis;"REVOKE SELECT ON cdm_analysis.rol_for_sum_tst FROM ekorotkih;"
aarozhnov;Рожнов Андрей Алексеевич (Andrey Rozhnov);cdm_analysis;rol_for_sum_tst;SELECT;EDW Read Cdm Analysis;"REVOKE SELECT ON cdm_analysis.rol_for_sum_tst FROM aarozhnov;"
asergeev;Сергеев Артем Александрович (Artem Sergeev);cdm_analysis;rol_for_sum_tst;SELECT;EDW Read Cdm Analysis;"REVOKE SELECT ON cdm_analysis.rol_for_sum_tst FROM asergeev;"
ogbykova;Быкова Ольга Геннадьевна (Olga Bykova);cdm_analysis;rol_for_sum_tst;SELECT;EDW Read Cdm Analysis;"REVOKE SELECT ON cdm_analysis.rol_for_sum_tst FROM ogbykova;"
mskazakov;Казаков Максим Сергеевич (Maksim Kazakov);cdm_analysis;rol_for_sum_tst;SELECT;EDW Read Cdm Analysis;"REVOKE SELECT ON cdm_analysis.rol_for_sum_tst FROM mskazakov;"
oakalyagina;Калягина Олеся Александровна (Olesya Kalyagina);cdm_analysis;rol_for_sum_tst;SELECT;EDW Read Cdm Analysis;"REVOKE SELECT ON cdm_analysis.rol_for_sum_tst FROM oakalyagina;"
gmindrupskaya;Индрупская Галина Михайловна (Galina Indrupskaya);cdm_analysis;rol_for_sum_tst;SELECT;EDW Read Cdm Analysis;"REVOKE SELECT ON cdm_analysis.rol_for_sum_tst FROM gmindrupskaya;"
torekhova;Орехова Татьяна Александровна (Tatyana Orekhova);cdm_analysis;rol_for_sum_tst;SELECT;EDW Read Cdm Analysis;"REVOKE SELECT ON cdm_analysis.rol_for_sum_tst FROM torekhova;"
tksolomina;Соломина Татьяна Константиновна (Tatyana Solomina);cdm_analysis;rol_for_sum_tst;SELECT;EDW Read Cdm Analysis;"REVOKE SELECT ON cdm_analysis.rol_for_sum_tst FROM tksolomina;"
aerikova;Ерикова Анастасия Петровна (Anastasiya Erikova);cdm_analysis;rol_for_sum_tst;SELECT;EDW Read Cdm Analysis;"REVOKE SELECT ON cdm_analysis.rol_for_sum_tst FROM aerikova;"
avchaplygina;Чаплыгина Алена Владимировна (Alena Chaplygina);cdm_analysis;rpo_check_20211231_det;SELECT;EDW Read Cdm Analysis;"REVOKE SELECT ON cdm_analysis.rpo_check_20211231_det FROM avchaplygina;"
qs_economic;QS_Economic;cdm_analysis;rpo_detail_221;SELECT;EDW Read Cdm Analysis;"REVOKE SELECT ON cdm_analysis.rpo_detail_221 FROM qs_economic;"
avchaplygina;Чаплыгина Алена Владимировна (Alena Chaplygina);cdm_analysis;rpo_detail_221;SELECT;EDW Read Cdm Analysis;"REVOKE SELECT ON cdm_analysis.rpo_detail_221 FROM avchaplygina;"
tvbozhenkova;Боженкова Татьяна Владимировна (Tatyana Bozhenkova);cdm_analysis;rpo_detail_221;SELECT;EDW Read Cdm Analysis;"REVOKE SELECT ON cdm_analysis.rpo_detail_221 FROM tvbozhenkova;"
avyurin;Юрин Андрей Викторович (Andrey Yurin);cdm_analysis;rpo_detail_221;SELECT;EDW Read Cdm Analysis;"REVOKE SELECT ON cdm_analysis.rpo_detail_221 FROM avyurin;"
qs_economic;QS_Economic;cdm_analysis;rpo_detail_222;SELECT;EDW Read Cdm Analysis;"REVOKE SELECT ON cdm_analysis.rpo_detail_222 FROM qs_economic;"
avchaplygina;Чаплыгина Алена Владимировна (Alena Chaplygina);cdm_analysis;rpo_detail_222;SELECT;EDW Read Cdm Analysis;"REVOKE SELECT ON cdm_analysis.rpo_detail_222 FROM avchaplygina;"
tvbozhenkova;Боженкова Татьяна Владимировна (Tatyana Bozhenkova);cdm_analysis;rpo_detail_222;SELECT;EDW Read Cdm Analysis;"REVOKE SELECT ON cdm_analysis.rpo_detail_222 FROM tvbozhenkova;"
avyurin;Юрин Андрей Викторович (Andrey Yurin);cdm_analysis;rpo_detail_222;SELECT;EDW Read Cdm Analysis;"REVOKE SELECT ON cdm_analysis.rpo_detail_222 FROM avyurin;"
gmindrupskaya;Индрупская Галина Михайловна (Galina Indrupskaya);cdm_analysis;rtmp_tab_fssn_losses_6806;SELECT;EDW Read Cdm Analysis;"REVOKE SELECT ON cdm_analysis.rtmp_tab_fssn_losses_6806 FROM gmindrupskaya;"
asergeev;Сергеев Артем Александрович (Artem Sergeev);cdm_analysis;rtmp_tab_fssn_losses_6806;SELECT;EDW Read Cdm Analysis;"REVOKE SELECT ON cdm_analysis.rtmp_tab_fssn_losses_6806 FROM asergeev;"
report;Сервер отчетов;bzk;_sample2_src;SELECT;EDW All BZK;"REVOKE SELECT ON bzk._sample2_src FROM report;"
qlik_ad;qlik_ad;cdm_analysis;dc22_tb_sqls;SELECT;EDW Read Cdm Analysis;"REVOKE SELECT ON cdm_analysis.dc22_tb_sqls FROM qlik_ad;"
report;Сервер отчетов;bzk;_sample_src;SELECT;EDW All BZK;"REVOKE SELECT ON bzk._sample_src FROM report;"
report;Сервер отчетов;bzk;bzk_table_dependency;SELECT;EDW All BZK;"REVOKE SELECT ON bzk.bzk_table_dependency FROM report;"
report;Сервер отчетов;bzk;pdi_native_step_stat;SELECT;EDW All BZK;"REVOKE SELECT ON bzk.pdi_native_step_stat FROM report;"
report;Сервер отчетов;bzk;pdi_native_trans_run;SELECT;EDW All BZK;"REVOKE SELECT ON bzk.pdi_native_trans_run FROM report;"
report;Сервер отчетов;bzk;dm_increments_log_hist;SELECT;EDW All BZK;"REVOKE SELECT ON bzk.dm_increments_log_hist FROM report;"
report;Сервер отчетов;bzk;pdi_native_step_stat_snapshot;SELECT;EDW All BZK;"REVOKE SELECT ON bzk.pdi_native_step_stat_snapshot FROM report;"
report;Сервер отчетов;bzk;bzk_process_log;SELECT;EDW All BZK;"REVOKE SELECT ON bzk.bzk_process_log FROM report;"
report;Сервер отчетов;bzk;deleted_hr_bound_ag_mg;SELECT;EDW All BZK;"REVOKE SELECT ON bzk.deleted_hr_bound_ag_mg FROM report;"
report;Сервер отчетов;bzk;loading_stats_hist;SELECT;EDW All BZK;"REVOKE SELECT ON bzk.loading_stats_hist FROM report;"
report;Сервер отчетов;bzk;bzk_process;SELECT;EDW All BZK;"REVOKE SELECT ON bzk.bzk_process FROM report;"
report;Сервер отчетов;bzk;bzk_table;SELECT;EDW All BZK;"REVOKE SELECT ON bzk.bzk_table FROM report;"
report;Сервер отчетов;bzk;phone_list;SELECT;EDW All BZK;"REVOKE SELECT ON bzk.phone_list FROM report;"
qs_economic;QS_Economic;cdm_analysis;cb_kasko_prem;SELECT;EDW Read Cdm Analysis;"REVOKE SELECT ON cdm_analysis.cb_kasko_prem FROM qs_economic;"
avchaplygina;Чаплыгина Алена Владимировна (Alena Chaplygina);cdm_analysis;cb_kasko_prem;SELECT;EDW Read Cdm Analysis;"REVOKE SELECT ON cdm_analysis.cb_kasko_prem FROM avchaplygina;"
tvbozhenkova;Боженкова Татьяна Владимировна (Tatyana Bozhenkova);cdm_analysis;cb_kasko_prem;SELECT;EDW Read Cdm Analysis;"REVOKE SELECT ON cdm_analysis.cb_kasko_prem FROM tvbozhenkova;"
ayzhukova;Жукова Анастасия Юрьевна (Anastasiya Zhukova);cdm_analysis;cb_kasko_prem;SELECT;EDW Read Cdm Analysis;"REVOKE SELECT ON cdm_analysis.cb_kasko_prem FROM ayzhukova;"
ekorotkih;Коротких Екатерина Александровна (Ekaterina Korotkikh);cdm_analysis;cb_kasko_prem;SELECT;EDW Read Cdm Analysis;"REVOKE SELECT ON cdm_analysis.cb_kasko_prem FROM ekorotkih;"
asergeev;Сергеев Артем Александрович (Artem Sergeev);cdm_analysis;cb_kasko_prem;SELECT;EDW Read Cdm Analysis;"REVOKE SELECT ON cdm_analysis.cb_kasko_prem FROM asergeev;"
gmindrupskaya;Индрупская Галина Михайловна (Galina Indrupskaya);cdm_analysis;cb_kasko_prem;SELECT;EDW Read Cdm Analysis;"REVOKE SELECT ON cdm_analysis.cb_kasko_prem FROM gmindrupskaya;"
avyurin;Юрин Андрей Викторович (Andrey Yurin);cdm_analysis;cb_kasko_prem;SELECT;EDW Read Cdm Analysis;"REVOKE SELECT ON cdm_analysis.cb_kasko_prem FROM avyurin;"
report;Сервер отчетов;bzk;phone_list_detail;SELECT;EDW All BZK;"REVOKE SELECT ON bzk.phone_list_detail FROM report;"
report;Сервер отчетов;bzk;bzk_region;SELECT;EDW All BZK;"REVOKE SELECT ON bzk.bzk_region FROM report;"
report;Сервер отчетов;bzk;deleted_full_contract_id;SELECT;EDW All BZK;"REVOKE SELECT ON bzk.deleted_full_contract_id FROM report;"
report;Сервер отчетов;bzk;deleted_hr_bound_skk_nso_td;SELECT;EDW All BZK;"REVOKE SELECT ON bzk.deleted_hr_bound_skk_nso_td FROM report;"
report;Сервер отчетов;bzk;rsp_delta_base;SELECT;EDW All BZK;"REVOKE SELECT ON bzk.rsp_delta_base FROM report;"
report;Сервер отчетов;bzk;dict_uo_partner_fp;SELECT;EDW All BZK;"REVOKE SELECT ON bzk.dict_uo_partner_fp FROM report;"
report;Сервер отчетов;bzk;dict_uo_mapsale2020;SELECT;EDW All BZK;"REVOKE SELECT ON bzk.dict_uo_mapsale2020 FROM report;"
report;Сервер отчетов;bzk;bzk_parameter;SELECT;EDW All BZK;"REVOKE SELECT ON bzk.bzk_parameter FROM report;"
report;Сервер отчетов;bzk;bzk_process_metric;SELECT;EDW All BZK;"REVOKE SELECT ON bzk.bzk_process_metric FROM report;"
report;Сервер отчетов;bzk;waitable_object_default;SELECT;EDW All BZK;"REVOKE SELECT ON bzk.waitable_object_default FROM report;"
report;Сервер отчетов;bzk;_sample_delta;SELECT;EDW All BZK;"REVOKE SELECT ON bzk._sample_delta FROM report;"
report;Сервер отчетов;bzk;deleted_hr_staffing;SELECT;EDW All BZK;"REVOKE SELECT ON bzk.deleted_hr_staffing FROM report;"
report;Сервер отчетов;bzk;rsp_contact_delta;SELECT;EDW All BZK;"REVOKE SELECT ON bzk.rsp_contact_delta FROM report;"
avchaplygina;Чаплыгина Алена Владимировна (Alena Chaplygina);cdm_analysis;dwhiv1302_dwh_monthly_const;SELECT;EDW Read Cdm Analysis;"REVOKE SELECT ON cdm_analysis.dwhiv1302_dwh_monthly_const FROM avchaplygina;"
tvbozhenkova;Боженкова Татьяна Владимировна (Tatyana Bozhenkova);cdm_analysis;dwhiv1302_dwh_monthly_const;SELECT;EDW Read Cdm Analysis;"REVOKE SELECT ON cdm_analysis.dwhiv1302_dwh_monthly_const FROM tvbozhenkova;"
report;Сервер отчетов;bzk;rsp_contact_fct_all_delta;SELECT;EDW All BZK;"REVOKE SELECT ON bzk.rsp_contact_fct_all_delta FROM report;"
gmindrupskaya;Индрупская Галина Михайловна (Galina Indrupskaya);cdm_analysis;dwhiv185_rnp;SELECT;EDW Read Cdm Analysis;"REVOKE SELECT ON cdm_analysis.dwhiv185_rnp FROM gmindrupskaya;"
ekorotkih;Коротких Екатерина Александровна (Ekaterina Korotkikh);cdm_analysis;dwhiv185_rnp;SELECT;EDW Read Cdm Analysis;"REVOKE SELECT ON cdm_analysis.dwhiv185_rnp FROM ekorotkih;"
asergeev;Сергеев Артем Александрович (Artem Sergeev);cdm_analysis;dwhiv185_rnp;SELECT;EDW Read Cdm Analysis;"REVOKE SELECT ON cdm_analysis.dwhiv185_rnp FROM asergeev;"
mskazakov;Казаков Максим Сергеевич (Maksim Kazakov);cdm_analysis;dwhiv185_rnp;SELECT;EDW Read Cdm Analysis;"REVOKE SELECT ON cdm_analysis.dwhiv185_rnp FROM mskazakov;"
ogbykova;Быкова Ольга Геннадьевна (Olga Bykova);cdm_analysis;dwhiv185_rnp;SELECT;EDW Read Cdm Analysis;"REVOKE SELECT ON cdm_analysis.dwhiv185_rnp FROM ogbykova;"
yvvorobev;Воробьев Юрий Владимирович (Yury Vorobev);cdm;ac_claim_full;SELECT;EDW All CDM;"REVOKE SELECT ON cdm.ac_claim_full FROM yvvorobev;"
mpmashin;Машин Максим Павлович (Maksim Mashin);cdm;rol_for_sum_202005;INSERT;EDW All CDM;"REVOKE INSERT ON cdm.rol_for_sum_202005 FROM mpmashin;"
mpmashin;Машин Максим Павлович (Maksim Mashin);cdm;rol_for_sum_202005;SELECT;EDW All CDM;"REVOKE SELECT ON cdm.rol_for_sum_202005 FROM mpmashin;"
mpmashin;Машин Максим Павлович (Maksim Mashin);cdm;rol_for_sum_202005;UPDATE;EDW All CDM;"REVOKE UPDATE ON cdm.rol_for_sum_202005 FROM mpmashin;"
mpmashin;Машин Максим Павлович (Maksim Mashin);cdm;rol_for_sum_202005;DELETE;EDW All CDM;"REVOKE DELETE ON cdm.rol_for_sum_202005 FROM mpmashin;"
mpmashin;Машин Максим Павлович (Maksim Mashin);cdm;rol_for_sum_202005;TRUNCATE;EDW All CDM;"REVOKE TRUNCATE ON cdm.rol_for_sum_202005 FROM mpmashin;"
mpmashin;Машин Максим Павлович (Maksim Mashin);cdm;rol_for_sum_202005;REFERENCES;EDW All CDM;"REVOKE REFERENCES ON cdm.rol_for_sum_202005 FROM mpmashin;"
mpmashin;Машин Максим Павлович (Maksim Mashin);cdm;rol_for_sum_202005;TRIGGER;EDW All CDM;"REVOKE TRIGGER ON cdm.rol_for_sum_202005 FROM mpmashin;"
yvvorobev;Воробьев Юрий Владимирович (Yury Vorobev);cdm;dm_corp_arm4_xml_attr;SELECT;EDW All CDM;"REVOKE SELECT ON cdm.dm_corp_arm4_xml_attr FROM yvvorobev;"
yvvorobev;Воробьев Юрий Владимирович (Yury Vorobev);cdm;dm_kasko_contr_base__from_ods;SELECT;EDW All CDM;"REVOKE SELECT ON cdm.dm_kasko_contr_base__from_ods FROM yvvorobev;"
yvvorobev;Воробьев Юрий Владимирович (Yury Vorobev);cdm;dm_osago_contr_base__from_ods;SELECT;EDW All CDM;"REVOKE SELECT ON cdm.dm_osago_contr_base__from_ods FROM yvvorobev;"
qs_economic;QS_Economic;cdm_analysis;cb_kasko_prem_old_21112022;SELECT;EDW Read Cdm Analysis;"REVOKE SELECT ON cdm_analysis.cb_kasko_prem_old_21112022 FROM qs_economic;"
avchaplygina;Чаплыгина Алена Владимировна (Alena Chaplygina);cdm_analysis;cb_kasko_prem_old_21112022;SELECT;EDW Read Cdm Analysis;"REVOKE SELECT ON cdm_analysis.cb_kasko_prem_old_21112022 FROM avchaplygina;"
tvbozhenkova;Боженкова Татьяна Владимировна (Tatyana Bozhenkova);cdm_analysis;cb_kasko_prem_old_21112022;SELECT;EDW Read Cdm Analysis;"REVOKE SELECT ON cdm_analysis.cb_kasko_prem_old_21112022 FROM tvbozhenkova;"
ayzhukova;Жукова Анастасия Юрьевна (Anastasiya Zhukova);cdm_analysis;cb_kasko_prem_old_21112022;SELECT;EDW Read Cdm Analysis;"REVOKE SELECT ON cdm_analysis.cb_kasko_prem_old_21112022 FROM ayzhukova;"
ekorotkih;Коротких Екатерина Александровна (Ekaterina Korotkikh);cdm_analysis;cb_kasko_prem_old_21112022;SELECT;EDW Read Cdm Analysis;"REVOKE SELECT ON cdm_analysis.cb_kasko_prem_old_21112022 FROM ekorotkih;"
asergeev;Сергеев Артем Александрович (Artem Sergeev);cdm_analysis;cb_kasko_prem_old_21112022;SELECT;EDW Read Cdm Analysis;"REVOKE SELECT ON cdm_analysis.cb_kasko_prem_old_21112022 FROM asergeev;"
gmindrupskaya;Индрупская Галина Михайловна (Galina Indrupskaya);cdm_analysis;cb_kasko_prem_old_21112022;SELECT;EDW Read Cdm Analysis;"REVOKE SELECT ON cdm_analysis.cb_kasko_prem_old_21112022 FROM gmindrupskaya;"
avyurin;Юрин Андрей Викторович (Andrey Yurin);cdm_analysis;cb_kasko_prem_old_21112022;SELECT;EDW Read Cdm Analysis;"REVOKE SELECT ON cdm_analysis.cb_kasko_prem_old_21112022 FROM avyurin;"
yvvorobev;Воробьев Юрий Владимирович (Yury Vorobev);cdm;ac_exposure_full;SELECT;EDW All CDM;"REVOKE SELECT ON cdm.ac_exposure_full FROM yvvorobev;"
mpmashin;Машин Максим Павлович (Maksim Mashin);cdm;claim;INSERT;EDW All CDM;"REVOKE INSERT ON cdm.claim FROM mpmashin;"
mpmashin;Машин Максим Павлович (Maksim Mashin);cdm;claim;SELECT;EDW All CDM;"REVOKE SELECT ON cdm.claim FROM mpmashin;"
mpmashin;Машин Максим Павлович (Maksim Mashin);cdm;claim;UPDATE;EDW All CDM;"REVOKE UPDATE ON cdm.claim FROM mpmashin;"
mpmashin;Машин Максим Павлович (Maksim Mashin);cdm;claim;DELETE;EDW All CDM;"REVOKE DELETE ON cdm.claim FROM mpmashin;"
mpmashin;Машин Максим Павлович (Maksim Mashin);cdm;claim;TRUNCATE;EDW All CDM;"REVOKE TRUNCATE ON cdm.claim FROM mpmashin;"
mpmashin;Машин Максим Павлович (Maksim Mashin);cdm;claim;REFERENCES;EDW All CDM;"REVOKE REFERENCES ON cdm.claim FROM mpmashin;"
mpmashin;Машин Максим Павлович (Maksim Mashin);cdm;claim;TRIGGER;EDW All CDM;"REVOKE TRIGGER ON cdm.claim FROM mpmashin;"
mpmashin;Машин Максим Павлович (Maksim Mashin);cdm;claim_delta;INSERT;EDW All CDM;"REVOKE INSERT ON cdm.claim_delta FROM mpmashin;"
mpmashin;Машин Максим Павлович (Maksim Mashin);cdm;claim_delta;SELECT;EDW All CDM;"REVOKE SELECT ON cdm.claim_delta FROM mpmashin;"
mpmashin;Машин Максим Павлович (Maksim Mashin);cdm;claim_delta;UPDATE;EDW All CDM;"REVOKE UPDATE ON cdm.claim_delta FROM mpmashin;"
mpmashin;Машин Максим Павлович (Maksim Mashin);cdm;claim_delta;DELETE;EDW All CDM;"REVOKE DELETE ON cdm.claim_delta FROM mpmashin;"
mpmashin;Машин Максим Павлович (Maksim Mashin);cdm;claim_delta;TRUNCATE;EDW All CDM;"REVOKE TRUNCATE ON cdm.claim_delta FROM mpmashin;"
mpmashin;Машин Максим Павлович (Maksim Mashin);cdm;claim_delta;REFERENCES;EDW All CDM;"REVOKE REFERENCES ON cdm.claim_delta FROM mpmashin;"
mpmashin;Машин Максим Павлович (Maksim Mashin);cdm;claim_delta;TRIGGER;EDW All CDM;"REVOKE TRIGGER ON cdm.claim_delta FROM mpmashin;"
mpmashin;Машин Максим Павлович (Maksim Mashin);cdm;claim_rep_proc_delta;INSERT;EDW All CDM;"REVOKE INSERT ON cdm.claim_rep_proc_delta FROM mpmashin;"
mpmashin;Машин Максим Павлович (Maksim Mashin);cdm;claim_rep_proc_delta;SELECT;EDW All CDM;"REVOKE SELECT ON cdm.claim_rep_proc_delta FROM mpmashin;"
mpmashin;Машин Максим Павлович (Maksim Mashin);cdm;claim_rep_proc_delta;UPDATE;EDW All CDM;"REVOKE UPDATE ON cdm.claim_rep_proc_delta FROM mpmashin;"
mpmashin;Машин Максим Павлович (Maksim Mashin);cdm;claim_rep_proc_delta;DELETE;EDW All CDM;"REVOKE DELETE ON cdm.claim_rep_proc_delta FROM mpmashin;"
mpmashin;Машин Максим Павлович (Maksim Mashin);cdm;claim_rep_proc_delta;TRUNCATE;EDW All CDM;"REVOKE TRUNCATE ON cdm.claim_rep_proc_delta FROM mpmashin;"
mpmashin;Машин Максим Павлович (Maksim Mashin);cdm;claim_rep_proc_delta;REFERENCES;EDW All CDM;"REVOKE REFERENCES ON cdm.claim_rep_proc_delta FROM mpmashin;"
mpmashin;Машин Максим Павлович (Maksim Mashin);cdm;claim_rep_proc_delta;TRIGGER;EDW All CDM;"REVOKE TRIGGER ON cdm.claim_rep_proc_delta FROM mpmashin;"
mpmashin;Машин Максим Павлович (Maksim Mashin);cdm;claim_rep_bridge;INSERT;EDW All CDM;"REVOKE INSERT ON cdm.claim_rep_bridge FROM mpmashin;"
mpmashin;Машин Максим Павлович (Maksim Mashin);cdm;claim_rep_bridge;SELECT;EDW All CDM;"REVOKE SELECT ON cdm.claim_rep_bridge FROM mpmashin;"
mpmashin;Машин Максим Павлович (Maksim Mashin);cdm;claim_rep_bridge;UPDATE;EDW All CDM;"REVOKE UPDATE ON cdm.claim_rep_bridge FROM mpmashin;"
mpmashin;Машин Максим Павлович (Maksim Mashin);cdm;claim_rep_bridge;DELETE;EDW All CDM;"REVOKE DELETE ON cdm.claim_rep_bridge FROM mpmashin;"
mpmashin;Машин Максим Павлович (Maksim Mashin);cdm;claim_rep_bridge;TRUNCATE;EDW All CDM;"REVOKE TRUNCATE ON cdm.claim_rep_bridge FROM mpmashin;"
mpmashin;Машин Максим Павлович (Maksim Mashin);cdm;claim_rep_bridge;REFERENCES;EDW All CDM;"REVOKE REFERENCES ON cdm.claim_rep_bridge FROM mpmashin;"
mpmashin;Машин Максим Павлович (Maksim Mashin);cdm;claim_rep_bridge;TRIGGER;EDW All CDM;"REVOKE TRIGGER ON cdm.claim_rep_bridge FROM mpmashin;"
mpmashin;Машин Максим Павлович (Maksim Mashin);cdm;claim_reserverejection_0907;INSERT;EDW All CDM;"REVOKE INSERT ON cdm.claim_reserverejection_0907 FROM mpmashin;"
mpmashin;Машин Максим Павлович (Maksim Mashin);cdm;claim_reserverejection_0907;SELECT;EDW All CDM;"REVOKE SELECT ON cdm.claim_reserverejection_0907 FROM mpmashin;"
mpmashin;Машин Максим Павлович (Maksim Mashin);cdm;claim_reserverejection_0907;UPDATE;EDW All CDM;"REVOKE UPDATE ON cdm.claim_reserverejection_0907 FROM mpmashin;"
mpmashin;Машин Максим Павлович (Maksim Mashin);cdm;claim_reserverejection_0907;DELETE;EDW All CDM;"REVOKE DELETE ON cdm.claim_reserverejection_0907 FROM mpmashin;"
mpmashin;Машин Максим Павлович (Maksim Mashin);cdm;claim_reserverejection_0907;TRUNCATE;EDW All CDM;"REVOKE TRUNCATE ON cdm.claim_reserverejection_0907 FROM mpmashin;"
mpmashin;Машин Максим Павлович (Maksim Mashin);cdm;claim_reserverejection_0907;REFERENCES;EDW All CDM;"REVOKE REFERENCES ON cdm.claim_reserverejection_0907 FROM mpmashin;"
mpmashin;Машин Максим Павлович (Maksim Mashin);cdm;claim_reserverejection_0907;TRIGGER;EDW All CDM;"REVOKE TRIGGER ON cdm.claim_reserverejection_0907 FROM mpmashin;"
mpmashin;Машин Максим Павлович (Maksim Mashin);cdm;claim_rfc_check;INSERT;EDW All CDM;"REVOKE INSERT ON cdm.claim_rfc_check FROM mpmashin;"
mpmashin;Машин Максим Павлович (Maksim Mashin);cdm;claim_rfc_check;SELECT;EDW All CDM;"REVOKE SELECT ON cdm.claim_rfc_check FROM mpmashin;"
mpmashin;Машин Максим Павлович (Maksim Mashin);cdm;claim_rfc_check;UPDATE;EDW All CDM;"REVOKE UPDATE ON cdm.claim_rfc_check FROM mpmashin;"
mpmashin;Машин Максим Павлович (Maksim Mashin);cdm;claim_rfc_check;DELETE;EDW All CDM;"REVOKE DELETE ON cdm.claim_rfc_check FROM mpmashin;"
mpmashin;Машин Максим Павлович (Maksim Mashin);cdm;claim_rfc_check;TRUNCATE;EDW All CDM;"REVOKE TRUNCATE ON cdm.claim_rfc_check FROM mpmashin;"
mpmashin;Машин Максим Павлович (Maksim Mashin);cdm;claim_rfc_check;REFERENCES;EDW All CDM;"REVOKE REFERENCES ON cdm.claim_rfc_check FROM mpmashin;"
mpmashin;Машин Максим Павлович (Maksim Mashin);cdm;claim_rfc_check;TRIGGER;EDW All CDM;"REVOKE TRIGGER ON cdm.claim_rfc_check FROM mpmashin;"
mpmashin;Машин Максим Павлович (Maksim Mashin);cdm;claim_transaction_trash_20200509;INSERT;EDW All CDM;"REVOKE INSERT ON cdm.claim_transaction_trash_20200509 FROM mpmashin;"
mpmashin;Машин Максим Павлович (Maksim Mashin);cdm;claim_transaction_trash_20200509;SELECT;EDW All CDM;"REVOKE SELECT ON cdm.claim_transaction_trash_20200509 FROM mpmashin;"
mpmashin;Машин Максим Павлович (Maksim Mashin);cdm;claim_transaction_trash_20200509;UPDATE;EDW All CDM;"REVOKE UPDATE ON cdm.claim_transaction_trash_20200509 FROM mpmashin;"
mpmashin;Машин Максим Павлович (Maksim Mashin);cdm;claim_transaction_trash_20200509;DELETE;EDW All CDM;"REVOKE DELETE ON cdm.claim_transaction_trash_20200509 FROM mpmashin;"
mpmashin;Машин Максим Павлович (Maksim Mashin);cdm;claim_transaction_trash_20200509;TRUNCATE;EDW All CDM;"REVOKE TRUNCATE ON cdm.claim_transaction_trash_20200509 FROM mpmashin;"
mpmashin;Машин Максим Павлович (Maksim Mashin);cdm;claim_transaction_trash_20200509;REFERENCES;EDW All CDM;"REVOKE REFERENCES ON cdm.claim_transaction_trash_20200509 FROM mpmashin;"
mpmashin;Машин Максим Павлович (Maksim Mashin);cdm;claim_transaction_trash_20200509;TRIGGER;EDW All CDM;"REVOKE TRIGGER ON cdm.claim_transaction_trash_20200509 FROM mpmashin;"
vakremnev;Кремнев Владимир Александрович (Vladimir Kremnev);cdm;contact_err;INSERT;EDW All CDM;"REVOKE INSERT ON cdm.contact_err FROM vakremnev;"
vakremnev;Кремнев Владимир Александрович (Vladimir Kremnev);cdm;contact_err;SELECT;EDW All CDM;"REVOKE SELECT ON cdm.contact_err FROM vakremnev;"
vakremnev;Кремнев Владимир Александрович (Vladimir Kremnev);cdm;contact_err;UPDATE;EDW All CDM;"REVOKE UPDATE ON cdm.contact_err FROM vakremnev;"
vakremnev;Кремнев Владимир Александрович (Vladimir Kremnev);cdm;contact_err;DELETE;EDW All CDM;"REVOKE DELETE ON cdm.contact_err FROM vakremnev;"
vakremnev;Кремнев Владимир Александрович (Vladimir Kremnev);cdm;contact_err;TRUNCATE;EDW All CDM;"REVOKE TRUNCATE ON cdm.contact_err FROM vakremnev;"
vakremnev;Кремнев Владимир Александрович (Vladimir Kremnev);cdm;contact_err;REFERENCES;EDW All CDM;"REVOKE REFERENCES ON cdm.contact_err FROM vakremnev;"
vakremnev;Кремнев Владимир Александрович (Vladimir Kremnev);cdm;contact_err;TRIGGER;EDW All CDM;"REVOKE TRIGGER ON cdm.contact_err FROM vakremnev;"
yvvorobev;Воробьев Юрий Владимирович (Yury Vorobev);cdm;contract_hier_gwpc;SELECT;EDW All CDM;"REVOKE SELECT ON cdm.contract_hier_gwpc FROM yvvorobev;"
yvvorobev;Воробьев Юрий Владимирович (Yury Vorobev);cdm;contract_hier_instype;SELECT;EDW All CDM;"REVOKE SELECT ON cdm.contract_hier_instype FROM yvvorobev;"
evzubkov;Зубков Евгений Валентинович (Evgeniy Zubkov);cdm;core_contract_miteprotectionrgs_box;INSERT;EDW All CDM;"REVOKE INSERT ON cdm.core_contract_miteprotectionrgs_box FROM evzubkov;"
evzubkov;Зубков Евгений Валентинович (Evgeniy Zubkov);cdm;core_contract_miteprotectionrgs_box;SELECT;EDW All CDM;"REVOKE SELECT ON cdm.core_contract_miteprotectionrgs_box FROM evzubkov;"
evzubkov;Зубков Евгений Валентинович (Evgeniy Zubkov);cdm;core_contract_miteprotectionrgs_box;UPDATE;EDW All CDM;"REVOKE UPDATE ON cdm.core_contract_miteprotectionrgs_box FROM evzubkov;"
evzubkov;Зубков Евгений Валентинович (Evgeniy Zubkov);cdm;core_contract_miteprotectionrgs_box;DELETE;EDW All CDM;"REVOKE DELETE ON cdm.core_contract_miteprotectionrgs_box FROM evzubkov;"
evzubkov;Зубков Евгений Валентинович (Evgeniy Zubkov);cdm;core_contract_miteprotectionrgs_box;TRUNCATE;EDW All CDM;"REVOKE TRUNCATE ON cdm.core_contract_miteprotectionrgs_box FROM evzubkov;"
evzubkov;Зубков Евгений Валентинович (Evgeniy Zubkov);cdm;core_contract_miteprotectionrgs_box;REFERENCES;EDW All CDM;"REVOKE REFERENCES ON cdm.core_contract_miteprotectionrgs_box FROM evzubkov;"
evzubkov;Зубков Евгений Валентинович (Evgeniy Zubkov);cdm;core_contract_miteprotectionrgs_box;TRIGGER;EDW All CDM;"REVOKE TRIGGER ON cdm.core_contract_miteprotectionrgs_box FROM evzubkov;"
report;Сервер отчетов;bzk;rsp_contact_resp_delta;SELECT;EDW All BZK;"REVOKE SELECT ON bzk.rsp_contact_resp_delta FROM report;"
vakremnev;Кремнев Владимир Александрович (Vladimir Kremnev);cdm;dm_matrix_consent1;INSERT;EDW All CDM;"REVOKE INSERT ON cdm.dm_matrix_consent1 FROM vakremnev;"
vakremnev;Кремнев Владимир Александрович (Vladimir Kremnev);cdm;dm_matrix_consent1;SELECT;EDW All CDM;"REVOKE SELECT ON cdm.dm_matrix_consent1 FROM vakremnev;"
vakremnev;Кремнев Владимир Александрович (Vladimir Kremnev);cdm;dm_matrix_consent1;UPDATE;EDW All CDM;"REVOKE UPDATE ON cdm.dm_matrix_consent1 FROM vakremnev;"
vakremnev;Кремнев Владимир Александрович (Vladimir Kremnev);cdm;dm_matrix_consent1;DELETE;EDW All CDM;"REVOKE DELETE ON cdm.dm_matrix_consent1 FROM vakremnev;"
vakremnev;Кремнев Владимир Александрович (Vladimir Kremnev);cdm;dm_matrix_consent1;TRUNCATE;EDW All CDM;"REVOKE TRUNCATE ON cdm.dm_matrix_consent1 FROM vakremnev;"
vakremnev;Кремнев Владимир Александрович (Vladimir Kremnev);cdm;dm_matrix_consent1;REFERENCES;EDW All CDM;"REVOKE REFERENCES ON cdm.dm_matrix_consent1 FROM vakremnev;"
vakremnev;Кремнев Владимир Александрович (Vladimir Kremnev);cdm;dm_matrix_consent1;TRIGGER;EDW All CDM;"REVOKE TRIGGER ON cdm.dm_matrix_consent1 FROM vakremnev;"
mpmashin;Машин Максим Павлович (Maksim Mashin);cdm;losses_fix;INSERT;EDW All CDM;"REVOKE INSERT ON cdm.losses_fix FROM mpmashin;"
mpmashin;Машин Максим Павлович (Maksim Mashin);cdm;losses_fix;SELECT;EDW All CDM;"REVOKE SELECT ON cdm.losses_fix FROM mpmashin;"
mpmashin;Машин Максим Павлович (Maksim Mashin);cdm;losses_fix;UPDATE;EDW All CDM;"REVOKE UPDATE ON cdm.losses_fix FROM mpmashin;"
mpmashin;Машин Максим Павлович (Maksim Mashin);cdm;losses_fix;DELETE;EDW All CDM;"REVOKE DELETE ON cdm.losses_fix FROM mpmashin;"
mpmashin;Машин Максим Павлович (Maksim Mashin);cdm;losses_fix;TRUNCATE;EDW All CDM;"REVOKE TRUNCATE ON cdm.losses_fix FROM mpmashin;"
mpmashin;Машин Максим Павлович (Maksim Mashin);cdm;losses_fix;REFERENCES;EDW All CDM;"REVOKE REFERENCES ON cdm.losses_fix FROM mpmashin;"
mpmashin;Машин Максим Павлович (Maksim Mashin);cdm;losses_fix;TRIGGER;EDW All CDM;"REVOKE TRIGGER ON cdm.losses_fix FROM mpmashin;"
evzubkov;Зубков Евгений Валентинович (Evgeniy Zubkov);cdm;payment_risk_diff;INSERT;EDW All CDM;"REVOKE INSERT ON cdm.payment_risk_diff FROM evzubkov;"
evzubkov;Зубков Евгений Валентинович (Evgeniy Zubkov);cdm;payment_risk_diff;SELECT;EDW All CDM;"REVOKE SELECT ON cdm.payment_risk_diff FROM evzubkov;"
evzubkov;Зубков Евгений Валентинович (Evgeniy Zubkov);cdm;payment_risk_diff;UPDATE;EDW All CDM;"REVOKE UPDATE ON cdm.payment_risk_diff FROM evzubkov;"
evzubkov;Зубков Евгений Валентинович (Evgeniy Zubkov);cdm;payment_risk_diff;DELETE;EDW All CDM;"REVOKE DELETE ON cdm.payment_risk_diff FROM evzubkov;"
evzubkov;Зубков Евгений Валентинович (Evgeniy Zubkov);cdm;payment_risk_diff;TRUNCATE;EDW All CDM;"REVOKE TRUNCATE ON cdm.payment_risk_diff FROM evzubkov;"
evzubkov;Зубков Евгений Валентинович (Evgeniy Zubkov);cdm;payment_risk_diff;REFERENCES;EDW All CDM;"REVOKE REFERENCES ON cdm.payment_risk_diff FROM evzubkov;"
evzubkov;Зубков Евгений Валентинович (Evgeniy Zubkov);cdm;payment_risk_diff;TRIGGER;EDW All CDM;"REVOKE TRIGGER ON cdm.payment_risk_diff FROM evzubkov;"
mpmashin;Машин Максим Павлович (Maksim Mashin);cdm;policy4update;INSERT;EDW All CDM;"REVOKE INSERT ON cdm.policy4update FROM mpmashin;"
mpmashin;Машин Максим Павлович (Maksim Mashin);cdm;policy4update;SELECT;EDW All CDM;"REVOKE SELECT ON cdm.policy4update FROM mpmashin;"
mpmashin;Машин Максим Павлович (Maksim Mashin);cdm;policy4update;UPDATE;EDW All CDM;"REVOKE UPDATE ON cdm.policy4update FROM mpmashin;"
mpmashin;Машин Максим Павлович (Maksim Mashin);cdm;policy4update;DELETE;EDW All CDM;"REVOKE DELETE ON cdm.policy4update FROM mpmashin;"
mpmashin;Машин Максим Павлович (Maksim Mashin);cdm;policy4update;TRUNCATE;EDW All CDM;"REVOKE TRUNCATE ON cdm.policy4update FROM mpmashin;"
mpmashin;Машин Максим Павлович (Maksim Mashin);cdm;policy4update;REFERENCES;EDW All CDM;"REVOKE REFERENCES ON cdm.policy4update FROM mpmashin;"
mpmashin;Машин Максим Павлович (Maksim Mashin);cdm;policy4update;TRIGGER;EDW All CDM;"REVOKE TRIGGER ON cdm.policy4update FROM mpmashin;"
mpmashin;Машин Максим Павлович (Maksim Mashin);cdm;rfs_incr_no_issued;INSERT;EDW All CDM;"REVOKE INSERT ON cdm.rfs_incr_no_issued FROM mpmashin;"
mpmashin;Машин Максим Павлович (Maksim Mashin);cdm;rfs_incr_no_issued;SELECT;EDW All CDM;"REVOKE SELECT ON cdm.rfs_incr_no_issued FROM mpmashin;"
mpmashin;Машин Максим Павлович (Maksim Mashin);cdm;rfs_incr_no_issued;UPDATE;EDW All CDM;"REVOKE UPDATE ON cdm.rfs_incr_no_issued FROM mpmashin;"
mpmashin;Машин Максим Павлович (Maksim Mashin);cdm;rfs_incr_no_issued;DELETE;EDW All CDM;"REVOKE DELETE ON cdm.rfs_incr_no_issued FROM mpmashin;"
mpmashin;Машин Максим Павлович (Maksim Mashin);cdm;rfs_incr_no_issued;TRUNCATE;EDW All CDM;"REVOKE TRUNCATE ON cdm.rfs_incr_no_issued FROM mpmashin;"
mpmashin;Машин Максим Павлович (Maksim Mashin);cdm;rfs_incr_no_issued;REFERENCES;EDW All CDM;"REVOKE REFERENCES ON cdm.rfs_incr_no_issued FROM mpmashin;"
mpmashin;Машин Максим Павлович (Maksim Mashin);cdm;rfs_incr_no_issued;TRIGGER;EDW All CDM;"REVOKE TRIGGER ON cdm.rfs_incr_no_issued FROM mpmashin;"
mpmashin;Машин Максим Павлович (Maksim Mashin);cdm;rol_for_count_202005;INSERT;EDW All CDM;"REVOKE INSERT ON cdm.rol_for_count_202005 FROM mpmashin;"
mpmashin;Машин Максим Павлович (Maksim Mashin);cdm;rol_for_count_202005;SELECT;EDW All CDM;"REVOKE SELECT ON cdm.rol_for_count_202005 FROM mpmashin;"
mpmashin;Машин Максим Павлович (Maksim Mashin);cdm;rol_for_count_202005;UPDATE;EDW All CDM;"REVOKE UPDATE ON cdm.rol_for_count_202005 FROM mpmashin;"
mpmashin;Машин Максим Павлович (Maksim Mashin);cdm;rol_for_count_202005;DELETE;EDW All CDM;"REVOKE DELETE ON cdm.rol_for_count_202005 FROM mpmashin;"
mpmashin;Машин Максим Павлович (Maksim Mashin);cdm;rol_for_count_202005;TRUNCATE;EDW All CDM;"REVOKE TRUNCATE ON cdm.rol_for_count_202005 FROM mpmashin;"
mpmashin;Машин Максим Павлович (Maksim Mashin);cdm;rol_for_count_202005;REFERENCES;EDW All CDM;"REVOKE REFERENCES ON cdm.rol_for_count_202005 FROM mpmashin;"
mpmashin;Машин Максим Павлович (Maksim Mashin);cdm;rol_for_count_202005;TRIGGER;EDW All CDM;"REVOKE TRIGGER ON cdm.rol_for_count_202005 FROM mpmashin;"
mpmashin;Машин Максим Павлович (Maksim Mashin);cdm;rol_for_count_daily_20210123;INSERT;EDW All CDM;"REVOKE INSERT ON cdm.rol_for_count_daily_20210123 FROM mpmashin;"
mpmashin;Машин Максим Павлович (Maksim Mashin);cdm;rol_for_count_daily_20210123;SELECT;EDW All CDM;"REVOKE SELECT ON cdm.rol_for_count_daily_20210123 FROM mpmashin;"
mpmashin;Машин Максим Павлович (Maksim Mashin);cdm;rol_for_count_daily_20210123;UPDATE;EDW All CDM;"REVOKE UPDATE ON cdm.rol_for_count_daily_20210123 FROM mpmashin;"
mpmashin;Машин Максим Павлович (Maksim Mashin);cdm;rol_for_count_daily_20210123;DELETE;EDW All CDM;"REVOKE DELETE ON cdm.rol_for_count_daily_20210123 FROM mpmashin;"
mpmashin;Машин Максим Павлович (Maksim Mashin);cdm;rol_for_count_daily_20210123;TRUNCATE;EDW All CDM;"REVOKE TRUNCATE ON cdm.rol_for_count_daily_20210123 FROM mpmashin;"
mpmashin;Машин Максим Павлович (Maksim Mashin);cdm;rol_for_count_daily_20210123;REFERENCES;EDW All CDM;"REVOKE REFERENCES ON cdm.rol_for_count_daily_20210123 FROM mpmashin;"
mpmashin;Машин Максим Павлович (Maksim Mashin);cdm;rol_for_count_daily_20210123;TRIGGER;EDW All CDM;"REVOKE TRIGGER ON cdm.rol_for_count_daily_20210123 FROM mpmashin;"
gmindrupskaya;Индрупская Галина Михайловна (Galina Indrupskaya);cdm;rol_for_count_prep;SELECT;EDW Read CDM;"REVOKE SELECT ON cdm.rol_for_count_prep FROM gmindrupskaya;"
mpmashin;Машин Максим Павлович (Maksim Mashin);cdm;rol_for_sum_daily_20210123;INSERT;EDW All CDM;"REVOKE INSERT ON cdm.rol_for_sum_daily_20210123 FROM mpmashin;"
mpmashin;Машин Максим Павлович (Maksim Mashin);cdm;rol_for_sum_daily_20210123;SELECT;EDW All CDM;"REVOKE SELECT ON cdm.rol_for_sum_daily_20210123 FROM mpmashin;"
mpmashin;Машин Максим Павлович (Maksim Mashin);cdm;rol_for_sum_daily_20210123;UPDATE;EDW All CDM;"REVOKE UPDATE ON cdm.rol_for_sum_daily_20210123 FROM mpmashin;"
mpmashin;Машин Максим Павлович (Maksim Mashin);cdm;rol_for_sum_daily_20210123;DELETE;EDW All CDM;"REVOKE DELETE ON cdm.rol_for_sum_daily_20210123 FROM mpmashin;"
mpmashin;Машин Максим Павлович (Maksim Mashin);cdm;rol_for_sum_daily_20210123;TRUNCATE;EDW All CDM;"REVOKE TRUNCATE ON cdm.rol_for_sum_daily_20210123 FROM mpmashin;"
mpmashin;Машин Максим Павлович (Maksim Mashin);cdm;rol_for_sum_daily_20210123;REFERENCES;EDW All CDM;"REVOKE REFERENCES ON cdm.rol_for_sum_daily_20210123 FROM mpmashin;"
mpmashin;Машин Максим Павлович (Maksim Mashin);cdm;rol_for_sum_daily_20210123;TRIGGER;EDW All CDM;"REVOKE TRIGGER ON cdm.rol_for_sum_daily_20210123 FROM mpmashin;"
evzubkov;Зубков Евгений Валентинович (Evgeniy Zubkov);cdm;trn_mngr_z20210413;INSERT;EDW All CDM;"REVOKE INSERT ON cdm.trn_mngr_z20210413 FROM evzubkov;"
evzubkov;Зубков Евгений Валентинович (Evgeniy Zubkov);cdm;trn_mngr_z20210413;SELECT;EDW All CDM;"REVOKE SELECT ON cdm.trn_mngr_z20210413 FROM evzubkov;"
evzubkov;Зубков Евгений Валентинович (Evgeniy Zubkov);cdm;trn_mngr_z20210413;UPDATE;EDW All CDM;"REVOKE UPDATE ON cdm.trn_mngr_z20210413 FROM evzubkov;"
evzubkov;Зубков Евгений Валентинович (Evgeniy Zubkov);cdm;trn_mngr_z20210413;DELETE;EDW All CDM;"REVOKE DELETE ON cdm.trn_mngr_z20210413 FROM evzubkov;"
evzubkov;Зубков Евгений Валентинович (Evgeniy Zubkov);cdm;trn_mngr_z20210413;TRUNCATE;EDW All CDM;"REVOKE TRUNCATE ON cdm.trn_mngr_z20210413 FROM evzubkov;"
evzubkov;Зубков Евгений Валентинович (Evgeniy Zubkov);cdm;trn_mngr_z20210413;REFERENCES;EDW All CDM;"REVOKE REFERENCES ON cdm.trn_mngr_z20210413 FROM evzubkov;"
evzubkov;Зубков Евгений Валентинович (Evgeniy Zubkov);cdm;trn_mngr_z20210413;TRIGGER;EDW All CDM;"REVOKE TRIGGER ON cdm.trn_mngr_z20210413 FROM evzubkov;"
evzubkov;Зубков Евгений Валентинович (Evgeniy Zubkov);cdm;uag_zppr;INSERT;EDW All CDM;"REVOKE INSERT ON cdm.uag_zppr FROM evzubkov;"
evzubkov;Зубков Евгений Валентинович (Evgeniy Zubkov);cdm;uag_zppr;SELECT;EDW All CDM;"REVOKE SELECT ON cdm.uag_zppr FROM evzubkov;"
evzubkov;Зубков Евгений Валентинович (Evgeniy Zubkov);cdm;uag_zppr;UPDATE;EDW All CDM;"REVOKE UPDATE ON cdm.uag_zppr FROM evzubkov;"
evzubkov;Зубков Евгений Валентинович (Evgeniy Zubkov);cdm;uag_zppr;DELETE;EDW All CDM;"REVOKE DELETE ON cdm.uag_zppr FROM evzubkov;"
evzubkov;Зубков Евгений Валентинович (Evgeniy Zubkov);cdm;uag_zppr;TRUNCATE;EDW All CDM;"REVOKE TRUNCATE ON cdm.uag_zppr FROM evzubkov;"
evzubkov;Зубков Евгений Валентинович (Evgeniy Zubkov);cdm;uag_zppr;REFERENCES;EDW All CDM;"REVOKE REFERENCES ON cdm.uag_zppr FROM evzubkov;"
evzubkov;Зубков Евгений Валентинович (Evgeniy Zubkov);cdm;uag_zppr;TRIGGER;EDW All CDM;"REVOKE TRIGGER ON cdm.uag_zppr FROM evzubkov;"
evzubkov;Зубков Евгений Валентинович (Evgeniy Zubkov);cdm;uag_zppr_z20200317;INSERT;EDW All CDM;"REVOKE INSERT ON cdm.uag_zppr_z20200317 FROM evzubkov;"
evzubkov;Зубков Евгений Валентинович (Evgeniy Zubkov);cdm;uag_zppr_z20200317;SELECT;EDW All CDM;"REVOKE SELECT ON cdm.uag_zppr_z20200317 FROM evzubkov;"
evzubkov;Зубков Евгений Валентинович (Evgeniy Zubkov);cdm;uag_zppr_z20200317;UPDATE;EDW All CDM;"REVOKE UPDATE ON cdm.uag_zppr_z20200317 FROM evzubkov;"
evzubkov;Зубков Евгений Валентинович (Evgeniy Zubkov);cdm;uag_zppr_z20200317;DELETE;EDW All CDM;"REVOKE DELETE ON cdm.uag_zppr_z20200317 FROM evzubkov;"
evzubkov;Зубков Евгений Валентинович (Evgeniy Zubkov);cdm;uag_zppr_z20200317;TRUNCATE;EDW All CDM;"REVOKE TRUNCATE ON cdm.uag_zppr_z20200317 FROM evzubkov;"
evzubkov;Зубков Евгений Валентинович (Evgeniy Zubkov);cdm;uag_zppr_z20200317;REFERENCES;EDW All CDM;"REVOKE REFERENCES ON cdm.uag_zppr_z20200317 FROM evzubkov;"
evzubkov;Зубков Евгений Валентинович (Evgeniy Zubkov);cdm;uag_zppr_z20200317;TRIGGER;EDW All CDM;"REVOKE TRIGGER ON cdm.uag_zppr_z20200317 FROM evzubkov;"
yvvorobev;Воробьев Юрий Владимирович (Yury Vorobev);cdm;uo_partner_fp;SELECT;EDW All CDM;"REVOKE SELECT ON cdm.uo_partner_fp FROM yvvorobev;"
mpmashin;Машин Максим Павлович (Maksim Mashin);cdm;rol_for_sum_prep;INSERT;EDW All CDM;"REVOKE INSERT ON cdm.rol_for_sum_prep FROM mpmashin;"
mpmashin;Машин Максим Павлович (Maksim Mashin);cdm;rol_for_sum_prep;SELECT;EDW All CDM;"REVOKE SELECT ON cdm.rol_for_sum_prep FROM mpmashin;"
mpmashin;Машин Максим Павлович (Maksim Mashin);cdm;rol_for_sum_prep;UPDATE;EDW All CDM;"REVOKE UPDATE ON cdm.rol_for_sum_prep FROM mpmashin;"
mpmashin;Машин Максим Павлович (Maksim Mashin);cdm;rol_for_sum_prep;DELETE;EDW All CDM;"REVOKE DELETE ON cdm.rol_for_sum_prep FROM mpmashin;"
mpmashin;Машин Максим Павлович (Maksim Mashin);cdm;rol_for_sum_prep;TRUNCATE;EDW All CDM;"REVOKE TRUNCATE ON cdm.rol_for_sum_prep FROM mpmashin;"
mpmashin;Машин Максим Павлович (Maksim Mashin);cdm;rol_for_sum_prep;REFERENCES;EDW All CDM;"REVOKE REFERENCES ON cdm.rol_for_sum_prep FROM mpmashin;"
mpmashin;Машин Максим Павлович (Maksim Mashin);cdm;rol_for_sum_prep;TRIGGER;EDW All CDM;"REVOKE TRIGGER ON cdm.rol_for_sum_prep FROM mpmashin;"
mpmashin;Машин Максим Павлович (Maksim Mashin);cdm;rol_for_sum_set;INSERT;EDW All CDM;"REVOKE INSERT ON cdm.rol_for_sum_set FROM mpmashin;"
mpmashin;Машин Максим Павлович (Maksim Mashin);cdm;rol_for_sum_set;SELECT;EDW All CDM;"REVOKE SELECT ON cdm.rol_for_sum_set FROM mpmashin;"
mpmashin;Машин Максим Павлович (Maksim Mashin);cdm;rol_for_sum_set;UPDATE;EDW All CDM;"REVOKE UPDATE ON cdm.rol_for_sum_set FROM mpmashin;"
mpmashin;Машин Максим Павлович (Maksim Mashin);cdm;rol_for_sum_set;DELETE;EDW All CDM;"REVOKE DELETE ON cdm.rol_for_sum_set FROM mpmashin;"
mpmashin;Машин Максим Павлович (Maksim Mashin);cdm;rol_for_sum_set;TRUNCATE;EDW All CDM;"REVOKE TRUNCATE ON cdm.rol_for_sum_set FROM mpmashin;"
mpmashin;Машин Максим Павлович (Maksim Mashin);cdm;rol_for_sum_set;REFERENCES;EDW All CDM;"REVOKE REFERENCES ON cdm.rol_for_sum_set FROM mpmashin;"
mpmashin;Машин Максим Павлович (Maksim Mashin);cdm;rol_for_sum_set;TRIGGER;EDW All CDM;"REVOKE TRIGGER ON cdm.rol_for_sum_set FROM mpmashin;"
yvvorobev;Воробьев Юрий Владимирович (Yury Vorobev);cdm;contract_hier_arm4;SELECT;EDW All CDM;"REVOKE SELECT ON cdm.contract_hier_arm4 FROM yvvorobev;"
yvvorobev;Воробьев Юрий Владимирович (Yury Vorobev);cdm;contract_hier_ekis;SELECT;EDW All CDM;"REVOKE SELECT ON cdm.contract_hier_ekis FROM yvvorobev;"
mpmashin;Машин Максим Павлович (Maksim Mashin);property;tmp_gdi_osago_reins_check;INSERT;EDW All Property;"REVOKE INSERT ON property.tmp_gdi_osago_reins_check FROM mpmashin;"
mpmashin;Машин Максим Павлович (Maksim Mashin);property;tmp_gdi_osago_reins_check;SELECT;EDW All Property;"REVOKE SELECT ON property.tmp_gdi_osago_reins_check FROM mpmashin;"
mpmashin;Машин Максим Павлович (Maksim Mashin);property;tmp_gdi_osago_reins_check;UPDATE;EDW All Property;"REVOKE UPDATE ON property.tmp_gdi_osago_reins_check FROM mpmashin;"
mpmashin;Машин Максим Павлович (Maksim Mashin);property;tmp_gdi_osago_reins_check;DELETE;EDW All Property;"REVOKE DELETE ON property.tmp_gdi_osago_reins_check FROM mpmashin;"
mpmashin;Машин Максим Павлович (Maksim Mashin);property;tmp_gdi_osago_reins_check;TRUNCATE;EDW All Property;"REVOKE TRUNCATE ON property.tmp_gdi_osago_reins_check FROM mpmashin;"
mpmashin;Машин Максим Павлович (Maksim Mashin);property;tmp_gdi_osago_reins_check;REFERENCES;EDW All Property;"REVOKE REFERENCES ON property.tmp_gdi_osago_reins_check FROM mpmashin;"
mpmashin;Машин Максим Павлович (Maksim Mashin);property;tmp_gdi_osago_reins_check;TRIGGER;EDW All Property;"REVOKE TRIGGER ON property.tmp_gdi_osago_reins_check FROM mpmashin;"
avchaplygina;Чаплыгина Алена Владимировна (Alena Chaplygina);cdm_analysis;dwhiv1302_dwh_kias_monthly_renew;SELECT;EDW Read Cdm Analysis;"REVOKE SELECT ON cdm_analysis.dwhiv1302_dwh_kias_monthly_renew FROM avchaplygina;"
tvbozhenkova;Боженкова Татьяна Владимировна (Tatyana Bozhenkova);cdm_analysis;dwhiv1302_dwh_kias_monthly_renew;SELECT;EDW Read Cdm Analysis;"REVOKE SELECT ON cdm_analysis.dwhiv1302_dwh_kias_monthly_renew FROM tvbozhenkova;"
evzubkov;Зубков Евгений Валентинович (Evgeniy Zubkov);core;claim_exception;INSERT;EDW All Core;"REVOKE INSERT ON core.claim_exception FROM evzubkov;"
evzubkov;Зубков Евгений Валентинович (Evgeniy Zubkov);core;claim_exception;SELECT;EDW All Core;"REVOKE SELECT ON core.claim_exception FROM evzubkov;"
evzubkov;Зубков Евгений Валентинович (Evgeniy Zubkov);core;claim_exception;UPDATE;EDW All Core;"REVOKE UPDATE ON core.claim_exception FROM evzubkov;"
evzubkov;Зубков Евгений Валентинович (Evgeniy Zubkov);core;claim_exception;DELETE;EDW All Core;"REVOKE DELETE ON core.claim_exception FROM evzubkov;"
evzubkov;Зубков Евгений Валентинович (Evgeniy Zubkov);core;claim_exception;TRUNCATE;EDW All Core;"REVOKE TRUNCATE ON core.claim_exception FROM evzubkov;"
evzubkov;Зубков Евгений Валентинович (Evgeniy Zubkov);core;claim_exception;REFERENCES;EDW All Core;"REVOKE REFERENCES ON core.claim_exception FROM evzubkov;"
evzubkov;Зубков Евгений Валентинович (Evgeniy Zubkov);core;claim_exception;TRIGGER;EDW All Core;"REVOKE TRIGGER ON core.claim_exception FROM evzubkov;"
alvreus;Реус Александр Валерьевич (Aleksandr Reus);core;claim_exception;SELECT;EDW Read Core;"REVOKE SELECT ON core.claim_exception FROM alvreus;"
vatsvetkova;Цветкова Виктория Андреевна (Viktoriya Tsvetkova);core;claim_exception;SELECT;EDW Read Core;"REVOKE SELECT ON core.claim_exception FROM vatsvetkova;"
mpmashin;Машин Максим Павлович (Maksim Mashin);core;claim_exception;SELECT;EDW All Core;"REVOKE SELECT ON core.claim_exception FROM mpmashin;"
evzubkov;Зубков Евгений Валентинович (Evgeniy Zubkov);core;claim_costtype;INSERT;EDW All Core;"REVOKE INSERT ON core.claim_costtype FROM evzubkov;"
evzubkov;Зубков Евгений Валентинович (Evgeniy Zubkov);core;claim_costtype;SELECT;EDW All Core;"REVOKE SELECT ON core.claim_costtype FROM evzubkov;"
evzubkov;Зубков Евгений Валентинович (Evgeniy Zubkov);core;claim_costtype;UPDATE;EDW All Core;"REVOKE UPDATE ON core.claim_costtype FROM evzubkov;"
evzubkov;Зубков Евгений Валентинович (Evgeniy Zubkov);core;claim_costtype;DELETE;EDW All Core;"REVOKE DELETE ON core.claim_costtype FROM evzubkov;"
evzubkov;Зубков Евгений Валентинович (Evgeniy Zubkov);core;claim_costtype;TRUNCATE;EDW All Core;"REVOKE TRUNCATE ON core.claim_costtype FROM evzubkov;"
evzubkov;Зубков Евгений Валентинович (Evgeniy Zubkov);core;claim_costtype;REFERENCES;EDW All Core;"REVOKE REFERENCES ON core.claim_costtype FROM evzubkov;"
evzubkov;Зубков Евгений Валентинович (Evgeniy Zubkov);core;claim_costtype;TRIGGER;EDW All Core;"REVOKE TRIGGER ON core.claim_costtype FROM evzubkov;"
alvreus;Реус Александр Валерьевич (Aleksandr Reus);core;claim_costtype;SELECT;EDW Read Core;"REVOKE SELECT ON core.claim_costtype FROM alvreus;"
vatsvetkova;Цветкова Виктория Андреевна (Viktoriya Tsvetkova);core;claim_costtype;SELECT;EDW Read Core;"REVOKE SELECT ON core.claim_costtype FROM vatsvetkova;"
mpmashin;Машин Максим Павлович (Maksim Mashin);core;claim_costtype;SELECT;EDW All Core;"REVOKE SELECT ON core.claim_costtype FROM mpmashin;"
saustimenko;Устименко Сергей Александрович (Sergey Ustimenko);cdm_analysis;commission_sap_errors;SELECT;EDW Read Cdm Analysis;"REVOKE SELECT ON cdm_analysis.commission_sap_errors FROM saustimenko;"
avchaplygina;Чаплыгина Алена Владимировна (Alena Chaplygina);cdm_analysis;commission_sap_errors;SELECT;EDW Read Cdm Analysis;"REVOKE SELECT ON cdm_analysis.commission_sap_errors FROM avchaplygina;"
gmindrupskaya;Индрупская Галина Михайловна (Galina Indrupskaya);cdm_analysis;commission_sap_errors;SELECT;EDW Read Cdm Analysis;"REVOKE SELECT ON cdm_analysis.commission_sap_errors FROM gmindrupskaya;"
yvvorobev;Воробьев Юрий Владимирович (Yury Vorobev);cdm;dm_m5kbm_claim_agg;SELECT;EDW All CDM;"REVOKE SELECT ON cdm.dm_m5kbm_claim_agg FROM yvvorobev;"
gmindrupskaya;Индрупская Галина Михайловна (Galina Indrupskaya);cdm_analysis;rtmp_tab_fssn_losses;SELECT;EDW Read Cdm Analysis;"REVOKE SELECT ON cdm_analysis.rtmp_tab_fssn_losses FROM gmindrupskaya;"
asergeev;Сергеев Артем Александрович (Artem Sergeev);cdm_analysis;rtmp_tab_fssn_losses;SELECT;EDW Read Cdm Analysis;"REVOKE SELECT ON cdm_analysis.rtmp_tab_fssn_losses FROM asergeev;"
yvvorobev;Воробьев Юрий Владимирович (Yury Vorobev);cdm;dm_realty_arm4_arbitrary;SELECT;EDW All CDM;"REVOKE SELECT ON cdm.dm_realty_arm4_arbitrary FROM yvvorobev;"
yvvorobev;Воробьев Юрий Владимирович (Yury Vorobev);cdm;dm_realty_arm4_xml_data;SELECT;EDW All CDM;"REVOKE SELECT ON cdm.dm_realty_arm4_xml_data FROM yvvorobev;"
qs_economic;QS_Economic;cdm_analysis;cb_kasko_prem_risk_old_21112022;SELECT;EDW Read Cdm Analysis;"REVOKE SELECT ON cdm_analysis.cb_kasko_prem_risk_old_21112022 FROM qs_economic;"
avchaplygina;Чаплыгина Алена Владимировна (Alena Chaplygina);cdm_analysis;cb_kasko_prem_risk_old_21112022;SELECT;EDW Read Cdm Analysis;"REVOKE SELECT ON cdm_analysis.cb_kasko_prem_risk_old_21112022 FROM avchaplygina;"
tvbozhenkova;Боженкова Татьяна Владимировна (Tatyana Bozhenkova);cdm_analysis;cb_kasko_prem_risk_old_21112022;SELECT;EDW Read Cdm Analysis;"REVOKE SELECT ON cdm_analysis.cb_kasko_prem_risk_old_21112022 FROM tvbozhenkova;"
ayzhukova;Жукова Анастасия Юрьевна (Anastasiya Zhukova);cdm_analysis;cb_kasko_prem_risk_old_21112022;SELECT;EDW Read Cdm Analysis;"REVOKE SELECT ON cdm_analysis.cb_kasko_prem_risk_old_21112022 FROM ayzhukova;"
ekorotkih;Коротких Екатерина Александровна (Ekaterina Korotkikh);cdm_analysis;cb_kasko_prem_risk_old_21112022;SELECT;EDW Read Cdm Analysis;"REVOKE SELECT ON cdm_analysis.cb_kasko_prem_risk_old_21112022 FROM ekorotkih;"
asergeev;Сергеев Артем Александрович (Artem Sergeev);cdm_analysis;cb_kasko_prem_risk_old_21112022;SELECT;EDW Read Cdm Analysis;"REVOKE SELECT ON cdm_analysis.cb_kasko_prem_risk_old_21112022 FROM asergeev;"
gmindrupskaya;Индрупская Галина Михайловна (Galina Indrupskaya);cdm_analysis;cb_kasko_prem_risk_old_21112022;SELECT;EDW Read Cdm Analysis;"REVOKE SELECT ON cdm_analysis.cb_kasko_prem_risk_old_21112022 FROM gmindrupskaya;"
avyurin;Юрин Андрей Викторович (Andrey Yurin);cdm_analysis;cb_kasko_prem_risk_old_21112022;SELECT;EDW Read Cdm Analysis;"REVOKE SELECT ON cdm_analysis.cb_kasko_prem_risk_old_21112022 FROM avyurin;"
qs_economic;QS_Economic;cdm_analysis;cb_kasko_prem_old_17112022;SELECT;EDW Read Cdm Analysis;"REVOKE SELECT ON cdm_analysis.cb_kasko_prem_old_17112022 FROM qs_economic;"
avchaplygina;Чаплыгина Алена Владимировна (Alena Chaplygina);cdm_analysis;cb_kasko_prem_old_17112022;SELECT;EDW Read Cdm Analysis;"REVOKE SELECT ON cdm_analysis.cb_kasko_prem_old_17112022 FROM avchaplygina;"
tvbozhenkova;Боженкова Татьяна Владимировна (Tatyana Bozhenkova);cdm_analysis;cb_kasko_prem_old_17112022;SELECT;EDW Read Cdm Analysis;"REVOKE SELECT ON cdm_analysis.cb_kasko_prem_old_17112022 FROM tvbozhenkova;"
ayzhukova;Жукова Анастасия Юрьевна (Anastasiya Zhukova);cdm_analysis;cb_kasko_prem_old_17112022;SELECT;EDW Read Cdm Analysis;"REVOKE SELECT ON cdm_analysis.cb_kasko_prem_old_17112022 FROM ayzhukova;"
ekorotkih;Коротких Екатерина Александровна (Ekaterina Korotkikh);cdm_analysis;cb_kasko_prem_old_17112022;SELECT;EDW Read Cdm Analysis;"REVOKE SELECT ON cdm_analysis.cb_kasko_prem_old_17112022 FROM ekorotkih;"
asergeev;Сергеев Артем Александрович (Artem Sergeev);cdm_analysis;cb_kasko_prem_old_17112022;SELECT;EDW Read Cdm Analysis;"REVOKE SELECT ON cdm_analysis.cb_kasko_prem_old_17112022 FROM asergeev;"
gmindrupskaya;Индрупская Галина Михайловна (Galina Indrupskaya);cdm_analysis;cb_kasko_prem_old_17112022;SELECT;EDW Read Cdm Analysis;"REVOKE SELECT ON cdm_analysis.cb_kasko_prem_old_17112022 FROM gmindrupskaya;"
avyurin;Юрин Андрей Викторович (Andrey Yurin);cdm_analysis;cb_kasko_prem_old_17112022;SELECT;EDW Read Cdm Analysis;"REVOKE SELECT ON cdm_analysis.cb_kasko_prem_old_17112022 FROM avyurin;"
alvreus;Реус Александр Валерьевич (Aleksandr Reus);core;cdi_blacklist;SELECT;EDW Read Core;"REVOKE SELECT ON core.cdi_blacklist FROM alvreus;"
vatsvetkova;Цветкова Виктория Андреевна (Viktoriya Tsvetkova);core;cdi_blacklist;SELECT;EDW Read Core;"REVOKE SELECT ON core.cdi_blacklist FROM vatsvetkova;"
mpmashin;Машин Максим Павлович (Maksim Mashin);core;cdi_blacklist;SELECT;EDW All Core;"REVOKE SELECT ON core.cdi_blacklist FROM mpmashin;"
vatsvetkova;Цветкова Виктория Андреевна (Viktoriya Tsvetkova);dwh_settings;dict_etl_ref_partner;INSERT;EDW All Dwh settings;"REVOKE INSERT ON dwh_settings.dict_etl_ref_partner FROM vatsvetkova;"
vatsvetkova;Цветкова Виктория Андреевна (Viktoriya Tsvetkova);dwh_settings;dict_etl_ref_partner;SELECT;EDW All Dwh settings;"REVOKE SELECT ON dwh_settings.dict_etl_ref_partner FROM vatsvetkova;"
vatsvetkova;Цветкова Виктория Андреевна (Viktoriya Tsvetkova);dwh_settings;dict_etl_ref_partner;UPDATE;EDW All Dwh settings;"REVOKE UPDATE ON dwh_settings.dict_etl_ref_partner FROM vatsvetkova;"
vatsvetkova;Цветкова Виктория Андреевна (Viktoriya Tsvetkova);dwh_settings;dict_etl_ref_partner;DELETE;EDW All Dwh settings;"REVOKE DELETE ON dwh_settings.dict_etl_ref_partner FROM vatsvetkova;"
vatsvetkova;Цветкова Виктория Андреевна (Viktoriya Tsvetkova);dwh_settings;dict_etl_ref_partner;TRUNCATE;EDW All Dwh settings;"REVOKE TRUNCATE ON dwh_settings.dict_etl_ref_partner FROM vatsvetkova;"
vatsvetkova;Цветкова Виктория Андреевна (Viktoriya Tsvetkova);dwh_settings;dict_etl_ref_partner;REFERENCES;EDW All Dwh settings;"REVOKE REFERENCES ON dwh_settings.dict_etl_ref_partner FROM vatsvetkova;"
vatsvetkova;Цветкова Виктория Андреевна (Viktoriya Tsvetkova);dwh_settings;dict_etl_ref_partner;TRIGGER;EDW All Dwh settings;"REVOKE TRIGGER ON dwh_settings.dict_etl_ref_partner FROM vatsvetkova;"
alvreus;Реус Александр Валерьевич (Aleksandr Reus);dwh_settings;dict_etl_ref_partner;INSERT;EDW All Dwh settings;"REVOKE INSERT ON dwh_settings.dict_etl_ref_partner FROM alvreus;"
alvreus;Реус Александр Валерьевич (Aleksandr Reus);dwh_settings;dict_etl_ref_partner;SELECT;EDW All Dwh settings;"REVOKE SELECT ON dwh_settings.dict_etl_ref_partner FROM alvreus;"
alvreus;Реус Александр Валерьевич (Aleksandr Reus);dwh_settings;dict_etl_ref_partner;UPDATE;EDW All Dwh settings;"REVOKE UPDATE ON dwh_settings.dict_etl_ref_partner FROM alvreus;"
alvreus;Реус Александр Валерьевич (Aleksandr Reus);dwh_settings;dict_etl_ref_partner;DELETE;EDW All Dwh settings;"REVOKE DELETE ON dwh_settings.dict_etl_ref_partner FROM alvreus;"
alvreus;Реус Александр Валерьевич (Aleksandr Reus);dwh_settings;dict_etl_ref_partner;TRUNCATE;EDW All Dwh settings;"REVOKE TRUNCATE ON dwh_settings.dict_etl_ref_partner FROM alvreus;"
alvreus;Реус Александр Валерьевич (Aleksandr Reus);dwh_settings;dict_etl_ref_partner;REFERENCES;EDW All Dwh settings;"REVOKE REFERENCES ON dwh_settings.dict_etl_ref_partner FROM alvreus;"
alvreus;Реус Александр Валерьевич (Aleksandr Reus);dwh_settings;dict_etl_ref_partner;TRIGGER;EDW All Dwh settings;"REVOKE TRIGGER ON dwh_settings.dict_etl_ref_partner FROM alvreus;"
mpmashin;Машин Максим Павлович (Maksim Mashin);dwh_settings;dict_etl_ref_partner;INSERT;EDW All Dwh settings;"REVOKE INSERT ON dwh_settings.dict_etl_ref_partner FROM mpmashin;"
mpmashin;Машин Максим Павлович (Maksim Mashin);dwh_settings;dict_etl_ref_partner;SELECT;EDW All Dwh settings;"REVOKE SELECT ON dwh_settings.dict_etl_ref_partner FROM mpmashin;"
mpmashin;Машин Максим Павлович (Maksim Mashin);dwh_settings;dict_etl_ref_partner;UPDATE;EDW All Dwh settings;"REVOKE UPDATE ON dwh_settings.dict_etl_ref_partner FROM mpmashin;"
mpmashin;Машин Максим Павлович (Maksim Mashin);dwh_settings;dict_etl_ref_partner;DELETE;EDW All Dwh settings;"REVOKE DELETE ON dwh_settings.dict_etl_ref_partner FROM mpmashin;"
mpmashin;Машин Максим Павлович (Maksim Mashin);dwh_settings;dict_etl_ref_partner;TRUNCATE;EDW All Dwh settings;"REVOKE TRUNCATE ON dwh_settings.dict_etl_ref_partner FROM mpmashin;"
mpmashin;Машин Максим Павлович (Maksim Mashin);dwh_settings;dict_etl_ref_partner;REFERENCES;EDW All Dwh settings;"REVOKE REFERENCES ON dwh_settings.dict_etl_ref_partner FROM mpmashin;"
mpmashin;Машин Максим Павлович (Maksim Mashin);dwh_settings;dict_etl_ref_partner;TRIGGER;EDW All Dwh settings;"REVOKE TRIGGER ON dwh_settings.dict_etl_ref_partner FROM mpmashin;"
qlik_ad;qlik_ad;cdm_analysis;staffing2_agent;SELECT;EDW Read Cdm Analysis;"REVOKE SELECT ON cdm_analysis.staffing2_agent FROM qlik_ad;"
gmindrupskaya;Индрупская Галина Михайловна (Galina Indrupskaya);cdm_analysis;dcm_con_err_0723;SELECT;EDW Read Cdm Analysis;"REVOKE SELECT ON cdm_analysis.dcm_con_err_0723 FROM gmindrupskaya;"
qlik_ad;qlik_ad;cdm_analysis;staffing2_link;SELECT;EDW Read Cdm Analysis;"REVOKE SELECT ON cdm_analysis.staffing2_link FROM qlik_ad;"
ayzhukova;Жукова Анастасия Юрьевна (Anastasiya Zhukova);cdm_analysis;rep_guru_subrogation_tst;SELECT;EDW Read Cdm Analysis;"REVOKE SELECT ON cdm_analysis.rep_guru_subrogation_tst FROM ayzhukova;"
teabel;Абель Татьяна Евгеньевна (Tatyana Abel);cdm_analysis;rep_guru_subrogation_tst;SELECT;EDW Read Cdm Analysis;"REVOKE SELECT ON cdm_analysis.rep_guru_subrogation_tst FROM teabel;"
ekorotkih;Коротких Екатерина Александровна (Ekaterina Korotkikh);cdm_analysis;rep_guru_subrogation_tst;SELECT;EDW Read Cdm Analysis;"REVOKE SELECT ON cdm_analysis.rep_guru_subrogation_tst FROM ekorotkih;"
aarozhnov;Рожнов Андрей Алексеевич (Andrey Rozhnov);cdm_analysis;rep_guru_subrogation_tst;SELECT;EDW Read Cdm Analysis;"REVOKE SELECT ON cdm_analysis.rep_guru_subrogation_tst FROM aarozhnov;"
asergeev;Сергеев Артем Александрович (Artem Sergeev);cdm_analysis;rep_guru_subrogation_tst;SELECT;EDW Read Cdm Analysis;"REVOKE SELECT ON cdm_analysis.rep_guru_subrogation_tst FROM asergeev;"
ogbykova;Быкова Ольга Геннадьевна (Olga Bykova);cdm_analysis;rep_guru_subrogation_tst;SELECT;EDW Read Cdm Analysis;"REVOKE SELECT ON cdm_analysis.rep_guru_subrogation_tst FROM ogbykova;"
mskazakov;Казаков Максим Сергеевич (Maksim Kazakov);cdm_analysis;rep_guru_subrogation_tst;SELECT;EDW Read Cdm Analysis;"REVOKE SELECT ON cdm_analysis.rep_guru_subrogation_tst FROM mskazakov;"
oakalyagina;Калягина Олеся Александровна (Olesya Kalyagina);cdm_analysis;rep_guru_subrogation_tst;SELECT;EDW Read Cdm Analysis;"REVOKE SELECT ON cdm_analysis.rep_guru_subrogation_tst FROM oakalyagina;"
gmindrupskaya;Индрупская Галина Михайловна (Galina Indrupskaya);cdm_analysis;rep_guru_subrogation_tst;SELECT;EDW Read Cdm Analysis;"REVOKE SELECT ON cdm_analysis.rep_guru_subrogation_tst FROM gmindrupskaya;"
torekhova;Орехова Татьяна Александровна (Tatyana Orekhova);cdm_analysis;rep_guru_subrogation_tst;SELECT;EDW Read Cdm Analysis;"REVOKE SELECT ON cdm_analysis.rep_guru_subrogation_tst FROM torekhova;"
tksolomina;Соломина Татьяна Константиновна (Tatyana Solomina);cdm_analysis;rep_guru_subrogation_tst;SELECT;EDW Read Cdm Analysis;"REVOKE SELECT ON cdm_analysis.rep_guru_subrogation_tst FROM tksolomina;"
aerikova;Ерикова Анастасия Петровна (Anastasiya Erikova);cdm_analysis;rep_guru_subrogation_tst;SELECT;EDW Read Cdm Analysis;"REVOKE SELECT ON cdm_analysis.rep_guru_subrogation_tst FROM aerikova;"
ayzhukova;Жукова Анастасия Юрьевна (Anastasiya Zhukova);cdm_analysis;rol_for_count_daily_tst;SELECT;EDW Read Cdm Analysis;"REVOKE SELECT ON cdm_analysis.rol_for_count_daily_tst FROM ayzhukova;"
teabel;Абель Татьяна Евгеньевна (Tatyana Abel);cdm_analysis;rol_for_count_daily_tst;SELECT;EDW Read Cdm Analysis;"REVOKE SELECT ON cdm_analysis.rol_for_count_daily_tst FROM teabel;"
ekorotkih;Коротких Екатерина Александровна (Ekaterina Korotkikh);cdm_analysis;rol_for_count_daily_tst;SELECT;EDW Read Cdm Analysis;"REVOKE SELECT ON cdm_analysis.rol_for_count_daily_tst FROM ekorotkih;"
aarozhnov;Рожнов Андрей Алексеевич (Andrey Rozhnov);cdm_analysis;rol_for_count_daily_tst;SELECT;EDW Read Cdm Analysis;"REVOKE SELECT ON cdm_analysis.rol_for_count_daily_tst FROM aarozhnov;"
asergeev;Сергеев Артем Александрович (Artem Sergeev);cdm_analysis;rol_for_count_daily_tst;SELECT;EDW Read Cdm Analysis;"REVOKE SELECT ON cdm_analysis.rol_for_count_daily_tst FROM asergeev;"
ogbykova;Быкова Ольга Геннадьевна (Olga Bykova);cdm_analysis;rol_for_count_daily_tst;SELECT;EDW Read Cdm Analysis;"REVOKE SELECT ON cdm_analysis.rol_for_count_daily_tst FROM ogbykova;"
mskazakov;Казаков Максим Сергеевич (Maksim Kazakov);cdm_analysis;rol_for_count_daily_tst;SELECT;EDW Read Cdm Analysis;"REVOKE SELECT ON cdm_analysis.rol_for_count_daily_tst FROM mskazakov;"
oakalyagina;Калягина Олеся Александровна (Olesya Kalyagina);cdm_analysis;rol_for_count_daily_tst;SELECT;EDW Read Cdm Analysis;"REVOKE SELECT ON cdm_analysis.rol_for_count_daily_tst FROM oakalyagina;"
gmindrupskaya;Индрупская Галина Михайловна (Galina Indrupskaya);cdm_analysis;rol_for_count_daily_tst;SELECT;EDW Read Cdm Analysis;"REVOKE SELECT ON cdm_analysis.rol_for_count_daily_tst FROM gmindrupskaya;"
torekhova;Орехова Татьяна Александровна (Tatyana Orekhova);cdm_analysis;rol_for_count_daily_tst;SELECT;EDW Read Cdm Analysis;"REVOKE SELECT ON cdm_analysis.rol_for_count_daily_tst FROM torekhova;"
tksolomina;Соломина Татьяна Константиновна (Tatyana Solomina);cdm_analysis;rol_for_count_daily_tst;SELECT;EDW Read Cdm Analysis;"REVOKE SELECT ON cdm_analysis.rol_for_count_daily_tst FROM tksolomina;"
aerikova;Ерикова Анастасия Петровна (Anastasiya Erikova);cdm_analysis;rol_for_count_daily_tst;SELECT;EDW Read Cdm Analysis;"REVOKE SELECT ON cdm_analysis.rol_for_count_daily_tst FROM aerikova;"
tvbozhenkova;Боженкова Татьяна Владимировна (Tatyana Bozhenkova);cdm_analysis;t16500;SELECT;EDW Read Cdm Analysis;"REVOKE SELECT ON cdm_analysis.t16500 FROM tvbozhenkova;"
avchaplygina;Чаплыгина Алена Владимировна (Alena Chaplygina);cdm_analysis;t16500;SELECT;EDW Read Cdm Analysis;"REVOKE SELECT ON cdm_analysis.t16500 FROM avchaplygina;"
qs_economic;QS_Economic;cdm_analysis;t16500;SELECT;EDW Read Cdm Analysis;"REVOKE SELECT ON cdm_analysis.t16500 FROM qs_economic;"
avchaplygina;Чаплыгина Алена Владимировна (Alena Chaplygina);cdm_analysis;t16500_v2;SELECT;EDW Read Cdm Analysis;"REVOKE SELECT ON cdm_analysis.t16500_v2 FROM avchaplygina;"
avyurin;Юрин Андрей Викторович (Andrey Yurin);cdm_analysis;t16500_v2;SELECT;EDW Read Cdm Analysis;"REVOKE SELECT ON cdm_analysis.t16500_v2 FROM avyurin;"
qs_economic;QS_Economic;cdm_analysis;t16500_v2;SELECT;EDW Read Cdm Analysis;"REVOKE SELECT ON cdm_analysis.t16500_v2 FROM qs_economic;"
tvbozhenkova;Боженкова Татьяна Владимировна (Tatyana Bozhenkova);cdm_analysis;t16500_v2;SELECT;EDW Read Cdm Analysis;"REVOKE SELECT ON cdm_analysis.t16500_v2 FROM tvbozhenkova;"
aatokolova;Токолова Алина Александровна (Alina Tokolova);cdm_analysis;date_1859;SELECT;EDW Read Cdm Analysis;"REVOKE SELECT ON cdm_analysis.date_1859 FROM aatokolova;"
aozhigalov;Жигалов Артур Олегович (Artur Zhigalov);cdm_analysis;date_1859;SELECT;EDW Read Cdm Analysis;"REVOKE SELECT ON cdm_analysis.date_1859 FROM aozhigalov;"
rdayzatulin;Айзатулин Ринат Дамирович (Rinat Ayzatulin);cdm_analysis;date_1859;SELECT;EDW Read Cdm Analysis;"REVOKE SELECT ON cdm_analysis.date_1859 FROM rdayzatulin;"
asfesenko;Фесенко Александр Сергеевич (Aleksandr Fesenko);cdm_analysis;date_1859;SELECT;EDW Read Cdm Analysis;"REVOKE SELECT ON cdm_analysis.date_1859 FROM asfesenko;"
digarifulin;Гарифулин Дмитрий Исмагильевич (Dmitriy Garifulin);cdm_analysis;date_1859;SELECT;EDW Read Cdm Analysis;"REVOKE SELECT ON cdm_analysis.date_1859 FROM digarifulin;"
yvvorobev;Воробьев Юрий Владимирович (Yury Vorobev);cdm_analysis;date_1859;SELECT;EDW All Cdm Analysis;"REVOKE SELECT ON cdm_analysis.date_1859 FROM yvvorobev;"
akavdeev;Авдеев Андрей Кириллович (Andrey Avdeev);cdm_analysis;date_1859;SELECT;EDW Read Cdm Analysis;"REVOKE SELECT ON cdm_analysis.date_1859 FROM akavdeev;"
gmvargaftik;Варгафтик Григорий Михайлович (Grigoriy Vargaftik);cdm_analysis;date_1859;SELECT;EDW Read Cdm Analysis;"REVOKE SELECT ON cdm_analysis.date_1859 FROM gmvargaftik;"
avdombrovskiy;Домбровский Александр Владимирович (Aleksandr Dombrovskiy);cdm_analysis;date_1859;SELECT;EDW Read Cdm Analysis;"REVOKE SELECT ON cdm_analysis.date_1859 FROM avdombrovskiy;"
aefilkin;Филькин Александр Евгеньевич (Aleksandr Filkin);cdm_analysis;dz_cbrf_monthly_err_ekis;SELECT;EDW Read Cdm Analysis;"REVOKE SELECT ON cdm_analysis.dz_cbrf_monthly_err_ekis FROM aefilkin;"
gmindrupskaya;Индрупская Галина Михайловна (Galina Indrupskaya);cdm_analysis;ref_category_monitoring_dariad;SELECT;EDW Read Cdm Analysis;"REVOKE SELECT ON cdm_analysis.ref_category_monitoring_dariad FROM gmindrupskaya;"
aarozhnov;Рожнов Андрей Алексеевич (Andrey Rozhnov);cdm_analysis;ref_category_monitoring_dariad;SELECT;EDW Read Cdm Analysis;"REVOKE SELECT ON cdm_analysis.ref_category_monitoring_dariad FROM aarozhnov;"
teabel;Абель Татьяна Евгеньевна (Tatyana Abel);cdm_analysis;ref_category_monitoring_dariad;SELECT;EDW Read Cdm Analysis;"REVOKE SELECT ON cdm_analysis.ref_category_monitoring_dariad FROM teabel;"
ogbykova;Быкова Ольга Геннадьевна (Olga Bykova);cdm_analysis;ref_category_monitoring_dariad;SELECT;EDW Read Cdm Analysis;"REVOKE SELECT ON cdm_analysis.ref_category_monitoring_dariad FROM ogbykova;"
asergeev;Сергеев Артем Александрович (Artem Sergeev);cdm_analysis;ref_category_monitoring_dariad;SELECT;EDW Read Cdm Analysis;"REVOKE SELECT ON cdm_analysis.ref_category_monitoring_dariad FROM asergeev;"
yvvorobev;Воробьев Юрий Владимирович (Yury Vorobev);cdm;dm_realty_base__from_ods;SELECT;EDW All CDM;"REVOKE SELECT ON cdm.dm_realty_base__from_ods FROM yvvorobev;"
yvvorobev;Воробьев Юрий Владимирович (Yury Vorobev);cdm;dm_realty_base;SELECT;EDW All CDM;"REVOKE SELECT ON cdm.dm_realty_base FROM yvvorobev;"
yvvorobev;Воробьев Юрий Владимирович (Yury Vorobev);cdm;ch_veh_ccode_k;SELECT;EDW All CDM;"REVOKE SELECT ON cdm.ch_veh_ccode_k FROM yvvorobev;"
yvvorobev;Воробьев Юрий Владимирович (Yury Vorobev);cdm;dm_kasko_reservation;SELECT;EDW All CDM;"REVOKE SELECT ON cdm.dm_kasko_reservation FROM yvvorobev;"
yvvorobev;Воробьев Юрий Владимирович (Yury Vorobev);cdm;ac_claim_incr;SELECT;EDW All CDM;"REVOKE SELECT ON cdm.ac_claim_incr FROM yvvorobev;"
yvvorobev;Воробьев Юрий Владимирович (Yury Vorobev);cdm;pr_claim_rzu;SELECT;EDW All CDM;"REVOKE SELECT ON cdm.pr_claim_rzu FROM yvvorobev;"
yvvorobev;Воробьев Юрий Владимирович (Yury Vorobev);cdm;dm_kasko_person_claim;SELECT;EDW All CDM;"REVOKE SELECT ON cdm.dm_kasko_person_claim FROM yvvorobev;"
report;Сервер отчетов;cdm_analysis;dict_accident_name_nsa;INSERT;EDW All Cdm Analysis;"REVOKE INSERT ON cdm_analysis.dict_accident_name_nsa FROM report;"
report;Сервер отчетов;cdm_analysis;dict_accident_name_nsa;SELECT;EDW All Cdm Analysis;"REVOKE SELECT ON cdm_analysis.dict_accident_name_nsa FROM report;"
report;Сервер отчетов;cdm_analysis;dict_accident_name_nsa;TRUNCATE;EDW All Cdm Analysis;"REVOKE TRUNCATE ON cdm_analysis.dict_accident_name_nsa FROM report;"
ayzhukova;Жукова Анастасия Юрьевна (Anastasiya Zhukova);cdm_analysis;rep_guru_suits_tst;SELECT;EDW Read Cdm Analysis;"REVOKE SELECT ON cdm_analysis.rep_guru_suits_tst FROM ayzhukova;"
teabel;Абель Татьяна Евгеньевна (Tatyana Abel);cdm_analysis;rep_guru_suits_tst;SELECT;EDW Read Cdm Analysis;"REVOKE SELECT ON cdm_analysis.rep_guru_suits_tst FROM teabel;"
ekorotkih;Коротких Екатерина Александровна (Ekaterina Korotkikh);cdm_analysis;rep_guru_suits_tst;SELECT;EDW Read Cdm Analysis;"REVOKE SELECT ON cdm_analysis.rep_guru_suits_tst FROM ekorotkih;"
aarozhnov;Рожнов Андрей Алексеевич (Andrey Rozhnov);cdm_analysis;rep_guru_suits_tst;SELECT;EDW Read Cdm Analysis;"REVOKE SELECT ON cdm_analysis.rep_guru_suits_tst FROM aarozhnov;"
asergeev;Сергеев Артем Александрович (Artem Sergeev);cdm_analysis;rep_guru_suits_tst;SELECT;EDW Read Cdm Analysis;"REVOKE SELECT ON cdm_analysis.rep_guru_suits_tst FROM asergeev;"
ogbykova;Быкова Ольга Геннадьевна (Olga Bykova);cdm_analysis;rep_guru_suits_tst;SELECT;EDW Read Cdm Analysis;"REVOKE SELECT ON cdm_analysis.rep_guru_suits_tst FROM ogbykova;"
mskazakov;Казаков Максим Сергеевич (Maksim Kazakov);cdm_analysis;rep_guru_suits_tst;SELECT;EDW Read Cdm Analysis;"REVOKE SELECT ON cdm_analysis.rep_guru_suits_tst FROM mskazakov;"
oakalyagina;Калягина Олеся Александровна (Olesya Kalyagina);cdm_analysis;rep_guru_suits_tst;SELECT;EDW Read Cdm Analysis;"REVOKE SELECT ON cdm_analysis.rep_guru_suits_tst FROM oakalyagina;"
gmindrupskaya;Индрупская Галина Михайловна (Galina Indrupskaya);cdm_analysis;rep_guru_suits_tst;SELECT;EDW Read Cdm Analysis;"REVOKE SELECT ON cdm_analysis.rep_guru_suits_tst FROM gmindrupskaya;"
torekhova;Орехова Татьяна Александровна (Tatyana Orekhova);cdm_analysis;rep_guru_suits_tst;SELECT;EDW Read Cdm Analysis;"REVOKE SELECT ON cdm_analysis.rep_guru_suits_tst FROM torekhova;"
tksolomina;Соломина Татьяна Константиновна (Tatyana Solomina);cdm_analysis;rep_guru_suits_tst;SELECT;EDW Read Cdm Analysis;"REVOKE SELECT ON cdm_analysis.rep_guru_suits_tst FROM tksolomina;"
aerikova;Ерикова Анастасия Петровна (Anastasiya Erikova);cdm_analysis;rep_guru_suits_tst;SELECT;EDW Read Cdm Analysis;"REVOKE SELECT ON cdm_analysis.rep_guru_suits_tst FROM aerikova;"
gmindrupskaya;Индрупская Галина Михайловна (Galina Indrupskaya);cdm_analysis;rol_for_count_33;SELECT;EDW Read Cdm Analysis;"REVOKE SELECT ON cdm_analysis.rol_for_count_33 FROM gmindrupskaya;"
asergeev;Сергеев Артем Александрович (Artem Sergeev);cdm_analysis;rol_for_count_33;SELECT;EDW Read Cdm Analysis;"REVOKE SELECT ON cdm_analysis.rol_for_count_33 FROM asergeev;"
ayzhukova;Жукова Анастасия Юрьевна (Anastasiya Zhukova);cdm_analysis;rol_for_count_tst;SELECT;EDW Read Cdm Analysis;"REVOKE SELECT ON cdm_analysis.rol_for_count_tst FROM ayzhukova;"
teabel;Абель Татьяна Евгеньевна (Tatyana Abel);cdm_analysis;rol_for_count_tst;SELECT;EDW Read Cdm Analysis;"REVOKE SELECT ON cdm_analysis.rol_for_count_tst FROM teabel;"
ekorotkih;Коротких Екатерина Александровна (Ekaterina Korotkikh);cdm_analysis;rol_for_count_tst;SELECT;EDW Read Cdm Analysis;"REVOKE SELECT ON cdm_analysis.rol_for_count_tst FROM ekorotkih;"
aarozhnov;Рожнов Андрей Алексеевич (Andrey Rozhnov);cdm_analysis;rol_for_count_tst;SELECT;EDW Read Cdm Analysis;"REVOKE SELECT ON cdm_analysis.rol_for_count_tst FROM aarozhnov;"
asergeev;Сергеев Артем Александрович (Artem Sergeev);cdm_analysis;rol_for_count_tst;SELECT;EDW Read Cdm Analysis;"REVOKE SELECT ON cdm_analysis.rol_for_count_tst FROM asergeev;"
ogbykova;Быкова Ольга Геннадьевна (Olga Bykova);cdm_analysis;rol_for_count_tst;SELECT;EDW Read Cdm Analysis;"REVOKE SELECT ON cdm_analysis.rol_for_count_tst FROM ogbykova;"
mskazakov;Казаков Максим Сергеевич (Maksim Kazakov);cdm_analysis;rol_for_count_tst;SELECT;EDW Read Cdm Analysis;"REVOKE SELECT ON cdm_analysis.rol_for_count_tst FROM mskazakov;"
oakalyagina;Калягина Олеся Александровна (Olesya Kalyagina);cdm_analysis;rol_for_count_tst;SELECT;EDW Read Cdm Analysis;"REVOKE SELECT ON cdm_analysis.rol_for_count_tst FROM oakalyagina;"
gmindrupskaya;Индрупская Галина Михайловна (Galina Indrupskaya);cdm_analysis;rol_for_count_tst;SELECT;EDW Read Cdm Analysis;"REVOKE SELECT ON cdm_analysis.rol_for_count_tst FROM gmindrupskaya;"
torekhova;Орехова Татьяна Александровна (Tatyana Orekhova);cdm_analysis;rol_for_count_tst;SELECT;EDW Read Cdm Analysis;"REVOKE SELECT ON cdm_analysis.rol_for_count_tst FROM torekhova;"
tksolomina;Соломина Татьяна Константиновна (Tatyana Solomina);cdm_analysis;rol_for_count_tst;SELECT;EDW Read Cdm Analysis;"REVOKE SELECT ON cdm_analysis.rol_for_count_tst FROM tksolomina;"
aerikova;Ерикова Анастасия Петровна (Anastasiya Erikova);cdm_analysis;rol_for_count_tst;SELECT;EDW Read Cdm Analysis;"REVOKE SELECT ON cdm_analysis.rol_for_count_tst FROM aerikova;"
ayzhukova;Жукова Анастасия Юрьевна (Anastasiya Zhukova);cdm_analysis;rol_for_sum_add_tst;SELECT;EDW Read Cdm Analysis;"REVOKE SELECT ON cdm_analysis.rol_for_sum_add_tst FROM ayzhukova;"
teabel;Абель Татьяна Евгеньевна (Tatyana Abel);cdm_analysis;rol_for_sum_add_tst;SELECT;EDW Read Cdm Analysis;"REVOKE SELECT ON cdm_analysis.rol_for_sum_add_tst FROM teabel;"
ekorotkih;Коротких Екатерина Александровна (Ekaterina Korotkikh);cdm_analysis;rol_for_sum_add_tst;SELECT;EDW Read Cdm Analysis;"REVOKE SELECT ON cdm_analysis.rol_for_sum_add_tst FROM ekorotkih;"
aarozhnov;Рожнов Андрей Алексеевич (Andrey Rozhnov);cdm_analysis;rol_for_sum_add_tst;SELECT;EDW Read Cdm Analysis;"REVOKE SELECT ON cdm_analysis.rol_for_sum_add_tst FROM aarozhnov;"
asergeev;Сергеев Артем Александрович (Artem Sergeev);cdm_analysis;rol_for_sum_add_tst;SELECT;EDW Read Cdm Analysis;"REVOKE SELECT ON cdm_analysis.rol_for_sum_add_tst FROM asergeev;"
ogbykova;Быкова Ольга Геннадьевна (Olga Bykova);cdm_analysis;rol_for_sum_add_tst;SELECT;EDW Read Cdm Analysis;"REVOKE SELECT ON cdm_analysis.rol_for_sum_add_tst FROM ogbykova;"
mskazakov;Казаков Максим Сергеевич (Maksim Kazakov);cdm_analysis;rol_for_sum_add_tst;SELECT;EDW Read Cdm Analysis;"REVOKE SELECT ON cdm_analysis.rol_for_sum_add_tst FROM mskazakov;"
oakalyagina;Калягина Олеся Александровна (Olesya Kalyagina);cdm_analysis;rol_for_sum_add_tst;SELECT;EDW Read Cdm Analysis;"REVOKE SELECT ON cdm_analysis.rol_for_sum_add_tst FROM oakalyagina;"
gmindrupskaya;Индрупская Галина Михайловна (Galina Indrupskaya);cdm_analysis;rol_for_sum_add_tst;SELECT;EDW Read Cdm Analysis;"REVOKE SELECT ON cdm_analysis.rol_for_sum_add_tst FROM gmindrupskaya;"
torekhova;Орехова Татьяна Александровна (Tatyana Orekhova);cdm_analysis;rol_for_sum_add_tst;SELECT;EDW Read Cdm Analysis;"REVOKE SELECT ON cdm_analysis.rol_for_sum_add_tst FROM torekhova;"
tksolomina;Соломина Татьяна Константиновна (Tatyana Solomina);cdm_analysis;rol_for_sum_add_tst;SELECT;EDW Read Cdm Analysis;"REVOKE SELECT ON cdm_analysis.rol_for_sum_add_tst FROM tksolomina;"
aerikova;Ерикова Анастасия Петровна (Anastasiya Erikova);cdm_analysis;rol_for_sum_add_tst;SELECT;EDW Read Cdm Analysis;"REVOKE SELECT ON cdm_analysis.rol_for_sum_add_tst FROM aerikova;"
gmindrupskaya;Индрупская Галина Михайловна (Galina Indrupskaya);cdm_analysis;zppr61_tb_6450;SELECT;EDW Read Cdm Analysis;"REVOKE SELECT ON cdm_analysis.zppr61_tb_6450 FROM gmindrupskaya;"
ekorotkih;Коротких Екатерина Александровна (Ekaterina Korotkikh);cdm_analysis;zppr61_tb_6450;SELECT;EDW Read Cdm Analysis;"REVOKE SELECT ON cdm_analysis.zppr61_tb_6450 FROM ekorotkih;"
mpmashin;Машин Максим Павлович (Maksim Mashin);core;account_buh;SELECT;EDW All Core;"REVOKE SELECT ON core.account_buh FROM mpmashin;"
vatsvetkova;Цветкова Виктория Андреевна (Viktoriya Tsvetkova);core;account_buh;SELECT;EDW Read Core;"REVOKE SELECT ON core.account_buh FROM vatsvetkova;"
alvreus;Реус Александр Валерьевич (Aleksandr Reus);core;account_buh;SELECT;EDW Read Core;"REVOKE SELECT ON core.account_buh FROM alvreus;"
alvreus;Реус Александр Валерьевич (Aleksandr Reus);core;ref_add_coverage;SELECT;EDW Read Core;"REVOKE SELECT ON core.ref_add_coverage FROM alvreus;"
vatsvetkova;Цветкова Виктория Андреевна (Viktoriya Tsvetkova);core;ref_add_coverage;SELECT;EDW Read Core;"REVOKE SELECT ON core.ref_add_coverage FROM vatsvetkova;"
mpmashin;Машин Максим Павлович (Maksim Mashin);core;ref_add_coverage;SELECT;EDW All Core;"REVOKE SELECT ON core.ref_add_coverage FROM mpmashin;"
alvreus;Реус Александр Валерьевич (Aleksandr Reus);core;ref_premise;SELECT;EDW Read Core;"REVOKE SELECT ON core.ref_premise FROM alvreus;"
vatsvetkova;Цветкова Виктория Андреевна (Viktoriya Tsvetkova);core;ref_premise;SELECT;EDW Read Core;"REVOKE SELECT ON core.ref_premise FROM vatsvetkova;"
mpmashin;Машин Максим Павлович (Maksim Mashin);core;ref_premise;SELECT;EDW All Core;"REVOKE SELECT ON core.ref_premise FROM mpmashin;"
alvreus;Реус Александр Валерьевич (Aleksandr Reus);core;ref_finishing_type;SELECT;EDW Read Core;"REVOKE SELECT ON core.ref_finishing_type FROM alvreus;"
vatsvetkova;Цветкова Виктория Андреевна (Viktoriya Tsvetkova);core;ref_finishing_type;SELECT;EDW Read Core;"REVOKE SELECT ON core.ref_finishing_type FROM vatsvetkova;"
mpmashin;Машин Максим Павлович (Maksim Mashin);core;ref_finishing_type;SELECT;EDW All Core;"REVOKE SELECT ON core.ref_finishing_type FROM mpmashin;"
alvreus;Реус Александр Валерьевич (Aleksandr Reus);core;ref_equipment_condition;SELECT;EDW Read Core;"REVOKE SELECT ON core.ref_equipment_condition FROM alvreus;"
vatsvetkova;Цветкова Виктория Андреевна (Viktoriya Tsvetkova);core;ref_equipment_condition;SELECT;EDW Read Core;"REVOKE SELECT ON core.ref_equipment_condition FROM vatsvetkova;"
mpmashin;Машин Максим Павлович (Maksim Mashin);core;ref_equipment_condition;SELECT;EDW All Core;"REVOKE SELECT ON core.ref_equipment_condition FROM mpmashin;"
alvreus;Реус Александр Валерьевич (Aleksandr Reus);core;ref_construction_condition_delta_old;SELECT;EDW Read Core;"REVOKE SELECT ON core.ref_construction_condition_delta_old FROM alvreus;"
vatsvetkova;Цветкова Виктория Андреевна (Viktoriya Tsvetkova);core;ref_construction_condition_delta_old;SELECT;EDW Read Core;"REVOKE SELECT ON core.ref_construction_condition_delta_old FROM vatsvetkova;"
mpmashin;Машин Максим Павлович (Maksim Mashin);core;ref_construction_condition_delta_old;SELECT;EDW All Core;"REVOKE SELECT ON core.ref_construction_condition_delta_old FROM mpmashin;"
report;Сервер отчетов;bzk;rsp_base_ret_delta;SELECT;EDW All BZK;"REVOKE SELECT ON bzk.rsp_base_ret_delta FROM report;"
alvreus;Реус Александр Валерьевич (Aleksandr Reus);core;reinsurance_declared_return;SELECT;EDW Read Core;"REVOKE SELECT ON core.reinsurance_declared_return FROM alvreus;"
vatsvetkova;Цветкова Виктория Андреевна (Viktoriya Tsvetkova);core;reinsurance_declared_return;SELECT;EDW Read Core;"REVOKE SELECT ON core.reinsurance_declared_return FROM vatsvetkova;"
mpmashin;Машин Максим Павлович (Maksim Mashin);core;reinsurance_declared_return;SELECT;EDW All Core;"REVOKE SELECT ON core.reinsurance_declared_return FROM mpmashin;"
alvreus;Реус Александр Валерьевич (Aleksandr Reus);core;claim_matter;SELECT;EDW Read Core;"REVOKE SELECT ON core.claim_matter FROM alvreus;"
vatsvetkova;Цветкова Виктория Андреевна (Viktoriya Tsvetkova);core;claim_matter;SELECT;EDW Read Core;"REVOKE SELECT ON core.claim_matter FROM vatsvetkova;"
mpmashin;Машин Максим Павлович (Maksim Mashin);core;claim_matter;SELECT;EDW All Core;"REVOKE SELECT ON core.claim_matter FROM mpmashin;"
evzubkov;Зубков Евгений Валентинович (Evgeniy Zubkov);core;sale_channel_162_agent_link;INSERT;EDW All Core;"REVOKE INSERT ON core.sale_channel_162_agent_link FROM evzubkov;"
evzubkov;Зубков Евгений Валентинович (Evgeniy Zubkov);core;sale_channel_162_agent_link;SELECT;EDW All Core;"REVOKE SELECT ON core.sale_channel_162_agent_link FROM evzubkov;"
evzubkov;Зубков Евгений Валентинович (Evgeniy Zubkov);core;sale_channel_162_agent_link;UPDATE;EDW All Core;"REVOKE UPDATE ON core.sale_channel_162_agent_link FROM evzubkov;"
evzubkov;Зубков Евгений Валентинович (Evgeniy Zubkov);core;sale_channel_162_agent_link;DELETE;EDW All Core;"REVOKE DELETE ON core.sale_channel_162_agent_link FROM evzubkov;"
evzubkov;Зубков Евгений Валентинович (Evgeniy Zubkov);core;sale_channel_162_agent_link;TRUNCATE;EDW All Core;"REVOKE TRUNCATE ON core.sale_channel_162_agent_link FROM evzubkov;"
evzubkov;Зубков Евгений Валентинович (Evgeniy Zubkov);core;sale_channel_162_agent_link;REFERENCES;EDW All Core;"REVOKE REFERENCES ON core.sale_channel_162_agent_link FROM evzubkov;"
evzubkov;Зубков Евгений Валентинович (Evgeniy Zubkov);core;sale_channel_162_agent_link;TRIGGER;EDW All Core;"REVOKE TRIGGER ON core.sale_channel_162_agent_link FROM evzubkov;"
alvreus;Реус Александр Валерьевич (Aleksandr Reus);core;sale_channel_162_agent_link;SELECT;EDW Read Core;"REVOKE SELECT ON core.sale_channel_162_agent_link FROM alvreus;"
vatsvetkova;Цветкова Виктория Андреевна (Viktoriya Tsvetkova);core;sale_channel_162_agent_link;SELECT;EDW Read Core;"REVOKE SELECT ON core.sale_channel_162_agent_link FROM vatsvetkova;"
mpmashin;Машин Максим Павлович (Maksim Mashin);core;sale_channel_162_agent_link;SELECT;EDW All Core;"REVOKE SELECT ON core.sale_channel_162_agent_link FROM mpmashin;"
alvreus;Реус Александр Валерьевич (Aleksandr Reus);core;claim_subrogation_approvedsum;SELECT;EDW Read Core;"REVOKE SELECT ON core.claim_subrogation_approvedsum FROM alvreus;"
vatsvetkova;Цветкова Виктория Андреевна (Viktoriya Tsvetkova);core;claim_subrogation_approvedsum;SELECT;EDW Read Core;"REVOKE SELECT ON core.claim_subrogation_approvedsum FROM vatsvetkova;"
mpmashin;Машин Максим Павлович (Maksim Mashin);core;claim_subrogation_approvedsum;SELECT;EDW All Core;"REVOKE SELECT ON core.claim_subrogation_approvedsum FROM mpmashin;"
alvreus;Реус Александр Валерьевич (Aleksandr Reus);core;ref_paper_kind;SELECT;EDW Read Core;"REVOKE SELECT ON core.ref_paper_kind FROM alvreus;"
vatsvetkova;Цветкова Виктория Андреевна (Viktoriya Tsvetkova);core;ref_paper_kind;SELECT;EDW Read Core;"REVOKE SELECT ON core.ref_paper_kind FROM vatsvetkova;"
mpmashin;Машин Максим Павлович (Maksim Mashin);core;ref_paper_kind;SELECT;EDW All Core;"REVOKE SELECT ON core.ref_paper_kind FROM mpmashin;"
alvreus;Реус Александр Валерьевич (Aleksandr Reus);core;uo_partner_fp2024;SELECT;EDW Read Core;"REVOKE SELECT ON core.uo_partner_fp2024 FROM alvreus;"
vatsvetkova;Цветкова Виктория Андреевна (Viktoriya Tsvetkova);core;uo_partner_fp2024;SELECT;EDW Read Core;"REVOKE SELECT ON core.uo_partner_fp2024 FROM vatsvetkova;"
mpmashin;Машин Максим Павлович (Maksim Mashin);core;uo_partner_fp2024;SELECT;EDW All Core;"REVOKE SELECT ON core.uo_partner_fp2024 FROM mpmashin;"
alvreus;Реус Александр Валерьевич (Aleksandr Reus);core;ref_soil_type;SELECT;EDW Read Core;"REVOKE SELECT ON core.ref_soil_type FROM alvreus;"
vatsvetkova;Цветкова Виктория Андреевна (Viktoriya Tsvetkova);core;ref_soil_type;SELECT;EDW Read Core;"REVOKE SELECT ON core.ref_soil_type FROM vatsvetkova;"
mpmashin;Машин Максим Павлович (Maksim Mashin);core;ref_soil_type;SELECT;EDW All Core;"REVOKE SELECT ON core.ref_soil_type FROM mpmashin;"
alvreus;Реус Александр Валерьевич (Aleksandr Reus);core;ref_risk_package;SELECT;EDW Read Core;"REVOKE SELECT ON core.ref_risk_package FROM alvreus;"
vatsvetkova;Цветкова Виктория Андреевна (Viktoriya Tsvetkova);core;ref_risk_package;SELECT;EDW Read Core;"REVOKE SELECT ON core.ref_risk_package FROM vatsvetkova;"
mpmashin;Машин Максим Павлович (Maksim Mashin);core;ref_risk_package;SELECT;EDW All Core;"REVOKE SELECT ON core.ref_risk_package FROM mpmashin;"
alvreus;Реус Александр Валерьевич (Aleksandr Reus);core;incident_vehicle;SELECT;EDW Read Core;"REVOKE SELECT ON core.incident_vehicle FROM alvreus;"
vatsvetkova;Цветкова Виктория Андреевна (Viktoriya Tsvetkova);core;incident_vehicle;SELECT;EDW Read Core;"REVOKE SELECT ON core.incident_vehicle FROM vatsvetkova;"
mpmashin;Машин Максим Павлович (Maksim Mashin);core;incident_vehicle;SELECT;EDW All Core;"REVOKE SELECT ON core.incident_vehicle FROM mpmashin;"
yvvorobev;Воробьев Юрий Владимирович (Yury Vorobev);cdm;dm_m5kbm_claim_stage;SELECT;EDW All CDM;"REVOKE SELECT ON cdm.dm_m5kbm_claim_stage FROM yvvorobev;"
aatokolova;Токолова Алина Александровна (Alina Tokolova);cdm_analysis;dm_osago2_owner_data7089;SELECT;EDW Read Cdm Analysis;"REVOKE SELECT ON cdm_analysis.dm_osago2_owner_data7089 FROM aatokolova;"
aozhigalov;Жигалов Артур Олегович (Artur Zhigalov);cdm_analysis;dm_osago2_owner_data7089;SELECT;EDW Read Cdm Analysis;"REVOKE SELECT ON cdm_analysis.dm_osago2_owner_data7089 FROM aozhigalov;"
rdayzatulin;Айзатулин Ринат Дамирович (Rinat Ayzatulin);cdm_analysis;dm_osago2_owner_data7089;SELECT;EDW Read Cdm Analysis;"REVOKE SELECT ON cdm_analysis.dm_osago2_owner_data7089 FROM rdayzatulin;"
asfesenko;Фесенко Александр Сергеевич (Aleksandr Fesenko);cdm_analysis;dm_osago2_owner_data7089;SELECT;EDW Read Cdm Analysis;"REVOKE SELECT ON cdm_analysis.dm_osago2_owner_data7089 FROM asfesenko;"
digarifulin;Гарифулин Дмитрий Исмагильевич (Dmitriy Garifulin);cdm_analysis;dm_osago2_owner_data7089;SELECT;EDW Read Cdm Analysis;"REVOKE SELECT ON cdm_analysis.dm_osago2_owner_data7089 FROM digarifulin;"
yvvorobev;Воробьев Юрий Владимирович (Yury Vorobev);cdm_analysis;dm_osago2_owner_data7089;SELECT;EDW All Cdm Analysis;"REVOKE SELECT ON cdm_analysis.dm_osago2_owner_data7089 FROM yvvorobev;"
akavdeev;Авдеев Андрей Кириллович (Andrey Avdeev);cdm_analysis;dm_osago2_owner_data7089;SELECT;EDW Read Cdm Analysis;"REVOKE SELECT ON cdm_analysis.dm_osago2_owner_data7089 FROM akavdeev;"
gmvargaftik;Варгафтик Григорий Михайлович (Grigoriy Vargaftik);cdm_analysis;dm_osago2_owner_data7089;SELECT;EDW Read Cdm Analysis;"REVOKE SELECT ON cdm_analysis.dm_osago2_owner_data7089 FROM gmvargaftik;"
avdombrovskiy;Домбровский Александр Владимирович (Aleksandr Dombrovskiy);cdm_analysis;dm_osago2_owner_data7089;SELECT;EDW Read Cdm Analysis;"REVOKE SELECT ON cdm_analysis.dm_osago2_owner_data7089 FROM avdombrovskiy;"
dvskorokhodov;Скороходов Даниил Владимирович (Daniil Skorokhodov);cdm_analysis;dm_osago2_owner_data7089;SELECT;EDW Read Cdm Analysis;"REVOKE SELECT ON cdm_analysis.dm_osago2_owner_data7089 FROM dvskorokhodov;"
yvvorobev;Воробьев Юрий Владимирович (Yury Vorobev);cdm;dm_osago_contract;SELECT;EDW All CDM;"REVOKE SELECT ON cdm.dm_osago_contract FROM yvvorobev;"
yvvorobev;Воробьев Юрий Владимирович (Yury Vorobev);cdm;dm_m5kbm_claim_payment;SELECT;EDW All CDM;"REVOKE SELECT ON cdm.dm_m5kbm_claim_payment FROM yvvorobev;"
yvvorobev;Воробьев Юрий Владимирович (Yury Vorobev);cdm;contract_hier_veh_chain_o;SELECT;EDW All CDM;"REVOKE SELECT ON cdm.contract_hier_veh_chain_o FROM yvvorobev;"
yvvorobev;Воробьев Юрий Владимирович (Yury Vorobev);cdm;contract_hier_veh_chain_k;SELECT;EDW All CDM;"REVOKE SELECT ON cdm.contract_hier_veh_chain_k FROM yvvorobev;"
yvvorobev;Воробьев Юрий Владимирович (Yury Vorobev);cdm;dm_realty_kv;SELECT;EDW All CDM;"REVOKE SELECT ON cdm.dm_realty_kv FROM yvvorobev;"
mpmashin;Машин Максим Павлович (Maksim Mashin);property;ntd_fas_yy_osago_pool;INSERT;EDW All Property;"REVOKE INSERT ON property.ntd_fas_yy_osago_pool FROM mpmashin;"
mpmashin;Машин Максим Павлович (Maksim Mashin);property;ntd_fas_yy_osago_pool;SELECT;EDW All Property;"REVOKE SELECT ON property.ntd_fas_yy_osago_pool FROM mpmashin;"
mpmashin;Машин Максим Павлович (Maksim Mashin);property;ntd_fas_yy_osago_pool;UPDATE;EDW All Property;"REVOKE UPDATE ON property.ntd_fas_yy_osago_pool FROM mpmashin;"
mpmashin;Машин Максим Павлович (Maksim Mashin);property;ntd_fas_yy_osago_pool;DELETE;EDW All Property;"REVOKE DELETE ON property.ntd_fas_yy_osago_pool FROM mpmashin;"
mpmashin;Машин Максим Павлович (Maksim Mashin);property;ntd_fas_yy_osago_pool;TRUNCATE;EDW All Property;"REVOKE TRUNCATE ON property.ntd_fas_yy_osago_pool FROM mpmashin;"
mpmashin;Машин Максим Павлович (Maksim Mashin);property;ntd_fas_yy_osago_pool;REFERENCES;EDW All Property;"REVOKE REFERENCES ON property.ntd_fas_yy_osago_pool FROM mpmashin;"
mpmashin;Машин Максим Павлович (Maksim Mashin);property;ntd_fas_yy_osago_pool;TRIGGER;EDW All Property;"REVOKE TRIGGER ON property.ntd_fas_yy_osago_pool FROM mpmashin;"
qs_economic;QS_Economic;cdm_analysis;cb_kasko_prem_risk;SELECT;EDW Read Cdm Analysis;"REVOKE SELECT ON cdm_analysis.cb_kasko_prem_risk FROM qs_economic;"
avchaplygina;Чаплыгина Алена Владимировна (Alena Chaplygina);cdm_analysis;cb_kasko_prem_risk;SELECT;EDW Read Cdm Analysis;"REVOKE SELECT ON cdm_analysis.cb_kasko_prem_risk FROM avchaplygina;"
tvbozhenkova;Боженкова Татьяна Владимировна (Tatyana Bozhenkova);cdm_analysis;cb_kasko_prem_risk;SELECT;EDW Read Cdm Analysis;"REVOKE SELECT ON cdm_analysis.cb_kasko_prem_risk FROM tvbozhenkova;"
ayzhukova;Жукова Анастасия Юрьевна (Anastasiya Zhukova);cdm_analysis;cb_kasko_prem_risk;SELECT;EDW Read Cdm Analysis;"REVOKE SELECT ON cdm_analysis.cb_kasko_prem_risk FROM ayzhukova;"
ekorotkih;Коротких Екатерина Александровна (Ekaterina Korotkikh);cdm_analysis;cb_kasko_prem_risk;SELECT;EDW Read Cdm Analysis;"REVOKE SELECT ON cdm_analysis.cb_kasko_prem_risk FROM ekorotkih;"
asergeev;Сергеев Артем Александрович (Artem Sergeev);cdm_analysis;cb_kasko_prem_risk;SELECT;EDW Read Cdm Analysis;"REVOKE SELECT ON cdm_analysis.cb_kasko_prem_risk FROM asergeev;"
gmindrupskaya;Индрупская Галина Михайловна (Galina Indrupskaya);cdm_analysis;cb_kasko_prem_risk;SELECT;EDW Read Cdm Analysis;"REVOKE SELECT ON cdm_analysis.cb_kasko_prem_risk FROM gmindrupskaya;"
avyurin;Юрин Андрей Викторович (Andrey Yurin);cdm_analysis;cb_kasko_prem_risk;SELECT;EDW Read Cdm Analysis;"REVOKE SELECT ON cdm_analysis.cb_kasko_prem_risk FROM avyurin;"
avchaplygina;Чаплыгина Алена Владимировна (Alena Chaplygina);cdm_analysis;cb_kasko_type_risk;SELECT;EDW Read Cdm Analysis;"REVOKE SELECT ON cdm_analysis.cb_kasko_type_risk FROM avchaplygina;"
yvvorobev;Воробьев Юрий Владимирович (Yury Vorobev);cdm;dm_realty_first_risk;SELECT;EDW All CDM;"REVOKE SELECT ON cdm.dm_realty_first_risk FROM yvvorobev;"
gmindrupskaya;Индрупская Галина Михайловна (Galina Indrupskaya);cdm_analysis_out;ac_kasko_form1_pre;SELECT;EDW Read Cdm Analysis Out;"REVOKE SELECT ON cdm_analysis_out.ac_kasko_form1_pre FROM gmindrupskaya;"
aafedorov;Федоров Алексей Анатольевич (Aleksey Fedorov);cdm_analysis_out;ofr_premium_agg_agent;SELECT;EDW Read Cdm Analysis Out;"REVOKE SELECT ON cdm_analysis_out.ofr_premium_agg_agent FROM aafedorov;"
digarifulin;Гарифулин Дмитрий Исмагильевич (Dmitriy Garifulin);cdm_analysis;cdbrep_17605_doubles_in_incident_id;SELECT;EDW Read Cdm Analysis;"REVOKE SELECT ON cdm_analysis.cdbrep_17605_doubles_in_incident_id FROM digarifulin;"
evzubkov;Зубков Евгений Валентинович (Evgeniy Zubkov);core;declared_return;INSERT;EDW All Core;"REVOKE INSERT ON core.declared_return FROM evzubkov;"
evzubkov;Зубков Евгений Валентинович (Evgeniy Zubkov);core;declared_return;SELECT;EDW All Core;"REVOKE SELECT ON core.declared_return FROM evzubkov;"
evzubkov;Зубков Евгений Валентинович (Evgeniy Zubkov);core;declared_return;UPDATE;EDW All Core;"REVOKE UPDATE ON core.declared_return FROM evzubkov;"
evzubkov;Зубков Евгений Валентинович (Evgeniy Zubkov);core;declared_return;DELETE;EDW All Core;"REVOKE DELETE ON core.declared_return FROM evzubkov;"
evzubkov;Зубков Евгений Валентинович (Evgeniy Zubkov);core;declared_return;TRUNCATE;EDW All Core;"REVOKE TRUNCATE ON core.declared_return FROM evzubkov;"
evzubkov;Зубков Евгений Валентинович (Evgeniy Zubkov);core;declared_return;REFERENCES;EDW All Core;"REVOKE REFERENCES ON core.declared_return FROM evzubkov;"
evzubkov;Зубков Евгений Валентинович (Evgeniy Zubkov);core;declared_return;TRIGGER;EDW All Core;"REVOKE TRIGGER ON core.declared_return FROM evzubkov;"
alvreus;Реус Александр Валерьевич (Aleksandr Reus);core;declared_return;SELECT;EDW Read Core;"REVOKE SELECT ON core.declared_return FROM alvreus;"
vatsvetkova;Цветкова Виктория Андреевна (Viktoriya Tsvetkova);core;declared_return;SELECT;EDW Read Core;"REVOKE SELECT ON core.declared_return FROM vatsvetkova;"
mpmashin;Машин Максим Павлович (Maksim Mashin);core;declared_return;SELECT;EDW All Core;"REVOKE SELECT ON core.declared_return FROM mpmashin;"
alvreus;Реус Александр Валерьевич (Aleksandr Reus);core;ref_allocation;SELECT;EDW Read Core;"REVOKE SELECT ON core.ref_allocation FROM alvreus;"
vatsvetkova;Цветкова Виктория Андреевна (Viktoriya Tsvetkova);core;ref_allocation;SELECT;EDW Read Core;"REVOKE SELECT ON core.ref_allocation FROM vatsvetkova;"
mpmashin;Машин Максим Павлович (Maksim Mashin);core;ref_allocation;SELECT;EDW All Core;"REVOKE SELECT ON core.ref_allocation FROM mpmashin;"
alvreus;Реус Александр Валерьевич (Aleksandr Reus);core;ref_risk_factor;SELECT;EDW Read Core;"REVOKE SELECT ON core.ref_risk_factor FROM alvreus;"
vatsvetkova;Цветкова Виктория Андреевна (Viktoriya Tsvetkova);core;ref_risk_factor;SELECT;EDW Read Core;"REVOKE SELECT ON core.ref_risk_factor FROM vatsvetkova;"
mpmashin;Машин Максим Павлович (Maksim Mashin);core;ref_risk_factor;SELECT;EDW All Core;"REVOKE SELECT ON core.ref_risk_factor FROM mpmashin;"
evzubkov;Зубков Евгений Валентинович (Evgeniy Zubkov);core;claim_courtorder;INSERT;EDW All Core;"REVOKE INSERT ON core.claim_courtorder FROM evzubkov;"
evzubkov;Зубков Евгений Валентинович (Evgeniy Zubkov);core;claim_courtorder;SELECT;EDW All Core;"REVOKE SELECT ON core.claim_courtorder FROM evzubkov;"
evzubkov;Зубков Евгений Валентинович (Evgeniy Zubkov);core;claim_courtorder;UPDATE;EDW All Core;"REVOKE UPDATE ON core.claim_courtorder FROM evzubkov;"
evzubkov;Зубков Евгений Валентинович (Evgeniy Zubkov);core;claim_courtorder;DELETE;EDW All Core;"REVOKE DELETE ON core.claim_courtorder FROM evzubkov;"
evzubkov;Зубков Евгений Валентинович (Evgeniy Zubkov);core;claim_courtorder;TRUNCATE;EDW All Core;"REVOKE TRUNCATE ON core.claim_courtorder FROM evzubkov;"
evzubkov;Зубков Евгений Валентинович (Evgeniy Zubkov);core;claim_courtorder;REFERENCES;EDW All Core;"REVOKE REFERENCES ON core.claim_courtorder FROM evzubkov;"
evzubkov;Зубков Евгений Валентинович (Evgeniy Zubkov);core;claim_courtorder;TRIGGER;EDW All Core;"REVOKE TRIGGER ON core.claim_courtorder FROM evzubkov;"
alvreus;Реус Александр Валерьевич (Aleksandr Reus);core;claim_courtorder;SELECT;EDW Read Core;"REVOKE SELECT ON core.claim_courtorder FROM alvreus;"
vatsvetkova;Цветкова Виктория Андреевна (Viktoriya Tsvetkova);core;claim_courtorder;SELECT;EDW Read Core;"REVOKE SELECT ON core.claim_courtorder FROM vatsvetkova;"
mpmashin;Машин Максим Павлович (Maksim Mashin);core;claim_courtorder;SELECT;EDW All Core;"REVOKE SELECT ON core.claim_courtorder FROM mpmashin;"
evzubkov;Зубков Евгений Валентинович (Evgeniy Zubkov);core;object_risk_type;INSERT;EDW All Core;"REVOKE INSERT ON core.object_risk_type FROM evzubkov;"
evzubkov;Зубков Евгений Валентинович (Evgeniy Zubkov);core;object_risk_type;SELECT;EDW All Core;"REVOKE SELECT ON core.object_risk_type FROM evzubkov;"
evzubkov;Зубков Евгений Валентинович (Evgeniy Zubkov);core;object_risk_type;UPDATE;EDW All Core;"REVOKE UPDATE ON core.object_risk_type FROM evzubkov;"
evzubkov;Зубков Евгений Валентинович (Evgeniy Zubkov);core;object_risk_type;DELETE;EDW All Core;"REVOKE DELETE ON core.object_risk_type FROM evzubkov;"
evzubkov;Зубков Евгений Валентинович (Evgeniy Zubkov);core;object_risk_type;TRUNCATE;EDW All Core;"REVOKE TRUNCATE ON core.object_risk_type FROM evzubkov;"
evzubkov;Зубков Евгений Валентинович (Evgeniy Zubkov);core;object_risk_type;REFERENCES;EDW All Core;"REVOKE REFERENCES ON core.object_risk_type FROM evzubkov;"
evzubkov;Зубков Евгений Валентинович (Evgeniy Zubkov);core;object_risk_type;TRIGGER;EDW All Core;"REVOKE TRIGGER ON core.object_risk_type FROM evzubkov;"
alvreus;Реус Александр Валерьевич (Aleksandr Reus);core;object_risk_type;SELECT;EDW Read Core;"REVOKE SELECT ON core.object_risk_type FROM alvreus;"
vatsvetkova;Цветкова Виктория Андреевна (Viktoriya Tsvetkova);core;object_risk_type;SELECT;EDW Read Core;"REVOKE SELECT ON core.object_risk_type FROM vatsvetkova;"
mpmashin;Машин Максим Павлович (Maksim Mashin);core;object_risk_type;SELECT;EDW All Core;"REVOKE SELECT ON core.object_risk_type FROM mpmashin;"
alvreus;Реус Александр Валерьевич (Aleksandr Reus);core;ref_partner;SELECT;EDW Read Core;"REVOKE SELECT ON core.ref_partner FROM alvreus;"
vatsvetkova;Цветкова Виктория Андреевна (Viktoriya Tsvetkova);core;ref_partner;SELECT;EDW Read Core;"REVOKE SELECT ON core.ref_partner FROM vatsvetkova;"
mpmashin;Машин Максим Павлович (Maksim Mashin);core;ref_partner;SELECT;EDW All Core;"REVOKE SELECT ON core.ref_partner FROM mpmashin;"
evzubkov;Зубков Евгений Валентинович (Evgeniy Zubkov);core;acc_operation_map;INSERT;EDW All Core;"REVOKE INSERT ON core.acc_operation_map FROM evzubkov;"
evzubkov;Зубков Евгений Валентинович (Evgeniy Zubkov);core;acc_operation_map;SELECT;EDW All Core;"REVOKE SELECT ON core.acc_operation_map FROM evzubkov;"
evzubkov;Зубков Евгений Валентинович (Evgeniy Zubkov);core;acc_operation_map;UPDATE;EDW All Core;"REVOKE UPDATE ON core.acc_operation_map FROM evzubkov;"
evzubkov;Зубков Евгений Валентинович (Evgeniy Zubkov);core;acc_operation_map;DELETE;EDW All Core;"REVOKE DELETE ON core.acc_operation_map FROM evzubkov;"
evzubkov;Зубков Евгений Валентинович (Evgeniy Zubkov);core;acc_operation_map;TRUNCATE;EDW All Core;"REVOKE TRUNCATE ON core.acc_operation_map FROM evzubkov;"
evzubkov;Зубков Евгений Валентинович (Evgeniy Zubkov);core;acc_operation_map;REFERENCES;EDW All Core;"REVOKE REFERENCES ON core.acc_operation_map FROM evzubkov;"
evzubkov;Зубков Евгений Валентинович (Evgeniy Zubkov);core;acc_operation_map;TRIGGER;EDW All Core;"REVOKE TRIGGER ON core.acc_operation_map FROM evzubkov;"
alvreus;Реус Александр Валерьевич (Aleksandr Reus);core;acc_operation_map;SELECT;EDW Read Core;"REVOKE SELECT ON core.acc_operation_map FROM alvreus;"
vatsvetkova;Цветкова Виктория Андреевна (Viktoriya Tsvetkova);core;acc_operation_map;SELECT;EDW Read Core;"REVOKE SELECT ON core.acc_operation_map FROM vatsvetkova;"
mpmashin;Машин Максим Павлович (Maksim Mashin);core;acc_operation_map;SELECT;EDW All Core;"REVOKE SELECT ON core.acc_operation_map FROM mpmashin;"
evzubkov;Зубков Евгений Валентинович (Evgeniy Zubkov);core;other_partner;INSERT;EDW All Core;"REVOKE INSERT ON core.other_partner FROM evzubkov;"
evzubkov;Зубков Евгений Валентинович (Evgeniy Zubkov);core;other_partner;SELECT;EDW All Core;"REVOKE SELECT ON core.other_partner FROM evzubkov;"
evzubkov;Зубков Евгений Валентинович (Evgeniy Zubkov);core;other_partner;UPDATE;EDW All Core;"REVOKE UPDATE ON core.other_partner FROM evzubkov;"
evzubkov;Зубков Евгений Валентинович (Evgeniy Zubkov);core;other_partner;DELETE;EDW All Core;"REVOKE DELETE ON core.other_partner FROM evzubkov;"
evzubkov;Зубков Евгений Валентинович (Evgeniy Zubkov);core;other_partner;TRUNCATE;EDW All Core;"REVOKE TRUNCATE ON core.other_partner FROM evzubkov;"
evzubkov;Зубков Евгений Валентинович (Evgeniy Zubkov);core;other_partner;REFERENCES;EDW All Core;"REVOKE REFERENCES ON core.other_partner FROM evzubkov;"
evzubkov;Зубков Евгений Валентинович (Evgeniy Zubkov);core;other_partner;TRIGGER;EDW All Core;"REVOKE TRIGGER ON core.other_partner FROM evzubkov;"
alvreus;Реус Александр Валерьевич (Aleksandr Reus);core;other_partner;SELECT;EDW Read Core;"REVOKE SELECT ON core.other_partner FROM alvreus;"
vatsvetkova;Цветкова Виктория Андреевна (Viktoriya Tsvetkova);core;other_partner;SELECT;EDW Read Core;"REVOKE SELECT ON core.other_partner FROM vatsvetkova;"
mpmashin;Машин Максим Павлович (Maksim Mashin);core;other_partner;SELECT;EDW All Core;"REVOKE SELECT ON core.other_partner FROM mpmashin;"
alvreus;Реус Александр Валерьевич (Aleksandr Reus);core;calendar;SELECT;EDW Read Core;"REVOKE SELECT ON core.calendar FROM alvreus;"
vatsvetkova;Цветкова Виктория Андреевна (Viktoriya Tsvetkova);core;calendar;SELECT;EDW Read Core;"REVOKE SELECT ON core.calendar FROM vatsvetkova;"
mpmashin;Машин Максим Павлович (Maksim Mashin);core;calendar;SELECT;EDW All Core;"REVOKE SELECT ON core.calendar FROM mpmashin;"
alvreus;Реус Александр Валерьевич (Aleksandr Reus);core;dict_actuary_mon_channel_map_new;SELECT;EDW Read Core;"REVOKE SELECT ON core.dict_actuary_mon_channel_map_new FROM alvreus;"
vatsvetkova;Цветкова Виктория Андреевна (Viktoriya Tsvetkova);core;dict_actuary_mon_channel_map_new;SELECT;EDW Read Core;"REVOKE SELECT ON core.dict_actuary_mon_channel_map_new FROM vatsvetkova;"
mpmashin;Машин Максим Павлович (Maksim Mashin);core;dict_actuary_mon_channel_map_new;SELECT;EDW All Core;"REVOKE SELECT ON core.dict_actuary_mon_channel_map_new FROM mpmashin;"
alvreus;Реус Александр Валерьевич (Aleksandr Reus);core;dict_actuary_mon_channel_map;SELECT;EDW Read Core;"REVOKE SELECT ON core.dict_actuary_mon_channel_map FROM alvreus;"
vatsvetkova;Цветкова Виктория Андреевна (Viktoriya Tsvetkova);core;dict_actuary_mon_channel_map;SELECT;EDW Read Core;"REVOKE SELECT ON core.dict_actuary_mon_channel_map FROM vatsvetkova;"
mpmashin;Машин Максим Павлович (Maksim Mashin);core;dict_actuary_mon_channel_map;SELECT;EDW All Core;"REVOKE SELECT ON core.dict_actuary_mon_channel_map FROM mpmashin;"
alvreus;Реус Александр Валерьевич (Aleksandr Reus);core;claim_linecategory;SELECT;EDW Read Core;"REVOKE SELECT ON core.claim_linecategory FROM alvreus;"
vatsvetkova;Цветкова Виктория Андреевна (Viktoriya Tsvetkova);core;claim_linecategory;SELECT;EDW Read Core;"REVOKE SELECT ON core.claim_linecategory FROM vatsvetkova;"
mpmashin;Машин Максим Павлович (Maksim Mashin);core;claim_linecategory;SELECT;EDW All Core;"REVOKE SELECT ON core.claim_linecategory FROM mpmashin;"
evzubkov;Зубков Евгений Валентинович (Evgeniy Zubkov);core;insurance_union_agreement;INSERT;EDW All Core;"REVOKE INSERT ON core.insurance_union_agreement FROM evzubkov;"
evzubkov;Зубков Евгений Валентинович (Evgeniy Zubkov);core;insurance_union_agreement;SELECT;EDW All Core;"REVOKE SELECT ON core.insurance_union_agreement FROM evzubkov;"
evzubkov;Зубков Евгений Валентинович (Evgeniy Zubkov);core;insurance_union_agreement;UPDATE;EDW All Core;"REVOKE UPDATE ON core.insurance_union_agreement FROM evzubkov;"
evzubkov;Зубков Евгений Валентинович (Evgeniy Zubkov);core;insurance_union_agreement;DELETE;EDW All Core;"REVOKE DELETE ON core.insurance_union_agreement FROM evzubkov;"
evzubkov;Зубков Евгений Валентинович (Evgeniy Zubkov);core;insurance_union_agreement;TRUNCATE;EDW All Core;"REVOKE TRUNCATE ON core.insurance_union_agreement FROM evzubkov;"
evzubkov;Зубков Евгений Валентинович (Evgeniy Zubkov);core;insurance_union_agreement;REFERENCES;EDW All Core;"REVOKE REFERENCES ON core.insurance_union_agreement FROM evzubkov;"
evzubkov;Зубков Евгений Валентинович (Evgeniy Zubkov);core;insurance_union_agreement;TRIGGER;EDW All Core;"REVOKE TRIGGER ON core.insurance_union_agreement FROM evzubkov;"
alvreus;Реус Александр Валерьевич (Aleksandr Reus);core;insurance_union_agreement;SELECT;EDW Read Core;"REVOKE SELECT ON core.insurance_union_agreement FROM alvreus;"
vatsvetkova;Цветкова Виктория Андреевна (Viktoriya Tsvetkova);core;insurance_union_agreement;SELECT;EDW Read Core;"REVOKE SELECT ON core.insurance_union_agreement FROM vatsvetkova;"
mpmashin;Машин Максим Павлович (Maksim Mashin);core;insurance_union_agreement;SELECT;EDW All Core;"REVOKE SELECT ON core.insurance_union_agreement FROM mpmashin;"
evzubkov;Зубков Евгений Валентинович (Evgeniy Zubkov);core;insurance_union_blank;INSERT;EDW All Core;"REVOKE INSERT ON core.insurance_union_blank FROM evzubkov;"
evzubkov;Зубков Евгений Валентинович (Evgeniy Zubkov);core;insurance_union_blank;SELECT;EDW All Core;"REVOKE SELECT ON core.insurance_union_blank FROM evzubkov;"
evzubkov;Зубков Евгений Валентинович (Evgeniy Zubkov);core;insurance_union_blank;UPDATE;EDW All Core;"REVOKE UPDATE ON core.insurance_union_blank FROM evzubkov;"
evzubkov;Зубков Евгений Валентинович (Evgeniy Zubkov);core;insurance_union_blank;DELETE;EDW All Core;"REVOKE DELETE ON core.insurance_union_blank FROM evzubkov;"
evzubkov;Зубков Евгений Валентинович (Evgeniy Zubkov);core;insurance_union_blank;TRUNCATE;EDW All Core;"REVOKE TRUNCATE ON core.insurance_union_blank FROM evzubkov;"
evzubkov;Зубков Евгений Валентинович (Evgeniy Zubkov);core;insurance_union_blank;REFERENCES;EDW All Core;"REVOKE REFERENCES ON core.insurance_union_blank FROM evzubkov;"
evzubkov;Зубков Евгений Валентинович (Evgeniy Zubkov);core;insurance_union_blank;TRIGGER;EDW All Core;"REVOKE TRIGGER ON core.insurance_union_blank FROM evzubkov;"
alvreus;Реус Александр Валерьевич (Aleksandr Reus);core;insurance_union_blank;SELECT;EDW Read Core;"REVOKE SELECT ON core.insurance_union_blank FROM alvreus;"
vatsvetkova;Цветкова Виктория Андреевна (Viktoriya Tsvetkova);core;insurance_union_blank;SELECT;EDW Read Core;"REVOKE SELECT ON core.insurance_union_blank FROM vatsvetkova;"
mpmashin;Машин Максим Павлович (Maksim Mashin);core;insurance_union_blank;SELECT;EDW All Core;"REVOKE SELECT ON core.insurance_union_blank FROM mpmashin;"
evzubkov;Зубков Евгений Валентинович (Evgeniy Zubkov);core;claim_contract;INSERT;EDW All Core;"REVOKE INSERT ON core.claim_contract FROM evzubkov;"
evzubkov;Зубков Евгений Валентинович (Evgeniy Zubkov);core;claim_contract;SELECT;EDW All Core;"REVOKE SELECT ON core.claim_contract FROM evzubkov;"
evzubkov;Зубков Евгений Валентинович (Evgeniy Zubkov);core;claim_contract;UPDATE;EDW All Core;"REVOKE UPDATE ON core.claim_contract FROM evzubkov;"
evzubkov;Зубков Евгений Валентинович (Evgeniy Zubkov);core;claim_contract;DELETE;EDW All Core;"REVOKE DELETE ON core.claim_contract FROM evzubkov;"
evzubkov;Зубков Евгений Валентинович (Evgeniy Zubkov);core;claim_contract;TRUNCATE;EDW All Core;"REVOKE TRUNCATE ON core.claim_contract FROM evzubkov;"
evzubkov;Зубков Евгений Валентинович (Evgeniy Zubkov);core;claim_contract;REFERENCES;EDW All Core;"REVOKE REFERENCES ON core.claim_contract FROM evzubkov;"
evzubkov;Зубков Евгений Валентинович (Evgeniy Zubkov);core;claim_contract;TRIGGER;EDW All Core;"REVOKE TRIGGER ON core.claim_contract FROM evzubkov;"
alvreus;Реус Александр Валерьевич (Aleksandr Reus);core;claim_contract;SELECT;EDW Read Core;"REVOKE SELECT ON core.claim_contract FROM alvreus;"
vatsvetkova;Цветкова Виктория Андреевна (Viktoriya Tsvetkova);core;claim_contract;SELECT;EDW Read Core;"REVOKE SELECT ON core.claim_contract FROM vatsvetkova;"
mpmashin;Машин Максим Павлович (Maksim Mashin);core;claim_contract;SELECT;EDW All Core;"REVOKE SELECT ON core.claim_contract FROM mpmashin;"
alvreus;Реус Александр Валерьевич (Aleksandr Reus);core;region_vip;SELECT;EDW Read Core;"REVOKE SELECT ON core.region_vip FROM alvreus;"
vatsvetkova;Цветкова Виктория Андреевна (Viktoriya Tsvetkova);core;region_vip;SELECT;EDW Read Core;"REVOKE SELECT ON core.region_vip FROM vatsvetkova;"
mpmashin;Машин Максим Павлович (Maksim Mashin);core;region_vip;SELECT;EDW All Core;"REVOKE SELECT ON core.region_vip FROM mpmashin;"
evzubkov;Зубков Евгений Валентинович (Evgeniy Zubkov);core;regress;INSERT;EDW All Core;"REVOKE INSERT ON core.regress FROM evzubkov;"
evzubkov;Зубков Евгений Валентинович (Evgeniy Zubkov);core;regress;SELECT;EDW All Core;"REVOKE SELECT ON core.regress FROM evzubkov;"
evzubkov;Зубков Евгений Валентинович (Evgeniy Zubkov);core;regress;UPDATE;EDW All Core;"REVOKE UPDATE ON core.regress FROM evzubkov;"
evzubkov;Зубков Евгений Валентинович (Evgeniy Zubkov);core;regress;DELETE;EDW All Core;"REVOKE DELETE ON core.regress FROM evzubkov;"
evzubkov;Зубков Евгений Валентинович (Evgeniy Zubkov);core;regress;TRUNCATE;EDW All Core;"REVOKE TRUNCATE ON core.regress FROM evzubkov;"
evzubkov;Зубков Евгений Валентинович (Evgeniy Zubkov);core;regress;REFERENCES;EDW All Core;"REVOKE REFERENCES ON core.regress FROM evzubkov;"
evzubkov;Зубков Евгений Валентинович (Evgeniy Zubkov);core;regress;TRIGGER;EDW All Core;"REVOKE TRIGGER ON core.regress FROM evzubkov;"
alvreus;Реус Александр Валерьевич (Aleksandr Reus);core;regress;SELECT;EDW Read Core;"REVOKE SELECT ON core.regress FROM alvreus;"
vatsvetkova;Цветкова Виктория Андреевна (Viktoriya Tsvetkova);core;regress;SELECT;EDW Read Core;"REVOKE SELECT ON core.regress FROM vatsvetkova;"
mpmashin;Машин Максим Павлович (Maksim Mashin);core;regress;SELECT;EDW All Core;"REVOKE SELECT ON core.regress FROM mpmashin;"
evzubkov;Зубков Евгений Валентинович (Evgeniy Zubkov);core;contract_long;INSERT;EDW All Core;"REVOKE INSERT ON core.contract_long FROM evzubkov;"
evzubkov;Зубков Евгений Валентинович (Evgeniy Zubkov);core;contract_long;SELECT;EDW All Core;"REVOKE SELECT ON core.contract_long FROM evzubkov;"
evzubkov;Зубков Евгений Валентинович (Evgeniy Zubkov);core;contract_long;UPDATE;EDW All Core;"REVOKE UPDATE ON core.contract_long FROM evzubkov;"
evzubkov;Зубков Евгений Валентинович (Evgeniy Zubkov);core;contract_long;DELETE;EDW All Core;"REVOKE DELETE ON core.contract_long FROM evzubkov;"
evzubkov;Зубков Евгений Валентинович (Evgeniy Zubkov);core;contract_long;TRUNCATE;EDW All Core;"REVOKE TRUNCATE ON core.contract_long FROM evzubkov;"
evzubkov;Зубков Евгений Валентинович (Evgeniy Zubkov);core;contract_long;REFERENCES;EDW All Core;"REVOKE REFERENCES ON core.contract_long FROM evzubkov;"
evzubkov;Зубков Евгений Валентинович (Evgeniy Zubkov);core;contract_long;TRIGGER;EDW All Core;"REVOKE TRIGGER ON core.contract_long FROM evzubkov;"
alvreus;Реус Александр Валерьевич (Aleksandr Reus);core;contract_long;SELECT;EDW Read Core;"REVOKE SELECT ON core.contract_long FROM alvreus;"
vatsvetkova;Цветкова Виктория Андреевна (Viktoriya Tsvetkova);core;contract_long;SELECT;EDW Read Core;"REVOKE SELECT ON core.contract_long FROM vatsvetkova;"
mpmashin;Машин Максим Павлович (Maksim Mashin);core;contract_long;SELECT;EDW All Core;"REVOKE SELECT ON core.contract_long FROM mpmashin;"
evzubkov;Зубков Евгений Валентинович (Evgeniy Zubkov);core;transaction_audit;INSERT;EDW All Core;"REVOKE INSERT ON core.transaction_audit FROM evzubkov;"
evzubkov;Зубков Евгений Валентинович (Evgeniy Zubkov);core;transaction_audit;SELECT;EDW All Core;"REVOKE SELECT ON core.transaction_audit FROM evzubkov;"
evzubkov;Зубков Евгений Валентинович (Evgeniy Zubkov);core;transaction_audit;UPDATE;EDW All Core;"REVOKE UPDATE ON core.transaction_audit FROM evzubkov;"
evzubkov;Зубков Евгений Валентинович (Evgeniy Zubkov);core;transaction_audit;DELETE;EDW All Core;"REVOKE DELETE ON core.transaction_audit FROM evzubkov;"
evzubkov;Зубков Евгений Валентинович (Evgeniy Zubkov);core;transaction_audit;TRUNCATE;EDW All Core;"REVOKE TRUNCATE ON core.transaction_audit FROM evzubkov;"
evzubkov;Зубков Евгений Валентинович (Evgeniy Zubkov);core;transaction_audit;REFERENCES;EDW All Core;"REVOKE REFERENCES ON core.transaction_audit FROM evzubkov;"
evzubkov;Зубков Евгений Валентинович (Evgeniy Zubkov);core;transaction_audit;TRIGGER;EDW All Core;"REVOKE TRIGGER ON core.transaction_audit FROM evzubkov;"
alvreus;Реус Александр Валерьевич (Aleksandr Reus);core;transaction_audit;SELECT;EDW Read Core;"REVOKE SELECT ON core.transaction_audit FROM alvreus;"
vatsvetkova;Цветкова Виктория Андреевна (Viktoriya Tsvetkova);core;transaction_audit;SELECT;EDW Read Core;"REVOKE SELECT ON core.transaction_audit FROM vatsvetkova;"
mpmashin;Машин Максим Павлович (Maksim Mashin);core;transaction_audit;SELECT;EDW All Core;"REVOKE SELECT ON core.transaction_audit FROM mpmashin;"
evzubkov;Зубков Евгений Валентинович (Evgeniy Zubkov);core;type_ins_form162;INSERT;EDW All Core;"REVOKE INSERT ON core.type_ins_form162 FROM evzubkov;"
evzubkov;Зубков Евгений Валентинович (Evgeniy Zubkov);core;type_ins_form162;SELECT;EDW All Core;"REVOKE SELECT ON core.type_ins_form162 FROM evzubkov;"
evzubkov;Зубков Евгений Валентинович (Evgeniy Zubkov);core;type_ins_form162;UPDATE;EDW All Core;"REVOKE UPDATE ON core.type_ins_form162 FROM evzubkov;"
evzubkov;Зубков Евгений Валентинович (Evgeniy Zubkov);core;type_ins_form162;DELETE;EDW All Core;"REVOKE DELETE ON core.type_ins_form162 FROM evzubkov;"
evzubkov;Зубков Евгений Валентинович (Evgeniy Zubkov);core;type_ins_form162;TRUNCATE;EDW All Core;"REVOKE TRUNCATE ON core.type_ins_form162 FROM evzubkov;"
evzubkov;Зубков Евгений Валентинович (Evgeniy Zubkov);core;type_ins_form162;REFERENCES;EDW All Core;"REVOKE REFERENCES ON core.type_ins_form162 FROM evzubkov;"
evzubkov;Зубков Евгений Валентинович (Evgeniy Zubkov);core;type_ins_form162;TRIGGER;EDW All Core;"REVOKE TRIGGER ON core.type_ins_form162 FROM evzubkov;"
alvreus;Реус Александр Валерьевич (Aleksandr Reus);core;type_ins_form162;SELECT;EDW Read Core;"REVOKE SELECT ON core.type_ins_form162 FROM alvreus;"
vatsvetkova;Цветкова Виктория Андреевна (Viktoriya Tsvetkova);core;type_ins_form162;SELECT;EDW Read Core;"REVOKE SELECT ON core.type_ins_form162 FROM vatsvetkova;"
mpmashin;Машин Максим Павлович (Maksim Mashin);core;type_ins_form162;SELECT;EDW All Core;"REVOKE SELECT ON core.type_ins_form162 FROM mpmashin;"
alvreus;Реус Александр Валерьевич (Aleksandr Reus);core;ref_dominant_currency;SELECT;EDW Read Core;"REVOKE SELECT ON core.ref_dominant_currency FROM alvreus;"
vatsvetkova;Цветкова Виктория Андреевна (Viktoriya Tsvetkova);core;ref_dominant_currency;SELECT;EDW Read Core;"REVOKE SELECT ON core.ref_dominant_currency FROM vatsvetkova;"
mpmashin;Машин Максим Павлович (Maksim Mashin);core;ref_dominant_currency;SELECT;EDW All Core;"REVOKE SELECT ON core.ref_dominant_currency FROM mpmashin;"
alvreus;Реус Александр Валерьевич (Aleksandr Reus);core;bordereau;SELECT;EDW Read Core;"REVOKE SELECT ON core.bordereau FROM alvreus;"
vatsvetkova;Цветкова Виктория Андреевна (Viktoriya Tsvetkova);core;bordereau;SELECT;EDW Read Core;"REVOKE SELECT ON core.bordereau FROM vatsvetkova;"
mpmashin;Машин Максим Павлович (Maksim Mashin);core;bordereau;SELECT;EDW All Core;"REVOKE SELECT ON core.bordereau FROM mpmashin;"
alvreus;Реус Александр Валерьевич (Aleksandr Reus);core;employee;SELECT;EDW Read Core;"REVOKE SELECT ON core.employee FROM alvreus;"
vatsvetkova;Цветкова Виктория Андреевна (Viktoriya Tsvetkova);core;employee;SELECT;EDW Read Core;"REVOKE SELECT ON core.employee FROM vatsvetkova;"
mpmashin;Машин Максим Павлович (Maksim Mashin);core;employee;SELECT;EDW All Core;"REVOKE SELECT ON core.employee FROM mpmashin;"
alvreus;Реус Александр Валерьевич (Aleksandr Reus);core;ref_offeringgwpc;SELECT;EDW Read Core;"REVOKE SELECT ON core.ref_offeringgwpc FROM alvreus;"
vatsvetkova;Цветкова Виктория Андреевна (Viktoriya Tsvetkova);core;ref_offeringgwpc;SELECT;EDW Read Core;"REVOKE SELECT ON core.ref_offeringgwpc FROM vatsvetkova;"
mpmashin;Машин Максим Павлович (Maksim Mashin);core;ref_offeringgwpc;SELECT;EDW All Core;"REVOKE SELECT ON core.ref_offeringgwpc FROM mpmashin;"
alvreus;Реус Александр Валерьевич (Aleksandr Reus);core;ref_bank_email;SELECT;EDW Read Core;"REVOKE SELECT ON core.ref_bank_email FROM alvreus;"
vatsvetkova;Цветкова Виктория Андреевна (Viktoriya Tsvetkova);core;ref_bank_email;SELECT;EDW Read Core;"REVOKE SELECT ON core.ref_bank_email FROM vatsvetkova;"
mpmashin;Машин Максим Павлович (Maksim Mashin);core;ref_bank_email;SELECT;EDW All Core;"REVOKE SELECT ON core.ref_bank_email FROM mpmashin;"
evzubkov;Зубков Евгений Валентинович (Evgeniy Zubkov);core;ref_gvs;INSERT;EDW All Core;"REVOKE INSERT ON core.ref_gvs FROM evzubkov;"
evzubkov;Зубков Евгений Валентинович (Evgeniy Zubkov);core;ref_gvs;SELECT;EDW All Core;"REVOKE SELECT ON core.ref_gvs FROM evzubkov;"
evzubkov;Зубков Евгений Валентинович (Evgeniy Zubkov);core;ref_gvs;UPDATE;EDW All Core;"REVOKE UPDATE ON core.ref_gvs FROM evzubkov;"
evzubkov;Зубков Евгений Валентинович (Evgeniy Zubkov);core;ref_gvs;DELETE;EDW All Core;"REVOKE DELETE ON core.ref_gvs FROM evzubkov;"
evzubkov;Зубков Евгений Валентинович (Evgeniy Zubkov);core;ref_gvs;TRUNCATE;EDW All Core;"REVOKE TRUNCATE ON core.ref_gvs FROM evzubkov;"
evzubkov;Зубков Евгений Валентинович (Evgeniy Zubkov);core;ref_gvs;REFERENCES;EDW All Core;"REVOKE REFERENCES ON core.ref_gvs FROM evzubkov;"
evzubkov;Зубков Евгений Валентинович (Evgeniy Zubkov);core;ref_gvs;TRIGGER;EDW All Core;"REVOKE TRIGGER ON core.ref_gvs FROM evzubkov;"
alvreus;Реус Александр Валерьевич (Aleksandr Reus);core;ref_gvs;SELECT;EDW Read Core;"REVOKE SELECT ON core.ref_gvs FROM alvreus;"
vatsvetkova;Цветкова Виктория Андреевна (Viktoriya Tsvetkova);core;ref_gvs;SELECT;EDW Read Core;"REVOKE SELECT ON core.ref_gvs FROM vatsvetkova;"
mpmashin;Машин Максим Павлович (Maksim Mashin);core;ref_gvs;SELECT;EDW All Core;"REVOKE SELECT ON core.ref_gvs FROM mpmashin;"
evzubkov;Зубков Евгений Валентинович (Evgeniy Zubkov);core;mr_7gs_instype_cat;INSERT;EDW All Core;"REVOKE INSERT ON core.mr_7gs_instype_cat FROM evzubkov;"
evzubkov;Зубков Евгений Валентинович (Evgeniy Zubkov);core;mr_7gs_instype_cat;SELECT;EDW All Core;"REVOKE SELECT ON core.mr_7gs_instype_cat FROM evzubkov;"
evzubkov;Зубков Евгений Валентинович (Evgeniy Zubkov);core;mr_7gs_instype_cat;UPDATE;EDW All Core;"REVOKE UPDATE ON core.mr_7gs_instype_cat FROM evzubkov;"
evzubkov;Зубков Евгений Валентинович (Evgeniy Zubkov);core;mr_7gs_instype_cat;DELETE;EDW All Core;"REVOKE DELETE ON core.mr_7gs_instype_cat FROM evzubkov;"
evzubkov;Зубков Евгений Валентинович (Evgeniy Zubkov);core;mr_7gs_instype_cat;TRUNCATE;EDW All Core;"REVOKE TRUNCATE ON core.mr_7gs_instype_cat FROM evzubkov;"
evzubkov;Зубков Евгений Валентинович (Evgeniy Zubkov);core;mr_7gs_instype_cat;REFERENCES;EDW All Core;"REVOKE REFERENCES ON core.mr_7gs_instype_cat FROM evzubkov;"
evzubkov;Зубков Евгений Валентинович (Evgeniy Zubkov);core;mr_7gs_instype_cat;TRIGGER;EDW All Core;"REVOKE TRIGGER ON core.mr_7gs_instype_cat FROM evzubkov;"
alvreus;Реус Александр Валерьевич (Aleksandr Reus);core;mr_7gs_instype_cat;SELECT;EDW Read Core;"REVOKE SELECT ON core.mr_7gs_instype_cat FROM alvreus;"
vatsvetkova;Цветкова Виктория Андреевна (Viktoriya Tsvetkova);core;mr_7gs_instype_cat;SELECT;EDW Read Core;"REVOKE SELECT ON core.mr_7gs_instype_cat FROM vatsvetkova;"
mpmashin;Машин Максим Павлович (Maksim Mashin);core;mr_7gs_instype_cat;SELECT;EDW All Core;"REVOKE SELECT ON core.mr_7gs_instype_cat FROM mpmashin;"
evzubkov;Зубков Евгений Валентинович (Evgeniy Zubkov);core;de_terr_group;INSERT;EDW All Core;"REVOKE INSERT ON core.de_terr_group FROM evzubkov;"
evzubkov;Зубков Евгений Валентинович (Evgeniy Zubkov);core;de_terr_group;SELECT;EDW All Core;"REVOKE SELECT ON core.de_terr_group FROM evzubkov;"
evzubkov;Зубков Евгений Валентинович (Evgeniy Zubkov);core;de_terr_group;UPDATE;EDW All Core;"REVOKE UPDATE ON core.de_terr_group FROM evzubkov;"
evzubkov;Зубков Евгений Валентинович (Evgeniy Zubkov);core;de_terr_group;DELETE;EDW All Core;"REVOKE DELETE ON core.de_terr_group FROM evzubkov;"
evzubkov;Зубков Евгений Валентинович (Evgeniy Zubkov);core;de_terr_group;TRUNCATE;EDW All Core;"REVOKE TRUNCATE ON core.de_terr_group FROM evzubkov;"
evzubkov;Зубков Евгений Валентинович (Evgeniy Zubkov);core;de_terr_group;REFERENCES;EDW All Core;"REVOKE REFERENCES ON core.de_terr_group FROM evzubkov;"
evzubkov;Зубков Евгений Валентинович (Evgeniy Zubkov);core;de_terr_group;TRIGGER;EDW All Core;"REVOKE TRIGGER ON core.de_terr_group FROM evzubkov;"
alvreus;Реус Александр Валерьевич (Aleksandr Reus);core;de_terr_group;SELECT;EDW Read Core;"REVOKE SELECT ON core.de_terr_group FROM alvreus;"
vatsvetkova;Цветкова Виктория Андреевна (Viktoriya Tsvetkova);core;de_terr_group;SELECT;EDW Read Core;"REVOKE SELECT ON core.de_terr_group FROM vatsvetkova;"
mpmashin;Машин Максим Павлович (Maksim Mashin);core;de_terr_group;SELECT;EDW All Core;"REVOKE SELECT ON core.de_terr_group FROM mpmashin;"
evzubkov;Зубков Евгений Валентинович (Evgeniy Zubkov);core;object_risk_long;INSERT;EDW All Core;"REVOKE INSERT ON core.object_risk_long FROM evzubkov;"
evzubkov;Зубков Евгений Валентинович (Evgeniy Zubkov);core;object_risk_long;SELECT;EDW All Core;"REVOKE SELECT ON core.object_risk_long FROM evzubkov;"
evzubkov;Зубков Евгений Валентинович (Evgeniy Zubkov);core;object_risk_long;UPDATE;EDW All Core;"REVOKE UPDATE ON core.object_risk_long FROM evzubkov;"
evzubkov;Зубков Евгений Валентинович (Evgeniy Zubkov);core;object_risk_long;DELETE;EDW All Core;"REVOKE DELETE ON core.object_risk_long FROM evzubkov;"
evzubkov;Зубков Евгений Валентинович (Evgeniy Zubkov);core;object_risk_long;TRUNCATE;EDW All Core;"REVOKE TRUNCATE ON core.object_risk_long FROM evzubkov;"
evzubkov;Зубков Евгений Валентинович (Evgeniy Zubkov);core;object_risk_long;REFERENCES;EDW All Core;"REVOKE REFERENCES ON core.object_risk_long FROM evzubkov;"
evzubkov;Зубков Евгений Валентинович (Evgeniy Zubkov);core;object_risk_long;TRIGGER;EDW All Core;"REVOKE TRIGGER ON core.object_risk_long FROM evzubkov;"
alvreus;Реус Александр Валерьевич (Aleksandr Reus);core;object_risk_long;SELECT;EDW Read Core;"REVOKE SELECT ON core.object_risk_long FROM alvreus;"
vatsvetkova;Цветкова Виктория Андреевна (Viktoriya Tsvetkova);core;object_risk_long;SELECT;EDW Read Core;"REVOKE SELECT ON core.object_risk_long FROM vatsvetkova;"
mpmashin;Машин Максим Павлович (Maksim Mashin);core;object_risk_long;SELECT;EDW All Core;"REVOKE SELECT ON core.object_risk_long FROM mpmashin;"
alvreus;Реус Александр Валерьевич (Aleksandr Reus);core;reinsurance_paid_return;SELECT;EDW Read Core;"REVOKE SELECT ON core.reinsurance_paid_return FROM alvreus;"
vatsvetkova;Цветкова Виктория Андреевна (Viktoriya Tsvetkova);core;reinsurance_paid_return;SELECT;EDW Read Core;"REVOKE SELECT ON core.reinsurance_paid_return FROM vatsvetkova;"
mpmashin;Машин Максим Павлович (Maksim Mashin);core;reinsurance_paid_return;SELECT;EDW All Core;"REVOKE SELECT ON core.reinsurance_paid_return FROM mpmashin;"
evzubkov;Зубков Евгений Валентинович (Evgeniy Zubkov);core;agreement;INSERT;EDW All Core;"REVOKE INSERT ON core.agreement FROM evzubkov;"
evzubkov;Зубков Евгений Валентинович (Evgeniy Zubkov);core;agreement;SELECT;EDW All Core;"REVOKE SELECT ON core.agreement FROM evzubkov;"
evzubkov;Зубков Евгений Валентинович (Evgeniy Zubkov);core;agreement;UPDATE;EDW All Core;"REVOKE UPDATE ON core.agreement FROM evzubkov;"
evzubkov;Зубков Евгений Валентинович (Evgeniy Zubkov);core;agreement;DELETE;EDW All Core;"REVOKE DELETE ON core.agreement FROM evzubkov;"
evzubkov;Зубков Евгений Валентинович (Evgeniy Zubkov);core;agreement;TRUNCATE;EDW All Core;"REVOKE TRUNCATE ON core.agreement FROM evzubkov;"
evzubkov;Зубков Евгений Валентинович (Evgeniy Zubkov);core;agreement;REFERENCES;EDW All Core;"REVOKE REFERENCES ON core.agreement FROM evzubkov;"
evzubkov;Зубков Евгений Валентинович (Evgeniy Zubkov);core;agreement;TRIGGER;EDW All Core;"REVOKE TRIGGER ON core.agreement FROM evzubkov;"
alvreus;Реус Александр Валерьевич (Aleksandr Reus);core;agreement;SELECT;EDW Read Core;"REVOKE SELECT ON core.agreement FROM alvreus;"
vatsvetkova;Цветкова Виктория Андреевна (Viktoriya Tsvetkova);core;agreement;SELECT;EDW Read Core;"REVOKE SELECT ON core.agreement FROM vatsvetkova;"
mpmashin;Машин Максим Павлович (Maksim Mashin);core;agreement;SELECT;EDW All Core;"REVOKE SELECT ON core.agreement FROM mpmashin;"
alvreus;Реус Александр Валерьевич (Aleksandr Reus);core;contract_reinsurance;SELECT;EDW Read Core;"REVOKE SELECT ON core.contract_reinsurance FROM alvreus;"
vatsvetkova;Цветкова Виктория Андреевна (Viktoriya Tsvetkova);core;contract_reinsurance;SELECT;EDW Read Core;"REVOKE SELECT ON core.contract_reinsurance FROM vatsvetkova;"
mpmashin;Машин Максим Павлович (Maksim Mashin);core;contract_reinsurance;SELECT;EDW All Core;"REVOKE SELECT ON core.contract_reinsurance FROM mpmashin;"
alvreus;Реус Александр Валерьевич (Aleksandr Reus);core;reinsurance_expense;SELECT;EDW Read Core;"REVOKE SELECT ON core.reinsurance_expense FROM alvreus;"
vatsvetkova;Цветкова Виктория Андреевна (Viktoriya Tsvetkova);core;reinsurance_expense;SELECT;EDW Read Core;"REVOKE SELECT ON core.reinsurance_expense FROM vatsvetkova;"
mpmashin;Машин Максим Павлович (Maksim Mashin);core;reinsurance_expense;SELECT;EDW All Core;"REVOKE SELECT ON core.reinsurance_expense FROM mpmashin;"
vatsvetkova;Цветкова Виктория Андреевна (Viktoriya Tsvetkova);dwh_settings;dict_etl_partner_type;INSERT;EDW All Dwh settings;"REVOKE INSERT ON dwh_settings.dict_etl_partner_type FROM vatsvetkova;"
vatsvetkova;Цветкова Виктория Андреевна (Viktoriya Tsvetkova);dwh_settings;dict_etl_partner_type;SELECT;EDW All Dwh settings;"REVOKE SELECT ON dwh_settings.dict_etl_partner_type FROM vatsvetkova;"
vatsvetkova;Цветкова Виктория Андреевна (Viktoriya Tsvetkova);dwh_settings;dict_etl_partner_type;UPDATE;EDW All Dwh settings;"REVOKE UPDATE ON dwh_settings.dict_etl_partner_type FROM vatsvetkova;"
vatsvetkova;Цветкова Виктория Андреевна (Viktoriya Tsvetkova);dwh_settings;dict_etl_partner_type;DELETE;EDW All Dwh settings;"REVOKE DELETE ON dwh_settings.dict_etl_partner_type FROM vatsvetkova;"
vatsvetkova;Цветкова Виктория Андреевна (Viktoriya Tsvetkova);dwh_settings;dict_etl_partner_type;TRUNCATE;EDW All Dwh settings;"REVOKE TRUNCATE ON dwh_settings.dict_etl_partner_type FROM vatsvetkova;"
vatsvetkova;Цветкова Виктория Андреевна (Viktoriya Tsvetkova);dwh_settings;dict_etl_partner_type;REFERENCES;EDW All Dwh settings;"REVOKE REFERENCES ON dwh_settings.dict_etl_partner_type FROM vatsvetkova;"
vatsvetkova;Цветкова Виктория Андреевна (Viktoriya Tsvetkova);dwh_settings;dict_etl_partner_type;TRIGGER;EDW All Dwh settings;"REVOKE TRIGGER ON dwh_settings.dict_etl_partner_type FROM vatsvetkova;"
alvreus;Реус Александр Валерьевич (Aleksandr Reus);dwh_settings;dict_etl_partner_type;INSERT;EDW All Dwh settings;"REVOKE INSERT ON dwh_settings.dict_etl_partner_type FROM alvreus;"
alvreus;Реус Александр Валерьевич (Aleksandr Reus);dwh_settings;dict_etl_partner_type;SELECT;EDW All Dwh settings;"REVOKE SELECT ON dwh_settings.dict_etl_partner_type FROM alvreus;"
alvreus;Реус Александр Валерьевич (Aleksandr Reus);dwh_settings;dict_etl_partner_type;UPDATE;EDW All Dwh settings;"REVOKE UPDATE ON dwh_settings.dict_etl_partner_type FROM alvreus;"
alvreus;Реус Александр Валерьевич (Aleksandr Reus);dwh_settings;dict_etl_partner_type;DELETE;EDW All Dwh settings;"REVOKE DELETE ON dwh_settings.dict_etl_partner_type FROM alvreus;"
alvreus;Реус Александр Валерьевич (Aleksandr Reus);dwh_settings;dict_etl_partner_type;TRUNCATE;EDW All Dwh settings;"REVOKE TRUNCATE ON dwh_settings.dict_etl_partner_type FROM alvreus;"
alvreus;Реус Александр Валерьевич (Aleksandr Reus);dwh_settings;dict_etl_partner_type;REFERENCES;EDW All Dwh settings;"REVOKE REFERENCES ON dwh_settings.dict_etl_partner_type FROM alvreus;"
alvreus;Реус Александр Валерьевич (Aleksandr Reus);dwh_settings;dict_etl_partner_type;TRIGGER;EDW All Dwh settings;"REVOKE TRIGGER ON dwh_settings.dict_etl_partner_type FROM alvreus;"
mpmashin;Машин Максим Павлович (Maksim Mashin);dwh_settings;dict_etl_partner_type;INSERT;EDW All Dwh settings;"REVOKE INSERT ON dwh_settings.dict_etl_partner_type FROM mpmashin;"
mpmashin;Машин Максим Павлович (Maksim Mashin);dwh_settings;dict_etl_partner_type;SELECT;EDW All Dwh settings;"REVOKE SELECT ON dwh_settings.dict_etl_partner_type FROM mpmashin;"
mpmashin;Машин Максим Павлович (Maksim Mashin);dwh_settings;dict_etl_partner_type;UPDATE;EDW All Dwh settings;"REVOKE UPDATE ON dwh_settings.dict_etl_partner_type FROM mpmashin;"
mpmashin;Машин Максим Павлович (Maksim Mashin);dwh_settings;dict_etl_partner_type;DELETE;EDW All Dwh settings;"REVOKE DELETE ON dwh_settings.dict_etl_partner_type FROM mpmashin;"
mpmashin;Машин Максим Павлович (Maksim Mashin);dwh_settings;dict_etl_partner_type;TRUNCATE;EDW All Dwh settings;"REVOKE TRUNCATE ON dwh_settings.dict_etl_partner_type FROM mpmashin;"
mpmashin;Машин Максим Павлович (Maksim Mashin);dwh_settings;dict_etl_partner_type;REFERENCES;EDW All Dwh settings;"REVOKE REFERENCES ON dwh_settings.dict_etl_partner_type FROM mpmashin;"
mpmashin;Машин Максим Павлович (Maksim Mashin);dwh_settings;dict_etl_partner_type;TRIGGER;EDW All Dwh settings;"REVOKE TRIGGER ON dwh_settings.dict_etl_partner_type FROM mpmashin;"
aatokolova;Токолова Алина Александровна (Alina Tokolova);cdm_analysis;dm_osago2_ldu_data7089;SELECT;EDW Read Cdm Analysis;"REVOKE SELECT ON cdm_analysis.dm_osago2_ldu_data7089 FROM aatokolova;"
aozhigalov;Жигалов Артур Олегович (Artur Zhigalov);cdm_analysis;dm_osago2_ldu_data7089;SELECT;EDW Read Cdm Analysis;"REVOKE SELECT ON cdm_analysis.dm_osago2_ldu_data7089 FROM aozhigalov;"
rdayzatulin;Айзатулин Ринат Дамирович (Rinat Ayzatulin);cdm_analysis;dm_osago2_ldu_data7089;SELECT;EDW Read Cdm Analysis;"REVOKE SELECT ON cdm_analysis.dm_osago2_ldu_data7089 FROM rdayzatulin;"
asfesenko;Фесенко Александр Сергеевич (Aleksandr Fesenko);cdm_analysis;dm_osago2_ldu_data7089;SELECT;EDW Read Cdm Analysis;"REVOKE SELECT ON cdm_analysis.dm_osago2_ldu_data7089 FROM asfesenko;"
digarifulin;Гарифулин Дмитрий Исмагильевич (Dmitriy Garifulin);cdm_analysis;dm_osago2_ldu_data7089;SELECT;EDW Read Cdm Analysis;"REVOKE SELECT ON cdm_analysis.dm_osago2_ldu_data7089 FROM digarifulin;"
yvvorobev;Воробьев Юрий Владимирович (Yury Vorobev);cdm_analysis;dm_osago2_ldu_data7089;SELECT;EDW All Cdm Analysis;"REVOKE SELECT ON cdm_analysis.dm_osago2_ldu_data7089 FROM yvvorobev;"
akavdeev;Авдеев Андрей Кириллович (Andrey Avdeev);cdm_analysis;dm_osago2_ldu_data7089;SELECT;EDW Read Cdm Analysis;"REVOKE SELECT ON cdm_analysis.dm_osago2_ldu_data7089 FROM akavdeev;"
gmvargaftik;Варгафтик Григорий Михайлович (Grigoriy Vargaftik);cdm_analysis;dm_osago2_ldu_data7089;SELECT;EDW Read Cdm Analysis;"REVOKE SELECT ON cdm_analysis.dm_osago2_ldu_data7089 FROM gmvargaftik;"
avdombrovskiy;Домбровский Александр Владимирович (Aleksandr Dombrovskiy);cdm_analysis;dm_osago2_ldu_data7089;SELECT;EDW Read Cdm Analysis;"REVOKE SELECT ON cdm_analysis.dm_osago2_ldu_data7089 FROM avdombrovskiy;"
dvskorokhodov;Скороходов Даниил Владимирович (Daniil Skorokhodov);cdm_analysis;dm_osago2_ldu_data7089;SELECT;EDW Read Cdm Analysis;"REVOKE SELECT ON cdm_analysis.dm_osago2_ldu_data7089 FROM dvskorokhodov;"
yvvorobev;Воробьев Юрий Владимирович (Yury Vorobev);cdm;ac_exposure;SELECT;EDW All CDM;"REVOKE SELECT ON cdm.ac_exposure FROM yvvorobev;"
yvvorobev;Воробьев Юрий Владимирович (Yury Vorobev);cdm;dm_realty_product;SELECT;EDW All CDM;"REVOKE SELECT ON cdm.dm_realty_product FROM yvvorobev;"
aatokolova;Токолова Алина Александровна (Alina Tokolova);cdm_analysis;test_askoshman_data_673;SELECT;EDW Read Cdm Analysis;"REVOKE SELECT ON cdm_analysis.test_askoshman_data_673 FROM aatokolova;"
aozhigalov;Жигалов Артур Олегович (Artur Zhigalov);cdm_analysis;test_askoshman_data_673;SELECT;EDW Read Cdm Analysis;"REVOKE SELECT ON cdm_analysis.test_askoshman_data_673 FROM aozhigalov;"
rdayzatulin;Айзатулин Ринат Дамирович (Rinat Ayzatulin);cdm_analysis;test_askoshman_data_673;SELECT;EDW Read Cdm Analysis;"REVOKE SELECT ON cdm_analysis.test_askoshman_data_673 FROM rdayzatulin;"
asfesenko;Фесенко Александр Сергеевич (Aleksandr Fesenko);cdm_analysis;test_askoshman_data_673;SELECT;EDW Read Cdm Analysis;"REVOKE SELECT ON cdm_analysis.test_askoshman_data_673 FROM asfesenko;"
digarifulin;Гарифулин Дмитрий Исмагильевич (Dmitriy Garifulin);cdm_analysis;test_askoshman_data_673;SELECT;EDW Read Cdm Analysis;"REVOKE SELECT ON cdm_analysis.test_askoshman_data_673 FROM digarifulin;"
yvvorobev;Воробьев Юрий Владимирович (Yury Vorobev);cdm_analysis;test_askoshman_data_673;SELECT;EDW All Cdm Analysis;"REVOKE SELECT ON cdm_analysis.test_askoshman_data_673 FROM yvvorobev;"
akavdeev;Авдеев Андрей Кириллович (Andrey Avdeev);cdm_analysis;test_askoshman_data_673;SELECT;EDW Read Cdm Analysis;"REVOKE SELECT ON cdm_analysis.test_askoshman_data_673 FROM akavdeev;"
gmvargaftik;Варгафтик Григорий Михайлович (Grigoriy Vargaftik);cdm_analysis;test_askoshman_data_673;SELECT;EDW Read Cdm Analysis;"REVOKE SELECT ON cdm_analysis.test_askoshman_data_673 FROM gmvargaftik;"
avdombrovskiy;Домбровский Александр Владимирович (Aleksandr Dombrovskiy);cdm_analysis;test_askoshman_data_673;SELECT;EDW Read Cdm Analysis;"REVOKE SELECT ON cdm_analysis.test_askoshman_data_673 FROM avdombrovskiy;"
vatsvetkova;Цветкова Виктория Андреевна (Viktoriya Tsvetkova);kias_dm;base;INSERT;EDW All Kias DM;"REVOKE INSERT ON kias_dm.base FROM vatsvetkova;"
vatsvetkova;Цветкова Виктория Андреевна (Viktoriya Tsvetkova);kias_dm;base;SELECT;EDW All Kias DM;"REVOKE SELECT ON kias_dm.base FROM vatsvetkova;"
vatsvetkova;Цветкова Виктория Андреевна (Viktoriya Tsvetkova);kias_dm;base;UPDATE;EDW All Kias DM;"REVOKE UPDATE ON kias_dm.base FROM vatsvetkova;"
vatsvetkova;Цветкова Виктория Андреевна (Viktoriya Tsvetkova);kias_dm;base;DELETE;EDW All Kias DM;"REVOKE DELETE ON kias_dm.base FROM vatsvetkova;"
vatsvetkova;Цветкова Виктория Андреевна (Viktoriya Tsvetkova);kias_dm;base;TRUNCATE;EDW All Kias DM;"REVOKE TRUNCATE ON kias_dm.base FROM vatsvetkova;"
vatsvetkova;Цветкова Виктория Андреевна (Viktoriya Tsvetkova);kias_dm;base;REFERENCES;EDW All Kias DM;"REVOKE REFERENCES ON kias_dm.base FROM vatsvetkova;"
vatsvetkova;Цветкова Виктория Андреевна (Viktoriya Tsvetkova);kias_dm;base;TRIGGER;EDW All Kias DM;"REVOKE TRIGGER ON kias_dm.base FROM vatsvetkova;"
alvreus;Реус Александр Валерьевич (Aleksandr Reus);kias_dm;base;INSERT;EDW All Kias DM;"REVOKE INSERT ON kias_dm.base FROM alvreus;"
alvreus;Реус Александр Валерьевич (Aleksandr Reus);kias_dm;base;SELECT;EDW All Kias DM;"REVOKE SELECT ON kias_dm.base FROM alvreus;"
alvreus;Реус Александр Валерьевич (Aleksandr Reus);kias_dm;base;UPDATE;EDW All Kias DM;"REVOKE UPDATE ON kias_dm.base FROM alvreus;"
alvreus;Реус Александр Валерьевич (Aleksandr Reus);kias_dm;base;DELETE;EDW All Kias DM;"REVOKE DELETE ON kias_dm.base FROM alvreus;"
alvreus;Реус Александр Валерьевич (Aleksandr Reus);kias_dm;base;TRUNCATE;EDW All Kias DM;"REVOKE TRUNCATE ON kias_dm.base FROM alvreus;"
alvreus;Реус Александр Валерьевич (Aleksandr Reus);kias_dm;base;REFERENCES;EDW All Kias DM;"REVOKE REFERENCES ON kias_dm.base FROM alvreus;"
alvreus;Реус Александр Валерьевич (Aleksandr Reus);kias_dm;base;TRIGGER;EDW All Kias DM;"REVOKE TRIGGER ON kias_dm.base FROM alvreus;"
mpmashin;Машин Максим Павлович (Maksim Mashin);kias_dm;base;INSERT;EDW All Kias DM;"REVOKE INSERT ON kias_dm.base FROM mpmashin;"
mpmashin;Машин Максим Павлович (Maksim Mashin);kias_dm;base;SELECT;EDW All Kias DM;"REVOKE SELECT ON kias_dm.base FROM mpmashin;"
mpmashin;Машин Максим Павлович (Maksim Mashin);kias_dm;base;UPDATE;EDW All Kias DM;"REVOKE UPDATE ON kias_dm.base FROM mpmashin;"
mpmashin;Машин Максим Павлович (Maksim Mashin);kias_dm;base;DELETE;EDW All Kias DM;"REVOKE DELETE ON kias_dm.base FROM mpmashin;"
mpmashin;Машин Максим Павлович (Maksim Mashin);kias_dm;base;TRUNCATE;EDW All Kias DM;"REVOKE TRUNCATE ON kias_dm.base FROM mpmashin;"
mpmashin;Машин Максим Павлович (Maksim Mashin);kias_dm;base;REFERENCES;EDW All Kias DM;"REVOKE REFERENCES ON kias_dm.base FROM mpmashin;"
mpmashin;Машин Максим Павлович (Maksim Mashin);kias_dm;base;TRIGGER;EDW All Kias DM;"REVOKE TRIGGER ON kias_dm.base FROM mpmashin;"
aabazaev;Базаев Алексей Александрович (Aleksey Bazaev);cdm_analysis_out;ifl_prolongation_for_del;SELECT;EDW Read Cdm Analysis Out;"REVOKE SELECT ON cdm_analysis_out.ifl_prolongation_for_del FROM aabazaev;"
yvvorobev;Воробьев Юрий Владимирович (Yury Vorobev);cdm;dm_corp_address;SELECT;EDW All CDM;"REVOKE SELECT ON cdm.dm_corp_address FROM yvvorobev;"
yvvorobev;Воробьев Юрий Владимирович (Yury Vorobev);cdm;pr_claim_matter;SELECT;EDW All CDM;"REVOKE SELECT ON cdm.pr_claim_matter FROM yvvorobev;"
digarifulin;Гарифулин Дмитрий Исмагильевич (Dmitriy Garifulin);cdm_analysis;top_liability;SELECT;EDW Read Cdm Analysis;"REVOKE SELECT ON cdm_analysis.top_liability FROM digarifulin;"
asfesenko;Фесенко Александр Сергеевич (Aleksandr Fesenko);cdm_analysis;top_liability;SELECT;EDW Read Cdm Analysis;"REVOKE SELECT ON cdm_analysis.top_liability FROM asfesenko;"
rdayzatulin;Айзатулин Ринат Дамирович (Rinat Ayzatulin);cdm_analysis;top_liability;SELECT;EDW Read Cdm Analysis;"REVOKE SELECT ON cdm_analysis.top_liability FROM rdayzatulin;"
report;Сервер отчетов;cdm_analysis;tr_audit;INSERT;EDW All Cdm Analysis;"REVOKE INSERT ON cdm_analysis.tr_audit FROM report;"
aafedorov;Федоров Алексей Анатольевич (Aleksey Fedorov);cdm_analysis_out;ofr_gbc_proc_log;SELECT;EDW Read Cdm Analysis Out;"REVOKE SELECT ON cdm_analysis_out.ofr_gbc_proc_log FROM aafedorov;"
aozhigalov;Жигалов Артур Олегович (Artur Zhigalov);cdm_analysis_out;osago_is_intercept;SELECT;EDW Read Cdm Analysis Out;"REVOKE SELECT ON cdm_analysis_out.osago_is_intercept FROM aozhigalov;"
ayzhukova;Жукова Анастасия Юрьевна (Anastasiya Zhukova);cdm_analysis_out;rep_guru_suits_old;SELECT;EDW Read Cdm Analysis Out;"REVOKE SELECT ON cdm_analysis_out.rep_guru_suits_old FROM ayzhukova;"
teabel;Абель Татьяна Евгеньевна (Tatyana Abel);cdm_analysis_out;rep_guru_suits_old;SELECT;EDW Read Cdm Analysis Out;"REVOKE SELECT ON cdm_analysis_out.rep_guru_suits_old FROM teabel;"
ekorotkih;Коротких Екатерина Александровна (Ekaterina Korotkikh);cdm_analysis_out;rep_guru_suits_old;SELECT;EDW Read Cdm Analysis Out;"REVOKE SELECT ON cdm_analysis_out.rep_guru_suits_old FROM ekorotkih;"
aarozhnov;Рожнов Андрей Алексеевич (Andrey Rozhnov);cdm_analysis_out;rep_guru_suits_old;SELECT;EDW Read Cdm Analysis Out;"REVOKE SELECT ON cdm_analysis_out.rep_guru_suits_old FROM aarozhnov;"
asergeev;Сергеев Артем Александрович (Artem Sergeev);cdm_analysis_out;rep_guru_suits_old;SELECT;EDW Read Cdm Analysis Out;"REVOKE SELECT ON cdm_analysis_out.rep_guru_suits_old FROM asergeev;"
ogbykova;Быкова Ольга Геннадьевна (Olga Bykova);cdm_analysis_out;rep_guru_suits_old;SELECT;EDW Read Cdm Analysis Out;"REVOKE SELECT ON cdm_analysis_out.rep_guru_suits_old FROM ogbykova;"
mskazakov;Казаков Максим Сергеевич (Maksim Kazakov);cdm_analysis_out;rep_guru_suits_old;SELECT;EDW Read Cdm Analysis Out;"REVOKE SELECT ON cdm_analysis_out.rep_guru_suits_old FROM mskazakov;"
oakalyagina;Калягина Олеся Александровна (Olesya Kalyagina);cdm_analysis_out;rep_guru_suits_old;SELECT;EDW Read Cdm Analysis Out;"REVOKE SELECT ON cdm_analysis_out.rep_guru_suits_old FROM oakalyagina;"
gmindrupskaya;Индрупская Галина Михайловна (Galina Indrupskaya);cdm_analysis_out;rep_guru_suits_old;SELECT;EDW Read Cdm Analysis Out;"REVOKE SELECT ON cdm_analysis_out.rep_guru_suits_old FROM gmindrupskaya;"
torekhova;Орехова Татьяна Александровна (Tatyana Orekhova);cdm_analysis_out;rep_guru_suits_old;SELECT;EDW Read Cdm Analysis Out;"REVOKE SELECT ON cdm_analysis_out.rep_guru_suits_old FROM torekhova;"
tksolomina;Соломина Татьяна Константиновна (Tatyana Solomina);cdm_analysis_out;rep_guru_suits_old;SELECT;EDW Read Cdm Analysis Out;"REVOKE SELECT ON cdm_analysis_out.rep_guru_suits_old FROM tksolomina;"
aerikova;Ерикова Анастасия Петровна (Anastasiya Erikova);cdm_analysis_out;rep_guru_suits_old;SELECT;EDW Read Cdm Analysis Out;"REVOKE SELECT ON cdm_analysis_out.rep_guru_suits_old FROM aerikova;"
taalandreeva;Андреева Татьяна Александровна (Tatyana Andreeva);cdm_analysis_out;rep_guru_suits_old;SELECT;EDW Read Cdm Analysis Out;"REVOKE SELECT ON cdm_analysis_out.rep_guru_suits_old FROM taalandreeva;"
avchaplygina;Чаплыгина Алена Владимировна (Alena Chaplygina);cdm_analysis_out;rep_guru_suits_old;SELECT;EDW Read Cdm Analysis Out;"REVOKE SELECT ON cdm_analysis_out.rep_guru_suits_old FROM avchaplygina;"
tvbozhenkova;Боженкова Татьяна Владимировна (Tatyana Bozhenkova);cdm_analysis_out;rep_guru_suits_old;SELECT;EDW Read Cdm Analysis Out;"REVOKE SELECT ON cdm_analysis_out.rep_guru_suits_old FROM tvbozhenkova;"
avyurin;Юрин Андрей Викторович (Andrey Yurin);cdm_analysis_out;rep_guru_suits_old;SELECT;EDW Read Cdm Analysis Out;"REVOKE SELECT ON cdm_analysis_out.rep_guru_suits_old FROM avyurin;"
qs_economic;QS_Economic;cdm_analysis_out;rep_guru_suits_old;SELECT;EDW Read Cdm Analysis Out;"REVOKE SELECT ON cdm_analysis_out.rep_guru_suits_old FROM qs_economic;"
avkuchumova;Кучумова Анна Владимировна (Anna Kuchumova);cdm_analysis_out;rep_guru_suits_old;SELECT;EDW Read Cdm Analysis Out;"REVOKE SELECT ON cdm_analysis_out.rep_guru_suits_old FROM avkuchumova;"
gmindrupskaya;Индрупская Галина Михайловна (Galina Indrupskaya);cdm_analysis_out;dwh_salvage_material;SELECT;EDW Read Cdm Analysis Out;"REVOKE SELECT ON cdm_analysis_out.dwh_salvage_material FROM gmindrupskaya;"
ogbykova;Быкова Ольга Геннадьевна (Olga Bykova);cdm_analysis_out;dwh_salvage_material;SELECT;EDW Read Cdm Analysis Out;"REVOKE SELECT ON cdm_analysis_out.dwh_salvage_material FROM ogbykova;"
gmindrupskaya;Индрупская Галина Михайловна (Galina Indrupskaya);cdm_analysis_out;rol_for_count_cor_0503;SELECT;EDW Read Cdm Analysis Out;"REVOKE SELECT ON cdm_analysis_out.rol_for_count_cor_0503 FROM gmindrupskaya;"
avchaplygina;Чаплыгина Алена Владимировна (Alena Chaplygina);cdm_analysis_out;dwhiv694_con_ort_dim_f10_f1_v8;SELECT;EDW Read Cdm Analysis Out;"REVOKE SELECT ON cdm_analysis_out.dwhiv694_con_ort_dim_f10_f1_v8 FROM avchaplygina;"
tvbozhenkova;Боженкова Татьяна Владимировна (Tatyana Bozhenkova);cdm_analysis_out;dwhiv694_con_ort_dim_f10_f1_v8;SELECT;EDW Read Cdm Analysis Out;"REVOKE SELECT ON cdm_analysis_out.dwhiv694_con_ort_dim_f10_f1_v8 FROM tvbozhenkova;"
saustimenko;Устименко Сергей Александрович (Sergey Ustimenko);cdm_analysis_out;dwhiv694_con_ort_dim_f10_f1_v8;SELECT;EDW Read Cdm Analysis Out;"REVOKE SELECT ON cdm_analysis_out.dwhiv694_con_ort_dim_f10_f1_v8 FROM saustimenko;"
aabazaev;Базаев Алексей Александрович (Aleksey Bazaev);cdm_analysis_out;spr_coeff_rez_collect;SELECT;EDW Read Cdm Analysis Out;"REVOKE SELECT ON cdm_analysis_out.spr_coeff_rez_collect FROM aabazaev;"
aafedorov;Федоров Алексей Анатольевич (Aleksey Fedorov);cdm_analysis_out;ofr_plan_agg;SELECT;EDW Read Cdm Analysis Out;"REVOKE SELECT ON cdm_analysis_out.ofr_plan_agg FROM aafedorov;"
aafedorov;Федоров Алексей Анатольевич (Aleksey Fedorov);cdm_analysis_out;ofr_mag_agent;SELECT;EDW Read Cdm Analysis Out;"REVOKE SELECT ON cdm_analysis_out.ofr_mag_agent FROM aafedorov;"
aafedorov;Федоров Алексей Анатольевич (Aleksey Fedorov);cdm_analysis_out;ofr_osp_nso;SELECT;EDW Read Cdm Analysis Out;"REVOKE SELECT ON cdm_analysis_out.ofr_osp_nso FROM aafedorov;"
qlik_ad;qlik_ad;cdm_analysis_out;procuration;SELECT;EDW Read Cdm Analysis Out;"REVOKE SELECT ON cdm_analysis_out.procuration FROM qlik_ad;"
avchaplygina;Чаплыгина Алена Владимировна (Alena Chaplygina);cdm_analysis_out;rep_guru_subrogation_old;SELECT;EDW Read Cdm Analysis Out;"REVOKE SELECT ON cdm_analysis_out.rep_guru_subrogation_old FROM avchaplygina;"
tvbozhenkova;Боженкова Татьяна Владимировна (Tatyana Bozhenkova);cdm_analysis_out;rep_guru_subrogation_old;SELECT;EDW Read Cdm Analysis Out;"REVOKE SELECT ON cdm_analysis_out.rep_guru_subrogation_old FROM tvbozhenkova;"
avyurin;Юрин Андрей Викторович (Andrey Yurin);cdm_analysis_out;rep_guru_subrogation_old;SELECT;EDW Read Cdm Analysis Out;"REVOKE SELECT ON cdm_analysis_out.rep_guru_subrogation_old FROM avyurin;"
qs_economic;QS_Economic;cdm_analysis_out;rep_guru_subrogation_old;SELECT;EDW Read Cdm Analysis Out;"REVOKE SELECT ON cdm_analysis_out.rep_guru_subrogation_old FROM qs_economic;"
avkuchumova;Кучумова Анна Владимировна (Anna Kuchumova);cdm_analysis_out;rep_guru_subrogation_old;SELECT;EDW Read Cdm Analysis Out;"REVOKE SELECT ON cdm_analysis_out.rep_guru_subrogation_old FROM avkuchumova;"
ammatseplyuk;Мацеплюк Александр Михайлович (Aleksandr Matseplyuk);cdm_analysis_out;rep_guru_subrogation_old;SELECT;EDW Read Cdm Analysis Out;"REVOKE SELECT ON cdm_analysis_out.rep_guru_subrogation_old FROM ammatseplyuk;"
gmindrupskaya;Индрупская Галина Михайловна (Galina Indrupskaya);cdm_analysis_out;rol_for_sum_cost_add_old;SELECT;EDW Read Cdm Analysis Out;"REVOKE SELECT ON cdm_analysis_out.rol_for_sum_cost_add_old FROM gmindrupskaya;"
ekorotkih;Коротких Екатерина Александровна (Ekaterina Korotkikh);cdm_analysis_out;rol_for_sum_cost_add_old;SELECT;EDW Read Cdm Analysis Out;"REVOKE SELECT ON cdm_analysis_out.rol_for_sum_cost_add_old FROM ekorotkih;"
asergeev;Сергеев Артем Александрович (Artem Sergeev);cdm_analysis_out;rol_for_sum_cost_add_old;SELECT;EDW Read Cdm Analysis Out;"REVOKE SELECT ON cdm_analysis_out.rol_for_sum_cost_add_old FROM asergeev;"
ayzhukova;Жукова Анастасия Юрьевна (Anastasiya Zhukova);cdm_analysis_out;rol_for_sum_cost_add_old;SELECT;EDW Read Cdm Analysis Out;"REVOKE SELECT ON cdm_analysis_out.rol_for_sum_cost_add_old FROM ayzhukova;"
aarozhnov;Рожнов Андрей Алексеевич (Andrey Rozhnov);cdm_analysis_out;rol_for_sum_cost_add_old;SELECT;EDW Read Cdm Analysis Out;"REVOKE SELECT ON cdm_analysis_out.rol_for_sum_cost_add_old FROM aarozhnov;"
teabel;Абель Татьяна Евгеньевна (Tatyana Abel);cdm_analysis_out;rol_for_sum_cost_add_old;SELECT;EDW Read Cdm Analysis Out;"REVOKE SELECT ON cdm_analysis_out.rol_for_sum_cost_add_old FROM teabel;"
ogbykova;Быкова Ольга Геннадьевна (Olga Bykova);cdm_analysis_out;rol_for_sum_cost_add_old;SELECT;EDW Read Cdm Analysis Out;"REVOKE SELECT ON cdm_analysis_out.rol_for_sum_cost_add_old FROM ogbykova;"
tvbozhenkova;Боженкова Татьяна Владимировна (Tatyana Bozhenkova);cdm_analysis_out;rol_for_sum_cost_add_old;SELECT;EDW Read Cdm Analysis Out;"REVOKE SELECT ON cdm_analysis_out.rol_for_sum_cost_add_old FROM tvbozhenkova;"
avchaplygina;Чаплыгина Алена Владимировна (Alena Chaplygina);cdm_analysis_out;rol_for_sum_cost_add_old;SELECT;EDW Read Cdm Analysis Out;"REVOKE SELECT ON cdm_analysis_out.rol_for_sum_cost_add_old FROM avchaplygina;"
qs_economic;QS_Economic;cdm_analysis_out;rol_for_sum_cost_add_old;SELECT;EDW Read Cdm Analysis Out;"REVOKE SELECT ON cdm_analysis_out.rol_for_sum_cost_add_old FROM qs_economic;"
avyurin;Юрин Андрей Викторович (Andrey Yurin);cdm_analysis_out;rol_for_sum_cost_add_old;SELECT;EDW Read Cdm Analysis Out;"REVOKE SELECT ON cdm_analysis_out.rol_for_sum_cost_add_old FROM avyurin;"
gmindrupskaya;Индрупская Галина Михайловна (Galina Indrupskaya);cdm_analysis_out;rol_for_sum_cost_old;SELECT;EDW Read Cdm Analysis Out;"REVOKE SELECT ON cdm_analysis_out.rol_for_sum_cost_old FROM gmindrupskaya;"
ekorotkih;Коротких Екатерина Александровна (Ekaterina Korotkikh);cdm_analysis_out;rol_for_sum_cost_old;SELECT;EDW Read Cdm Analysis Out;"REVOKE SELECT ON cdm_analysis_out.rol_for_sum_cost_old FROM ekorotkih;"
asergeev;Сергеев Артем Александрович (Artem Sergeev);cdm_analysis_out;rol_for_sum_cost_old;SELECT;EDW Read Cdm Analysis Out;"REVOKE SELECT ON cdm_analysis_out.rol_for_sum_cost_old FROM asergeev;"
ayzhukova;Жукова Анастасия Юрьевна (Anastasiya Zhukova);cdm_analysis_out;rol_for_sum_cost_old;SELECT;EDW Read Cdm Analysis Out;"REVOKE SELECT ON cdm_analysis_out.rol_for_sum_cost_old FROM ayzhukova;"
aarozhnov;Рожнов Андрей Алексеевич (Andrey Rozhnov);cdm_analysis_out;rol_for_sum_cost_old;SELECT;EDW Read Cdm Analysis Out;"REVOKE SELECT ON cdm_analysis_out.rol_for_sum_cost_old FROM aarozhnov;"
teabel;Абель Татьяна Евгеньевна (Tatyana Abel);cdm_analysis_out;rol_for_sum_cost_old;SELECT;EDW Read Cdm Analysis Out;"REVOKE SELECT ON cdm_analysis_out.rol_for_sum_cost_old FROM teabel;"
ogbykova;Быкова Ольга Геннадьевна (Olga Bykova);cdm_analysis_out;rol_for_sum_cost_old;SELECT;EDW Read Cdm Analysis Out;"REVOKE SELECT ON cdm_analysis_out.rol_for_sum_cost_old FROM ogbykova;"
tvbozhenkova;Боженкова Татьяна Владимировна (Tatyana Bozhenkova);cdm_analysis_out;rol_for_sum_cost_old;SELECT;EDW Read Cdm Analysis Out;"REVOKE SELECT ON cdm_analysis_out.rol_for_sum_cost_old FROM tvbozhenkova;"
avchaplygina;Чаплыгина Алена Владимировна (Alena Chaplygina);cdm_analysis_out;rol_for_sum_cost_old;SELECT;EDW Read Cdm Analysis Out;"REVOKE SELECT ON cdm_analysis_out.rol_for_sum_cost_old FROM avchaplygina;"
qs_economic;QS_Economic;cdm_analysis_out;rol_for_sum_cost_old;SELECT;EDW Read Cdm Analysis Out;"REVOKE SELECT ON cdm_analysis_out.rol_for_sum_cost_old FROM qs_economic;"
avyurin;Юрин Андрей Викторович (Andrey Yurin);cdm_analysis_out;rol_for_sum_cost_old;SELECT;EDW Read Cdm Analysis Out;"REVOKE SELECT ON cdm_analysis_out.rol_for_sum_cost_old FROM avyurin;"
digarifulin;Гарифулин Дмитрий Исмагильевич (Dmitriy Garifulin);cdm_analysis_out;rol_for_sum_cost_old;SELECT;EDW Read Cdm Analysis Out;"REVOKE SELECT ON cdm_analysis_out.rol_for_sum_cost_old FROM digarifulin;"
asfesenko;Фесенко Александр Сергеевич (Aleksandr Fesenko);cdm_analysis_out;rol_for_sum_cost_old;SELECT;EDW Read Cdm Analysis Out;"REVOKE SELECT ON cdm_analysis_out.rol_for_sum_cost_old FROM asfesenko;"
aatokolova;Токолова Алина Александровна (Alina Tokolova);cdm_analysis_out;rol_for_sum_cost_old;SELECT;EDW Read Cdm Analysis Out;"REVOKE SELECT ON cdm_analysis_out.rol_for_sum_cost_old FROM aatokolova;"
gmindrupskaya;Индрупская Галина Михайловна (Galina Indrupskaya);cdm_analysis_out;rtmp_tab_fssn_losses;SELECT;EDW Read Cdm Analysis Out;"REVOKE SELECT ON cdm_analysis_out.rtmp_tab_fssn_losses FROM gmindrupskaya;"
vakremnev;Кремнев Владимир Александрович (Vladimir Kremnev);cdm_analysis_out;sold_contracts;INSERT;EDW All Cdm Analysis Out;"REVOKE INSERT ON cdm_analysis_out.sold_contracts FROM vakremnev;"
vakremnev;Кремнев Владимир Александрович (Vladimir Kremnev);cdm_analysis_out;sold_contracts;SELECT;EDW Read Cdm Analysis Out;"REVOKE SELECT ON cdm_analysis_out.sold_contracts FROM vakremnev;"
vakremnev;Кремнев Владимир Александрович (Vladimir Kremnev);cdm_analysis_out;sold_contracts;UPDATE;EDW All Cdm Analysis Out;"REVOKE UPDATE ON cdm_analysis_out.sold_contracts FROM vakremnev;"
vakremnev;Кремнев Владимир Александрович (Vladimir Kremnev);cdm_analysis_out;sold_contracts;DELETE;EDW All Cdm Analysis Out;"REVOKE DELETE ON cdm_analysis_out.sold_contracts FROM vakremnev;"
vakremnev;Кремнев Владимир Александрович (Vladimir Kremnev);cdm_analysis_out;sold_contracts;TRUNCATE;EDW All Cdm Analysis Out;"REVOKE TRUNCATE ON cdm_analysis_out.sold_contracts FROM vakremnev;"
vakremnev;Кремнев Владимир Александрович (Vladimir Kremnev);cdm_analysis_out;sold_contracts;REFERENCES;EDW All Cdm Analysis Out;"REVOKE REFERENCES ON cdm_analysis_out.sold_contracts FROM vakremnev;"
vakremnev;Кремнев Владимир Александрович (Vladimir Kremnev);cdm_analysis_out;sold_contracts;TRIGGER;EDW All Cdm Analysis Out;"REVOKE TRIGGER ON cdm_analysis_out.sold_contracts FROM vakremnev;"
report;Сервер отчетов;cdm_analysis_out;stat_iul_form;INSERT;EDW All Cdm Analysis Out;"REVOKE INSERT ON cdm_analysis_out.stat_iul_form FROM report;"
report;Сервер отчетов;cdm_analysis_out;stat_iul_form;SELECT;EDW Read Cdm Analysis Out;"REVOKE SELECT ON cdm_analysis_out.stat_iul_form FROM report;"
report;Сервер отчетов;cdm_analysis_out;stat_iul_form;UPDATE;EDW All Cdm Analysis Out;"REVOKE UPDATE ON cdm_analysis_out.stat_iul_form FROM report;"
report;Сервер отчетов;cdm_analysis_out;stat_iul_form;DELETE;EDW All Cdm Analysis Out;"REVOKE DELETE ON cdm_analysis_out.stat_iul_form FROM report;"
ogbykova;Быкова Ольга Геннадьевна (Olga Bykova);cdm_analysis_out;acc_premium_f10_200908_4cb;SELECT;EDW Read Cdm Analysis Out;"REVOKE SELECT ON cdm_analysis_out.acc_premium_f10_200908_4cb FROM ogbykova;"
mskazakov;Казаков Максим Сергеевич (Maksim Kazakov);cdm_analysis_out;acc_premium_f10_200908_4cb;SELECT;EDW Read Cdm Analysis Out;"REVOKE SELECT ON cdm_analysis_out.acc_premium_f10_200908_4cb FROM mskazakov;"
gmindrupskaya;Индрупская Галина Михайловна (Galina Indrupskaya);cdm_analysis_out;acc_premium_f10_200908_4cb;SELECT;EDW Read Cdm Analysis Out;"REVOKE SELECT ON cdm_analysis_out.acc_premium_f10_200908_4cb FROM gmindrupskaya;"
report;Сервер отчетов;cdm_analysis_out;acc_premium_f10_200908_4cb;SELECT;EDW Read Cdm Analysis Out;"REVOKE SELECT ON cdm_analysis_out.acc_premium_f10_200908_4cb FROM report;"
gmindrupskaya;Индрупская Галина Михайловна (Galina Indrupskaya);cdm_analysis_out;cdbclrep_6574_f10_a_com;SELECT;EDW Read Cdm Analysis Out;"REVOKE SELECT ON cdm_analysis_out.cdbclrep_6574_f10_a_com FROM gmindrupskaya;"
asergeev;Сергеев Артем Александрович (Artem Sergeev);cdm_analysis_out;cdbclrep_6574_f10_a_com;SELECT;EDW Read Cdm Analysis Out;"REVOKE SELECT ON cdm_analysis_out.cdbclrep_6574_f10_a_com FROM asergeev;"
gmindrupskaya;Индрупская Галина Михайловна (Galina Indrupskaya);cdm_analysis_out;cdbclrep_6574_f10_a_com_export;SELECT;EDW Read Cdm Analysis Out;"REVOKE SELECT ON cdm_analysis_out.cdbclrep_6574_f10_a_com_export FROM gmindrupskaya;"
asergeev;Сергеев Артем Александрович (Artem Sergeev);cdm_analysis_out;cdbclrep_6574_f10_a_prm;SELECT;EDW Read Cdm Analysis Out;"REVOKE SELECT ON cdm_analysis_out.cdbclrep_6574_f10_a_prm FROM asergeev;"
gmindrupskaya;Индрупская Галина Михайловна (Galina Indrupskaya);cdm_analysis_out;cdbclrep_6574_f10_a_prm;SELECT;EDW Read Cdm Analysis Out;"REVOKE SELECT ON cdm_analysis_out.cdbclrep_6574_f10_a_prm FROM gmindrupskaya;"
gmindrupskaya;Индрупская Галина Михайловна (Galina Indrupskaya);cdm_analysis_out;cdbclrep_6574_f10_a_prm_211022;SELECT;EDW Read Cdm Analysis Out;"REVOKE SELECT ON cdm_analysis_out.cdbclrep_6574_f10_a_prm_211022 FROM gmindrupskaya;"
gmindrupskaya;Индрупская Галина Михайловна (Galina Indrupskaya);cdm_analysis_out;cdbclrep_6574_okato_oktmo_excel;SELECT;EDW Read Cdm Analysis Out;"REVOKE SELECT ON cdm_analysis_out.cdbclrep_6574_okato_oktmo_excel FROM gmindrupskaya;"
asergeev;Сергеев Артем Александрович (Artem Sergeev);cdm_analysis_out;cdbclrep_6574_okato_oktmo_excel;SELECT;EDW Read Cdm Analysis Out;"REVOKE SELECT ON cdm_analysis_out.cdbclrep_6574_okato_oktmo_excel FROM asergeev;"
gmindrupskaya;Индрупская Галина Михайловна (Galina Indrupskaya);cdm_analysis_out;commission_risk_not_sap;SELECT;EDW Read Cdm Analysis Out;"REVOKE SELECT ON cdm_analysis_out.commission_risk_not_sap FROM gmindrupskaya;"
aarozhnov;Рожнов Андрей Алексеевич (Andrey Rozhnov);cdm_analysis_out;contract_ort_dimensions;SELECT;EDW Read Cdm Analysis Out;"REVOKE SELECT ON cdm_analysis_out.contract_ort_dimensions FROM aarozhnov;"
asergeev;Сергеев Артем Александрович (Artem Sergeev);cdm_analysis_out;contract_ort_dimensions;SELECT;EDW Read Cdm Analysis Out;"REVOKE SELECT ON cdm_analysis_out.contract_ort_dimensions FROM asergeev;"
avchaplygina;Чаплыгина Алена Владимировна (Alena Chaplygina);cdm_analysis_out;contract_ort_dimensions;SELECT;EDW Read Cdm Analysis Out;"REVOKE SELECT ON cdm_analysis_out.contract_ort_dimensions FROM avchaplygina;"
avyurin;Юрин Андрей Викторович (Andrey Yurin);cdm_analysis_out;contract_ort_dimensions;SELECT;EDW Read Cdm Analysis Out;"REVOKE SELECT ON cdm_analysis_out.contract_ort_dimensions FROM avyurin;"
ayzhukova;Жукова Анастасия Юрьевна (Anastasiya Zhukova);cdm_analysis_out;contract_ort_dimensions;SELECT;EDW Read Cdm Analysis Out;"REVOKE SELECT ON cdm_analysis_out.contract_ort_dimensions FROM ayzhukova;"
ekorotkih;Коротких Екатерина Александровна (Ekaterina Korotkikh);cdm_analysis_out;contract_ort_dimensions;SELECT;EDW Read Cdm Analysis Out;"REVOKE SELECT ON cdm_analysis_out.contract_ort_dimensions FROM ekorotkih;"
gmindrupskaya;Индрупская Галина Михайловна (Galina Indrupskaya);cdm_analysis_out;contract_ort_dimensions;SELECT;EDW Read Cdm Analysis Out;"REVOKE SELECT ON cdm_analysis_out.contract_ort_dimensions FROM gmindrupskaya;"
mskazakov;Казаков Максим Сергеевич (Maksim Kazakov);cdm_analysis_out;contract_ort_dimensions;SELECT;EDW Read Cdm Analysis Out;"REVOKE SELECT ON cdm_analysis_out.contract_ort_dimensions FROM mskazakov;"
ogbykova;Быкова Ольга Геннадьевна (Olga Bykova);cdm_analysis_out;contract_ort_dimensions;SELECT;EDW Read Cdm Analysis Out;"REVOKE SELECT ON cdm_analysis_out.contract_ort_dimensions FROM ogbykova;"
qs_economic;QS_Economic;cdm_analysis_out;contract_ort_dimensions;SELECT;EDW Read Cdm Analysis Out;"REVOKE SELECT ON cdm_analysis_out.contract_ort_dimensions FROM qs_economic;"
saustimenko;Устименко Сергей Александрович (Sergey Ustimenko);cdm_analysis_out;contract_ort_dimensions;SELECT;EDW Read Cdm Analysis Out;"REVOKE SELECT ON cdm_analysis_out.contract_ort_dimensions FROM saustimenko;"
tvbozhenkova;Боженкова Татьяна Владимировна (Tatyana Bozhenkova);cdm_analysis_out;contract_ort_dimensions;SELECT;EDW Read Cdm Analysis Out;"REVOKE SELECT ON cdm_analysis_out.contract_ort_dimensions FROM tvbozhenkova;"
aafedorov;Федоров Алексей Анатольевич (Aleksey Fedorov);cdm_analysis_out;contract_ort_dimensions;SELECT;EDW Read Cdm Analysis Out;"REVOKE SELECT ON cdm_analysis_out.contract_ort_dimensions FROM aafedorov;"
aabazaev;Базаев Алексей Александрович (Aleksey Bazaev);cdm_analysis_out;contract_ort_dimensions;SELECT;EDW Read Cdm Analysis Out;"REVOKE SELECT ON cdm_analysis_out.contract_ort_dimensions FROM aabazaev;"
avchaplygina;Чаплыгина Алена Владимировна (Alena Chaplygina);cdm_analysis_out;contract_ort_dimensions_old;SELECT;EDW Read Cdm Analysis Out;"REVOKE SELECT ON cdm_analysis_out.contract_ort_dimensions_old FROM avchaplygina;"
tvbozhenkova;Боженкова Татьяна Владимировна (Tatyana Bozhenkova);cdm_analysis_out;contract_ort_dimensions_old;SELECT;EDW Read Cdm Analysis Out;"REVOKE SELECT ON cdm_analysis_out.contract_ort_dimensions_old FROM tvbozhenkova;"
gmindrupskaya;Индрупская Галина Михайловна (Galina Indrupskaya);cdm_analysis_out;contract_ort_dimensions_old;SELECT;EDW Read Cdm Analysis Out;"REVOKE SELECT ON cdm_analysis_out.contract_ort_dimensions_old FROM gmindrupskaya;"
mskazakov;Казаков Максим Сергеевич (Maksim Kazakov);cdm_analysis_out;contract_ort_dimensions_old;SELECT;EDW Read Cdm Analysis Out;"REVOKE SELECT ON cdm_analysis_out.contract_ort_dimensions_old FROM mskazakov;"
asergeev;Сергеев Артем Александрович (Artem Sergeev);cdm_analysis_out;contract_ort_dimensions_old;SELECT;EDW Read Cdm Analysis Out;"REVOKE SELECT ON cdm_analysis_out.contract_ort_dimensions_old FROM asergeev;"
avyurin;Юрин Андрей Викторович (Andrey Yurin);cdm_analysis_out;contract_ort_dimensions_old;SELECT;EDW Read Cdm Analysis Out;"REVOKE SELECT ON cdm_analysis_out.contract_ort_dimensions_old FROM avyurin;"
saustimenko;Устименко Сергей Александрович (Sergey Ustimenko);cdm_analysis_out;contract_ort_dimensions_old;SELECT;EDW Read Cdm Analysis Out;"REVOKE SELECT ON cdm_analysis_out.contract_ort_dimensions_old FROM saustimenko;"
ayzhukova;Жукова Анастасия Юрьевна (Anastasiya Zhukova);cdm_analysis_out;contract_ort_dimensions_old;SELECT;EDW Read Cdm Analysis Out;"REVOKE SELECT ON cdm_analysis_out.contract_ort_dimensions_old FROM ayzhukova;"
ekorotkih;Коротких Екатерина Александровна (Ekaterina Korotkikh);cdm_analysis_out;contract_ort_dimensions_old;SELECT;EDW Read Cdm Analysis Out;"REVOKE SELECT ON cdm_analysis_out.contract_ort_dimensions_old FROM ekorotkih;"
aarozhnov;Рожнов Андрей Алексеевич (Andrey Rozhnov);cdm_analysis_out;contract_ort_dimensions_old;SELECT;EDW Read Cdm Analysis Out;"REVOKE SELECT ON cdm_analysis_out.contract_ort_dimensions_old FROM aarozhnov;"
ogbykova;Быкова Ольга Геннадьевна (Olga Bykova);cdm_analysis_out;contract_ort_dimensions_old;SELECT;EDW Read Cdm Analysis Out;"REVOKE SELECT ON cdm_analysis_out.contract_ort_dimensions_old FROM ogbykova;"
qs_economic;QS_Economic;cdm_analysis_out;contract_ort_dimensions_old;SELECT;EDW Read Cdm Analysis Out;"REVOKE SELECT ON cdm_analysis_out.contract_ort_dimensions_old FROM qs_economic;"
qlik_ad;qlik_ad;cdm_analysis_out;dc22_tb_202308;SELECT;EDW Read Cdm Analysis Out;"REVOKE SELECT ON cdm_analysis_out.dc22_tb_202308 FROM qlik_ad;"
qlik_ad;qlik_ad;cdm_analysis_out;dc22_tb_20230831;SELECT;EDW Read Cdm Analysis Out;"REVOKE SELECT ON cdm_analysis_out.dc22_tb_20230831 FROM qlik_ad;"
ammatseplyuk;Мацеплюк Александр Михайлович (Aleksandr Matseplyuk);cdm_analysis_out;dwh_bks_contr_prem;SELECT;EDW Read Cdm Analysis Out;"REVOKE SELECT ON cdm_analysis_out.dwh_bks_contr_prem FROM ammatseplyuk;"
ammatseplyuk;Мацеплюк Александр Михайлович (Aleksandr Matseplyuk);cdm_analysis_out;dwh_bks_loss;SELECT;EDW Read Cdm Analysis Out;"REVOKE SELECT ON cdm_analysis_out.dwh_bks_loss FROM ammatseplyuk;"
avchaplygina;Чаплыгина Алена Владимировна (Alena Chaplygina);cdm_analysis_out;dwhiv694_con_ort_dim_f10_f1;SELECT;EDW Read Cdm Analysis Out;"REVOKE SELECT ON cdm_analysis_out.dwhiv694_con_ort_dim_f10_f1 FROM avchaplygina;"
tvbozhenkova;Боженкова Татьяна Владимировна (Tatyana Bozhenkova);cdm_analysis_out;dwhiv694_con_ort_dim_f10_f1;SELECT;EDW Read Cdm Analysis Out;"REVOKE SELECT ON cdm_analysis_out.dwhiv694_con_ort_dim_f10_f1 FROM tvbozhenkova;"
saustimenko;Устименко Сергей Александрович (Sergey Ustimenko);cdm_analysis_out;dwhiv694_con_ort_dim_f10_f1;SELECT;EDW Read Cdm Analysis Out;"REVOKE SELECT ON cdm_analysis_out.dwhiv694_con_ort_dim_f10_f1 FROM saustimenko;"
avchaplygina;Чаплыгина Алена Владимировна (Alena Chaplygina);cdm_analysis_out;dwhiv694_con_ort_dim_f10_f1_v10;SELECT;EDW Read Cdm Analysis Out;"REVOKE SELECT ON cdm_analysis_out.dwhiv694_con_ort_dim_f10_f1_v10 FROM avchaplygina;"
tvbozhenkova;Боженкова Татьяна Владимировна (Tatyana Bozhenkova);cdm_analysis_out;dwhiv694_con_ort_dim_f10_f1_v10;SELECT;EDW Read Cdm Analysis Out;"REVOKE SELECT ON cdm_analysis_out.dwhiv694_con_ort_dim_f10_f1_v10 FROM tvbozhenkova;"
saustimenko;Устименко Сергей Александрович (Sergey Ustimenko);cdm_analysis_out;dwhiv694_con_ort_dim_f10_f1_v10;SELECT;EDW Read Cdm Analysis Out;"REVOKE SELECT ON cdm_analysis_out.dwhiv694_con_ort_dim_f10_f1_v10 FROM saustimenko;"
avchaplygina;Чаплыгина Алена Владимировна (Alena Chaplygina);cdm_analysis_out;dwhiv694_con_ort_dim_f10_f1_v11;SELECT;EDW Read Cdm Analysis Out;"REVOKE SELECT ON cdm_analysis_out.dwhiv694_con_ort_dim_f10_f1_v11 FROM avchaplygina;"
tvbozhenkova;Боженкова Татьяна Владимировна (Tatyana Bozhenkova);cdm_analysis_out;dwhiv694_con_ort_dim_f10_f1_v11;SELECT;EDW Read Cdm Analysis Out;"REVOKE SELECT ON cdm_analysis_out.dwhiv694_con_ort_dim_f10_f1_v11 FROM tvbozhenkova;"
saustimenko;Устименко Сергей Александрович (Sergey Ustimenko);cdm_analysis_out;dwhiv694_con_ort_dim_f10_f1_v11;SELECT;EDW Read Cdm Analysis Out;"REVOKE SELECT ON cdm_analysis_out.dwhiv694_con_ort_dim_f10_f1_v11 FROM saustimenko;"
avchaplygina;Чаплыгина Алена Владимировна (Alena Chaplygina);cdm_analysis_out;dwhiv694_con_ort_dim_f10_f1_v2;SELECT;EDW Read Cdm Analysis Out;"REVOKE SELECT ON cdm_analysis_out.dwhiv694_con_ort_dim_f10_f1_v2 FROM avchaplygina;"
tvbozhenkova;Боженкова Татьяна Владимировна (Tatyana Bozhenkova);cdm_analysis_out;dwhiv694_con_ort_dim_f10_f1_v2;SELECT;EDW Read Cdm Analysis Out;"REVOKE SELECT ON cdm_analysis_out.dwhiv694_con_ort_dim_f10_f1_v2 FROM tvbozhenkova;"
saustimenko;Устименко Сергей Александрович (Sergey Ustimenko);cdm_analysis_out;dwhiv694_con_ort_dim_f10_f1_v2;SELECT;EDW Read Cdm Analysis Out;"REVOKE SELECT ON cdm_analysis_out.dwhiv694_con_ort_dim_f10_f1_v2 FROM saustimenko;"
avchaplygina;Чаплыгина Алена Владимировна (Alena Chaplygina);cdm_analysis_out;dwhiv694_con_ort_dim_f10_f1_v3;SELECT;EDW Read Cdm Analysis Out;"REVOKE SELECT ON cdm_analysis_out.dwhiv694_con_ort_dim_f10_f1_v3 FROM avchaplygina;"
tvbozhenkova;Боженкова Татьяна Владимировна (Tatyana Bozhenkova);cdm_analysis_out;dwhiv694_con_ort_dim_f10_f1_v3;SELECT;EDW Read Cdm Analysis Out;"REVOKE SELECT ON cdm_analysis_out.dwhiv694_con_ort_dim_f10_f1_v3 FROM tvbozhenkova;"
saustimenko;Устименко Сергей Александрович (Sergey Ustimenko);cdm_analysis_out;dwhiv694_con_ort_dim_f10_f1_v3;SELECT;EDW Read Cdm Analysis Out;"REVOKE SELECT ON cdm_analysis_out.dwhiv694_con_ort_dim_f10_f1_v3 FROM saustimenko;"
avchaplygina;Чаплыгина Алена Владимировна (Alena Chaplygina);cdm_analysis_out;dwhiv694_con_ort_dim_f10_f1_v4;SELECT;EDW Read Cdm Analysis Out;"REVOKE SELECT ON cdm_analysis_out.dwhiv694_con_ort_dim_f10_f1_v4 FROM avchaplygina;"
tvbozhenkova;Боженкова Татьяна Владимировна (Tatyana Bozhenkova);cdm_analysis_out;dwhiv694_con_ort_dim_f10_f1_v4;SELECT;EDW Read Cdm Analysis Out;"REVOKE SELECT ON cdm_analysis_out.dwhiv694_con_ort_dim_f10_f1_v4 FROM tvbozhenkova;"
saustimenko;Устименко Сергей Александрович (Sergey Ustimenko);cdm_analysis_out;dwhiv694_con_ort_dim_f10_f1_v4;SELECT;EDW Read Cdm Analysis Out;"REVOKE SELECT ON cdm_analysis_out.dwhiv694_con_ort_dim_f10_f1_v4 FROM saustimenko;"
avchaplygina;Чаплыгина Алена Владимировна (Alena Chaplygina);cdm_analysis_out;dwhiv694_con_ort_dim_f10_f1_v5;SELECT;EDW Read Cdm Analysis Out;"REVOKE SELECT ON cdm_analysis_out.dwhiv694_con_ort_dim_f10_f1_v5 FROM avchaplygina;"
tvbozhenkova;Боженкова Татьяна Владимировна (Tatyana Bozhenkova);cdm_analysis_out;dwhiv694_con_ort_dim_f10_f1_v5;SELECT;EDW Read Cdm Analysis Out;"REVOKE SELECT ON cdm_analysis_out.dwhiv694_con_ort_dim_f10_f1_v5 FROM tvbozhenkova;"
saustimenko;Устименко Сергей Александрович (Sergey Ustimenko);cdm_analysis_out;dwhiv694_con_ort_dim_f10_f1_v5;SELECT;EDW Read Cdm Analysis Out;"REVOKE SELECT ON cdm_analysis_out.dwhiv694_con_ort_dim_f10_f1_v5 FROM saustimenko;"
avchaplygina;Чаплыгина Алена Владимировна (Alena Chaplygina);cdm_analysis_out;dwhiv694_con_ort_dim_f10_f1_v6;SELECT;EDW Read Cdm Analysis Out;"REVOKE SELECT ON cdm_analysis_out.dwhiv694_con_ort_dim_f10_f1_v6 FROM avchaplygina;"
tvbozhenkova;Боженкова Татьяна Владимировна (Tatyana Bozhenkova);cdm_analysis_out;dwhiv694_con_ort_dim_f10_f1_v6;SELECT;EDW Read Cdm Analysis Out;"REVOKE SELECT ON cdm_analysis_out.dwhiv694_con_ort_dim_f10_f1_v6 FROM tvbozhenkova;"
saustimenko;Устименко Сергей Александрович (Sergey Ustimenko);cdm_analysis_out;dwhiv694_con_ort_dim_f10_f1_v6;SELECT;EDW Read Cdm Analysis Out;"REVOKE SELECT ON cdm_analysis_out.dwhiv694_con_ort_dim_f10_f1_v6 FROM saustimenko;"
avchaplygina;Чаплыгина Алена Владимировна (Alena Chaplygina);cdm_analysis_out;dwhiv694_con_ort_dim_f10_f1_v7;SELECT;EDW Read Cdm Analysis Out;"REVOKE SELECT ON cdm_analysis_out.dwhiv694_con_ort_dim_f10_f1_v7 FROM avchaplygina;"
tvbozhenkova;Боженкова Татьяна Владимировна (Tatyana Bozhenkova);cdm_analysis_out;dwhiv694_con_ort_dim_f10_f1_v7;SELECT;EDW Read Cdm Analysis Out;"REVOKE SELECT ON cdm_analysis_out.dwhiv694_con_ort_dim_f10_f1_v7 FROM tvbozhenkova;"
saustimenko;Устименко Сергей Александрович (Sergey Ustimenko);cdm_analysis_out;dwhiv694_con_ort_dim_f10_f1_v7;SELECT;EDW Read Cdm Analysis Out;"REVOKE SELECT ON cdm_analysis_out.dwhiv694_con_ort_dim_f10_f1_v7 FROM saustimenko;"
avchaplygina;Чаплыгина Алена Владимировна (Alena Chaplygina);cdm_analysis_out;dwhiv694_con_ort_dim_f10_f1_v9;SELECT;EDW Read Cdm Analysis Out;"REVOKE SELECT ON cdm_analysis_out.dwhiv694_con_ort_dim_f10_f1_v9 FROM avchaplygina;"
tvbozhenkova;Боженкова Татьяна Владимировна (Tatyana Bozhenkova);cdm_analysis_out;dwhiv694_con_ort_dim_f10_f1_v9;SELECT;EDW Read Cdm Analysis Out;"REVOKE SELECT ON cdm_analysis_out.dwhiv694_con_ort_dim_f10_f1_v9 FROM tvbozhenkova;"
saustimenko;Устименко Сергей Александрович (Sergey Ustimenko);cdm_analysis_out;dwhiv694_con_ort_dim_f10_f1_v9;SELECT;EDW Read Cdm Analysis Out;"REVOKE SELECT ON cdm_analysis_out.dwhiv694_con_ort_dim_f10_f1_v9 FROM saustimenko;"
gmindrupskaya;Индрупская Галина Михайловна (Galina Indrupskaya);cdm_analysis_out;dwhiv717_f10_kar_par_cp;SELECT;EDW Read Cdm Analysis Out;"REVOKE SELECT ON cdm_analysis_out.dwhiv717_f10_kar_par_cp FROM gmindrupskaya;"
ogbykova;Быкова Ольга Геннадьевна (Olga Bykova);cdm_analysis_out;dwhiv717_f10_kar_par_cp;SELECT;EDW Read Cdm Analysis Out;"REVOKE SELECT ON cdm_analysis_out.dwhiv717_f10_kar_par_cp FROM ogbykova;"
gmindrupskaya;Индрупская Галина Михайловна (Galina Indrupskaya);cdm_analysis_out;dwhiv827_f10_kar_par_cp;SELECT;EDW Read Cdm Analysis Out;"REVOKE SELECT ON cdm_analysis_out.dwhiv827_f10_kar_par_cp FROM gmindrupskaya;"
ogbykova;Быкова Ольга Геннадьевна (Olga Bykova);cdm_analysis_out;dwhiv827_f10_kar_par_cp;SELECT;EDW Read Cdm Analysis Out;"REVOKE SELECT ON cdm_analysis_out.dwhiv827_f10_kar_par_cp FROM ogbykova;"
saustimenko;Устименко Сергей Александрович (Sergey Ustimenko);cdm_analysis_out;dz_cbrf_monthly;SELECT;EDW Read Cdm Analysis Out;"REVOKE SELECT ON cdm_analysis_out.dz_cbrf_monthly FROM saustimenko;"
avchaplygina;Чаплыгина Алена Владимировна (Alena Chaplygina);cdm_analysis_out;dz_cbrf_monthly;SELECT;EDW Read Cdm Analysis Out;"REVOKE SELECT ON cdm_analysis_out.dz_cbrf_monthly FROM avchaplygina;"
tvbozhenkova;Боженкова Татьяна Владимировна (Tatyana Bozhenkova);cdm_analysis_out;dz_cbrf_monthly;SELECT;EDW Read Cdm Analysis Out;"REVOKE SELECT ON cdm_analysis_out.dz_cbrf_monthly FROM tvbozhenkova;"
avyurin;Юрин Андрей Викторович (Andrey Yurin);cdm_analysis_out;dz_cbrf_monthly;SELECT;EDW Read Cdm Analysis Out;"REVOKE SELECT ON cdm_analysis_out.dz_cbrf_monthly FROM avyurin;"
qs_economic;QS_Economic;cdm_analysis_out;dz_cbrf_monthly;SELECT;EDW Read Cdm Analysis Out;"REVOKE SELECT ON cdm_analysis_out.dz_cbrf_monthly FROM qs_economic;"
aefilkin;Филькин Александр Евгеньевич (Aleksandr Filkin);cdm_analysis_out;dz_cbrf_monthly;SELECT;EDW Read Cdm Analysis Out;"REVOKE SELECT ON cdm_analysis_out.dz_cbrf_monthly FROM aefilkin;"
report;Сервер отчетов;cdm_analysis_out;ek_cdbrep15974;SELECT;EDW Read Cdm Analysis Out;"REVOKE SELECT ON cdm_analysis_out.ek_cdbrep15974 FROM report;"
amakusba;Акусба Александр Михайлович (Aleksandr Akusba);cdm_analysis_out;gpw_cutoff;SELECT;EDW Read Cdm Analysis Out;"REVOKE SELECT ON cdm_analysis_out.gpw_cutoff FROM amakusba;"
aafedorov;Федоров Алексей Анатольевич (Aleksey Fedorov);cdm_analysis_out;gpw_cutoff;SELECT;EDW Read Cdm Analysis Out;"REVOKE SELECT ON cdm_analysis_out.gpw_cutoff FROM aafedorov;"
evzubkov;Зубков Евгений Валентинович (Evgeniy Zubkov);core;claim_costcategory;INSERT;EDW All Core;"REVOKE INSERT ON core.claim_costcategory FROM evzubkov;"
evzubkov;Зубков Евгений Валентинович (Evgeniy Zubkov);core;claim_costcategory;SELECT;EDW All Core;"REVOKE SELECT ON core.claim_costcategory FROM evzubkov;"
evzubkov;Зубков Евгений Валентинович (Evgeniy Zubkov);core;claim_costcategory;UPDATE;EDW All Core;"REVOKE UPDATE ON core.claim_costcategory FROM evzubkov;"
evzubkov;Зубков Евгений Валентинович (Evgeniy Zubkov);core;claim_costcategory;DELETE;EDW All Core;"REVOKE DELETE ON core.claim_costcategory FROM evzubkov;"
evzubkov;Зубков Евгений Валентинович (Evgeniy Zubkov);core;claim_costcategory;TRUNCATE;EDW All Core;"REVOKE TRUNCATE ON core.claim_costcategory FROM evzubkov;"
evzubkov;Зубков Евгений Валентинович (Evgeniy Zubkov);core;claim_costcategory;REFERENCES;EDW All Core;"REVOKE REFERENCES ON core.claim_costcategory FROM evzubkov;"
evzubkov;Зубков Евгений Валентинович (Evgeniy Zubkov);core;claim_costcategory;TRIGGER;EDW All Core;"REVOKE TRIGGER ON core.claim_costcategory FROM evzubkov;"
alvreus;Реус Александр Валерьевич (Aleksandr Reus);core;claim_costcategory;SELECT;EDW Read Core;"REVOKE SELECT ON core.claim_costcategory FROM alvreus;"
vatsvetkova;Цветкова Виктория Андреевна (Viktoriya Tsvetkova);core;claim_costcategory;SELECT;EDW Read Core;"REVOKE SELECT ON core.claim_costcategory FROM vatsvetkova;"
mpmashin;Машин Максим Павлович (Maksim Mashin);core;claim_costcategory;SELECT;EDW All Core;"REVOKE SELECT ON core.claim_costcategory FROM mpmashin;"
yvvorobev;Воробьев Юрий Владимирович (Yury Vorobev);cdm;dm_m5kbm_contract;SELECT;EDW All CDM;"REVOKE SELECT ON cdm.dm_m5kbm_contract FROM yvvorobev;"
yvvorobev;Воробьев Юрий Владимирович (Yury Vorobev);cdm;dm_realty_atomic;SELECT;EDW All CDM;"REVOKE SELECT ON cdm.dm_realty_atomic FROM yvvorobev;"
gmindrupskaya;Индрупская Галина Михайловна (Galina Indrupskaya);cdm_analysis_out;tb_dwh_zppr_v2_frmx20210331;SELECT;EDW Read Cdm Analysis Out;"REVOKE SELECT ON cdm_analysis_out.tb_dwh_zppr_v2_frmx20210331 FROM gmindrupskaya;"
aarozhnov;Рожнов Андрей Алексеевич (Andrey Rozhnov);cdm_analysis_out;tb_dwh_zppr_v2_frmx20210331;SELECT;EDW Read Cdm Analysis Out;"REVOKE SELECT ON cdm_analysis_out.tb_dwh_zppr_v2_frmx20210331 FROM aarozhnov;"
avchaplygina;Чаплыгина Алена Владимировна (Alena Chaplygina);cdm_analysis_out;temp_contract_ch_bid;SELECT;EDW Read Cdm Analysis Out;"REVOKE SELECT ON cdm_analysis_out.temp_contract_ch_bid FROM avchaplygina;"
gmindrupskaya;Индрупская Галина Михайловна (Galina Indrupskaya);cdm_analysis_out;zppr_frm20200531;SELECT;EDW Read Cdm Analysis Out;"REVOKE SELECT ON cdm_analysis_out.zppr_frm20200531 FROM gmindrupskaya;"
gmindrupskaya;Индрупская Галина Михайловна (Galina Indrupskaya);cdm_analysis_out;rol_for_sum_cor_0503;SELECT;EDW Read Cdm Analysis Out;"REVOKE SELECT ON cdm_analysis_out.rol_for_sum_cor_0503 FROM gmindrupskaya;"
gmindrupskaya;Индрупская Галина Михайловна (Galina Indrupskaya);cdm_analysis_out;cdbclrep_6574_f10_b_prm_export;SELECT;EDW Read Cdm Analysis Out;"REVOKE SELECT ON cdm_analysis_out.cdbclrep_6574_f10_b_prm_export FROM gmindrupskaya;"
gmindrupskaya;Индрупская Галина Михайловна (Galina Indrupskaya);cdm_analysis_out;cdbclrep_6574_f10_b_prm;SELECT;EDW Read Cdm Analysis Out;"REVOKE SELECT ON cdm_analysis_out.cdbclrep_6574_f10_b_prm FROM gmindrupskaya;"
asergeev;Сергеев Артем Александрович (Artem Sergeev);cdm_analysis_out;cdbclrep_6574_f10_b_prm;SELECT;EDW Read Cdm Analysis Out;"REVOKE SELECT ON cdm_analysis_out.cdbclrep_6574_f10_b_prm FROM asergeev;"
gmindrupskaya;Индрупская Галина Михайловна (Galina Indrupskaya);cdm_analysis_out;rnp_quality_rnp;SELECT;EDW Read Cdm Analysis Out;"REVOKE SELECT ON cdm_analysis_out.rnp_quality_rnp FROM gmindrupskaya;"
saustimenko;Устименко Сергей Александрович (Sergey Ustimenko);cdm_analysis_out;rnp_quality_rnp;SELECT;EDW Read Cdm Analysis Out;"REVOKE SELECT ON cdm_analysis_out.rnp_quality_rnp FROM saustimenko;"
tvbozhenkova;Боженкова Татьяна Владимировна (Tatyana Bozhenkova);cdm_analysis_out;uo_partner_fp;SELECT;EDW Read Cdm Analysis Out;"REVOKE SELECT ON cdm_analysis_out.uo_partner_fp FROM tvbozhenkova;"
avchaplygina;Чаплыгина Алена Владимировна (Alena Chaplygina);cdm_analysis_out;uo_partner_fp;SELECT;EDW Read Cdm Analysis Out;"REVOKE SELECT ON cdm_analysis_out.uo_partner_fp FROM avchaplygina;"
qlik_ad;qlik_ad;cdm_analysis_out;sber_events;SELECT;EDW Read Cdm Analysis Out;"REVOKE SELECT ON cdm_analysis_out.sber_events FROM qlik_ad;"
aarozhnov;Рожнов Андрей Алексеевич (Andrey Rozhnov);actuary;mon_coefficients_aeg;INSERT;EDW All Actuary;"REVOKE INSERT ON actuary.mon_coefficients_aeg FROM aarozhnov;"
aarozhnov;Рожнов Андрей Алексеевич (Andrey Rozhnov);actuary;mon_coefficients_aeg;SELECT;EDW Read Actuary;"REVOKE SELECT ON actuary.mon_coefficients_aeg FROM aarozhnov;"
aarozhnov;Рожнов Андрей Алексеевич (Andrey Rozhnov);actuary;mon_coefficients_aeg;UPDATE;EDW All Actuary;"REVOKE UPDATE ON actuary.mon_coefficients_aeg FROM aarozhnov;"
aarozhnov;Рожнов Андрей Алексеевич (Andrey Rozhnov);actuary;mon_coefficients_aeg;DELETE;EDW All Actuary;"REVOKE DELETE ON actuary.mon_coefficients_aeg FROM aarozhnov;"
aarozhnov;Рожнов Андрей Алексеевич (Andrey Rozhnov);actuary;mon_coefficients_aeg;TRUNCATE;EDW All Actuary;"REVOKE TRUNCATE ON actuary.mon_coefficients_aeg FROM aarozhnov;"
zeshukyurov;Шукюров Заур Эльшанович (Zaur Shukyurov);cdm_analysis_out;dms22_counterparty;SELECT;EDW Read Cdm Analysis Out;"REVOKE SELECT ON cdm_analysis_out.dms22_counterparty FROM zeshukyurov;"
aigamov;Гамов Антон Игоревич (Anton Gamov);cdm_analysis;ofr_plan_osp;SELECT;EDW Read Cdm Analysis;"REVOKE SELECT ON cdm_analysis.ofr_plan_osp FROM aigamov;"
aafedorov;Федоров Алексей Анатольевич (Aleksey Fedorov);cdm_analysis;ofr_plan_osp;SELECT;EDW Read Cdm Analysis;"REVOKE SELECT ON cdm_analysis.ofr_plan_osp FROM aafedorov;"
aigamov;Гамов Антон Игоревич (Anton Gamov);cdm_analysis;ofr_plan_personal;SELECT;EDW Read Cdm Analysis;"REVOKE SELECT ON cdm_analysis.ofr_plan_personal FROM aigamov;"
aafedorov;Федоров Алексей Анатольевич (Aleksey Fedorov);cdm_analysis;ofr_plan_personal;SELECT;EDW Read Cdm Analysis;"REVOKE SELECT ON cdm_analysis.ofr_plan_personal FROM aafedorov;"
mpmashin;Машин Максим Павлович (Maksim Mashin);property;gdi_ntd_insurer_ul;INSERT;EDW All Property;"REVOKE INSERT ON property.gdi_ntd_insurer_ul FROM mpmashin;"
mpmashin;Машин Максим Павлович (Maksim Mashin);property;gdi_ntd_insurer_ul;SELECT;EDW All Property;"REVOKE SELECT ON property.gdi_ntd_insurer_ul FROM mpmashin;"
mpmashin;Машин Максим Павлович (Maksim Mashin);property;gdi_ntd_insurer_ul;UPDATE;EDW All Property;"REVOKE UPDATE ON property.gdi_ntd_insurer_ul FROM mpmashin;"
mpmashin;Машин Максим Павлович (Maksim Mashin);property;gdi_ntd_insurer_ul;DELETE;EDW All Property;"REVOKE DELETE ON property.gdi_ntd_insurer_ul FROM mpmashin;"
mpmashin;Машин Максим Павлович (Maksim Mashin);property;gdi_ntd_insurer_ul;TRUNCATE;EDW All Property;"REVOKE TRUNCATE ON property.gdi_ntd_insurer_ul FROM mpmashin;"
mpmashin;Машин Максим Павлович (Maksim Mashin);property;gdi_ntd_insurer_ul;REFERENCES;EDW All Property;"REVOKE REFERENCES ON property.gdi_ntd_insurer_ul FROM mpmashin;"
mpmashin;Машин Максим Павлович (Maksim Mashin);property;gdi_ntd_insurer_ul;TRIGGER;EDW All Property;"REVOKE TRIGGER ON property.gdi_ntd_insurer_ul FROM mpmashin;"
evzubkov;Зубков Евгений Валентинович (Evgeniy Zubkov);core;month_close_calendar;INSERT;EDW All Core;"REVOKE INSERT ON core.month_close_calendar FROM evzubkov;"
evzubkov;Зубков Евгений Валентинович (Evgeniy Zubkov);core;month_close_calendar;SELECT;EDW All Core;"REVOKE SELECT ON core.month_close_calendar FROM evzubkov;"
evzubkov;Зубков Евгений Валентинович (Evgeniy Zubkov);core;month_close_calendar;UPDATE;EDW All Core;"REVOKE UPDATE ON core.month_close_calendar FROM evzubkov;"
evzubkov;Зубков Евгений Валентинович (Evgeniy Zubkov);core;month_close_calendar;DELETE;EDW All Core;"REVOKE DELETE ON core.month_close_calendar FROM evzubkov;"
evzubkov;Зубков Евгений Валентинович (Evgeniy Zubkov);core;month_close_calendar;TRUNCATE;EDW All Core;"REVOKE TRUNCATE ON core.month_close_calendar FROM evzubkov;"
evzubkov;Зубков Евгений Валентинович (Evgeniy Zubkov);core;month_close_calendar;REFERENCES;EDW All Core;"REVOKE REFERENCES ON core.month_close_calendar FROM evzubkov;"
evzubkov;Зубков Евгений Валентинович (Evgeniy Zubkov);core;month_close_calendar;TRIGGER;EDW All Core;"REVOKE TRIGGER ON core.month_close_calendar FROM evzubkov;"
alvreus;Реус Александр Валерьевич (Aleksandr Reus);core;month_close_calendar;SELECT;EDW Read Core;"REVOKE SELECT ON core.month_close_calendar FROM alvreus;"
vatsvetkova;Цветкова Виктория Андреевна (Viktoriya Tsvetkova);core;month_close_calendar;SELECT;EDW Read Core;"REVOKE SELECT ON core.month_close_calendar FROM vatsvetkova;"
mpmashin;Машин Максим Павлович (Maksim Mashin);core;month_close_calendar;SELECT;EDW All Core;"REVOKE SELECT ON core.month_close_calendar FROM mpmashin;"
yvvorobev;Воробьев Юрий Владимирович (Yury Vorobev);cdm;dm_realty_arm4_mandatory;SELECT;EDW All CDM;"REVOKE SELECT ON cdm.dm_realty_arm4_mandatory FROM yvvorobev;"
yvvorobev;Воробьев Юрий Владимирович (Yury Vorobev);cdm;dm_realty_arm4_risktype;SELECT;EDW All CDM;"REVOKE SELECT ON cdm.dm_realty_arm4_risktype FROM yvvorobev;"
yvvorobev;Воробьев Юрий Владимирович (Yury Vorobev);cdm;dm_kasko_vehicle;SELECT;EDW All CDM;"REVOKE SELECT ON cdm.dm_kasko_vehicle FROM yvvorobev;"
yvvorobev;Воробьев Юрий Владимирович (Yury Vorobev);cdm;dm_m5kbm_rgs_base;SELECT;EDW All CDM;"REVOKE SELECT ON cdm.dm_m5kbm_rgs_base FROM yvvorobev;"
yvvorobev;Воробьев Юрий Владимирович (Yury Vorobev);cdm;pr_claim_base;SELECT;EDW All CDM;"REVOKE SELECT ON cdm.pr_claim_base FROM yvvorobev;"
yvvorobev;Воробьев Юрий Владимирович (Yury Vorobev);cdm;dm_corp_base;SELECT;EDW All CDM;"REVOKE SELECT ON cdm.dm_corp_base FROM yvvorobev;"
yvvorobev;Воробьев Юрий Владимирович (Yury Vorobev);cdm;dm_corp_corp;SELECT;EDW All CDM;"REVOKE SELECT ON cdm.dm_corp_corp FROM yvvorobev;"
yvvorobev;Воробьев Юрий Владимирович (Yury Vorobev);cdm;ch_veh_ccode_o;SELECT;EDW All CDM;"REVOKE SELECT ON cdm.ch_veh_ccode_o FROM yvvorobev;"
yvvorobev;Воробьев Юрий Владимирович (Yury Vorobev);cdm;pr_claim;SELECT;EDW All CDM;"REVOKE SELECT ON cdm.pr_claim FROM yvvorobev;"
yvvorobev;Воробьев Юрий Владимирович (Yury Vorobev);cdm;pr_claim_payment;SELECT;EDW All CDM;"REVOKE SELECT ON cdm.pr_claim_payment FROM yvvorobev;"
yvvorobev;Воробьев Юрий Владимирович (Yury Vorobev);cdm;ac_claim_delta;SELECT;EDW All CDM;"REVOKE SELECT ON cdm.ac_claim_delta FROM yvvorobev;"
yvvorobev;Воробьев Юрий Владимирович (Yury Vorobev);cdm;ac_claim_base;SELECT;EDW All CDM;"REVOKE SELECT ON cdm.ac_claim_base FROM yvvorobev;"
yvvorobev;Воробьев Юрий Владимирович (Yury Vorobev);cdm;dm_realty_address;SELECT;EDW All CDM;"REVOKE SELECT ON cdm.dm_realty_address FROM yvvorobev;"
yvvorobev;Воробьев Юрий Владимирович (Yury Vorobev);cdm;ac_incident;SELECT;EDW All CDM;"REVOKE SELECT ON cdm.ac_incident FROM yvvorobev;"
yvvorobev;Воробьев Юрий Владимирович (Yury Vorobev);cdm;dm_osago_osago;SELECT;EDW All CDM;"REVOKE SELECT ON cdm.dm_osago_osago FROM yvvorobev;"
yvvorobev;Воробьев Юрий Владимирович (Yury Vorobev);cdm;ac_rzu;SELECT;EDW All CDM;"REVOKE SELECT ON cdm.ac_rzu FROM yvvorobev;"
yvvorobev;Воробьев Юрий Владимирович (Yury Vorobev);cdm;ac_counterparty;SELECT;EDW All CDM;"REVOKE SELECT ON cdm.ac_counterparty FROM yvvorobev;"
yvvorobev;Воробьев Юрий Владимирович (Yury Vorobev);cdm;dm_realty_ekis_object;SELECT;EDW All CDM;"REVOKE SELECT ON cdm.dm_realty_ekis_object FROM yvvorobev;"
yvvorobev;Воробьев Юрий Владимирович (Yury Vorobev);cdm;dm_realty_contract;SELECT;EDW All CDM;"REVOKE SELECT ON cdm.dm_realty_contract FROM yvvorobev;"
yvvorobev;Воробьев Юрий Владимирович (Yury Vorobev);cdm;dm_osago_counterparty;SELECT;EDW All CDM;"REVOKE SELECT ON cdm.dm_osago_counterparty FROM yvvorobev;"
yvvorobev;Воробьев Юрий Владимирович (Yury Vorobev);cdm;dm_realty_cdi_claim;SELECT;EDW All CDM;"REVOKE SELECT ON cdm.dm_realty_cdi_claim FROM yvvorobev;"
yvvorobev;Воробьев Юрий Владимирович (Yury Vorobev);cdm;dm_m5kbm_contract_dop;SELECT;EDW All CDM;"REVOKE SELECT ON cdm.dm_m5kbm_contract_dop FROM yvvorobev;"
yvvorobev;Воробьев Юрий Владимирович (Yury Vorobev);cdm;dm_m5kbm_hh_realty;SELECT;EDW All CDM;"REVOKE SELECT ON cdm.dm_m5kbm_hh_realty FROM yvvorobev;"
yvvorobev;Воробьев Юрий Владимирович (Yury Vorobev);cdm;dm_osago_with_kasko;SELECT;EDW All CDM;"REVOKE SELECT ON cdm.dm_osago_with_kasko FROM yvvorobev;"
yvvorobev;Воробьев Юрий Владимирович (Yury Vorobev);cdm;ac_payment;SELECT;EDW All CDM;"REVOKE SELECT ON cdm.ac_payment FROM yvvorobev;"
yvvorobev;Воробьев Юрий Владимирович (Yury Vorobev);cdm;ac_rzu_incident;SELECT;EDW All CDM;"REVOKE SELECT ON cdm.ac_rzu_incident FROM yvvorobev;"
yvvorobev;Воробьев Юрий Владимирович (Yury Vorobev);cdm;ac_contact;SELECT;EDW All CDM;"REVOKE SELECT ON cdm.ac_contact FROM yvvorobev;"
aabazaev;Базаев Алексей Александрович (Aleksey Bazaev);cdm_analysis_out;payment_long_tmp;SELECT;EDW Read Cdm Analysis Out;"REVOKE SELECT ON cdm_analysis_out.payment_long_tmp FROM aabazaev;"
yvvorobev;Воробьев Юрий Владимирович (Yury Vorobev);cdm;dm_corp_arm4_xml_subject;SELECT;EDW All CDM;"REVOKE SELECT ON cdm.dm_corp_arm4_xml_subject FROM yvvorobev;"
yvvorobev;Воробьев Юрий Владимирович (Yury Vorobev);cdm;dm_corp_arm4_xml_data;SELECT;EDW All CDM;"REVOKE SELECT ON cdm.dm_corp_arm4_xml_data FROM yvvorobev;"
yvvorobev;Воробьев Юрий Владимирович (Yury Vorobev);cdm;dm_osago_person;SELECT;EDW All CDM;"REVOKE SELECT ON cdm.dm_osago_person FROM yvvorobev;"
yvvorobev;Воробьев Юрий Владимирович (Yury Vorobev);cdm;pr_claim_first_contr;SELECT;EDW All CDM;"REVOKE SELECT ON cdm.pr_claim_first_contr FROM yvvorobev;"
yvvorobev;Воробьев Юрий Владимирович (Yury Vorobev);cdm;dm_corp_arm4_mandatory;SELECT;EDW All CDM;"REVOKE SELECT ON cdm.dm_corp_arm4_mandatory FROM yvvorobev;"
yvvorobev;Воробьев Юрий Владимирович (Yury Vorobev);cdm;dm_corp_arm4_risktype;SELECT;EDW All CDM;"REVOKE SELECT ON cdm.dm_corp_arm4_risktype FROM yvvorobev;"
evzubkov;Зубков Евгений Валентинович (Evgeniy Zubkov);core;ref_countries;INSERT;EDW All Core;"REVOKE INSERT ON core.ref_countries FROM evzubkov;"
evzubkov;Зубков Евгений Валентинович (Evgeniy Zubkov);core;ref_countries;SELECT;EDW All Core;"REVOKE SELECT ON core.ref_countries FROM evzubkov;"
evzubkov;Зубков Евгений Валентинович (Evgeniy Zubkov);core;ref_countries;UPDATE;EDW All Core;"REVOKE UPDATE ON core.ref_countries FROM evzubkov;"
evzubkov;Зубков Евгений Валентинович (Evgeniy Zubkov);core;ref_countries;DELETE;EDW All Core;"REVOKE DELETE ON core.ref_countries FROM evzubkov;"
evzubkov;Зубков Евгений Валентинович (Evgeniy Zubkov);core;ref_countries;TRUNCATE;EDW All Core;"REVOKE TRUNCATE ON core.ref_countries FROM evzubkov;"
evzubkov;Зубков Евгений Валентинович (Evgeniy Zubkov);core;ref_countries;REFERENCES;EDW All Core;"REVOKE REFERENCES ON core.ref_countries FROM evzubkov;"
evzubkov;Зубков Евгений Валентинович (Evgeniy Zubkov);core;ref_countries;TRIGGER;EDW All Core;"REVOKE TRIGGER ON core.ref_countries FROM evzubkov;"
alvreus;Реус Александр Валерьевич (Aleksandr Reus);core;ref_countries;SELECT;EDW Read Core;"REVOKE SELECT ON core.ref_countries FROM alvreus;"
vatsvetkova;Цветкова Виктория Андреевна (Viktoriya Tsvetkova);core;ref_countries;SELECT;EDW Read Core;"REVOKE SELECT ON core.ref_countries FROM vatsvetkova;"
mpmashin;Машин Максим Павлович (Maksim Mashin);core;ref_countries;SELECT;EDW All Core;"REVOKE SELECT ON core.ref_countries FROM mpmashin;"
evzubkov;Зубков Евгений Валентинович (Evgeniy Zubkov);core;ref_d_transport_type;INSERT;EDW All Core;"REVOKE INSERT ON core.ref_d_transport_type FROM evzubkov;"
evzubkov;Зубков Евгений Валентинович (Evgeniy Zubkov);core;ref_d_transport_type;SELECT;EDW All Core;"REVOKE SELECT ON core.ref_d_transport_type FROM evzubkov;"
evzubkov;Зубков Евгений Валентинович (Evgeniy Zubkov);core;ref_d_transport_type;UPDATE;EDW All Core;"REVOKE UPDATE ON core.ref_d_transport_type FROM evzubkov;"
evzubkov;Зубков Евгений Валентинович (Evgeniy Zubkov);core;ref_d_transport_type;DELETE;EDW All Core;"REVOKE DELETE ON core.ref_d_transport_type FROM evzubkov;"
evzubkov;Зубков Евгений Валентинович (Evgeniy Zubkov);core;ref_d_transport_type;TRUNCATE;EDW All Core;"REVOKE TRUNCATE ON core.ref_d_transport_type FROM evzubkov;"
evzubkov;Зубков Евгений Валентинович (Evgeniy Zubkov);core;ref_d_transport_type;REFERENCES;EDW All Core;"REVOKE REFERENCES ON core.ref_d_transport_type FROM evzubkov;"
evzubkov;Зубков Евгений Валентинович (Evgeniy Zubkov);core;ref_d_transport_type;TRIGGER;EDW All Core;"REVOKE TRIGGER ON core.ref_d_transport_type FROM evzubkov;"
alvreus;Реус Александр Валерьевич (Aleksandr Reus);core;ref_d_transport_type;SELECT;EDW Read Core;"REVOKE SELECT ON core.ref_d_transport_type FROM alvreus;"
vatsvetkova;Цветкова Виктория Андреевна (Viktoriya Tsvetkova);core;ref_d_transport_type;SELECT;EDW Read Core;"REVOKE SELECT ON core.ref_d_transport_type FROM vatsvetkova;"
mpmashin;Машин Максим Павлович (Maksim Mashin);core;ref_d_transport_type;SELECT;EDW All Core;"REVOKE SELECT ON core.ref_d_transport_type FROM mpmashin;"
evzubkov;Зубков Евгений Валентинович (Evgeniy Zubkov);core;ref_dcaccountingrisk;INSERT;EDW All Core;"REVOKE INSERT ON core.ref_dcaccountingrisk FROM evzubkov;"
evzubkov;Зубков Евгений Валентинович (Evgeniy Zubkov);core;ref_dcaccountingrisk;SELECT;EDW All Core;"REVOKE SELECT ON core.ref_dcaccountingrisk FROM evzubkov;"
evzubkov;Зубков Евгений Валентинович (Evgeniy Zubkov);core;ref_dcaccountingrisk;UPDATE;EDW All Core;"REVOKE UPDATE ON core.ref_dcaccountingrisk FROM evzubkov;"
evzubkov;Зубков Евгений Валентинович (Evgeniy Zubkov);core;ref_dcaccountingrisk;DELETE;EDW All Core;"REVOKE DELETE ON core.ref_dcaccountingrisk FROM evzubkov;"
evzubkov;Зубков Евгений Валентинович (Evgeniy Zubkov);core;ref_dcaccountingrisk;TRUNCATE;EDW All Core;"REVOKE TRUNCATE ON core.ref_dcaccountingrisk FROM evzubkov;"
evzubkov;Зубков Евгений Валентинович (Evgeniy Zubkov);core;ref_dcaccountingrisk;REFERENCES;EDW All Core;"REVOKE REFERENCES ON core.ref_dcaccountingrisk FROM evzubkov;"
evzubkov;Зубков Евгений Валентинович (Evgeniy Zubkov);core;ref_dcaccountingrisk;TRIGGER;EDW All Core;"REVOKE TRIGGER ON core.ref_dcaccountingrisk FROM evzubkov;"
alvreus;Реус Александр Валерьевич (Aleksandr Reus);core;ref_dcaccountingrisk;SELECT;EDW Read Core;"REVOKE SELECT ON core.ref_dcaccountingrisk FROM alvreus;"
vatsvetkova;Цветкова Виктория Андреевна (Viktoriya Tsvetkova);core;ref_dcaccountingrisk;SELECT;EDW Read Core;"REVOKE SELECT ON core.ref_dcaccountingrisk FROM vatsvetkova;"
mpmashin;Машин Максим Павлович (Maksim Mashin);core;ref_dcaccountingrisk;SELECT;EDW All Core;"REVOKE SELECT ON core.ref_dcaccountingrisk FROM mpmashin;"
alvreus;Реус Александр Валерьевич (Aleksandr Reus);core;ref_dc_acc_group_22;SELECT;EDW Read Core;"REVOKE SELECT ON core.ref_dc_acc_group_22 FROM alvreus;"
vatsvetkova;Цветкова Виктория Андреевна (Viktoriya Tsvetkova);core;ref_dc_acc_group_22;SELECT;EDW Read Core;"REVOKE SELECT ON core.ref_dc_acc_group_22 FROM vatsvetkova;"
mpmashin;Машин Максим Павлович (Maksim Mashin);core;ref_dc_acc_group_22;SELECT;EDW All Core;"REVOKE SELECT ON core.ref_dc_acc_group_22 FROM mpmashin;"
alvreus;Реус Александр Валерьевич (Aleksandr Reus);core;ref_allocation_subtype;SELECT;EDW Read Core;"REVOKE SELECT ON core.ref_allocation_subtype FROM alvreus;"
vatsvetkova;Цветкова Виктория Андреевна (Viktoriya Tsvetkova);core;ref_allocation_subtype;SELECT;EDW Read Core;"REVOKE SELECT ON core.ref_allocation_subtype FROM vatsvetkova;"
mpmashin;Машин Максим Павлович (Maksim Mashin);core;ref_allocation_subtype;SELECT;EDW All Core;"REVOKE SELECT ON core.ref_allocation_subtype FROM mpmashin;"
evzubkov;Зубков Евгений Валентинович (Evgeniy Zubkov);core;tr_log;INSERT;EDW All Core;"REVOKE INSERT ON core.tr_log FROM evzubkov;"
evzubkov;Зубков Евгений Валентинович (Evgeniy Zubkov);core;tr_log;SELECT;EDW All Core;"REVOKE SELECT ON core.tr_log FROM evzubkov;"
evzubkov;Зубков Евгений Валентинович (Evgeniy Zubkov);core;tr_log;UPDATE;EDW All Core;"REVOKE UPDATE ON core.tr_log FROM evzubkov;"
evzubkov;Зубков Евгений Валентинович (Evgeniy Zubkov);core;tr_log;DELETE;EDW All Core;"REVOKE DELETE ON core.tr_log FROM evzubkov;"
evzubkov;Зубков Евгений Валентинович (Evgeniy Zubkov);core;tr_log;TRUNCATE;EDW All Core;"REVOKE TRUNCATE ON core.tr_log FROM evzubkov;"
evzubkov;Зубков Евгений Валентинович (Evgeniy Zubkov);core;tr_log;REFERENCES;EDW All Core;"REVOKE REFERENCES ON core.tr_log FROM evzubkov;"
evzubkov;Зубков Евгений Валентинович (Evgeniy Zubkov);core;tr_log;TRIGGER;EDW All Core;"REVOKE TRIGGER ON core.tr_log FROM evzubkov;"
alvreus;Реус Александр Валерьевич (Aleksandr Reus);core;tr_log;SELECT;EDW Read Core;"REVOKE SELECT ON core.tr_log FROM alvreus;"
vatsvetkova;Цветкова Виктория Андреевна (Viktoriya Tsvetkova);core;tr_log;SELECT;EDW Read Core;"REVOKE SELECT ON core.tr_log FROM vatsvetkova;"
mpmashin;Машин Максим Павлович (Maksim Mashin);core;tr_log;SELECT;EDW All Core;"REVOKE SELECT ON core.tr_log FROM mpmashin;"
evzubkov;Зубков Евгений Валентинович (Evgeniy Zubkov);core;ref_relation_type;INSERT;EDW All Core;"REVOKE INSERT ON core.ref_relation_type FROM evzubkov;"
evzubkov;Зубков Евгений Валентинович (Evgeniy Zubkov);core;ref_relation_type;SELECT;EDW All Core;"REVOKE SELECT ON core.ref_relation_type FROM evzubkov;"
evzubkov;Зубков Евгений Валентинович (Evgeniy Zubkov);core;ref_relation_type;UPDATE;EDW All Core;"REVOKE UPDATE ON core.ref_relation_type FROM evzubkov;"
evzubkov;Зубков Евгений Валентинович (Evgeniy Zubkov);core;ref_relation_type;DELETE;EDW All Core;"REVOKE DELETE ON core.ref_relation_type FROM evzubkov;"
evzubkov;Зубков Евгений Валентинович (Evgeniy Zubkov);core;ref_relation_type;TRUNCATE;EDW All Core;"REVOKE TRUNCATE ON core.ref_relation_type FROM evzubkov;"
evzubkov;Зубков Евгений Валентинович (Evgeniy Zubkov);core;ref_relation_type;REFERENCES;EDW All Core;"REVOKE REFERENCES ON core.ref_relation_type FROM evzubkov;"
evzubkov;Зубков Евгений Валентинович (Evgeniy Zubkov);core;ref_relation_type;TRIGGER;EDW All Core;"REVOKE TRIGGER ON core.ref_relation_type FROM evzubkov;"
alvreus;Реус Александр Валерьевич (Aleksandr Reus);core;ref_relation_type;SELECT;EDW Read Core;"REVOKE SELECT ON core.ref_relation_type FROM alvreus;"
vatsvetkova;Цветкова Виктория Андреевна (Viktoriya Tsvetkova);core;ref_relation_type;SELECT;EDW Read Core;"REVOKE SELECT ON core.ref_relation_type FROM vatsvetkova;"
mpmashin;Машин Максим Павлович (Maksim Mashin);core;ref_relation_type;SELECT;EDW All Core;"REVOKE SELECT ON core.ref_relation_type FROM mpmashin;"
alvreus;Реус Александр Валерьевич (Aleksandr Reus);core;ref_ifrs17_portfolio;SELECT;EDW Read Core;"REVOKE SELECT ON core.ref_ifrs17_portfolio FROM alvreus;"
vatsvetkova;Цветкова Виктория Андреевна (Viktoriya Tsvetkova);core;ref_ifrs17_portfolio;SELECT;EDW Read Core;"REVOKE SELECT ON core.ref_ifrs17_portfolio FROM vatsvetkova;"
mpmashin;Машин Максим Павлович (Maksim Mashin);core;ref_ifrs17_portfolio;SELECT;EDW All Core;"REVOKE SELECT ON core.ref_ifrs17_portfolio FROM mpmashin;"
alvreus;Реус Александр Валерьевич (Aleksandr Reus);core;ref_debit_writeoff_reason;SELECT;EDW Read Core;"REVOKE SELECT ON core.ref_debit_writeoff_reason FROM alvreus;"
vatsvetkova;Цветкова Виктория Андреевна (Viktoriya Tsvetkova);core;ref_debit_writeoff_reason;SELECT;EDW Read Core;"REVOKE SELECT ON core.ref_debit_writeoff_reason FROM vatsvetkova;"
mpmashin;Машин Максим Павлович (Maksim Mashin);core;ref_debit_writeoff_reason;SELECT;EDW All Core;"REVOKE SELECT ON core.ref_debit_writeoff_reason FROM mpmashin;"
alvreus;Реус Александр Валерьевич (Aleksandr Reus);core;ref_partner_type;SELECT;EDW Read Core;"REVOKE SELECT ON core.ref_partner_type FROM alvreus;"
vatsvetkova;Цветкова Виктория Андреевна (Viktoriya Tsvetkova);core;ref_partner_type;SELECT;EDW Read Core;"REVOKE SELECT ON core.ref_partner_type FROM vatsvetkova;"
mpmashin;Машин Максим Павлович (Maksim Mashin);core;ref_partner_type;SELECT;EDW All Core;"REVOKE SELECT ON core.ref_partner_type FROM mpmashin;"
evzubkov;Зубков Евгений Валентинович (Evgeniy Zubkov);core;dict_kv_tariff_rate;INSERT;EDW All Core;"REVOKE INSERT ON core.dict_kv_tariff_rate FROM evzubkov;"
evzubkov;Зубков Евгений Валентинович (Evgeniy Zubkov);core;dict_kv_tariff_rate;SELECT;EDW All Core;"REVOKE SELECT ON core.dict_kv_tariff_rate FROM evzubkov;"
evzubkov;Зубков Евгений Валентинович (Evgeniy Zubkov);core;dict_kv_tariff_rate;UPDATE;EDW All Core;"REVOKE UPDATE ON core.dict_kv_tariff_rate FROM evzubkov;"
evzubkov;Зубков Евгений Валентинович (Evgeniy Zubkov);core;dict_kv_tariff_rate;DELETE;EDW All Core;"REVOKE DELETE ON core.dict_kv_tariff_rate FROM evzubkov;"
evzubkov;Зубков Евгений Валентинович (Evgeniy Zubkov);core;dict_kv_tariff_rate;TRUNCATE;EDW All Core;"REVOKE TRUNCATE ON core.dict_kv_tariff_rate FROM evzubkov;"
evzubkov;Зубков Евгений Валентинович (Evgeniy Zubkov);core;dict_kv_tariff_rate;REFERENCES;EDW All Core;"REVOKE REFERENCES ON core.dict_kv_tariff_rate FROM evzubkov;"
evzubkov;Зубков Евгений Валентинович (Evgeniy Zubkov);core;dict_kv_tariff_rate;TRIGGER;EDW All Core;"REVOKE TRIGGER ON core.dict_kv_tariff_rate FROM evzubkov;"
alvreus;Реус Александр Валерьевич (Aleksandr Reus);core;dict_kv_tariff_rate;SELECT;EDW Read Core;"REVOKE SELECT ON core.dict_kv_tariff_rate FROM alvreus;"
vatsvetkova;Цветкова Виктория Андреевна (Viktoriya Tsvetkova);core;dict_kv_tariff_rate;SELECT;EDW Read Core;"REVOKE SELECT ON core.dict_kv_tariff_rate FROM vatsvetkova;"
mpmashin;Машин Максим Павлович (Maksim Mashin);core;dict_kv_tariff_rate;SELECT;EDW All Core;"REVOKE SELECT ON core.dict_kv_tariff_rate FROM mpmashin;"
alvreus;Реус Александр Валерьевич (Aleksandr Reus);core;dmm_log;SELECT;EDW Read Core;"REVOKE SELECT ON core.dmm_log FROM alvreus;"
vatsvetkova;Цветкова Виктория Андреевна (Viktoriya Tsvetkova);core;dmm_log;SELECT;EDW Read Core;"REVOKE SELECT ON core.dmm_log FROM vatsvetkova;"
mpmashin;Машин Максим Павлович (Maksim Mashin);core;dmm_log;SELECT;EDW All Core;"REVOKE SELECT ON core.dmm_log FROM mpmashin;"
alvreus;Реус Александр Валерьевич (Aleksandr Reus);core;ref_carrier_type;SELECT;EDW Read Core;"REVOKE SELECT ON core.ref_carrier_type FROM alvreus;"
vatsvetkova;Цветкова Виктория Андреевна (Viktoriya Tsvetkova);core;ref_carrier_type;SELECT;EDW Read Core;"REVOKE SELECT ON core.ref_carrier_type FROM vatsvetkova;"
mpmashin;Машин Максим Павлович (Maksim Mashin);core;ref_carrier_type;SELECT;EDW All Core;"REVOKE SELECT ON core.ref_carrier_type FROM mpmashin;"
evzubkov;Зубков Евгений Валентинович (Evgeniy Zubkov);core;cancel_storno;INSERT;EDW All Core;"REVOKE INSERT ON core.cancel_storno FROM evzubkov;"
evzubkov;Зубков Евгений Валентинович (Evgeniy Zubkov);core;cancel_storno;SELECT;EDW All Core;"REVOKE SELECT ON core.cancel_storno FROM evzubkov;"
evzubkov;Зубков Евгений Валентинович (Evgeniy Zubkov);core;cancel_storno;UPDATE;EDW All Core;"REVOKE UPDATE ON core.cancel_storno FROM evzubkov;"
evzubkov;Зубков Евгений Валентинович (Evgeniy Zubkov);core;cancel_storno;DELETE;EDW All Core;"REVOKE DELETE ON core.cancel_storno FROM evzubkov;"
evzubkov;Зубков Евгений Валентинович (Evgeniy Zubkov);core;cancel_storno;TRUNCATE;EDW All Core;"REVOKE TRUNCATE ON core.cancel_storno FROM evzubkov;"
evzubkov;Зубков Евгений Валентинович (Evgeniy Zubkov);core;cancel_storno;REFERENCES;EDW All Core;"REVOKE REFERENCES ON core.cancel_storno FROM evzubkov;"
evzubkov;Зубков Евгений Валентинович (Evgeniy Zubkov);core;cancel_storno;TRIGGER;EDW All Core;"REVOKE TRIGGER ON core.cancel_storno FROM evzubkov;"
alvreus;Реус Александр Валерьевич (Aleksandr Reus);core;cancel_storno;SELECT;EDW Read Core;"REVOKE SELECT ON core.cancel_storno FROM alvreus;"
vatsvetkova;Цветкова Виктория Андреевна (Viktoriya Tsvetkova);core;cancel_storno;SELECT;EDW Read Core;"REVOKE SELECT ON core.cancel_storno FROM vatsvetkova;"
mpmashin;Машин Максим Павлович (Maksim Mashin);core;cancel_storno;SELECT;EDW All Core;"REVOKE SELECT ON core.cancel_storno FROM mpmashin;"
alvreus;Реус Александр Валерьевич (Aleksandr Reus);core;claim_state_region;SELECT;EDW Read Core;"REVOKE SELECT ON core.claim_state_region FROM alvreus;"
vatsvetkova;Цветкова Виктория Андреевна (Viktoriya Tsvetkova);core;claim_state_region;SELECT;EDW Read Core;"REVOKE SELECT ON core.claim_state_region FROM vatsvetkova;"
mpmashin;Машин Максим Павлович (Maksim Mashin);core;claim_state_region;SELECT;EDW All Core;"REVOKE SELECT ON core.claim_state_region FROM mpmashin;"
evzubkov;Зубков Евгений Валентинович (Evgeniy Zubkov);core;ref_autodictpaymentmethod;INSERT;EDW All Core;"REVOKE INSERT ON core.ref_autodictpaymentmethod FROM evzubkov;"
evzubkov;Зубков Евгений Валентинович (Evgeniy Zubkov);core;ref_autodictpaymentmethod;SELECT;EDW All Core;"REVOKE SELECT ON core.ref_autodictpaymentmethod FROM evzubkov;"
evzubkov;Зубков Евгений Валентинович (Evgeniy Zubkov);core;ref_autodictpaymentmethod;UPDATE;EDW All Core;"REVOKE UPDATE ON core.ref_autodictpaymentmethod FROM evzubkov;"
evzubkov;Зубков Евгений Валентинович (Evgeniy Zubkov);core;ref_autodictpaymentmethod;DELETE;EDW All Core;"REVOKE DELETE ON core.ref_autodictpaymentmethod FROM evzubkov;"
evzubkov;Зубков Евгений Валентинович (Evgeniy Zubkov);core;ref_autodictpaymentmethod;TRUNCATE;EDW All Core;"REVOKE TRUNCATE ON core.ref_autodictpaymentmethod FROM evzubkov;"
evzubkov;Зубков Евгений Валентинович (Evgeniy Zubkov);core;ref_autodictpaymentmethod;REFERENCES;EDW All Core;"REVOKE REFERENCES ON core.ref_autodictpaymentmethod FROM evzubkov;"
evzubkov;Зубков Евгений Валентинович (Evgeniy Zubkov);core;ref_autodictpaymentmethod;TRIGGER;EDW All Core;"REVOKE TRIGGER ON core.ref_autodictpaymentmethod FROM evzubkov;"
alvreus;Реус Александр Валерьевич (Aleksandr Reus);core;ref_autodictpaymentmethod;SELECT;EDW Read Core;"REVOKE SELECT ON core.ref_autodictpaymentmethod FROM alvreus;"
vatsvetkova;Цветкова Виктория Андреевна (Viktoriya Tsvetkova);core;ref_autodictpaymentmethod;SELECT;EDW Read Core;"REVOKE SELECT ON core.ref_autodictpaymentmethod FROM vatsvetkova;"
mpmashin;Машин Максим Павлович (Maksim Mashin);core;ref_autodictpaymentmethod;SELECT;EDW All Core;"REVOKE SELECT ON core.ref_autodictpaymentmethod FROM mpmashin;"
alvreus;Реус Александр Валерьевич (Aleksandr Reus);core;ref_product_catalog;SELECT;EDW Read Core;"REVOKE SELECT ON core.ref_product_catalog FROM alvreus;"
vatsvetkova;Цветкова Виктория Андреевна (Viktoriya Tsvetkova);core;ref_product_catalog;SELECT;EDW Read Core;"REVOKE SELECT ON core.ref_product_catalog FROM vatsvetkova;"
mpmashin;Машин Максим Павлович (Maksim Mashin);core;ref_product_catalog;SELECT;EDW All Core;"REVOKE SELECT ON core.ref_product_catalog FROM mpmashin;"
evzubkov;Зубков Евгений Валентинович (Evgeniy Zubkov);core;cancel_storno_long;INSERT;EDW All Core;"REVOKE INSERT ON core.cancel_storno_long FROM evzubkov;"
evzubkov;Зубков Евгений Валентинович (Evgeniy Zubkov);core;cancel_storno_long;SELECT;EDW All Core;"REVOKE SELECT ON core.cancel_storno_long FROM evzubkov;"
evzubkov;Зубков Евгений Валентинович (Evgeniy Zubkov);core;cancel_storno_long;UPDATE;EDW All Core;"REVOKE UPDATE ON core.cancel_storno_long FROM evzubkov;"
evzubkov;Зубков Евгений Валентинович (Evgeniy Zubkov);core;cancel_storno_long;DELETE;EDW All Core;"REVOKE DELETE ON core.cancel_storno_long FROM evzubkov;"
evzubkov;Зубков Евгений Валентинович (Evgeniy Zubkov);core;cancel_storno_long;TRUNCATE;EDW All Core;"REVOKE TRUNCATE ON core.cancel_storno_long FROM evzubkov;"
evzubkov;Зубков Евгений Валентинович (Evgeniy Zubkov);core;cancel_storno_long;REFERENCES;EDW All Core;"REVOKE REFERENCES ON core.cancel_storno_long FROM evzubkov;"
evzubkov;Зубков Евгений Валентинович (Evgeniy Zubkov);core;cancel_storno_long;TRIGGER;EDW All Core;"REVOKE TRIGGER ON core.cancel_storno_long FROM evzubkov;"
alvreus;Реус Александр Валерьевич (Aleksandr Reus);core;cancel_storno_long;SELECT;EDW Read Core;"REVOKE SELECT ON core.cancel_storno_long FROM alvreus;"
vatsvetkova;Цветкова Виктория Андреевна (Viktoriya Tsvetkova);core;cancel_storno_long;SELECT;EDW Read Core;"REVOKE SELECT ON core.cancel_storno_long FROM vatsvetkova;"
mpmashin;Машин Максим Павлович (Maksim Mashin);core;cancel_storno_long;SELECT;EDW All Core;"REVOKE SELECT ON core.cancel_storno_long FROM mpmashin;"
evzubkov;Зубков Евгений Валентинович (Evgeniy Zubkov);core;group;INSERT;EDW All Core;"REVOKE INSERT ON core.group FROM evzubkov;"
evzubkov;Зубков Евгений Валентинович (Evgeniy Zubkov);core;group;SELECT;EDW All Core;"REVOKE SELECT ON core.group FROM evzubkov;"
evzubkov;Зубков Евгений Валентинович (Evgeniy Zubkov);core;group;UPDATE;EDW All Core;"REVOKE UPDATE ON core.group FROM evzubkov;"
evzubkov;Зубков Евгений Валентинович (Evgeniy Zubkov);core;group;DELETE;EDW All Core;"REVOKE DELETE ON core.group FROM evzubkov;"
evzubkov;Зубков Евгений Валентинович (Evgeniy Zubkov);core;group;TRUNCATE;EDW All Core;"REVOKE TRUNCATE ON core.group FROM evzubkov;"
evzubkov;Зубков Евгений Валентинович (Evgeniy Zubkov);core;group;REFERENCES;EDW All Core;"REVOKE REFERENCES ON core.group FROM evzubkov;"
evzubkov;Зубков Евгений Валентинович (Evgeniy Zubkov);core;group;TRIGGER;EDW All Core;"REVOKE TRIGGER ON core.group FROM evzubkov;"
alvreus;Реус Александр Валерьевич (Aleksandr Reus);core;group;SELECT;EDW Read Core;"REVOKE SELECT ON core.group FROM alvreus;"
vatsvetkova;Цветкова Виктория Андреевна (Viktoriya Tsvetkova);core;group;SELECT;EDW Read Core;"REVOKE SELECT ON core.group FROM vatsvetkova;"
mpmashin;Машин Максим Павлович (Maksim Mashin);core;group;SELECT;EDW All Core;"REVOKE SELECT ON core.group FROM mpmashin;"
evzubkov;Зубков Евгений Валентинович (Evgeniy Zubkov);core;claim_compensationrequest;INSERT;EDW All Core;"REVOKE INSERT ON core.claim_compensationrequest FROM evzubkov;"
evzubkov;Зубков Евгений Валентинович (Evgeniy Zubkov);core;claim_compensationrequest;SELECT;EDW All Core;"REVOKE SELECT ON core.claim_compensationrequest FROM evzubkov;"
evzubkov;Зубков Евгений Валентинович (Evgeniy Zubkov);core;claim_compensationrequest;UPDATE;EDW All Core;"REVOKE UPDATE ON core.claim_compensationrequest FROM evzubkov;"
evzubkov;Зубков Евгений Валентинович (Evgeniy Zubkov);core;claim_compensationrequest;DELETE;EDW All Core;"REVOKE DELETE ON core.claim_compensationrequest FROM evzubkov;"
evzubkov;Зубков Евгений Валентинович (Evgeniy Zubkov);core;claim_compensationrequest;TRUNCATE;EDW All Core;"REVOKE TRUNCATE ON core.claim_compensationrequest FROM evzubkov;"
evzubkov;Зубков Евгений Валентинович (Evgeniy Zubkov);core;claim_compensationrequest;REFERENCES;EDW All Core;"REVOKE REFERENCES ON core.claim_compensationrequest FROM evzubkov;"
evzubkov;Зубков Евгений Валентинович (Evgeniy Zubkov);core;claim_compensationrequest;TRIGGER;EDW All Core;"REVOKE TRIGGER ON core.claim_compensationrequest FROM evzubkov;"
alvreus;Реус Александр Валерьевич (Aleksandr Reus);core;claim_compensationrequest;SELECT;EDW Read Core;"REVOKE SELECT ON core.claim_compensationrequest FROM alvreus;"
vatsvetkova;Цветкова Виктория Андреевна (Viktoriya Tsvetkova);core;claim_compensationrequest;SELECT;EDW Read Core;"REVOKE SELECT ON core.claim_compensationrequest FROM vatsvetkova;"
mpmashin;Машин Максим Павлович (Maksim Mashin);core;claim_compensationrequest;SELECT;EDW All Core;"REVOKE SELECT ON core.claim_compensationrequest FROM mpmashin;"
evzubkov;Зубков Евгений Валентинович (Evgeniy Zubkov);core;auto_dealer;INSERT;EDW All Core;"REVOKE INSERT ON core.auto_dealer FROM evzubkov;"
evzubkov;Зубков Евгений Валентинович (Evgeniy Zubkov);core;auto_dealer;SELECT;EDW All Core;"REVOKE SELECT ON core.auto_dealer FROM evzubkov;"
evzubkov;Зубков Евгений Валентинович (Evgeniy Zubkov);core;auto_dealer;UPDATE;EDW All Core;"REVOKE UPDATE ON core.auto_dealer FROM evzubkov;"
evzubkov;Зубков Евгений Валентинович (Evgeniy Zubkov);core;auto_dealer;DELETE;EDW All Core;"REVOKE DELETE ON core.auto_dealer FROM evzubkov;"
evzubkov;Зубков Евгений Валентинович (Evgeniy Zubkov);core;auto_dealer;TRUNCATE;EDW All Core;"REVOKE TRUNCATE ON core.auto_dealer FROM evzubkov;"
evzubkov;Зубков Евгений Валентинович (Evgeniy Zubkov);core;auto_dealer;REFERENCES;EDW All Core;"REVOKE REFERENCES ON core.auto_dealer FROM evzubkov;"
evzubkov;Зубков Евгений Валентинович (Evgeniy Zubkov);core;auto_dealer;TRIGGER;EDW All Core;"REVOKE TRIGGER ON core.auto_dealer FROM evzubkov;"
alvreus;Реус Александр Валерьевич (Aleksandr Reus);core;auto_dealer;SELECT;EDW Read Core;"REVOKE SELECT ON core.auto_dealer FROM alvreus;"
vatsvetkova;Цветкова Виктория Андреевна (Viktoriya Tsvetkova);core;auto_dealer;SELECT;EDW Read Core;"REVOKE SELECT ON core.auto_dealer FROM vatsvetkova;"
mpmashin;Машин Максим Павлович (Maksim Mashin);core;auto_dealer;SELECT;EDW All Core;"REVOKE SELECT ON core.auto_dealer FROM mpmashin;"
evzubkov;Зубков Евгений Валентинович (Evgeniy Zubkov);core;bank;INSERT;EDW All Core;"REVOKE INSERT ON core.bank FROM evzubkov;"
evzubkov;Зубков Евгений Валентинович (Evgeniy Zubkov);core;bank;SELECT;EDW All Core;"REVOKE SELECT ON core.bank FROM evzubkov;"
evzubkov;Зубков Евгений Валентинович (Evgeniy Zubkov);core;bank;UPDATE;EDW All Core;"REVOKE UPDATE ON core.bank FROM evzubkov;"
evzubkov;Зубков Евгений Валентинович (Evgeniy Zubkov);core;bank;DELETE;EDW All Core;"REVOKE DELETE ON core.bank FROM evzubkov;"
evzubkov;Зубков Евгений Валентинович (Evgeniy Zubkov);core;bank;TRUNCATE;EDW All Core;"REVOKE TRUNCATE ON core.bank FROM evzubkov;"
evzubkov;Зубков Евгений Валентинович (Evgeniy Zubkov);core;bank;REFERENCES;EDW All Core;"REVOKE REFERENCES ON core.bank FROM evzubkov;"
evzubkov;Зубков Евгений Валентинович (Evgeniy Zubkov);core;bank;TRIGGER;EDW All Core;"REVOKE TRIGGER ON core.bank FROM evzubkov;"
alvreus;Реус Александр Валерьевич (Aleksandr Reus);core;bank;SELECT;EDW Read Core;"REVOKE SELECT ON core.bank FROM alvreus;"
vatsvetkova;Цветкова Виктория Андреевна (Viktoriya Tsvetkova);core;bank;SELECT;EDW Read Core;"REVOKE SELECT ON core.bank FROM vatsvetkova;"
mpmashin;Машин Максим Павлович (Maksim Mashin);core;bank;SELECT;EDW All Core;"REVOKE SELECT ON core.bank FROM mpmashin;"
evzubkov;Зубков Евгений Валентинович (Evgeniy Zubkov);core;claim_counterparty_proc;INSERT;EDW All Core;"REVOKE INSERT ON core.claim_counterparty_proc FROM evzubkov;"
evzubkov;Зубков Евгений Валентинович (Evgeniy Zubkov);core;claim_counterparty_proc;SELECT;EDW All Core;"REVOKE SELECT ON core.claim_counterparty_proc FROM evzubkov;"
evzubkov;Зубков Евгений Валентинович (Evgeniy Zubkov);core;claim_counterparty_proc;UPDATE;EDW All Core;"REVOKE UPDATE ON core.claim_counterparty_proc FROM evzubkov;"
evzubkov;Зубков Евгений Валентинович (Evgeniy Zubkov);core;claim_counterparty_proc;DELETE;EDW All Core;"REVOKE DELETE ON core.claim_counterparty_proc FROM evzubkov;"
evzubkov;Зубков Евгений Валентинович (Evgeniy Zubkov);core;claim_counterparty_proc;TRUNCATE;EDW All Core;"REVOKE TRUNCATE ON core.claim_counterparty_proc FROM evzubkov;"
evzubkov;Зубков Евгений Валентинович (Evgeniy Zubkov);core;claim_counterparty_proc;REFERENCES;EDW All Core;"REVOKE REFERENCES ON core.claim_counterparty_proc FROM evzubkov;"
evzubkov;Зубков Евгений Валентинович (Evgeniy Zubkov);core;claim_counterparty_proc;TRIGGER;EDW All Core;"REVOKE TRIGGER ON core.claim_counterparty_proc FROM evzubkov;"
alvreus;Реус Александр Валерьевич (Aleksandr Reus);core;claim_counterparty_proc;SELECT;EDW Read Core;"REVOKE SELECT ON core.claim_counterparty_proc FROM alvreus;"
vatsvetkova;Цветкова Виктория Андреевна (Viktoriya Tsvetkova);core;claim_counterparty_proc;SELECT;EDW Read Core;"REVOKE SELECT ON core.claim_counterparty_proc FROM vatsvetkova;"
mpmashin;Машин Максим Павлович (Maksim Mashin);core;claim_counterparty_proc;SELECT;EDW All Core;"REVOKE SELECT ON core.claim_counterparty_proc FROM mpmashin;"
aafedorov;Федоров Алексей Анатольевич (Aleksey Fedorov);cdm_analysis_out;ofr_plan_personal;SELECT;EDW Read Cdm Analysis Out;"REVOKE SELECT ON cdm_analysis_out.ofr_plan_personal FROM aafedorov;"
yvvorobev;Воробьев Юрий Владимирович (Yury Vorobev);cdm;dm_corp_counterparty;SELECT;EDW All CDM;"REVOKE SELECT ON cdm.dm_corp_counterparty FROM yvvorobev;"
yvvorobev;Воробьев Юрий Владимирович (Yury Vorobev);cdm;dm_corp_first_risk;SELECT;EDW All CDM;"REVOKE SELECT ON cdm.dm_corp_first_risk FROM yvvorobev;"
yvvorobev;Воробьев Юрий Владимирович (Yury Vorobev);cdm;dm_corp_contract_dop;SELECT;EDW All CDM;"REVOKE SELECT ON cdm.dm_corp_contract_dop FROM yvvorobev;"
yvvorobev;Воробьев Юрий Владимирович (Yury Vorobev);cdm;ac_payment_exp;SELECT;EDW All CDM;"REVOKE SELECT ON cdm.ac_payment_exp FROM yvvorobev;"
yvvorobev;Воробьев Юрий Владимирович (Yury Vorobev);cdm;dm_kasko_contract;SELECT;EDW All CDM;"REVOKE SELECT ON cdm.dm_kasko_contract FROM yvvorobev;"
aatokolova;Токолова Алина Александровна (Alina Tokolova);cdm_analysis;contract_hier_veh_chain_k_data_785;SELECT;EDW Read Cdm Analysis;"REVOKE SELECT ON cdm_analysis.contract_hier_veh_chain_k_data_785 FROM aatokolova;"
aozhigalov;Жигалов Артур Олегович (Artur Zhigalov);cdm_analysis;contract_hier_veh_chain_k_data_785;SELECT;EDW Read Cdm Analysis;"REVOKE SELECT ON cdm_analysis.contract_hier_veh_chain_k_data_785 FROM aozhigalov;"
rdayzatulin;Айзатулин Ринат Дамирович (Rinat Ayzatulin);cdm_analysis;contract_hier_veh_chain_k_data_785;SELECT;EDW Read Cdm Analysis;"REVOKE SELECT ON cdm_analysis.contract_hier_veh_chain_k_data_785 FROM rdayzatulin;"
asfesenko;Фесенко Александр Сергеевич (Aleksandr Fesenko);cdm_analysis;contract_hier_veh_chain_k_data_785;SELECT;EDW Read Cdm Analysis;"REVOKE SELECT ON cdm_analysis.contract_hier_veh_chain_k_data_785 FROM asfesenko;"
digarifulin;Гарифулин Дмитрий Исмагильевич (Dmitriy Garifulin);cdm_analysis;contract_hier_veh_chain_k_data_785;SELECT;EDW Read Cdm Analysis;"REVOKE SELECT ON cdm_analysis.contract_hier_veh_chain_k_data_785 FROM digarifulin;"
yvvorobev;Воробьев Юрий Владимирович (Yury Vorobev);cdm_analysis;contract_hier_veh_chain_k_data_785;SELECT;EDW All Cdm Analysis;"REVOKE SELECT ON cdm_analysis.contract_hier_veh_chain_k_data_785 FROM yvvorobev;"
akavdeev;Авдеев Андрей Кириллович (Andrey Avdeev);cdm_analysis;contract_hier_veh_chain_k_data_785;SELECT;EDW Read Cdm Analysis;"REVOKE SELECT ON cdm_analysis.contract_hier_veh_chain_k_data_785 FROM akavdeev;"
gmvargaftik;Варгафтик Григорий Михайлович (Grigoriy Vargaftik);cdm_analysis;contract_hier_veh_chain_k_data_785;SELECT;EDW Read Cdm Analysis;"REVOKE SELECT ON cdm_analysis.contract_hier_veh_chain_k_data_785 FROM gmvargaftik;"
avdombrovskiy;Домбровский Александр Владимирович (Aleksandr Dombrovskiy);cdm_analysis;contract_hier_veh_chain_k_data_785;SELECT;EDW Read Cdm Analysis;"REVOKE SELECT ON cdm_analysis.contract_hier_veh_chain_k_data_785 FROM avdombrovskiy;"
aatokolova;Токолова Алина Александровна (Alina Tokolova);cdm_analysis;contract_hier_veh_chain_k_data_3487;SELECT;EDW Read Cdm Analysis;"REVOKE SELECT ON cdm_analysis.contract_hier_veh_chain_k_data_3487 FROM aatokolova;"
aozhigalov;Жигалов Артур Олегович (Artur Zhigalov);cdm_analysis;contract_hier_veh_chain_k_data_3487;SELECT;EDW Read Cdm Analysis;"REVOKE SELECT ON cdm_analysis.contract_hier_veh_chain_k_data_3487 FROM aozhigalov;"
rdayzatulin;Айзатулин Ринат Дамирович (Rinat Ayzatulin);cdm_analysis;contract_hier_veh_chain_k_data_3487;SELECT;EDW Read Cdm Analysis;"REVOKE SELECT ON cdm_analysis.contract_hier_veh_chain_k_data_3487 FROM rdayzatulin;"
asfesenko;Фесенко Александр Сергеевич (Aleksandr Fesenko);cdm_analysis;contract_hier_veh_chain_k_data_3487;SELECT;EDW Read Cdm Analysis;"REVOKE SELECT ON cdm_analysis.contract_hier_veh_chain_k_data_3487 FROM asfesenko;"
digarifulin;Гарифулин Дмитрий Исмагильевич (Dmitriy Garifulin);cdm_analysis;contract_hier_veh_chain_k_data_3487;SELECT;EDW Read Cdm Analysis;"REVOKE SELECT ON cdm_analysis.contract_hier_veh_chain_k_data_3487 FROM digarifulin;"
yvvorobev;Воробьев Юрий Владимирович (Yury Vorobev);cdm_analysis;contract_hier_veh_chain_k_data_3487;SELECT;EDW All Cdm Analysis;"REVOKE SELECT ON cdm_analysis.contract_hier_veh_chain_k_data_3487 FROM yvvorobev;"
akavdeev;Авдеев Андрей Кириллович (Andrey Avdeev);cdm_analysis;contract_hier_veh_chain_k_data_3487;SELECT;EDW Read Cdm Analysis;"REVOKE SELECT ON cdm_analysis.contract_hier_veh_chain_k_data_3487 FROM akavdeev;"
gmvargaftik;Варгафтик Григорий Михайлович (Grigoriy Vargaftik);cdm_analysis;contract_hier_veh_chain_k_data_3487;SELECT;EDW Read Cdm Analysis;"REVOKE SELECT ON cdm_analysis.contract_hier_veh_chain_k_data_3487 FROM gmvargaftik;"
avdombrovskiy;Домбровский Александр Владимирович (Aleksandr Dombrovskiy);cdm_analysis;contract_hier_veh_chain_k_data_3487;SELECT;EDW Read Cdm Analysis;"REVOKE SELECT ON cdm_analysis.contract_hier_veh_chain_k_data_3487 FROM avdombrovskiy;"
aatokolova;Токолова Алина Александровна (Alina Tokolova);cdm_analysis;contract_hier_veh_chain_o_data_3487_expo;SELECT;EDW Read Cdm Analysis;"REVOKE SELECT ON cdm_analysis.contract_hier_veh_chain_o_data_3487_expo FROM aatokolova;"
aozhigalov;Жигалов Артур Олегович (Artur Zhigalov);cdm_analysis;contract_hier_veh_chain_o_data_3487_expo;SELECT;EDW Read Cdm Analysis;"REVOKE SELECT ON cdm_analysis.contract_hier_veh_chain_o_data_3487_expo FROM aozhigalov;"
rdayzatulin;Айзатулин Ринат Дамирович (Rinat Ayzatulin);cdm_analysis;contract_hier_veh_chain_o_data_3487_expo;SELECT;EDW Read Cdm Analysis;"REVOKE SELECT ON cdm_analysis.contract_hier_veh_chain_o_data_3487_expo FROM rdayzatulin;"
asfesenko;Фесенко Александр Сергеевич (Aleksandr Fesenko);cdm_analysis;contract_hier_veh_chain_o_data_3487_expo;SELECT;EDW Read Cdm Analysis;"REVOKE SELECT ON cdm_analysis.contract_hier_veh_chain_o_data_3487_expo FROM asfesenko;"
digarifulin;Гарифулин Дмитрий Исмагильевич (Dmitriy Garifulin);cdm_analysis;contract_hier_veh_chain_o_data_3487_expo;SELECT;EDW Read Cdm Analysis;"REVOKE SELECT ON cdm_analysis.contract_hier_veh_chain_o_data_3487_expo FROM digarifulin;"
yvvorobev;Воробьев Юрий Владимирович (Yury Vorobev);cdm_analysis;contract_hier_veh_chain_o_data_3487_expo;SELECT;EDW All Cdm Analysis;"REVOKE SELECT ON cdm_analysis.contract_hier_veh_chain_o_data_3487_expo FROM yvvorobev;"
akavdeev;Авдеев Андрей Кириллович (Andrey Avdeev);cdm_analysis;contract_hier_veh_chain_o_data_3487_expo;SELECT;EDW Read Cdm Analysis;"REVOKE SELECT ON cdm_analysis.contract_hier_veh_chain_o_data_3487_expo FROM akavdeev;"
gmvargaftik;Варгафтик Григорий Михайлович (Grigoriy Vargaftik);cdm_analysis;contract_hier_veh_chain_o_data_3487_expo;SELECT;EDW Read Cdm Analysis;"REVOKE SELECT ON cdm_analysis.contract_hier_veh_chain_o_data_3487_expo FROM gmvargaftik;"
avdombrovskiy;Домбровский Александр Владимирович (Aleksandr Dombrovskiy);cdm_analysis;contract_hier_veh_chain_o_data_3487_expo;SELECT;EDW Read Cdm Analysis;"REVOKE SELECT ON cdm_analysis.contract_hier_veh_chain_o_data_3487_expo FROM avdombrovskiy;"
digarifulin;Гарифулин Дмитрий Исмагильевич (Dmitriy Garifulin);cdm_analysis_out;ref_partner_fp;SELECT;EDW Read Cdm Analysis Out;"REVOKE SELECT ON cdm_analysis_out.ref_partner_fp FROM digarifulin;"
aozhigalov;Жигалов Артур Олегович (Artur Zhigalov);cdm_analysis_out;ref_partner_fp;SELECT;EDW Read Cdm Analysis Out;"REVOKE SELECT ON cdm_analysis_out.ref_partner_fp FROM aozhigalov;"
asfesenko;Фесенко Александр Сергеевич (Aleksandr Fesenko);cdm_analysis_out;ref_partner_fp;SELECT;EDW Read Cdm Analysis Out;"REVOKE SELECT ON cdm_analysis_out.ref_partner_fp FROM asfesenko;"
aatokolova;Токолова Алина Александровна (Alina Tokolova);cdm_analysis_out;ref_partner_fp;SELECT;EDW Read Cdm Analysis Out;"REVOKE SELECT ON cdm_analysis_out.ref_partner_fp FROM aatokolova;"
rdayzatulin;Айзатулин Ринат Дамирович (Rinat Ayzatulin);cdm_analysis_out;ref_partner_fp;SELECT;EDW Read Cdm Analysis Out;"REVOKE SELECT ON cdm_analysis_out.ref_partner_fp FROM rdayzatulin;"
evzubkov;Зубков Евгений Валентинович (Evgeniy Zubkov);core;claim_incident;INSERT;EDW All Core;"REVOKE INSERT ON core.claim_incident FROM evzubkov;"
evzubkov;Зубков Евгений Валентинович (Evgeniy Zubkov);core;claim_incident;SELECT;EDW All Core;"REVOKE SELECT ON core.claim_incident FROM evzubkov;"
evzubkov;Зубков Евгений Валентинович (Evgeniy Zubkov);core;claim_incident;UPDATE;EDW All Core;"REVOKE UPDATE ON core.claim_incident FROM evzubkov;"
evzubkov;Зубков Евгений Валентинович (Evgeniy Zubkov);core;claim_incident;DELETE;EDW All Core;"REVOKE DELETE ON core.claim_incident FROM evzubkov;"
evzubkov;Зубков Евгений Валентинович (Evgeniy Zubkov);core;claim_incident;TRUNCATE;EDW All Core;"REVOKE TRUNCATE ON core.claim_incident FROM evzubkov;"
evzubkov;Зубков Евгений Валентинович (Evgeniy Zubkov);core;claim_incident;REFERENCES;EDW All Core;"REVOKE REFERENCES ON core.claim_incident FROM evzubkov;"
evzubkov;Зубков Евгений Валентинович (Evgeniy Zubkov);core;claim_incident;TRIGGER;EDW All Core;"REVOKE TRIGGER ON core.claim_incident FROM evzubkov;"
alvreus;Реус Александр Валерьевич (Aleksandr Reus);core;claim_incident;SELECT;EDW Read Core;"REVOKE SELECT ON core.claim_incident FROM alvreus;"
vatsvetkova;Цветкова Виктория Андреевна (Viktoriya Tsvetkova);core;claim_incident;SELECT;EDW Read Core;"REVOKE SELECT ON core.claim_incident FROM vatsvetkova;"
mpmashin;Машин Максим Павлович (Maksim Mashin);core;claim_incident;SELECT;EDW All Core;"REVOKE SELECT ON core.claim_incident FROM mpmashin;"
yvvorobev;Воробьев Юрий Владимирович (Yury Vorobev);cdm;dm_kasko_risk_dop;SELECT;EDW All CDM;"REVOKE SELECT ON cdm.dm_kasko_risk_dop FROM yvvorobev;"
yvvorobev;Воробьев Юрий Владимирович (Yury Vorobev);cdm;dm_m5kbm_clientfactor_delta;SELECT;EDW All CDM;"REVOKE SELECT ON cdm.dm_m5kbm_clientfactor_delta FROM yvvorobev;"
yvvorobev;Воробьев Юрий Владимирович (Yury Vorobev);cdm;dm_kasko_first_risk;SELECT;EDW All CDM;"REVOKE SELECT ON cdm.dm_kasko_first_risk FROM yvvorobev;"
yvvorobev;Воробьев Юрий Владимирович (Yury Vorobev);cdm;dm_kasko_person;SELECT;EDW All CDM;"REVOKE SELECT ON cdm.dm_kasko_person FROM yvvorobev;"
yvvorobev;Воробьев Юрий Владимирович (Yury Vorobev);cdm;dm_m5kbm_prolongation_term_delta;SELECT;EDW All CDM;"REVOKE SELECT ON cdm.dm_m5kbm_prolongation_term_delta FROM yvvorobev;"
yvvorobev;Воробьев Юрий Владимирович (Yury Vorobev);cdm;dm_realty_arm4_xml_subject;SELECT;EDW All CDM;"REVOKE SELECT ON cdm.dm_realty_arm4_xml_subject FROM yvvorobev;"
yvvorobev;Воробьев Юрий Владимирович (Yury Vorobev);cdm;dm_realty_object;SELECT;EDW All CDM;"REVOKE SELECT ON cdm.dm_realty_object FROM yvvorobev;"
yvvorobev;Воробьев Юрий Владимирович (Yury Vorobev);cdm;dm_m5kbm_clientfactor_term_delta;SELECT;EDW All CDM;"REVOKE SELECT ON cdm.dm_m5kbm_clientfactor_term_delta FROM yvvorobev;"
yvvorobev;Воробьев Юрий Владимирович (Yury Vorobev);cdm;dm_m5kbm_frequency_term_delta;SELECT;EDW All CDM;"REVOKE SELECT ON cdm.dm_m5kbm_frequency_term_delta FROM yvvorobev;"
yvvorobev;Воробьев Юрий Владимирович (Yury Vorobev);cdm;dm_realty_counterparty;SELECT;EDW All CDM;"REVOKE SELECT ON cdm.dm_realty_counterparty FROM yvvorobev;"
aafedorov;Федоров Алексей Анатольевич (Aleksey Fedorov);cdm_analysis_out;ofr_plan_agg_agent_mag;SELECT;EDW Read Cdm Analysis Out;"REVOKE SELECT ON cdm_analysis_out.ofr_plan_agg_agent_mag FROM aafedorov;"
avdombrovskiy;Домбровский Александр Владимирович (Aleksandr Dombrovskiy);cdm_analysis;dm_corp_contract;SELECT;EDW Read Cdm Analysis;"REVOKE SELECT ON cdm_analysis.dm_corp_contract FROM avdombrovskiy;"
aatokolova;Токолова Алина Александровна (Alina Tokolova);cdm_analysis;dm_corp_contract;SELECT;EDW Read Cdm Analysis;"REVOKE SELECT ON cdm_analysis.dm_corp_contract FROM aatokolova;"
aozhigalov;Жигалов Артур Олегович (Artur Zhigalov);cdm_analysis;dm_corp_contract;SELECT;EDW Read Cdm Analysis;"REVOKE SELECT ON cdm_analysis.dm_corp_contract FROM aozhigalov;"
rdayzatulin;Айзатулин Ринат Дамирович (Rinat Ayzatulin);cdm_analysis;dm_corp_contract;SELECT;EDW Read Cdm Analysis;"REVOKE SELECT ON cdm_analysis.dm_corp_contract FROM rdayzatulin;"
asfesenko;Фесенко Александр Сергеевич (Aleksandr Fesenko);cdm_analysis;dm_corp_contract;SELECT;EDW Read Cdm Analysis;"REVOKE SELECT ON cdm_analysis.dm_corp_contract FROM asfesenko;"
digarifulin;Гарифулин Дмитрий Исмагильевич (Dmitriy Garifulin);cdm_analysis;dm_corp_contract;SELECT;EDW Read Cdm Analysis;"REVOKE SELECT ON cdm_analysis.dm_corp_contract FROM digarifulin;"
yvvorobev;Воробьев Юрий Владимирович (Yury Vorobev);cdm_analysis;dm_corp_contract;SELECT;EDW All Cdm Analysis;"REVOKE SELECT ON cdm_analysis.dm_corp_contract FROM yvvorobev;"
akavdeev;Авдеев Андрей Кириллович (Andrey Avdeev);cdm_analysis;dm_corp_contract;SELECT;EDW Read Cdm Analysis;"REVOKE SELECT ON cdm_analysis.dm_corp_contract FROM akavdeev;"
gmvargaftik;Варгафтик Григорий Михайлович (Grigoriy Vargaftik);cdm_analysis;dm_corp_contract;SELECT;EDW Read Cdm Analysis;"REVOKE SELECT ON cdm_analysis.dm_corp_contract FROM gmvargaftik;"
avdombrovskiy;Домбровский Александр Владимирович (Aleksandr Dombrovskiy);cdm_analysis;dm_osago2_insurant_data7089;SELECT;EDW Read Cdm Analysis;"REVOKE SELECT ON cdm_analysis.dm_osago2_insurant_data7089 FROM avdombrovskiy;"
aatokolova;Токолова Алина Александровна (Alina Tokolova);cdm_analysis;dm_osago2_insurant_data7089;SELECT;EDW Read Cdm Analysis;"REVOKE SELECT ON cdm_analysis.dm_osago2_insurant_data7089 FROM aatokolova;"
aozhigalov;Жигалов Артур Олегович (Artur Zhigalov);cdm_analysis;dm_osago2_insurant_data7089;SELECT;EDW Read Cdm Analysis;"REVOKE SELECT ON cdm_analysis.dm_osago2_insurant_data7089 FROM aozhigalov;"
rdayzatulin;Айзатулин Ринат Дамирович (Rinat Ayzatulin);cdm_analysis;dm_osago2_insurant_data7089;SELECT;EDW Read Cdm Analysis;"REVOKE SELECT ON cdm_analysis.dm_osago2_insurant_data7089 FROM rdayzatulin;"
asfesenko;Фесенко Александр Сергеевич (Aleksandr Fesenko);cdm_analysis;dm_osago2_insurant_data7089;SELECT;EDW Read Cdm Analysis;"REVOKE SELECT ON cdm_analysis.dm_osago2_insurant_data7089 FROM asfesenko;"
digarifulin;Гарифулин Дмитрий Исмагильевич (Dmitriy Garifulin);cdm_analysis;dm_osago2_insurant_data7089;SELECT;EDW Read Cdm Analysis;"REVOKE SELECT ON cdm_analysis.dm_osago2_insurant_data7089 FROM digarifulin;"
yvvorobev;Воробьев Юрий Владимирович (Yury Vorobev);cdm_analysis;dm_osago2_insurant_data7089;SELECT;EDW All Cdm Analysis;"REVOKE SELECT ON cdm_analysis.dm_osago2_insurant_data7089 FROM yvvorobev;"
akavdeev;Авдеев Андрей Кириллович (Andrey Avdeev);cdm_analysis;dm_osago2_insurant_data7089;SELECT;EDW Read Cdm Analysis;"REVOKE SELECT ON cdm_analysis.dm_osago2_insurant_data7089 FROM akavdeev;"
gmvargaftik;Варгафтик Григорий Михайлович (Grigoriy Vargaftik);cdm_analysis;dm_osago2_insurant_data7089;SELECT;EDW Read Cdm Analysis;"REVOKE SELECT ON cdm_analysis.dm_osago2_insurant_data7089 FROM gmvargaftik;"
dvskorokhodov;Скороходов Даниил Владимирович (Daniil Skorokhodov);cdm_analysis;dm_osago2_insurant_data7089;SELECT;EDW Read Cdm Analysis;"REVOKE SELECT ON cdm_analysis.dm_osago2_insurant_data7089 FROM dvskorokhodov;"
