rolname;Name;table_name;privilege_type;revoke_sql
olalavrenteva;Лаврентьева Ольга Аркадьевна;counterparty_part_1;INSERT;"REVOKE INSERT ON cdm_analysis_tmp.counterparty_part_1 FROM olalavrenteva;"
olalavrenteva;Лаврентьева Ольга Аркадьевна;counterparty_part_1;SELECT;"REVOKE SELECT ON cdm_analysis_tmp.counterparty_part_1 FROM olalavrenteva;"
olalavrenteva;Лаврентьева Ольга Аркадьевна;counterparty_part_1;UPDATE;"REVOKE UPDATE ON cdm_analysis_tmp.counterparty_part_1 FROM olalavrenteva;"
olalavrenteva;Лаврентьева Ольга Аркадьевна;counterparty_part_1;DELETE;"REVOKE DELETE ON cdm_analysis_tmp.counterparty_part_1 FROM olalavrenteva;"
olalavrenteva;Лаврентьева Ольга Аркадьевна;counterparty_part_1;TRUNCATE;"REVOKE TRUNCATE ON cdm_analysis_tmp.counterparty_part_1 FROM olalavrenteva;"
olalavrenteva;Лаврентьева Ольга Аркадьевна;counterparty_part_1;REFERENCES;"REVOKE REFERENCES ON cdm_analysis_tmp.counterparty_part_1 FROM olalavrenteva;"
olalavrenteva;Лаврентьева Ольга Аркадьевна;counterparty_part_1;TRIGGER;"REVOKE TRIGGER ON cdm_analysis_tmp.counterparty_part_1 FROM olalavrenteva;"
olalavrenteva;Лаврентьева Ольга Аркадьевна;address_part;INSERT;"REVOKE INSERT ON cdm_analysis_tmp.address_part FROM olalavrenteva;"
olalavrenteva;Лаврентьева Ольга Аркадьевна;address_part;SELECT;"REVOKE SELECT ON cdm_analysis_tmp.address_part FROM olalavrenteva;"
olalavrenteva;Лаврентьева Ольга Аркадьевна;address_part;UPDATE;"REVOKE UPDATE ON cdm_analysis_tmp.address_part FROM olalavrenteva;"
olalavrenteva;Лаврентьева Ольга Аркадьевна;address_part;DELETE;"REVOKE DELETE ON cdm_analysis_tmp.address_part FROM olalavrenteva;"
olalavrenteva;Лаврентьева Ольга Аркадьевна;address_part;TRUNCATE;"REVOKE TRUNCATE ON cdm_analysis_tmp.address_part FROM olalavrenteva;"
olalavrenteva;Лаврентьева Ольга Аркадьевна;address_part;REFERENCES;"REVOKE REFERENCES ON cdm_analysis_tmp.address_part FROM olalavrenteva;"
olalavrenteva;Лаврентьева Ольга Аркадьевна;address_part;TRIGGER;"REVOKE TRIGGER ON cdm_analysis_tmp.address_part FROM olalavrenteva;"
olalavrenteva;Лаврентьева Ольга Аркадьевна;address_links_part;INSERT;"REVOKE INSERT ON cdm_analysis_tmp.address_links_part FROM olalavrenteva;"
olalavrenteva;Лаврентьева Ольга Аркадьевна;address_links_part;SELECT;"REVOKE SELECT ON cdm_analysis_tmp.address_links_part FROM olalavrenteva;"
olalavrenteva;Лаврентьева Ольга Аркадьевна;address_links_part;UPDATE;"REVOKE UPDATE ON cdm_analysis_tmp.address_links_part FROM olalavrenteva;"
olalavrenteva;Лаврентьева Ольга Аркадьевна;address_links_part;DELETE;"REVOKE DELETE ON cdm_analysis_tmp.address_links_part FROM olalavrenteva;"
olalavrenteva;Лаврентьева Ольга Аркадьевна;address_links_part;TRUNCATE;"REVOKE TRUNCATE ON cdm_analysis_tmp.address_links_part FROM olalavrenteva;"
olalavrenteva;Лаврентьева Ольга Аркадьевна;address_links_part;REFERENCES;"REVOKE REFERENCES ON cdm_analysis_tmp.address_links_part FROM olalavrenteva;"
olalavrenteva;Лаврентьева Ольга Аркадьевна;address_links_part;TRIGGER;"REVOKE TRIGGER ON cdm_analysis_tmp.address_links_part FROM olalavrenteva;"
olalavrenteva;Лаврентьева Ольга Аркадьевна;test_table_to_counterparty;INSERT;"REVOKE INSERT ON cdm_analysis_tmp.test_table_to_counterparty FROM olalavrenteva;"
olalavrenteva;Лаврентьева Ольга Аркадьевна;test_table_to_counterparty;SELECT;"REVOKE SELECT ON cdm_analysis_tmp.test_table_to_counterparty FROM olalavrenteva;"
olalavrenteva;Лаврентьева Ольга Аркадьевна;test_table_to_counterparty;UPDATE;"REVOKE UPDATE ON cdm_analysis_tmp.test_table_to_counterparty FROM olalavrenteva;"
olalavrenteva;Лаврентьева Ольга Аркадьевна;test_table_to_counterparty;DELETE;"REVOKE DELETE ON cdm_analysis_tmp.test_table_to_counterparty FROM olalavrenteva;"
olalavrenteva;Лаврентьева Ольга Аркадьевна;test_table_to_counterparty;TRUNCATE;"REVOKE TRUNCATE ON cdm_analysis_tmp.test_table_to_counterparty FROM olalavrenteva;"
olalavrenteva;Лаврентьева Ольга Аркадьевна;test_table_to_counterparty;REFERENCES;"REVOKE REFERENCES ON cdm_analysis_tmp.test_table_to_counterparty FROM olalavrenteva;"
olalavrenteva;Лаврентьева Ольга Аркадьевна;test_table_to_counterparty;TRIGGER;"REVOKE TRIGGER ON cdm_analysis_tmp.test_table_to_counterparty FROM olalavrenteva;"
nslyubavin;Любавин Никита Сергеевич (Nikita Lyubavin);tmp_cdcu;INSERT;"REVOKE INSERT ON cdm_analysis_tmp.tmp_cdcu FROM nslyubavin;"
nslyubavin;Любавин Никита Сергеевич (Nikita Lyubavin);tmp_cdcu;SELECT;"REVOKE SELECT ON cdm_analysis_tmp.tmp_cdcu FROM nslyubavin;"
nslyubavin;Любавин Никита Сергеевич (Nikita Lyubavin);tmp_cdcu;UPDATE;"REVOKE UPDATE ON cdm_analysis_tmp.tmp_cdcu FROM nslyubavin;"
nslyubavin;Любавин Никита Сергеевич (Nikita Lyubavin);tmp_cdcu;DELETE;"REVOKE DELETE ON cdm_analysis_tmp.tmp_cdcu FROM nslyubavin;"
nslyubavin;Любавин Никита Сергеевич (Nikita Lyubavin);tmp_cdcu;TRUNCATE;"REVOKE TRUNCATE ON cdm_analysis_tmp.tmp_cdcu FROM nslyubavin;"
nslyubavin;Любавин Никита Сергеевич (Nikita Lyubavin);tmp_cdcu;REFERENCES;"REVOKE REFERENCES ON cdm_analysis_tmp.tmp_cdcu FROM nslyubavin;"
nslyubavin;Любавин Никита Сергеевич (Nikita Lyubavin);tmp_cdcu;TRIGGER;"REVOKE TRIGGER ON cdm_analysis_tmp.tmp_cdcu FROM nslyubavin;"
pvzakrepin;Закрепин Павел Владимирович (Pavel Zakrepin);tmp_contract_add_22_12;INSERT;"REVOKE INSERT ON public.tmp_contract_add_22_12 FROM pvzakrepin;"
pvzakrepin;Закрепин Павел Владимирович (Pavel Zakrepin);tmp_contract_add_22_12;SELECT;"REVOKE SELECT ON public.tmp_contract_add_22_12 FROM pvzakrepin;"
pvzakrepin;Закрепин Павел Владимирович (Pavel Zakrepin);tmp_contract_add_22_12;UPDATE;"REVOKE UPDATE ON public.tmp_contract_add_22_12 FROM pvzakrepin;"
pvzakrepin;Закрепин Павел Владимирович (Pavel Zakrepin);tmp_contract_add_22_12;DELETE;"REVOKE DELETE ON public.tmp_contract_add_22_12 FROM pvzakrepin;"
pvzakrepin;Закрепин Павел Владимирович (Pavel Zakrepin);tmp_contract_add_22_12;TRUNCATE;"REVOKE TRUNCATE ON public.tmp_contract_add_22_12 FROM pvzakrepin;"
pvzakrepin;Закрепин Павел Владимирович (Pavel Zakrepin);tmp_contract_add_22_12;REFERENCES;"REVOKE REFERENCES ON public.tmp_contract_add_22_12 FROM pvzakrepin;"
pvzakrepin;Закрепин Павел Владимирович (Pavel Zakrepin);tmp_contract_add_22_12;TRIGGER;"REVOKE TRIGGER ON public.tmp_contract_add_22_12 FROM pvzakrepin;"
olalavrenteva;Лаврентьева Ольга Аркадьевна;rr;INSERT;"REVOKE INSERT ON cdm_analysis_tmp.rr FROM olalavrenteva;"
olalavrenteva;Лаврентьева Ольга Аркадьевна;rr;SELECT;"REVOKE SELECT ON cdm_analysis_tmp.rr FROM olalavrenteva;"
olalavrenteva;Лаврентьева Ольга Аркадьевна;rr;UPDATE;"REVOKE UPDATE ON cdm_analysis_tmp.rr FROM olalavrenteva;"
olalavrenteva;Лаврентьева Ольга Аркадьевна;rr;DELETE;"REVOKE DELETE ON cdm_analysis_tmp.rr FROM olalavrenteva;"
olalavrenteva;Лаврентьева Ольга Аркадьевна;rr;TRUNCATE;"REVOKE TRUNCATE ON cdm_analysis_tmp.rr FROM olalavrenteva;"
olalavrenteva;Лаврентьева Ольга Аркадьевна;rr;REFERENCES;"REVOKE REFERENCES ON cdm_analysis_tmp.rr FROM olalavrenteva;"
olalavrenteva;Лаврентьева Ольга Аркадьевна;rr;TRIGGER;"REVOKE TRIGGER ON cdm_analysis_tmp.rr FROM olalavrenteva;"
olalavrenteva;Лаврентьева Ольга Аркадьевна;q_2;INSERT;"REVOKE INSERT ON cdm_analysis_tmp.q_2 FROM olalavrenteva;"
olalavrenteva;Лаврентьева Ольга Аркадьевна;q_2;SELECT;"REVOKE SELECT ON cdm_analysis_tmp.q_2 FROM olalavrenteva;"
olalavrenteva;Лаврентьева Ольга Аркадьевна;q_2;UPDATE;"REVOKE UPDATE ON cdm_analysis_tmp.q_2 FROM olalavrenteva;"
olalavrenteva;Лаврентьева Ольга Аркадьевна;q_2;DELETE;"REVOKE DELETE ON cdm_analysis_tmp.q_2 FROM olalavrenteva;"
olalavrenteva;Лаврентьева Ольга Аркадьевна;q_2;TRUNCATE;"REVOKE TRUNCATE ON cdm_analysis_tmp.q_2 FROM olalavrenteva;"
olalavrenteva;Лаврентьева Ольга Аркадьевна;q_2;REFERENCES;"REVOKE REFERENCES ON cdm_analysis_tmp.q_2 FROM olalavrenteva;"
olalavrenteva;Лаврентьева Ольга Аркадьевна;q_2;TRIGGER;"REVOKE TRIGGER ON cdm_analysis_tmp.q_2 FROM olalavrenteva;"
olalavrenteva;Лаврентьева Ольга Аркадьевна;qq_2;INSERT;"REVOKE INSERT ON cdm_analysis_tmp.qq_2 FROM olalavrenteva;"
olalavrenteva;Лаврентьева Ольга Аркадьевна;qq_2;SELECT;"REVOKE SELECT ON cdm_analysis_tmp.qq_2 FROM olalavrenteva;"
olalavrenteva;Лаврентьева Ольга Аркадьевна;qq_2;UPDATE;"REVOKE UPDATE ON cdm_analysis_tmp.qq_2 FROM olalavrenteva;"
olalavrenteva;Лаврентьева Ольга Аркадьевна;qq_2;DELETE;"REVOKE DELETE ON cdm_analysis_tmp.qq_2 FROM olalavrenteva;"
olalavrenteva;Лаврентьева Ольга Аркадьевна;qq_2;TRUNCATE;"REVOKE TRUNCATE ON cdm_analysis_tmp.qq_2 FROM olalavrenteva;"
olalavrenteva;Лаврентьева Ольга Аркадьевна;qq_2;REFERENCES;"REVOKE REFERENCES ON cdm_analysis_tmp.qq_2 FROM olalavrenteva;"
olalavrenteva;Лаврентьева Ольга Аркадьевна;qq_2;TRIGGER;"REVOKE TRIGGER ON cdm_analysis_tmp.qq_2 FROM olalavrenteva;"
olalavrenteva;Лаврентьева Ольга Аркадьевна;kladr_rn_1;INSERT;"REVOKE INSERT ON cdm_analysis_tmp.kladr_rn_1 FROM olalavrenteva;"
olalavrenteva;Лаврентьева Ольга Аркадьевна;kladr_rn_1;SELECT;"REVOKE SELECT ON cdm_analysis_tmp.kladr_rn_1 FROM olalavrenteva;"
olalavrenteva;Лаврентьева Ольга Аркадьевна;kladr_rn_1;UPDATE;"REVOKE UPDATE ON cdm_analysis_tmp.kladr_rn_1 FROM olalavrenteva;"
olalavrenteva;Лаврентьева Ольга Аркадьевна;kladr_rn_1;DELETE;"REVOKE DELETE ON cdm_analysis_tmp.kladr_rn_1 FROM olalavrenteva;"
olalavrenteva;Лаврентьева Ольга Аркадьевна;kladr_rn_1;TRUNCATE;"REVOKE TRUNCATE ON cdm_analysis_tmp.kladr_rn_1 FROM olalavrenteva;"
olalavrenteva;Лаврентьева Ольга Аркадьевна;kladr_rn_1;REFERENCES;"REVOKE REFERENCES ON cdm_analysis_tmp.kladr_rn_1 FROM olalavrenteva;"
olalavrenteva;Лаврентьева Ольга Аркадьевна;kladr_rn_1;TRIGGER;"REVOKE TRIGGER ON cdm_analysis_tmp.kladr_rn_1 FROM olalavrenteva;"
olalavrenteva;Лаврентьева Ольга Аркадьевна;con_2_to_correct;INSERT;"REVOKE INSERT ON cdm_analysis_tmp.con_2_to_correct FROM olalavrenteva;"
olalavrenteva;Лаврентьева Ольга Аркадьевна;con_2_to_correct;SELECT;"REVOKE SELECT ON cdm_analysis_tmp.con_2_to_correct FROM olalavrenteva;"
olalavrenteva;Лаврентьева Ольга Аркадьевна;con_2_to_correct;UPDATE;"REVOKE UPDATE ON cdm_analysis_tmp.con_2_to_correct FROM olalavrenteva;"
olalavrenteva;Лаврентьева Ольга Аркадьевна;con_2_to_correct;DELETE;"REVOKE DELETE ON cdm_analysis_tmp.con_2_to_correct FROM olalavrenteva;"
olalavrenteva;Лаврентьева Ольга Аркадьевна;con_2_to_correct;TRUNCATE;"REVOKE TRUNCATE ON cdm_analysis_tmp.con_2_to_correct FROM olalavrenteva;"
olalavrenteva;Лаврентьева Ольга Аркадьевна;con_2_to_correct;REFERENCES;"REVOKE REFERENCES ON cdm_analysis_tmp.con_2_to_correct FROM olalavrenteva;"
olalavrenteva;Лаврентьева Ольга Аркадьевна;con_2_to_correct;TRIGGER;"REVOKE TRIGGER ON cdm_analysis_tmp.con_2_to_correct FROM olalavrenteva;"
olalavrenteva;Лаврентьева Ольга Аркадьевна;aditional_table_for_correcting_function_2;INSERT;"REVOKE INSERT ON cdm_analysis_tmp.aditional_table_for_correcting_function_2 FROM olalavrenteva;"
olalavrenteva;Лаврентьева Ольга Аркадьевна;aditional_table_for_correcting_function_2;SELECT;"REVOKE SELECT ON cdm_analysis_tmp.aditional_table_for_correcting_function_2 FROM olalavrenteva;"
olalavrenteva;Лаврентьева Ольга Аркадьевна;aditional_table_for_correcting_function_2;UPDATE;"REVOKE UPDATE ON cdm_analysis_tmp.aditional_table_for_correcting_function_2 FROM olalavrenteva;"
olalavrenteva;Лаврентьева Ольга Аркадьевна;aditional_table_for_correcting_function_2;DELETE;"REVOKE DELETE ON cdm_analysis_tmp.aditional_table_for_correcting_function_2 FROM olalavrenteva;"
olalavrenteva;Лаврентьева Ольга Аркадьевна;aditional_table_for_correcting_function_2;TRUNCATE;"REVOKE TRUNCATE ON cdm_analysis_tmp.aditional_table_for_correcting_function_2 FROM olalavrenteva;"
olalavrenteva;Лаврентьева Ольга Аркадьевна;aditional_table_for_correcting_function_2;REFERENCES;"REVOKE REFERENCES ON cdm_analysis_tmp.aditional_table_for_correcting_function_2 FROM olalavrenteva;"
olalavrenteva;Лаврентьева Ольга Аркадьевна;aditional_table_for_correcting_function_2;TRIGGER;"REVOKE TRIGGER ON cdm_analysis_tmp.aditional_table_for_correcting_function_2 FROM olalavrenteva;"
olalavrenteva;Лаврентьева Ольга Аркадьевна;adr4_2_for_correctind;INSERT;"REVOKE INSERT ON cdm_analysis_tmp.adr4_2_for_correctind FROM olalavrenteva;"
olalavrenteva;Лаврентьева Ольга Аркадьевна;adr4_2_for_correctind;SELECT;"REVOKE SELECT ON cdm_analysis_tmp.adr4_2_for_correctind FROM olalavrenteva;"
olalavrenteva;Лаврентьева Ольга Аркадьевна;adr4_2_for_correctind;UPDATE;"REVOKE UPDATE ON cdm_analysis_tmp.adr4_2_for_correctind FROM olalavrenteva;"
olalavrenteva;Лаврентьева Ольга Аркадьевна;adr4_2_for_correctind;DELETE;"REVOKE DELETE ON cdm_analysis_tmp.adr4_2_for_correctind FROM olalavrenteva;"
olalavrenteva;Лаврентьева Ольга Аркадьевна;adr4_2_for_correctind;TRUNCATE;"REVOKE TRUNCATE ON cdm_analysis_tmp.adr4_2_for_correctind FROM olalavrenteva;"
olalavrenteva;Лаврентьева Ольга Аркадьевна;adr4_2_for_correctind;REFERENCES;"REVOKE REFERENCES ON cdm_analysis_tmp.adr4_2_for_correctind FROM olalavrenteva;"
olalavrenteva;Лаврентьева Ольга Аркадьевна;adr4_2_for_correctind;TRIGGER;"REVOKE TRIGGER ON cdm_analysis_tmp.adr4_2_for_correctind FROM olalavrenteva;"
olalavrenteva;Лаврентьева Ольга Аркадьевна;adr4_ranked_2_to_correct;INSERT;"REVOKE INSERT ON cdm_analysis_tmp.adr4_ranked_2_to_correct FROM olalavrenteva;"
olalavrenteva;Лаврентьева Ольга Аркадьевна;adr4_ranked_2_to_correct;SELECT;"REVOKE SELECT ON cdm_analysis_tmp.adr4_ranked_2_to_correct FROM olalavrenteva;"
olalavrenteva;Лаврентьева Ольга Аркадьевна;adr4_ranked_2_to_correct;UPDATE;"REVOKE UPDATE ON cdm_analysis_tmp.adr4_ranked_2_to_correct FROM olalavrenteva;"
olalavrenteva;Лаврентьева Ольга Аркадьевна;adr4_ranked_2_to_correct;DELETE;"REVOKE DELETE ON cdm_analysis_tmp.adr4_ranked_2_to_correct FROM olalavrenteva;"
olalavrenteva;Лаврентьева Ольга Аркадьевна;adr4_ranked_2_to_correct;TRUNCATE;"REVOKE TRUNCATE ON cdm_analysis_tmp.adr4_ranked_2_to_correct FROM olalavrenteva;"
olalavrenteva;Лаврентьева Ольга Аркадьевна;adr4_ranked_2_to_correct;REFERENCES;"REVOKE REFERENCES ON cdm_analysis_tmp.adr4_ranked_2_to_correct FROM olalavrenteva;"
olalavrenteva;Лаврентьева Ольга Аркадьевна;adr4_ranked_2_to_correct;TRIGGER;"REVOKE TRIGGER ON cdm_analysis_tmp.adr4_ranked_2_to_correct FROM olalavrenteva;"
olalavrenteva;Лаврентьева Ольга Аркадьевна;adr4_final_2_to_correct;INSERT;"REVOKE INSERT ON cdm_analysis_tmp.adr4_final_2_to_correct FROM olalavrenteva;"
olalavrenteva;Лаврентьева Ольга Аркадьевна;adr4_final_2_to_correct;SELECT;"REVOKE SELECT ON cdm_analysis_tmp.adr4_final_2_to_correct FROM olalavrenteva;"
olalavrenteva;Лаврентьева Ольга Аркадьевна;adr4_final_2_to_correct;UPDATE;"REVOKE UPDATE ON cdm_analysis_tmp.adr4_final_2_to_correct FROM olalavrenteva;"
olalavrenteva;Лаврентьева Ольга Аркадьевна;adr4_final_2_to_correct;DELETE;"REVOKE DELETE ON cdm_analysis_tmp.adr4_final_2_to_correct FROM olalavrenteva;"
olalavrenteva;Лаврентьева Ольга Аркадьевна;adr4_final_2_to_correct;TRUNCATE;"REVOKE TRUNCATE ON cdm_analysis_tmp.adr4_final_2_to_correct FROM olalavrenteva;"
olalavrenteva;Лаврентьева Ольга Аркадьевна;adr4_final_2_to_correct;REFERENCES;"REVOKE REFERENCES ON cdm_analysis_tmp.adr4_final_2_to_correct FROM olalavrenteva;"
olalavrenteva;Лаврентьева Ольга Аркадьевна;adr4_final_2_to_correct;TRIGGER;"REVOKE TRIGGER ON cdm_analysis_tmp.adr4_final_2_to_correct FROM olalavrenteva;"
olalavrenteva;Лаврентьева Ольга Аркадьевна;rko_2_to_correct;INSERT;"REVOKE INSERT ON cdm_analysis_tmp.rko_2_to_correct FROM olalavrenteva;"
olalavrenteva;Лаврентьева Ольга Аркадьевна;rko_2_to_correct;SELECT;"REVOKE SELECT ON cdm_analysis_tmp.rko_2_to_correct FROM olalavrenteva;"
olalavrenteva;Лаврентьева Ольга Аркадьевна;rko_2_to_correct;UPDATE;"REVOKE UPDATE ON cdm_analysis_tmp.rko_2_to_correct FROM olalavrenteva;"
olalavrenteva;Лаврентьева Ольга Аркадьевна;rko_2_to_correct;DELETE;"REVOKE DELETE ON cdm_analysis_tmp.rko_2_to_correct FROM olalavrenteva;"
olalavrenteva;Лаврентьева Ольга Аркадьевна;rko_2_to_correct;TRUNCATE;"REVOKE TRUNCATE ON cdm_analysis_tmp.rko_2_to_correct FROM olalavrenteva;"
olalavrenteva;Лаврентьева Ольга Аркадьевна;rko_2_to_correct;REFERENCES;"REVOKE REFERENCES ON cdm_analysis_tmp.rko_2_to_correct FROM olalavrenteva;"
olalavrenteva;Лаврентьева Ольга Аркадьевна;rko_2_to_correct;TRIGGER;"REVOKE TRIGGER ON cdm_analysis_tmp.rko_2_to_correct FROM olalavrenteva;"
olalavrenteva;Лаврентьева Ольга Аркадьевна;table_to_second_get_kladr;INSERT;"REVOKE INSERT ON cdm_analysis_tmp.table_to_second_get_kladr FROM olalavrenteva;"
olalavrenteva;Лаврентьева Ольга Аркадьевна;table_to_second_get_kladr;SELECT;"REVOKE SELECT ON cdm_analysis_tmp.table_to_second_get_kladr FROM olalavrenteva;"
olalavrenteva;Лаврентьева Ольга Аркадьевна;table_to_second_get_kladr;UPDATE;"REVOKE UPDATE ON cdm_analysis_tmp.table_to_second_get_kladr FROM olalavrenteva;"
olalavrenteva;Лаврентьева Ольга Аркадьевна;table_to_second_get_kladr;DELETE;"REVOKE DELETE ON cdm_analysis_tmp.table_to_second_get_kladr FROM olalavrenteva;"
olalavrenteva;Лаврентьева Ольга Аркадьевна;table_to_second_get_kladr;TRUNCATE;"REVOKE TRUNCATE ON cdm_analysis_tmp.table_to_second_get_kladr FROM olalavrenteva;"
olalavrenteva;Лаврентьева Ольга Аркадьевна;table_to_second_get_kladr;REFERENCES;"REVOKE REFERENCES ON cdm_analysis_tmp.table_to_second_get_kladr FROM olalavrenteva;"
olalavrenteva;Лаврентьева Ольга Аркадьевна;table_to_second_get_kladr;TRIGGER;"REVOKE TRIGGER ON cdm_analysis_tmp.table_to_second_get_kladr FROM olalavrenteva;"
olalavrenteva;Лаврентьева Ольга Аркадьевна;kladr_rn_2;INSERT;"REVOKE INSERT ON cdm_analysis_tmp.kladr_rn_2 FROM olalavrenteva;"
olalavrenteva;Лаврентьева Ольга Аркадьевна;kladr_rn_2;SELECT;"REVOKE SELECT ON cdm_analysis_tmp.kladr_rn_2 FROM olalavrenteva;"
olalavrenteva;Лаврентьева Ольга Аркадьевна;kladr_rn_2;UPDATE;"REVOKE UPDATE ON cdm_analysis_tmp.kladr_rn_2 FROM olalavrenteva;"
olalavrenteva;Лаврентьева Ольга Аркадьевна;kladr_rn_2;DELETE;"REVOKE DELETE ON cdm_analysis_tmp.kladr_rn_2 FROM olalavrenteva;"
olalavrenteva;Лаврентьева Ольга Аркадьевна;kladr_rn_2;TRUNCATE;"REVOKE TRUNCATE ON cdm_analysis_tmp.kladr_rn_2 FROM olalavrenteva;"
olalavrenteva;Лаврентьева Ольга Аркадьевна;kladr_rn_2;REFERENCES;"REVOKE REFERENCES ON cdm_analysis_tmp.kladr_rn_2 FROM olalavrenteva;"
olalavrenteva;Лаврентьева Ольга Аркадьевна;kladr_rn_2;TRIGGER;"REVOKE TRIGGER ON cdm_analysis_tmp.kladr_rn_2 FROM olalavrenteva;"
olalavrenteva;Лаврентьева Ольга Аркадьевна;con_3_to_correct;INSERT;"REVOKE INSERT ON cdm_analysis_tmp.con_3_to_correct FROM olalavrenteva;"
olalavrenteva;Лаврентьева Ольга Аркадьевна;con_3_to_correct;SELECT;"REVOKE SELECT ON cdm_analysis_tmp.con_3_to_correct FROM olalavrenteva;"
olalavrenteva;Лаврентьева Ольга Аркадьевна;con_3_to_correct;UPDATE;"REVOKE UPDATE ON cdm_analysis_tmp.con_3_to_correct FROM olalavrenteva;"
olalavrenteva;Лаврентьева Ольга Аркадьевна;con_3_to_correct;DELETE;"REVOKE DELETE ON cdm_analysis_tmp.con_3_to_correct FROM olalavrenteva;"
olalavrenteva;Лаврентьева Ольга Аркадьевна;con_3_to_correct;TRUNCATE;"REVOKE TRUNCATE ON cdm_analysis_tmp.con_3_to_correct FROM olalavrenteva;"
olalavrenteva;Лаврентьева Ольга Аркадьевна;con_3_to_correct;REFERENCES;"REVOKE REFERENCES ON cdm_analysis_tmp.con_3_to_correct FROM olalavrenteva;"
olalavrenteva;Лаврентьева Ольга Аркадьевна;con_3_to_correct;TRIGGER;"REVOKE TRIGGER ON cdm_analysis_tmp.con_3_to_correct FROM olalavrenteva;"
olalavrenteva;Лаврентьева Ольга Аркадьевна;aditional_table_for_correcting_function_3;INSERT;"REVOKE INSERT ON cdm_analysis_tmp.aditional_table_for_correcting_function_3 FROM olalavrenteva;"
olalavrenteva;Лаврентьева Ольга Аркадьевна;aditional_table_for_correcting_function_3;SELECT;"REVOKE SELECT ON cdm_analysis_tmp.aditional_table_for_correcting_function_3 FROM olalavrenteva;"
olalavrenteva;Лаврентьева Ольга Аркадьевна;aditional_table_for_correcting_function_3;UPDATE;"REVOKE UPDATE ON cdm_analysis_tmp.aditional_table_for_correcting_function_3 FROM olalavrenteva;"
olalavrenteva;Лаврентьева Ольга Аркадьевна;aditional_table_for_correcting_function_3;DELETE;"REVOKE DELETE ON cdm_analysis_tmp.aditional_table_for_correcting_function_3 FROM olalavrenteva;"
olalavrenteva;Лаврентьева Ольга Аркадьевна;aditional_table_for_correcting_function_3;TRUNCATE;"REVOKE TRUNCATE ON cdm_analysis_tmp.aditional_table_for_correcting_function_3 FROM olalavrenteva;"
olalavrenteva;Лаврентьева Ольга Аркадьевна;aditional_table_for_correcting_function_3;REFERENCES;"REVOKE REFERENCES ON cdm_analysis_tmp.aditional_table_for_correcting_function_3 FROM olalavrenteva;"
olalavrenteva;Лаврентьева Ольга Аркадьевна;aditional_table_for_correcting_function_3;TRIGGER;"REVOKE TRIGGER ON cdm_analysis_tmp.aditional_table_for_correcting_function_3 FROM olalavrenteva;"
olalavrenteva;Лаврентьева Ольга Аркадьевна;aditional_table_for_correcting_function_5;INSERT;"REVOKE INSERT ON cdm_analysis_tmp.aditional_table_for_correcting_function_5 FROM olalavrenteva;"
olalavrenteva;Лаврентьева Ольга Аркадьевна;aditional_table_for_correcting_function_5;SELECT;"REVOKE SELECT ON cdm_analysis_tmp.aditional_table_for_correcting_function_5 FROM olalavrenteva;"
olalavrenteva;Лаврентьева Ольга Аркадьевна;aditional_table_for_correcting_function_5;UPDATE;"REVOKE UPDATE ON cdm_analysis_tmp.aditional_table_for_correcting_function_5 FROM olalavrenteva;"
olalavrenteva;Лаврентьева Ольга Аркадьевна;aditional_table_for_correcting_function_5;DELETE;"REVOKE DELETE ON cdm_analysis_tmp.aditional_table_for_correcting_function_5 FROM olalavrenteva;"
olalavrenteva;Лаврентьева Ольга Аркадьевна;aditional_table_for_correcting_function_5;TRUNCATE;"REVOKE TRUNCATE ON cdm_analysis_tmp.aditional_table_for_correcting_function_5 FROM olalavrenteva;"
olalavrenteva;Лаврентьева Ольга Аркадьевна;aditional_table_for_correcting_function_5;REFERENCES;"REVOKE REFERENCES ON cdm_analysis_tmp.aditional_table_for_correcting_function_5 FROM olalavrenteva;"
olalavrenteva;Лаврентьева Ольга Аркадьевна;aditional_table_for_correcting_function_5;TRIGGER;"REVOKE TRIGGER ON cdm_analysis_tmp.aditional_table_for_correcting_function_5 FROM olalavrenteva;"
olalavrenteva;Лаврентьева Ольга Аркадьевна;adr4_5_to_correct;INSERT;"REVOKE INSERT ON cdm_analysis_tmp.adr4_5_to_correct FROM olalavrenteva;"
olalavrenteva;Лаврентьева Ольга Аркадьевна;adr4_5_to_correct;SELECT;"REVOKE SELECT ON cdm_analysis_tmp.adr4_5_to_correct FROM olalavrenteva;"
olalavrenteva;Лаврентьева Ольга Аркадьевна;adr4_5_to_correct;UPDATE;"REVOKE UPDATE ON cdm_analysis_tmp.adr4_5_to_correct FROM olalavrenteva;"
olalavrenteva;Лаврентьева Ольга Аркадьевна;adr4_5_to_correct;DELETE;"REVOKE DELETE ON cdm_analysis_tmp.adr4_5_to_correct FROM olalavrenteva;"
olalavrenteva;Лаврентьева Ольга Аркадьевна;adr4_5_to_correct;TRUNCATE;"REVOKE TRUNCATE ON cdm_analysis_tmp.adr4_5_to_correct FROM olalavrenteva;"
olalavrenteva;Лаврентьева Ольга Аркадьевна;adr4_5_to_correct;REFERENCES;"REVOKE REFERENCES ON cdm_analysis_tmp.adr4_5_to_correct FROM olalavrenteva;"
olalavrenteva;Лаврентьева Ольга Аркадьевна;adr4_5_to_correct;TRIGGER;"REVOKE TRIGGER ON cdm_analysis_tmp.adr4_5_to_correct FROM olalavrenteva;"
olalavrenteva;Лаврентьева Ольга Аркадьевна;adr4_ranked_5_to_correct;INSERT;"REVOKE INSERT ON cdm_analysis_tmp.adr4_ranked_5_to_correct FROM olalavrenteva;"
olalavrenteva;Лаврентьева Ольга Аркадьевна;adr4_ranked_5_to_correct;SELECT;"REVOKE SELECT ON cdm_analysis_tmp.adr4_ranked_5_to_correct FROM olalavrenteva;"
olalavrenteva;Лаврентьева Ольга Аркадьевна;adr4_ranked_5_to_correct;UPDATE;"REVOKE UPDATE ON cdm_analysis_tmp.adr4_ranked_5_to_correct FROM olalavrenteva;"
olalavrenteva;Лаврентьева Ольга Аркадьевна;adr4_ranked_5_to_correct;DELETE;"REVOKE DELETE ON cdm_analysis_tmp.adr4_ranked_5_to_correct FROM olalavrenteva;"
olalavrenteva;Лаврентьева Ольга Аркадьевна;adr4_ranked_5_to_correct;TRUNCATE;"REVOKE TRUNCATE ON cdm_analysis_tmp.adr4_ranked_5_to_correct FROM olalavrenteva;"
olalavrenteva;Лаврентьева Ольга Аркадьевна;adr4_ranked_5_to_correct;REFERENCES;"REVOKE REFERENCES ON cdm_analysis_tmp.adr4_ranked_5_to_correct FROM olalavrenteva;"
olalavrenteva;Лаврентьева Ольга Аркадьевна;adr4_ranked_5_to_correct;TRIGGER;"REVOKE TRIGGER ON cdm_analysis_tmp.adr4_ranked_5_to_correct FROM olalavrenteva;"
olalavrenteva;Лаврентьева Ольга Аркадьевна;adr4_final_5_to_correct;INSERT;"REVOKE INSERT ON cdm_analysis_tmp.adr4_final_5_to_correct FROM olalavrenteva;"
olalavrenteva;Лаврентьева Ольга Аркадьевна;adr4_final_5_to_correct;SELECT;"REVOKE SELECT ON cdm_analysis_tmp.adr4_final_5_to_correct FROM olalavrenteva;"
olalavrenteva;Лаврентьева Ольга Аркадьевна;adr4_final_5_to_correct;UPDATE;"REVOKE UPDATE ON cdm_analysis_tmp.adr4_final_5_to_correct FROM olalavrenteva;"
olalavrenteva;Лаврентьева Ольга Аркадьевна;adr4_final_5_to_correct;DELETE;"REVOKE DELETE ON cdm_analysis_tmp.adr4_final_5_to_correct FROM olalavrenteva;"
olalavrenteva;Лаврентьева Ольга Аркадьевна;adr4_final_5_to_correct;TRUNCATE;"REVOKE TRUNCATE ON cdm_analysis_tmp.adr4_final_5_to_correct FROM olalavrenteva;"
olalavrenteva;Лаврентьева Ольга Аркадьевна;adr4_final_5_to_correct;REFERENCES;"REVOKE REFERENCES ON cdm_analysis_tmp.adr4_final_5_to_correct FROM olalavrenteva;"
olalavrenteva;Лаврентьева Ольга Аркадьевна;adr4_final_5_to_correct;TRIGGER;"REVOKE TRIGGER ON cdm_analysis_tmp.adr4_final_5_to_correct FROM olalavrenteva;"
olalavrenteva;Лаврентьева Ольга Аркадьевна;adr4_3_to_correct;INSERT;"REVOKE INSERT ON cdm_analysis_tmp.adr4_3_to_correct FROM olalavrenteva;"
olalavrenteva;Лаврентьева Ольга Аркадьевна;adr4_3_to_correct;SELECT;"REVOKE SELECT ON cdm_analysis_tmp.adr4_3_to_correct FROM olalavrenteva;"
olalavrenteva;Лаврентьева Ольга Аркадьевна;adr4_3_to_correct;UPDATE;"REVOKE UPDATE ON cdm_analysis_tmp.adr4_3_to_correct FROM olalavrenteva;"
olalavrenteva;Лаврентьева Ольга Аркадьевна;adr4_3_to_correct;DELETE;"REVOKE DELETE ON cdm_analysis_tmp.adr4_3_to_correct FROM olalavrenteva;"
olalavrenteva;Лаврентьева Ольга Аркадьевна;adr4_3_to_correct;TRUNCATE;"REVOKE TRUNCATE ON cdm_analysis_tmp.adr4_3_to_correct FROM olalavrenteva;"
olalavrenteva;Лаврентьева Ольга Аркадьевна;adr4_3_to_correct;REFERENCES;"REVOKE REFERENCES ON cdm_analysis_tmp.adr4_3_to_correct FROM olalavrenteva;"
olalavrenteva;Лаврентьева Ольга Аркадьевна;adr4_3_to_correct;TRIGGER;"REVOKE TRIGGER ON cdm_analysis_tmp.adr4_3_to_correct FROM olalavrenteva;"
olalavrenteva;Лаврентьева Ольга Аркадьевна;adr4_ranked_3;INSERT;"REVOKE INSERT ON cdm_analysis_tmp.adr4_ranked_3 FROM olalavrenteva;"
olalavrenteva;Лаврентьева Ольга Аркадьевна;adr4_ranked_3;SELECT;"REVOKE SELECT ON cdm_analysis_tmp.adr4_ranked_3 FROM olalavrenteva;"
olalavrenteva;Лаврентьева Ольга Аркадьевна;adr4_ranked_3;UPDATE;"REVOKE UPDATE ON cdm_analysis_tmp.adr4_ranked_3 FROM olalavrenteva;"
olalavrenteva;Лаврентьева Ольга Аркадьевна;adr4_ranked_3;DELETE;"REVOKE DELETE ON cdm_analysis_tmp.adr4_ranked_3 FROM olalavrenteva;"
olalavrenteva;Лаврентьева Ольга Аркадьевна;adr4_ranked_3;TRUNCATE;"REVOKE TRUNCATE ON cdm_analysis_tmp.adr4_ranked_3 FROM olalavrenteva;"
olalavrenteva;Лаврентьева Ольга Аркадьевна;adr4_ranked_3;REFERENCES;"REVOKE REFERENCES ON cdm_analysis_tmp.adr4_ranked_3 FROM olalavrenteva;"
olalavrenteva;Лаврентьева Ольга Аркадьевна;adr4_ranked_3;TRIGGER;"REVOKE TRIGGER ON cdm_analysis_tmp.adr4_ranked_3 FROM olalavrenteva;"
olalavrenteva;Лаврентьева Ольга Аркадьевна;adr4_final_3_to_correct;INSERT;"REVOKE INSERT ON cdm_analysis_tmp.adr4_final_3_to_correct FROM olalavrenteva;"
olalavrenteva;Лаврентьева Ольга Аркадьевна;adr4_final_3_to_correct;SELECT;"REVOKE SELECT ON cdm_analysis_tmp.adr4_final_3_to_correct FROM olalavrenteva;"
olalavrenteva;Лаврентьева Ольга Аркадьевна;adr4_final_3_to_correct;UPDATE;"REVOKE UPDATE ON cdm_analysis_tmp.adr4_final_3_to_correct FROM olalavrenteva;"
olalavrenteva;Лаврентьева Ольга Аркадьевна;adr4_final_3_to_correct;DELETE;"REVOKE DELETE ON cdm_analysis_tmp.adr4_final_3_to_correct FROM olalavrenteva;"
olalavrenteva;Лаврентьева Ольга Аркадьевна;adr4_final_3_to_correct;TRUNCATE;"REVOKE TRUNCATE ON cdm_analysis_tmp.adr4_final_3_to_correct FROM olalavrenteva;"
olalavrenteva;Лаврентьева Ольга Аркадьевна;adr4_final_3_to_correct;REFERENCES;"REVOKE REFERENCES ON cdm_analysis_tmp.adr4_final_3_to_correct FROM olalavrenteva;"
olalavrenteva;Лаврентьева Ольга Аркадьевна;adr4_final_3_to_correct;TRIGGER;"REVOKE TRIGGER ON cdm_analysis_tmp.adr4_final_3_to_correct FROM olalavrenteva;"
olalavrenteva;Лаврентьева Ольга Аркадьевна;rko_3_to_correct;INSERT;"REVOKE INSERT ON cdm_analysis_tmp.rko_3_to_correct FROM olalavrenteva;"
olalavrenteva;Лаврентьева Ольга Аркадьевна;rko_3_to_correct;SELECT;"REVOKE SELECT ON cdm_analysis_tmp.rko_3_to_correct FROM olalavrenteva;"
olalavrenteva;Лаврентьева Ольга Аркадьевна;rko_3_to_correct;UPDATE;"REVOKE UPDATE ON cdm_analysis_tmp.rko_3_to_correct FROM olalavrenteva;"
olalavrenteva;Лаврентьева Ольга Аркадьевна;rko_3_to_correct;DELETE;"REVOKE DELETE ON cdm_analysis_tmp.rko_3_to_correct FROM olalavrenteva;"
olalavrenteva;Лаврентьева Ольга Аркадьевна;rko_3_to_correct;TRUNCATE;"REVOKE TRUNCATE ON cdm_analysis_tmp.rko_3_to_correct FROM olalavrenteva;"
olalavrenteva;Лаврентьева Ольга Аркадьевна;rko_3_to_correct;REFERENCES;"REVOKE REFERENCES ON cdm_analysis_tmp.rko_3_to_correct FROM olalavrenteva;"
olalavrenteva;Лаврентьева Ольга Аркадьевна;rko_3_to_correct;TRIGGER;"REVOKE TRIGGER ON cdm_analysis_tmp.rko_3_to_correct FROM olalavrenteva;"
olalavrenteva;Лаврентьева Ольга Аркадьевна;table_to_third_get_kladr;INSERT;"REVOKE INSERT ON cdm_analysis_tmp.table_to_third_get_kladr FROM olalavrenteva;"
olalavrenteva;Лаврентьева Ольга Аркадьевна;table_to_third_get_kladr;SELECT;"REVOKE SELECT ON cdm_analysis_tmp.table_to_third_get_kladr FROM olalavrenteva;"
olalavrenteva;Лаврентьева Ольга Аркадьевна;table_to_third_get_kladr;UPDATE;"REVOKE UPDATE ON cdm_analysis_tmp.table_to_third_get_kladr FROM olalavrenteva;"
olalavrenteva;Лаврентьева Ольга Аркадьевна;table_to_third_get_kladr;DELETE;"REVOKE DELETE ON cdm_analysis_tmp.table_to_third_get_kladr FROM olalavrenteva;"
olalavrenteva;Лаврентьева Ольга Аркадьевна;table_to_third_get_kladr;TRUNCATE;"REVOKE TRUNCATE ON cdm_analysis_tmp.table_to_third_get_kladr FROM olalavrenteva;"
olalavrenteva;Лаврентьева Ольга Аркадьевна;table_to_third_get_kladr;REFERENCES;"REVOKE REFERENCES ON cdm_analysis_tmp.table_to_third_get_kladr FROM olalavrenteva;"
olalavrenteva;Лаврентьева Ольга Аркадьевна;table_to_third_get_kladr;TRIGGER;"REVOKE TRIGGER ON cdm_analysis_tmp.table_to_third_get_kladr FROM olalavrenteva;"
olalavrenteva;Лаврентьева Ольга Аркадьевна;kladr_rn_3;INSERT;"REVOKE INSERT ON cdm_analysis_tmp.kladr_rn_3 FROM olalavrenteva;"
olalavrenteva;Лаврентьева Ольга Аркадьевна;kladr_rn_3;SELECT;"REVOKE SELECT ON cdm_analysis_tmp.kladr_rn_3 FROM olalavrenteva;"
olalavrenteva;Лаврентьева Ольга Аркадьевна;kladr_rn_3;UPDATE;"REVOKE UPDATE ON cdm_analysis_tmp.kladr_rn_3 FROM olalavrenteva;"
olalavrenteva;Лаврентьева Ольга Аркадьевна;kladr_rn_3;DELETE;"REVOKE DELETE ON cdm_analysis_tmp.kladr_rn_3 FROM olalavrenteva;"
olalavrenteva;Лаврентьева Ольга Аркадьевна;kladr_rn_3;TRUNCATE;"REVOKE TRUNCATE ON cdm_analysis_tmp.kladr_rn_3 FROM olalavrenteva;"
olalavrenteva;Лаврентьева Ольга Аркадьевна;kladr_rn_3;REFERENCES;"REVOKE REFERENCES ON cdm_analysis_tmp.kladr_rn_3 FROM olalavrenteva;"
olalavrenteva;Лаврентьева Ольга Аркадьевна;kladr_rn_3;TRIGGER;"REVOKE TRIGGER ON cdm_analysis_tmp.kladr_rn_3 FROM olalavrenteva;"
olalavrenteva;Лаврентьева Ольга Аркадьевна;con_4_to_correct;INSERT;"REVOKE INSERT ON cdm_analysis_tmp.con_4_to_correct FROM olalavrenteva;"
olalavrenteva;Лаврентьева Ольга Аркадьевна;con_4_to_correct;SELECT;"REVOKE SELECT ON cdm_analysis_tmp.con_4_to_correct FROM olalavrenteva;"
olalavrenteva;Лаврентьева Ольга Аркадьевна;con_4_to_correct;UPDATE;"REVOKE UPDATE ON cdm_analysis_tmp.con_4_to_correct FROM olalavrenteva;"
olalavrenteva;Лаврентьева Ольга Аркадьевна;con_4_to_correct;DELETE;"REVOKE DELETE ON cdm_analysis_tmp.con_4_to_correct FROM olalavrenteva;"
olalavrenteva;Лаврентьева Ольга Аркадьевна;con_4_to_correct;TRUNCATE;"REVOKE TRUNCATE ON cdm_analysis_tmp.con_4_to_correct FROM olalavrenteva;"
olalavrenteva;Лаврентьева Ольга Аркадьевна;con_4_to_correct;REFERENCES;"REVOKE REFERENCES ON cdm_analysis_tmp.con_4_to_correct FROM olalavrenteva;"
olalavrenteva;Лаврентьева Ольга Аркадьевна;con_4_to_correct;TRIGGER;"REVOKE TRIGGER ON cdm_analysis_tmp.con_4_to_correct FROM olalavrenteva;"
olalavrenteva;Лаврентьева Ольга Аркадьевна;aditional_table_for_correcting_function_4;INSERT;"REVOKE INSERT ON cdm_analysis_tmp.aditional_table_for_correcting_function_4 FROM olalavrenteva;"
olalavrenteva;Лаврентьева Ольга Аркадьевна;aditional_table_for_correcting_function_4;SELECT;"REVOKE SELECT ON cdm_analysis_tmp.aditional_table_for_correcting_function_4 FROM olalavrenteva;"
olalavrenteva;Лаврентьева Ольга Аркадьевна;aditional_table_for_correcting_function_4;UPDATE;"REVOKE UPDATE ON cdm_analysis_tmp.aditional_table_for_correcting_function_4 FROM olalavrenteva;"
olalavrenteva;Лаврентьева Ольга Аркадьевна;aditional_table_for_correcting_function_4;DELETE;"REVOKE DELETE ON cdm_analysis_tmp.aditional_table_for_correcting_function_4 FROM olalavrenteva;"
olalavrenteva;Лаврентьева Ольга Аркадьевна;aditional_table_for_correcting_function_4;TRUNCATE;"REVOKE TRUNCATE ON cdm_analysis_tmp.aditional_table_for_correcting_function_4 FROM olalavrenteva;"
olalavrenteva;Лаврентьева Ольга Аркадьевна;aditional_table_for_correcting_function_4;REFERENCES;"REVOKE REFERENCES ON cdm_analysis_tmp.aditional_table_for_correcting_function_4 FROM olalavrenteva;"
olalavrenteva;Лаврентьева Ольга Аркадьевна;aditional_table_for_correcting_function_4;TRIGGER;"REVOKE TRIGGER ON cdm_analysis_tmp.aditional_table_for_correcting_function_4 FROM olalavrenteva;"
olalavrenteva;Лаврентьева Ольга Аркадьевна;adr4_4_to_correct;INSERT;"REVOKE INSERT ON cdm_analysis_tmp.adr4_4_to_correct FROM olalavrenteva;"
olalavrenteva;Лаврентьева Ольга Аркадьевна;adr4_4_to_correct;SELECT;"REVOKE SELECT ON cdm_analysis_tmp.adr4_4_to_correct FROM olalavrenteva;"
olalavrenteva;Лаврентьева Ольга Аркадьевна;adr4_4_to_correct;UPDATE;"REVOKE UPDATE ON cdm_analysis_tmp.adr4_4_to_correct FROM olalavrenteva;"
olalavrenteva;Лаврентьева Ольга Аркадьевна;adr4_4_to_correct;DELETE;"REVOKE DELETE ON cdm_analysis_tmp.adr4_4_to_correct FROM olalavrenteva;"
olalavrenteva;Лаврентьева Ольга Аркадьевна;adr4_4_to_correct;TRUNCATE;"REVOKE TRUNCATE ON cdm_analysis_tmp.adr4_4_to_correct FROM olalavrenteva;"
olalavrenteva;Лаврентьева Ольга Аркадьевна;adr4_4_to_correct;REFERENCES;"REVOKE REFERENCES ON cdm_analysis_tmp.adr4_4_to_correct FROM olalavrenteva;"
olalavrenteva;Лаврентьева Ольга Аркадьевна;adr4_4_to_correct;TRIGGER;"REVOKE TRIGGER ON cdm_analysis_tmp.adr4_4_to_correct FROM olalavrenteva;"
olalavrenteva;Лаврентьева Ольга Аркадьевна;adr4_ranked_4_to_correct;INSERT;"REVOKE INSERT ON cdm_analysis_tmp.adr4_ranked_4_to_correct FROM olalavrenteva;"
olalavrenteva;Лаврентьева Ольга Аркадьевна;adr4_ranked_4_to_correct;SELECT;"REVOKE SELECT ON cdm_analysis_tmp.adr4_ranked_4_to_correct FROM olalavrenteva;"
olalavrenteva;Лаврентьева Ольга Аркадьевна;adr4_ranked_4_to_correct;UPDATE;"REVOKE UPDATE ON cdm_analysis_tmp.adr4_ranked_4_to_correct FROM olalavrenteva;"
olalavrenteva;Лаврентьева Ольга Аркадьевна;adr4_ranked_4_to_correct;DELETE;"REVOKE DELETE ON cdm_analysis_tmp.adr4_ranked_4_to_correct FROM olalavrenteva;"
olalavrenteva;Лаврентьева Ольга Аркадьевна;adr4_ranked_4_to_correct;TRUNCATE;"REVOKE TRUNCATE ON cdm_analysis_tmp.adr4_ranked_4_to_correct FROM olalavrenteva;"
olalavrenteva;Лаврентьева Ольга Аркадьевна;adr4_ranked_4_to_correct;REFERENCES;"REVOKE REFERENCES ON cdm_analysis_tmp.adr4_ranked_4_to_correct FROM olalavrenteva;"
olalavrenteva;Лаврентьева Ольга Аркадьевна;adr4_ranked_4_to_correct;TRIGGER;"REVOKE TRIGGER ON cdm_analysis_tmp.adr4_ranked_4_to_correct FROM olalavrenteva;"
olalavrenteva;Лаврентьева Ольга Аркадьевна;adr4_final_4_to_correct;INSERT;"REVOKE INSERT ON cdm_analysis_tmp.adr4_final_4_to_correct FROM olalavrenteva;"
olalavrenteva;Лаврентьева Ольга Аркадьевна;adr4_final_4_to_correct;SELECT;"REVOKE SELECT ON cdm_analysis_tmp.adr4_final_4_to_correct FROM olalavrenteva;"
olalavrenteva;Лаврентьева Ольга Аркадьевна;adr4_final_4_to_correct;UPDATE;"REVOKE UPDATE ON cdm_analysis_tmp.adr4_final_4_to_correct FROM olalavrenteva;"
olalavrenteva;Лаврентьева Ольга Аркадьевна;adr4_final_4_to_correct;DELETE;"REVOKE DELETE ON cdm_analysis_tmp.adr4_final_4_to_correct FROM olalavrenteva;"
olalavrenteva;Лаврентьева Ольга Аркадьевна;adr4_final_4_to_correct;TRUNCATE;"REVOKE TRUNCATE ON cdm_analysis_tmp.adr4_final_4_to_correct FROM olalavrenteva;"
olalavrenteva;Лаврентьева Ольга Аркадьевна;adr4_final_4_to_correct;REFERENCES;"REVOKE REFERENCES ON cdm_analysis_tmp.adr4_final_4_to_correct FROM olalavrenteva;"
olalavrenteva;Лаврентьева Ольга Аркадьевна;adr4_final_4_to_correct;TRIGGER;"REVOKE TRIGGER ON cdm_analysis_tmp.adr4_final_4_to_correct FROM olalavrenteva;"
olalavrenteva;Лаврентьева Ольга Аркадьевна;rko_4_to_correct;INSERT;"REVOKE INSERT ON cdm_analysis_tmp.rko_4_to_correct FROM olalavrenteva;"
olalavrenteva;Лаврентьева Ольга Аркадьевна;rko_4_to_correct;SELECT;"REVOKE SELECT ON cdm_analysis_tmp.rko_4_to_correct FROM olalavrenteva;"
olalavrenteva;Лаврентьева Ольга Аркадьевна;rko_4_to_correct;UPDATE;"REVOKE UPDATE ON cdm_analysis_tmp.rko_4_to_correct FROM olalavrenteva;"
olalavrenteva;Лаврентьева Ольга Аркадьевна;rko_4_to_correct;DELETE;"REVOKE DELETE ON cdm_analysis_tmp.rko_4_to_correct FROM olalavrenteva;"
olalavrenteva;Лаврентьева Ольга Аркадьевна;rko_4_to_correct;TRUNCATE;"REVOKE TRUNCATE ON cdm_analysis_tmp.rko_4_to_correct FROM olalavrenteva;"
olalavrenteva;Лаврентьева Ольга Аркадьевна;rko_4_to_correct;REFERENCES;"REVOKE REFERENCES ON cdm_analysis_tmp.rko_4_to_correct FROM olalavrenteva;"
olalavrenteva;Лаврентьева Ольга Аркадьевна;rko_4_to_correct;TRIGGER;"REVOKE TRIGGER ON cdm_analysis_tmp.rko_4_to_correct FROM olalavrenteva;"
olalavrenteva;Лаврентьева Ольга Аркадьевна;table_to_fourth_get_kladr;INSERT;"REVOKE INSERT ON cdm_analysis_tmp.table_to_fourth_get_kladr FROM olalavrenteva;"
olalavrenteva;Лаврентьева Ольга Аркадьевна;table_to_fourth_get_kladr;SELECT;"REVOKE SELECT ON cdm_analysis_tmp.table_to_fourth_get_kladr FROM olalavrenteva;"
olalavrenteva;Лаврентьева Ольга Аркадьевна;table_to_fourth_get_kladr;UPDATE;"REVOKE UPDATE ON cdm_analysis_tmp.table_to_fourth_get_kladr FROM olalavrenteva;"
olalavrenteva;Лаврентьева Ольга Аркадьевна;table_to_fourth_get_kladr;DELETE;"REVOKE DELETE ON cdm_analysis_tmp.table_to_fourth_get_kladr FROM olalavrenteva;"
olalavrenteva;Лаврентьева Ольга Аркадьевна;table_to_fourth_get_kladr;TRUNCATE;"REVOKE TRUNCATE ON cdm_analysis_tmp.table_to_fourth_get_kladr FROM olalavrenteva;"
olalavrenteva;Лаврентьева Ольга Аркадьевна;table_to_fourth_get_kladr;REFERENCES;"REVOKE REFERENCES ON cdm_analysis_tmp.table_to_fourth_get_kladr FROM olalavrenteva;"
olalavrenteva;Лаврентьева Ольга Аркадьевна;table_to_fourth_get_kladr;TRIGGER;"REVOKE TRIGGER ON cdm_analysis_tmp.table_to_fourth_get_kladr FROM olalavrenteva;"
olalavrenteva;Лаврентьева Ольга Аркадьевна;con_5_to_correct;INSERT;"REVOKE INSERT ON cdm_analysis_tmp.con_5_to_correct FROM olalavrenteva;"
olalavrenteva;Лаврентьева Ольга Аркадьевна;con_5_to_correct;SELECT;"REVOKE SELECT ON cdm_analysis_tmp.con_5_to_correct FROM olalavrenteva;"
olalavrenteva;Лаврентьева Ольга Аркадьевна;con_5_to_correct;UPDATE;"REVOKE UPDATE ON cdm_analysis_tmp.con_5_to_correct FROM olalavrenteva;"
olalavrenteva;Лаврентьева Ольга Аркадьевна;con_5_to_correct;DELETE;"REVOKE DELETE ON cdm_analysis_tmp.con_5_to_correct FROM olalavrenteva;"
olalavrenteva;Лаврентьева Ольга Аркадьевна;con_5_to_correct;TRUNCATE;"REVOKE TRUNCATE ON cdm_analysis_tmp.con_5_to_correct FROM olalavrenteva;"
olalavrenteva;Лаврентьева Ольга Аркадьевна;con_5_to_correct;REFERENCES;"REVOKE REFERENCES ON cdm_analysis_tmp.con_5_to_correct FROM olalavrenteva;"
olalavrenteva;Лаврентьева Ольга Аркадьевна;con_5_to_correct;TRIGGER;"REVOKE TRIGGER ON cdm_analysis_tmp.con_5_to_correct FROM olalavrenteva;"
addobina;Добина Алина Дмитриевна (Alina Dobina);cdm_analysis_tmp_acc_p_f10_t2_pr;INSERT;"REVOKE INSERT ON public.cdm_analysis_tmp_acc_p_f10_t2_pr FROM addobina;"
addobina;Добина Алина Дмитриевна (Alina Dobina);cdm_analysis_tmp_acc_p_f10_t2_pr;SELECT;"REVOKE SELECT ON public.cdm_analysis_tmp_acc_p_f10_t2_pr FROM addobina;"
addobina;Добина Алина Дмитриевна (Alina Dobina);cdm_analysis_tmp_acc_p_f10_t2_pr;UPDATE;"REVOKE UPDATE ON public.cdm_analysis_tmp_acc_p_f10_t2_pr FROM addobina;"
addobina;Добина Алина Дмитриевна (Alina Dobina);cdm_analysis_tmp_acc_p_f10_t2_pr;DELETE;"REVOKE DELETE ON public.cdm_analysis_tmp_acc_p_f10_t2_pr FROM addobina;"
addobina;Добина Алина Дмитриевна (Alina Dobina);cdm_analysis_tmp_acc_p_f10_t2_pr;TRUNCATE;"REVOKE TRUNCATE ON public.cdm_analysis_tmp_acc_p_f10_t2_pr FROM addobina;"
addobina;Добина Алина Дмитриевна (Alina Dobina);cdm_analysis_tmp_acc_p_f10_t2_pr;REFERENCES;"REVOKE REFERENCES ON public.cdm_analysis_tmp_acc_p_f10_t2_pr FROM addobina;"
addobina;Добина Алина Дмитриевна (Alina Dobina);cdm_analysis_tmp_acc_p_f10_t2_pr;TRIGGER;"REVOKE TRIGGER ON public.cdm_analysis_tmp_acc_p_f10_t2_pr FROM addobina;"
pvzakrepin;Закрепин Павел Владимирович (Pavel Zakrepin);repl__core__contract_long_tst;SELECT;"REVOKE SELECT ON etl.repl__core__contract_long_tst FROM pvzakrepin;"
olalavrenteva;Лаврентьева Ольга Аркадьевна;pending_grants;INSERT;"REVOKE INSERT ON role_mng.pending_grants FROM olalavrenteva;"
olalavrenteva;Лаврентьева Ольга Аркадьевна;pending_grants;SELECT;"REVOKE SELECT ON role_mng.pending_grants FROM olalavrenteva;"
olalavrenteva;Лаврентьева Ольга Аркадьевна;pending_grants;UPDATE;"REVOKE UPDATE ON role_mng.pending_grants FROM olalavrenteva;"
olalavrenteva;Лаврентьева Ольга Аркадьевна;pending_grants;DELETE;"REVOKE DELETE ON role_mng.pending_grants FROM olalavrenteva;"
olalavrenteva;Лаврентьева Ольга Аркадьевна;pending_grants;TRUNCATE;"REVOKE TRUNCATE ON role_mng.pending_grants FROM olalavrenteva;"
olalavrenteva;Лаврентьева Ольга Аркадьевна;pending_grants;REFERENCES;"REVOKE REFERENCES ON role_mng.pending_grants FROM olalavrenteva;"
olalavrenteva;Лаврентьева Ольга Аркадьевна;pending_grants;TRIGGER;"REVOKE TRIGGER ON role_mng.pending_grants FROM olalavrenteva;"
pvzakrepin;Закрепин Павел Владимирович (Pavel Zakrepin);repl__cdm_analysis__rol_for_count_daily;SELECT;"REVOKE SELECT ON etl.repl__cdm_analysis__rol_for_count_daily FROM pvzakrepin;"
addobina;Добина Алина Дмитриевна (Alina Dobina);cdm_analysis_tmp_acc_p_f10_t1_rrr;INSERT;"REVOKE INSERT ON public.cdm_analysis_tmp_acc_p_f10_t1_rrr FROM addobina;"
addobina;Добина Алина Дмитриевна (Alina Dobina);cdm_analysis_tmp_acc_p_f10_t1_rrr;SELECT;"REVOKE SELECT ON public.cdm_analysis_tmp_acc_p_f10_t1_rrr FROM addobina;"
addobina;Добина Алина Дмитриевна (Alina Dobina);cdm_analysis_tmp_acc_p_f10_t1_rrr;UPDATE;"REVOKE UPDATE ON public.cdm_analysis_tmp_acc_p_f10_t1_rrr FROM addobina;"
addobina;Добина Алина Дмитриевна (Alina Dobina);cdm_analysis_tmp_acc_p_f10_t1_rrr;DELETE;"REVOKE DELETE ON public.cdm_analysis_tmp_acc_p_f10_t1_rrr FROM addobina;"
addobina;Добина Алина Дмитриевна (Alina Dobina);cdm_analysis_tmp_acc_p_f10_t1_rrr;TRUNCATE;"REVOKE TRUNCATE ON public.cdm_analysis_tmp_acc_p_f10_t1_rrr FROM addobina;"
addobina;Добина Алина Дмитриевна (Alina Dobina);cdm_analysis_tmp_acc_p_f10_t1_rrr;REFERENCES;"REVOKE REFERENCES ON public.cdm_analysis_tmp_acc_p_f10_t1_rrr FROM addobina;"
addobina;Добина Алина Дмитриевна (Alina Dobina);cdm_analysis_tmp_acc_p_f10_t1_rrr;TRIGGER;"REVOKE TRIGGER ON public.cdm_analysis_tmp_acc_p_f10_t1_rrr FROM addobina;"
pvzakrepin;Закрепин Павел Владимирович (Pavel Zakrepin);repl__core__account_doc;SELECT;"REVOKE SELECT ON etl.repl__core__account_doc FROM pvzakrepin;"
pvzakrepin;Закрепин Павел Владимирович (Pavel Zakrepin);repl__core__account_operation;SELECT;"REVOKE SELECT ON etl.repl__core__account_operation FROM pvzakrepin;"
pvzakrepin;Закрепин Павел Владимирович (Pavel Zakrepin);check_object_risk_dq_repl;INSERT;"REVOKE INSERT ON public.check_object_risk_dq_repl FROM pvzakrepin;"
pvzakrepin;Закрепин Павел Владимирович (Pavel Zakrepin);check_object_risk_dq_repl;SELECT;"REVOKE SELECT ON public.check_object_risk_dq_repl FROM pvzakrepin;"
pvzakrepin;Закрепин Павел Владимирович (Pavel Zakrepin);check_object_risk_dq_repl;UPDATE;"REVOKE UPDATE ON public.check_object_risk_dq_repl FROM pvzakrepin;"
pvzakrepin;Закрепин Павел Владимирович (Pavel Zakrepin);check_object_risk_dq_repl;DELETE;"REVOKE DELETE ON public.check_object_risk_dq_repl FROM pvzakrepin;"
pvzakrepin;Закрепин Павел Владимирович (Pavel Zakrepin);check_object_risk_dq_repl;TRUNCATE;"REVOKE TRUNCATE ON public.check_object_risk_dq_repl FROM pvzakrepin;"
pvzakrepin;Закрепин Павел Владимирович (Pavel Zakrepin);check_object_risk_dq_repl;REFERENCES;"REVOKE REFERENCES ON public.check_object_risk_dq_repl FROM pvzakrepin;"
pvzakrepin;Закрепин Павел Владимирович (Pavel Zakrepin);check_object_risk_dq_repl;TRIGGER;"REVOKE TRIGGER ON public.check_object_risk_dq_repl FROM pvzakrepin;"
nslyubavin;Любавин Никита Сергеевич (Nikita Lyubavin);v_cnt;INSERT;"REVOKE INSERT ON public.v_cnt FROM nslyubavin;"
nslyubavin;Любавин Никита Сергеевич (Nikita Lyubavin);v_cnt;SELECT;"REVOKE SELECT ON public.v_cnt FROM nslyubavin;"
nslyubavin;Любавин Никита Сергеевич (Nikita Lyubavin);v_cnt;UPDATE;"REVOKE UPDATE ON public.v_cnt FROM nslyubavin;"
nslyubavin;Любавин Никита Сергеевич (Nikita Lyubavin);v_cnt;DELETE;"REVOKE DELETE ON public.v_cnt FROM nslyubavin;"
nslyubavin;Любавин Никита Сергеевич (Nikita Lyubavin);v_cnt;TRUNCATE;"REVOKE TRUNCATE ON public.v_cnt FROM nslyubavin;"
nslyubavin;Любавин Никита Сергеевич (Nikita Lyubavin);v_cnt;REFERENCES;"REVOKE REFERENCES ON public.v_cnt FROM nslyubavin;"
nslyubavin;Любавин Никита Сергеевич (Nikita Lyubavin);v_cnt;TRIGGER;"REVOKE TRIGGER ON public.v_cnt FROM nslyubavin;"
pvzakrepin;Закрепин Павел Владимирович (Pavel Zakrepin);repl__core__account_buh;SELECT;"REVOKE SELECT ON etl.repl__core__account_buh FROM pvzakrepin;"
algalkin;Галкин Андрей Леонидович (Andrey Galkin);temp_acc_com_daily_cpd;INSERT;"REVOKE INSERT ON public.temp_acc_com_daily_cpd FROM algalkin;"
algalkin;Галкин Андрей Леонидович (Andrey Galkin);temp_acc_com_daily_cpd;SELECT;"REVOKE SELECT ON public.temp_acc_com_daily_cpd FROM algalkin;"
algalkin;Галкин Андрей Леонидович (Andrey Galkin);temp_acc_com_daily_cpd;UPDATE;"REVOKE UPDATE ON public.temp_acc_com_daily_cpd FROM algalkin;"
algalkin;Галкин Андрей Леонидович (Andrey Galkin);temp_acc_com_daily_cpd;DELETE;"REVOKE DELETE ON public.temp_acc_com_daily_cpd FROM algalkin;"
algalkin;Галкин Андрей Леонидович (Andrey Galkin);temp_acc_com_daily_cpd;TRUNCATE;"REVOKE TRUNCATE ON public.temp_acc_com_daily_cpd FROM algalkin;"
algalkin;Галкин Андрей Леонидович (Andrey Galkin);temp_acc_com_daily_cpd;REFERENCES;"REVOKE REFERENCES ON public.temp_acc_com_daily_cpd FROM algalkin;"
algalkin;Галкин Андрей Леонидович (Andrey Galkin);temp_acc_com_daily_cpd;TRIGGER;"REVOKE TRIGGER ON public.temp_acc_com_daily_cpd FROM algalkin;"
olalavrenteva;Лаврентьева Ольга Аркадьевна;counterparty_copy_1;INSERT;"REVOKE INSERT ON cdm_analysis_tmp.counterparty_copy_1 FROM olalavrenteva;"
olalavrenteva;Лаврентьева Ольга Аркадьевна;counterparty_copy_1;SELECT;"REVOKE SELECT ON cdm_analysis_tmp.counterparty_copy_1 FROM olalavrenteva;"
olalavrenteva;Лаврентьева Ольга Аркадьевна;counterparty_copy_1;UPDATE;"REVOKE UPDATE ON cdm_analysis_tmp.counterparty_copy_1 FROM olalavrenteva;"
olalavrenteva;Лаврентьева Ольга Аркадьевна;counterparty_copy_1;DELETE;"REVOKE DELETE ON cdm_analysis_tmp.counterparty_copy_1 FROM olalavrenteva;"
olalavrenteva;Лаврентьева Ольга Аркадьевна;counterparty_copy_1;TRUNCATE;"REVOKE TRUNCATE ON cdm_analysis_tmp.counterparty_copy_1 FROM olalavrenteva;"
olalavrenteva;Лаврентьева Ольга Аркадьевна;counterparty_copy_1;REFERENCES;"REVOKE REFERENCES ON cdm_analysis_tmp.counterparty_copy_1 FROM olalavrenteva;"
olalavrenteva;Лаврентьева Ольга Аркадьевна;counterparty_copy_1;TRIGGER;"REVOKE TRIGGER ON cdm_analysis_tmp.counterparty_copy_1 FROM olalavrenteva;"
kssaltykov;Салтыков Кирилл Сергеевич (Kirill Saltykov);pr_cte__acc_prem_fin_2;INSERT;"REVOKE INSERT ON public.pr_cte__acc_prem_fin_2 FROM kssaltykov;"
kssaltykov;Салтыков Кирилл Сергеевич (Kirill Saltykov);pr_cte__acc_prem_fin_2;SELECT;"REVOKE SELECT ON public.pr_cte__acc_prem_fin_2 FROM kssaltykov;"
kssaltykov;Салтыков Кирилл Сергеевич (Kirill Saltykov);pr_cte__acc_prem_fin_2;UPDATE;"REVOKE UPDATE ON public.pr_cte__acc_prem_fin_2 FROM kssaltykov;"
kssaltykov;Салтыков Кирилл Сергеевич (Kirill Saltykov);pr_cte__acc_prem_fin_2;DELETE;"REVOKE DELETE ON public.pr_cte__acc_prem_fin_2 FROM kssaltykov;"
kssaltykov;Салтыков Кирилл Сергеевич (Kirill Saltykov);pr_cte__acc_prem_fin_2;TRUNCATE;"REVOKE TRUNCATE ON public.pr_cte__acc_prem_fin_2 FROM kssaltykov;"
kssaltykov;Салтыков Кирилл Сергеевич (Kirill Saltykov);pr_cte__acc_prem_fin_2;REFERENCES;"REVOKE REFERENCES ON public.pr_cte__acc_prem_fin_2 FROM kssaltykov;"
kssaltykov;Салтыков Кирилл Сергеевич (Kirill Saltykov);pr_cte__acc_prem_fin_2;TRIGGER;"REVOKE TRIGGER ON public.pr_cte__acc_prem_fin_2 FROM kssaltykov;"
olalavrenteva;Лаврентьева Ольга Аркадьевна;counterparty_copy_3;INSERT;"REVOKE INSERT ON cdm_analysis_tmp.counterparty_copy_3 FROM olalavrenteva;"
olalavrenteva;Лаврентьева Ольга Аркадьевна;counterparty_copy_3;SELECT;"REVOKE SELECT ON cdm_analysis_tmp.counterparty_copy_3 FROM olalavrenteva;"
olalavrenteva;Лаврентьева Ольга Аркадьевна;counterparty_copy_3;UPDATE;"REVOKE UPDATE ON cdm_analysis_tmp.counterparty_copy_3 FROM olalavrenteva;"
olalavrenteva;Лаврентьева Ольга Аркадьевна;counterparty_copy_3;DELETE;"REVOKE DELETE ON cdm_analysis_tmp.counterparty_copy_3 FROM olalavrenteva;"
olalavrenteva;Лаврентьева Ольга Аркадьевна;counterparty_copy_3;TRUNCATE;"REVOKE TRUNCATE ON cdm_analysis_tmp.counterparty_copy_3 FROM olalavrenteva;"
olalavrenteva;Лаврентьева Ольга Аркадьевна;counterparty_copy_3;REFERENCES;"REVOKE REFERENCES ON cdm_analysis_tmp.counterparty_copy_3 FROM olalavrenteva;"
olalavrenteva;Лаврентьева Ольга Аркадьевна;counterparty_copy_3;TRIGGER;"REVOKE TRIGGER ON cdm_analysis_tmp.counterparty_copy_3 FROM olalavrenteva;"
olalavrenteva;Лаврентьева Ольга Аркадьевна;cdm_analysis_tmpadr4_ranked_3;INSERT;"REVOKE INSERT ON public.cdm_analysis_tmpadr4_ranked_3 FROM olalavrenteva;"
olalavrenteva;Лаврентьева Ольга Аркадьевна;cdm_analysis_tmpadr4_ranked_3;SELECT;"REVOKE SELECT ON public.cdm_analysis_tmpadr4_ranked_3 FROM olalavrenteva;"
olalavrenteva;Лаврентьева Ольга Аркадьевна;cdm_analysis_tmpadr4_ranked_3;UPDATE;"REVOKE UPDATE ON public.cdm_analysis_tmpadr4_ranked_3 FROM olalavrenteva;"
olalavrenteva;Лаврентьева Ольга Аркадьевна;cdm_analysis_tmpadr4_ranked_3;DELETE;"REVOKE DELETE ON public.cdm_analysis_tmpadr4_ranked_3 FROM olalavrenteva;"
olalavrenteva;Лаврентьева Ольга Аркадьевна;cdm_analysis_tmpadr4_ranked_3;TRUNCATE;"REVOKE TRUNCATE ON public.cdm_analysis_tmpadr4_ranked_3 FROM olalavrenteva;"
olalavrenteva;Лаврентьева Ольга Аркадьевна;cdm_analysis_tmpadr4_ranked_3;REFERENCES;"REVOKE REFERENCES ON public.cdm_analysis_tmpadr4_ranked_3 FROM olalavrenteva;"
olalavrenteva;Лаврентьева Ольга Аркадьевна;cdm_analysis_tmpadr4_ranked_3;TRIGGER;"REVOKE TRIGGER ON public.cdm_analysis_tmpadr4_ranked_3 FROM olalavrenteva;"
olalavrenteva;Лаврентьева Ольга Аркадьевна;adr4_final_3_to_correct;INSERT;"REVOKE INSERT ON public.adr4_final_3_to_correct FROM olalavrenteva;"
olalavrenteva;Лаврентьева Ольга Аркадьевна;adr4_final_3_to_correct;SELECT;"REVOKE SELECT ON public.adr4_final_3_to_correct FROM olalavrenteva;"
olalavrenteva;Лаврентьева Ольга Аркадьевна;adr4_final_3_to_correct;UPDATE;"REVOKE UPDATE ON public.adr4_final_3_to_correct FROM olalavrenteva;"
olalavrenteva;Лаврентьева Ольга Аркадьевна;adr4_final_3_to_correct;DELETE;"REVOKE DELETE ON public.adr4_final_3_to_correct FROM olalavrenteva;"
olalavrenteva;Лаврентьева Ольга Аркадьевна;adr4_final_3_to_correct;TRUNCATE;"REVOKE TRUNCATE ON public.adr4_final_3_to_correct FROM olalavrenteva;"
olalavrenteva;Лаврентьева Ольга Аркадьевна;adr4_final_3_to_correct;REFERENCES;"REVOKE REFERENCES ON public.adr4_final_3_to_correct FROM olalavrenteva;"
olalavrenteva;Лаврентьева Ольга Аркадьевна;adr4_final_3_to_correct;TRIGGER;"REVOKE TRIGGER ON public.adr4_final_3_to_correct FROM olalavrenteva;"
olalavrenteva;Лаврентьева Ольга Аркадьевна;table_to_fourth_get_kladr;INSERT;"REVOKE INSERT ON public.table_to_fourth_get_kladr FROM olalavrenteva;"
olalavrenteva;Лаврентьева Ольга Аркадьевна;table_to_fourth_get_kladr;SELECT;"REVOKE SELECT ON public.table_to_fourth_get_kladr FROM olalavrenteva;"
olalavrenteva;Лаврентьева Ольга Аркадьевна;table_to_fourth_get_kladr;UPDATE;"REVOKE UPDATE ON public.table_to_fourth_get_kladr FROM olalavrenteva;"
olalavrenteva;Лаврентьева Ольга Аркадьевна;table_to_fourth_get_kladr;DELETE;"REVOKE DELETE ON public.table_to_fourth_get_kladr FROM olalavrenteva;"
olalavrenteva;Лаврентьева Ольга Аркадьевна;table_to_fourth_get_kladr;TRUNCATE;"REVOKE TRUNCATE ON public.table_to_fourth_get_kladr FROM olalavrenteva;"
olalavrenteva;Лаврентьева Ольга Аркадьевна;table_to_fourth_get_kladr;REFERENCES;"REVOKE REFERENCES ON public.table_to_fourth_get_kladr FROM olalavrenteva;"
olalavrenteva;Лаврентьева Ольга Аркадьевна;table_to_fourth_get_kladr;TRIGGER;"REVOKE TRIGGER ON public.table_to_fourth_get_kladr FROM olalavrenteva;"
algalkin;Галкин Андрей Леонидович (Andrey Galkin);acc_acquisitions_daily;INSERT;"REVOKE INSERT ON cdm_analysis_out.acc_acquisitions_daily FROM algalkin;"
algalkin;Галкин Андрей Леонидович (Andrey Galkin);acc_acquisitions_daily;SELECT;"REVOKE SELECT ON cdm_analysis_out.acc_acquisitions_daily FROM algalkin;"
algalkin;Галкин Андрей Леонидович (Andrey Galkin);acc_acquisitions_daily;UPDATE;"REVOKE UPDATE ON cdm_analysis_out.acc_acquisitions_daily FROM algalkin;"
algalkin;Галкин Андрей Леонидович (Andrey Galkin);acc_acquisitions_daily;DELETE;"REVOKE DELETE ON cdm_analysis_out.acc_acquisitions_daily FROM algalkin;"
algalkin;Галкин Андрей Леонидович (Andrey Galkin);acc_acquisitions_daily;TRUNCATE;"REVOKE TRUNCATE ON cdm_analysis_out.acc_acquisitions_daily FROM algalkin;"
algalkin;Галкин Андрей Леонидович (Andrey Galkin);acc_acquisitions_daily;REFERENCES;"REVOKE REFERENCES ON cdm_analysis_out.acc_acquisitions_daily FROM algalkin;"
algalkin;Галкин Андрей Леонидович (Andrey Galkin);acc_acquisitions_daily;TRIGGER;"REVOKE TRIGGER ON cdm_analysis_out.acc_acquisitions_daily FROM algalkin;"
algalkin;Галкин Андрей Леонидович (Andrey Galkin);acc_acquisitions_daily_1_prt_other_acc_acquisitions_daily;INSERT;"REVOKE INSERT ON cdm_analysis_out.acc_acquisitions_daily_1_prt_other_acc_acquisitions_daily FROM algalkin;"
algalkin;Галкин Андрей Леонидович (Andrey Galkin);acc_acquisitions_daily_1_prt_other_acc_acquisitions_daily;SELECT;"REVOKE SELECT ON cdm_analysis_out.acc_acquisitions_daily_1_prt_other_acc_acquisitions_daily FROM algalkin;"
algalkin;Галкин Андрей Леонидович (Andrey Galkin);acc_acquisitions_daily_1_prt_other_acc_acquisitions_daily;UPDATE;"REVOKE UPDATE ON cdm_analysis_out.acc_acquisitions_daily_1_prt_other_acc_acquisitions_daily FROM algalkin;"
algalkin;Галкин Андрей Леонидович (Andrey Galkin);acc_acquisitions_daily_1_prt_other_acc_acquisitions_daily;DELETE;"REVOKE DELETE ON cdm_analysis_out.acc_acquisitions_daily_1_prt_other_acc_acquisitions_daily FROM algalkin;"
algalkin;Галкин Андрей Леонидович (Andrey Galkin);acc_acquisitions_daily_1_prt_other_acc_acquisitions_daily;TRUNCATE;"REVOKE TRUNCATE ON cdm_analysis_out.acc_acquisitions_daily_1_prt_other_acc_acquisitions_daily FROM algalkin;"
algalkin;Галкин Андрей Леонидович (Andrey Galkin);acc_acquisitions_daily_1_prt_other_acc_acquisitions_daily;REFERENCES;"REVOKE REFERENCES ON cdm_analysis_out.acc_acquisitions_daily_1_prt_other_acc_acquisitions_daily FROM algalkin;"
algalkin;Галкин Андрей Леонидович (Andrey Galkin);acc_acquisitions_daily_1_prt_other_acc_acquisitions_daily;TRIGGER;"REVOKE TRIGGER ON cdm_analysis_out.acc_acquisitions_daily_1_prt_other_acc_acquisitions_daily FROM algalkin;"
algalkin;Галкин Андрей Леонидович (Andrey Galkin);acc_acquisitions_daily_1_prt_2;INSERT;"REVOKE INSERT ON cdm_analysis_out.acc_acquisitions_daily_1_prt_2 FROM algalkin;"
algalkin;Галкин Андрей Леонидович (Andrey Galkin);acc_acquisitions_daily_1_prt_2;SELECT;"REVOKE SELECT ON cdm_analysis_out.acc_acquisitions_daily_1_prt_2 FROM algalkin;"
algalkin;Галкин Андрей Леонидович (Andrey Galkin);acc_acquisitions_daily_1_prt_2;UPDATE;"REVOKE UPDATE ON cdm_analysis_out.acc_acquisitions_daily_1_prt_2 FROM algalkin;"
algalkin;Галкин Андрей Леонидович (Andrey Galkin);acc_acquisitions_daily_1_prt_2;DELETE;"REVOKE DELETE ON cdm_analysis_out.acc_acquisitions_daily_1_prt_2 FROM algalkin;"
algalkin;Галкин Андрей Леонидович (Andrey Galkin);acc_acquisitions_daily_1_prt_2;TRUNCATE;"REVOKE TRUNCATE ON cdm_analysis_out.acc_acquisitions_daily_1_prt_2 FROM algalkin;"
algalkin;Галкин Андрей Леонидович (Andrey Galkin);acc_acquisitions_daily_1_prt_2;REFERENCES;"REVOKE REFERENCES ON cdm_analysis_out.acc_acquisitions_daily_1_prt_2 FROM algalkin;"
algalkin;Галкин Андрей Леонидович (Andrey Galkin);acc_acquisitions_daily_1_prt_2;TRIGGER;"REVOKE TRIGGER ON cdm_analysis_out.acc_acquisitions_daily_1_prt_2 FROM algalkin;"
algalkin;Галкин Андрей Леонидович (Andrey Galkin);acc_acquisitions_daily_1_prt_3;INSERT;"REVOKE INSERT ON cdm_analysis_out.acc_acquisitions_daily_1_prt_3 FROM algalkin;"
algalkin;Галкин Андрей Леонидович (Andrey Galkin);acc_acquisitions_daily_1_prt_3;SELECT;"REVOKE SELECT ON cdm_analysis_out.acc_acquisitions_daily_1_prt_3 FROM algalkin;"
algalkin;Галкин Андрей Леонидович (Andrey Galkin);acc_acquisitions_daily_1_prt_3;UPDATE;"REVOKE UPDATE ON cdm_analysis_out.acc_acquisitions_daily_1_prt_3 FROM algalkin;"
algalkin;Галкин Андрей Леонидович (Andrey Galkin);acc_acquisitions_daily_1_prt_3;DELETE;"REVOKE DELETE ON cdm_analysis_out.acc_acquisitions_daily_1_prt_3 FROM algalkin;"
algalkin;Галкин Андрей Леонидович (Andrey Galkin);acc_acquisitions_daily_1_prt_3;TRUNCATE;"REVOKE TRUNCATE ON cdm_analysis_out.acc_acquisitions_daily_1_prt_3 FROM algalkin;"
algalkin;Галкин Андрей Леонидович (Andrey Galkin);acc_acquisitions_daily_1_prt_3;REFERENCES;"REVOKE REFERENCES ON cdm_analysis_out.acc_acquisitions_daily_1_prt_3 FROM algalkin;"
algalkin;Галкин Андрей Леонидович (Andrey Galkin);acc_acquisitions_daily_1_prt_3;TRIGGER;"REVOKE TRIGGER ON cdm_analysis_out.acc_acquisitions_daily_1_prt_3 FROM algalkin;"
algalkin;Галкин Андрей Леонидович (Andrey Galkin);acc_acquisitions_daily_1_prt_4;INSERT;"REVOKE INSERT ON cdm_analysis_out.acc_acquisitions_daily_1_prt_4 FROM algalkin;"
algalkin;Галкин Андрей Леонидович (Andrey Galkin);acc_acquisitions_daily_1_prt_4;SELECT;"REVOKE SELECT ON cdm_analysis_out.acc_acquisitions_daily_1_prt_4 FROM algalkin;"
algalkin;Галкин Андрей Леонидович (Andrey Galkin);acc_acquisitions_daily_1_prt_4;UPDATE;"REVOKE UPDATE ON cdm_analysis_out.acc_acquisitions_daily_1_prt_4 FROM algalkin;"
algalkin;Галкин Андрей Леонидович (Andrey Galkin);acc_acquisitions_daily_1_prt_4;DELETE;"REVOKE DELETE ON cdm_analysis_out.acc_acquisitions_daily_1_prt_4 FROM algalkin;"
algalkin;Галкин Андрей Леонидович (Andrey Galkin);acc_acquisitions_daily_1_prt_4;TRUNCATE;"REVOKE TRUNCATE ON cdm_analysis_out.acc_acquisitions_daily_1_prt_4 FROM algalkin;"
algalkin;Галкин Андрей Леонидович (Andrey Galkin);acc_acquisitions_daily_1_prt_4;REFERENCES;"REVOKE REFERENCES ON cdm_analysis_out.acc_acquisitions_daily_1_prt_4 FROM algalkin;"
algalkin;Галкин Андрей Леонидович (Andrey Galkin);acc_acquisitions_daily_1_prt_4;TRIGGER;"REVOKE TRIGGER ON cdm_analysis_out.acc_acquisitions_daily_1_prt_4 FROM algalkin;"
algalkin;Галкин Андрей Леонидович (Andrey Galkin);acc_acquisitions_daily_1_prt_5;INSERT;"REVOKE INSERT ON cdm_analysis_out.acc_acquisitions_daily_1_prt_5 FROM algalkin;"
algalkin;Галкин Андрей Леонидович (Andrey Galkin);acc_acquisitions_daily_1_prt_5;SELECT;"REVOKE SELECT ON cdm_analysis_out.acc_acquisitions_daily_1_prt_5 FROM algalkin;"
algalkin;Галкин Андрей Леонидович (Andrey Galkin);acc_acquisitions_daily_1_prt_5;UPDATE;"REVOKE UPDATE ON cdm_analysis_out.acc_acquisitions_daily_1_prt_5 FROM algalkin;"
algalkin;Галкин Андрей Леонидович (Andrey Galkin);acc_acquisitions_daily_1_prt_5;DELETE;"REVOKE DELETE ON cdm_analysis_out.acc_acquisitions_daily_1_prt_5 FROM algalkin;"
algalkin;Галкин Андрей Леонидович (Andrey Galkin);acc_acquisitions_daily_1_prt_5;TRUNCATE;"REVOKE TRUNCATE ON cdm_analysis_out.acc_acquisitions_daily_1_prt_5 FROM algalkin;"
algalkin;Галкин Андрей Леонидович (Andrey Galkin);acc_acquisitions_daily_1_prt_5;REFERENCES;"REVOKE REFERENCES ON cdm_analysis_out.acc_acquisitions_daily_1_prt_5 FROM algalkin;"
algalkin;Галкин Андрей Леонидович (Andrey Galkin);acc_acquisitions_daily_1_prt_5;TRIGGER;"REVOKE TRIGGER ON cdm_analysis_out.acc_acquisitions_daily_1_prt_5 FROM algalkin;"
algalkin;Галкин Андрей Леонидович (Andrey Galkin);acc_acquisitions_daily_1_prt_6;INSERT;"REVOKE INSERT ON cdm_analysis_out.acc_acquisitions_daily_1_prt_6 FROM algalkin;"
algalkin;Галкин Андрей Леонидович (Andrey Galkin);acc_acquisitions_daily_1_prt_6;SELECT;"REVOKE SELECT ON cdm_analysis_out.acc_acquisitions_daily_1_prt_6 FROM algalkin;"
algalkin;Галкин Андрей Леонидович (Andrey Galkin);acc_acquisitions_daily_1_prt_6;UPDATE;"REVOKE UPDATE ON cdm_analysis_out.acc_acquisitions_daily_1_prt_6 FROM algalkin;"
algalkin;Галкин Андрей Леонидович (Andrey Galkin);acc_acquisitions_daily_1_prt_6;DELETE;"REVOKE DELETE ON cdm_analysis_out.acc_acquisitions_daily_1_prt_6 FROM algalkin;"
algalkin;Галкин Андрей Леонидович (Andrey Galkin);acc_acquisitions_daily_1_prt_6;TRUNCATE;"REVOKE TRUNCATE ON cdm_analysis_out.acc_acquisitions_daily_1_prt_6 FROM algalkin;"
algalkin;Галкин Андрей Леонидович (Andrey Galkin);acc_acquisitions_daily_1_prt_6;REFERENCES;"REVOKE REFERENCES ON cdm_analysis_out.acc_acquisitions_daily_1_prt_6 FROM algalkin;"
algalkin;Галкин Андрей Леонидович (Andrey Galkin);acc_acquisitions_daily_1_prt_6;TRIGGER;"REVOKE TRIGGER ON cdm_analysis_out.acc_acquisitions_daily_1_prt_6 FROM algalkin;"
algalkin;Галкин Андрей Леонидович (Andrey Galkin);acc_acquisitions_daily_1_prt_7;INSERT;"REVOKE INSERT ON cdm_analysis_out.acc_acquisitions_daily_1_prt_7 FROM algalkin;"
algalkin;Галкин Андрей Леонидович (Andrey Galkin);acc_acquisitions_daily_1_prt_7;SELECT;"REVOKE SELECT ON cdm_analysis_out.acc_acquisitions_daily_1_prt_7 FROM algalkin;"
algalkin;Галкин Андрей Леонидович (Andrey Galkin);acc_acquisitions_daily_1_prt_7;UPDATE;"REVOKE UPDATE ON cdm_analysis_out.acc_acquisitions_daily_1_prt_7 FROM algalkin;"
algalkin;Галкин Андрей Леонидович (Andrey Galkin);acc_acquisitions_daily_1_prt_7;DELETE;"REVOKE DELETE ON cdm_analysis_out.acc_acquisitions_daily_1_prt_7 FROM algalkin;"
algalkin;Галкин Андрей Леонидович (Andrey Galkin);acc_acquisitions_daily_1_prt_7;TRUNCATE;"REVOKE TRUNCATE ON cdm_analysis_out.acc_acquisitions_daily_1_prt_7 FROM algalkin;"
algalkin;Галкин Андрей Леонидович (Andrey Galkin);acc_acquisitions_daily_1_prt_7;REFERENCES;"REVOKE REFERENCES ON cdm_analysis_out.acc_acquisitions_daily_1_prt_7 FROM algalkin;"
algalkin;Галкин Андрей Леонидович (Andrey Galkin);acc_acquisitions_daily_1_prt_7;TRIGGER;"REVOKE TRIGGER ON cdm_analysis_out.acc_acquisitions_daily_1_prt_7 FROM algalkin;"
algalkin;Галкин Андрей Леонидович (Andrey Galkin);acc_acquisitions_daily_1_prt_8;INSERT;"REVOKE INSERT ON cdm_analysis_out.acc_acquisitions_daily_1_prt_8 FROM algalkin;"
algalkin;Галкин Андрей Леонидович (Andrey Galkin);acc_acquisitions_daily_1_prt_8;SELECT;"REVOKE SELECT ON cdm_analysis_out.acc_acquisitions_daily_1_prt_8 FROM algalkin;"
algalkin;Галкин Андрей Леонидович (Andrey Galkin);acc_acquisitions_daily_1_prt_8;UPDATE;"REVOKE UPDATE ON cdm_analysis_out.acc_acquisitions_daily_1_prt_8 FROM algalkin;"
algalkin;Галкин Андрей Леонидович (Andrey Galkin);acc_acquisitions_daily_1_prt_8;DELETE;"REVOKE DELETE ON cdm_analysis_out.acc_acquisitions_daily_1_prt_8 FROM algalkin;"
algalkin;Галкин Андрей Леонидович (Andrey Galkin);acc_acquisitions_daily_1_prt_8;TRUNCATE;"REVOKE TRUNCATE ON cdm_analysis_out.acc_acquisitions_daily_1_prt_8 FROM algalkin;"
algalkin;Галкин Андрей Леонидович (Andrey Galkin);acc_acquisitions_daily_1_prt_8;REFERENCES;"REVOKE REFERENCES ON cdm_analysis_out.acc_acquisitions_daily_1_prt_8 FROM algalkin;"
algalkin;Галкин Андрей Леонидович (Andrey Galkin);acc_acquisitions_daily_1_prt_8;TRIGGER;"REVOKE TRIGGER ON cdm_analysis_out.acc_acquisitions_daily_1_prt_8 FROM algalkin;"
algalkin;Галкин Андрей Леонидович (Andrey Galkin);acc_acquisitions_daily_1_prt_9;INSERT;"REVOKE INSERT ON cdm_analysis_out.acc_acquisitions_daily_1_prt_9 FROM algalkin;"
algalkin;Галкин Андрей Леонидович (Andrey Galkin);acc_acquisitions_daily_1_prt_9;SELECT;"REVOKE SELECT ON cdm_analysis_out.acc_acquisitions_daily_1_prt_9 FROM algalkin;"
algalkin;Галкин Андрей Леонидович (Andrey Galkin);acc_acquisitions_daily_1_prt_9;UPDATE;"REVOKE UPDATE ON cdm_analysis_out.acc_acquisitions_daily_1_prt_9 FROM algalkin;"
algalkin;Галкин Андрей Леонидович (Andrey Galkin);acc_acquisitions_daily_1_prt_9;DELETE;"REVOKE DELETE ON cdm_analysis_out.acc_acquisitions_daily_1_prt_9 FROM algalkin;"
algalkin;Галкин Андрей Леонидович (Andrey Galkin);acc_acquisitions_daily_1_prt_9;TRUNCATE;"REVOKE TRUNCATE ON cdm_analysis_out.acc_acquisitions_daily_1_prt_9 FROM algalkin;"
algalkin;Галкин Андрей Леонидович (Andrey Galkin);acc_acquisitions_daily_1_prt_9;REFERENCES;"REVOKE REFERENCES ON cdm_analysis_out.acc_acquisitions_daily_1_prt_9 FROM algalkin;"
algalkin;Галкин Андрей Леонидович (Andrey Galkin);acc_acquisitions_daily_1_prt_9;TRIGGER;"REVOKE TRIGGER ON cdm_analysis_out.acc_acquisitions_daily_1_prt_9 FROM algalkin;"
algalkin;Галкин Андрей Леонидович (Andrey Galkin);acc_acquisitions_daily_1_prt_10;INSERT;"REVOKE INSERT ON cdm_analysis_out.acc_acquisitions_daily_1_prt_10 FROM algalkin;"
algalkin;Галкин Андрей Леонидович (Andrey Galkin);acc_acquisitions_daily_1_prt_10;SELECT;"REVOKE SELECT ON cdm_analysis_out.acc_acquisitions_daily_1_prt_10 FROM algalkin;"
algalkin;Галкин Андрей Леонидович (Andrey Galkin);acc_acquisitions_daily_1_prt_10;UPDATE;"REVOKE UPDATE ON cdm_analysis_out.acc_acquisitions_daily_1_prt_10 FROM algalkin;"
algalkin;Галкин Андрей Леонидович (Andrey Galkin);acc_acquisitions_daily_1_prt_10;DELETE;"REVOKE DELETE ON cdm_analysis_out.acc_acquisitions_daily_1_prt_10 FROM algalkin;"
algalkin;Галкин Андрей Леонидович (Andrey Galkin);acc_acquisitions_daily_1_prt_10;TRUNCATE;"REVOKE TRUNCATE ON cdm_analysis_out.acc_acquisitions_daily_1_prt_10 FROM algalkin;"
algalkin;Галкин Андрей Леонидович (Andrey Galkin);acc_acquisitions_daily_1_prt_10;REFERENCES;"REVOKE REFERENCES ON cdm_analysis_out.acc_acquisitions_daily_1_prt_10 FROM algalkin;"
algalkin;Галкин Андрей Леонидович (Andrey Galkin);acc_acquisitions_daily_1_prt_10;TRIGGER;"REVOKE TRIGGER ON cdm_analysis_out.acc_acquisitions_daily_1_prt_10 FROM algalkin;"
algalkin;Галкин Андрей Леонидович (Andrey Galkin);acc_acquisitions_daily_1_prt_11;INSERT;"REVOKE INSERT ON cdm_analysis_out.acc_acquisitions_daily_1_prt_11 FROM algalkin;"
algalkin;Галкин Андрей Леонидович (Andrey Galkin);acc_acquisitions_daily_1_prt_11;SELECT;"REVOKE SELECT ON cdm_analysis_out.acc_acquisitions_daily_1_prt_11 FROM algalkin;"
algalkin;Галкин Андрей Леонидович (Andrey Galkin);acc_acquisitions_daily_1_prt_11;UPDATE;"REVOKE UPDATE ON cdm_analysis_out.acc_acquisitions_daily_1_prt_11 FROM algalkin;"
algalkin;Галкин Андрей Леонидович (Andrey Galkin);acc_acquisitions_daily_1_prt_11;DELETE;"REVOKE DELETE ON cdm_analysis_out.acc_acquisitions_daily_1_prt_11 FROM algalkin;"
algalkin;Галкин Андрей Леонидович (Andrey Galkin);acc_acquisitions_daily_1_prt_11;TRUNCATE;"REVOKE TRUNCATE ON cdm_analysis_out.acc_acquisitions_daily_1_prt_11 FROM algalkin;"
algalkin;Галкин Андрей Леонидович (Andrey Galkin);acc_acquisitions_daily_1_prt_11;REFERENCES;"REVOKE REFERENCES ON cdm_analysis_out.acc_acquisitions_daily_1_prt_11 FROM algalkin;"
algalkin;Галкин Андрей Леонидович (Andrey Galkin);acc_acquisitions_daily_1_prt_11;TRIGGER;"REVOKE TRIGGER ON cdm_analysis_out.acc_acquisitions_daily_1_prt_11 FROM algalkin;"
algalkin;Галкин Андрей Леонидович (Andrey Galkin);acc_acquisitions_daily_1_prt_12;INSERT;"REVOKE INSERT ON cdm_analysis_out.acc_acquisitions_daily_1_prt_12 FROM algalkin;"
algalkin;Галкин Андрей Леонидович (Andrey Galkin);acc_acquisitions_daily_1_prt_12;SELECT;"REVOKE SELECT ON cdm_analysis_out.acc_acquisitions_daily_1_prt_12 FROM algalkin;"
algalkin;Галкин Андрей Леонидович (Andrey Galkin);acc_acquisitions_daily_1_prt_12;UPDATE;"REVOKE UPDATE ON cdm_analysis_out.acc_acquisitions_daily_1_prt_12 FROM algalkin;"
algalkin;Галкин Андрей Леонидович (Andrey Galkin);acc_acquisitions_daily_1_prt_12;DELETE;"REVOKE DELETE ON cdm_analysis_out.acc_acquisitions_daily_1_prt_12 FROM algalkin;"
algalkin;Галкин Андрей Леонидович (Andrey Galkin);acc_acquisitions_daily_1_prt_12;TRUNCATE;"REVOKE TRUNCATE ON cdm_analysis_out.acc_acquisitions_daily_1_prt_12 FROM algalkin;"
algalkin;Галкин Андрей Леонидович (Andrey Galkin);acc_acquisitions_daily_1_prt_12;REFERENCES;"REVOKE REFERENCES ON cdm_analysis_out.acc_acquisitions_daily_1_prt_12 FROM algalkin;"
algalkin;Галкин Андрей Леонидович (Andrey Galkin);acc_acquisitions_daily_1_prt_12;TRIGGER;"REVOKE TRIGGER ON cdm_analysis_out.acc_acquisitions_daily_1_prt_12 FROM algalkin;"
algalkin;Галкин Андрей Леонидович (Andrey Galkin);acc_acquisitions_daily_1_prt_13;INSERT;"REVOKE INSERT ON cdm_analysis_out.acc_acquisitions_daily_1_prt_13 FROM algalkin;"
algalkin;Галкин Андрей Леонидович (Andrey Galkin);acc_acquisitions_daily_1_prt_13;SELECT;"REVOKE SELECT ON cdm_analysis_out.acc_acquisitions_daily_1_prt_13 FROM algalkin;"
algalkin;Галкин Андрей Леонидович (Andrey Galkin);acc_acquisitions_daily_1_prt_13;UPDATE;"REVOKE UPDATE ON cdm_analysis_out.acc_acquisitions_daily_1_prt_13 FROM algalkin;"
algalkin;Галкин Андрей Леонидович (Andrey Galkin);acc_acquisitions_daily_1_prt_13;DELETE;"REVOKE DELETE ON cdm_analysis_out.acc_acquisitions_daily_1_prt_13 FROM algalkin;"
algalkin;Галкин Андрей Леонидович (Andrey Galkin);acc_acquisitions_daily_1_prt_13;TRUNCATE;"REVOKE TRUNCATE ON cdm_analysis_out.acc_acquisitions_daily_1_prt_13 FROM algalkin;"
algalkin;Галкин Андрей Леонидович (Andrey Galkin);acc_acquisitions_daily_1_prt_13;REFERENCES;"REVOKE REFERENCES ON cdm_analysis_out.acc_acquisitions_daily_1_prt_13 FROM algalkin;"
algalkin;Галкин Андрей Леонидович (Andrey Galkin);acc_acquisitions_daily_1_prt_13;TRIGGER;"REVOKE TRIGGER ON cdm_analysis_out.acc_acquisitions_daily_1_prt_13 FROM algalkin;"
algalkin;Галкин Андрей Леонидович (Andrey Galkin);acc_acquisitions_daily_1_prt_14;INSERT;"REVOKE INSERT ON cdm_analysis_out.acc_acquisitions_daily_1_prt_14 FROM algalkin;"
algalkin;Галкин Андрей Леонидович (Andrey Galkin);acc_acquisitions_daily_1_prt_14;SELECT;"REVOKE SELECT ON cdm_analysis_out.acc_acquisitions_daily_1_prt_14 FROM algalkin;"
algalkin;Галкин Андрей Леонидович (Andrey Galkin);acc_acquisitions_daily_1_prt_14;UPDATE;"REVOKE UPDATE ON cdm_analysis_out.acc_acquisitions_daily_1_prt_14 FROM algalkin;"
algalkin;Галкин Андрей Леонидович (Andrey Galkin);acc_acquisitions_daily_1_prt_14;DELETE;"REVOKE DELETE ON cdm_analysis_out.acc_acquisitions_daily_1_prt_14 FROM algalkin;"
algalkin;Галкин Андрей Леонидович (Andrey Galkin);acc_acquisitions_daily_1_prt_14;TRUNCATE;"REVOKE TRUNCATE ON cdm_analysis_out.acc_acquisitions_daily_1_prt_14 FROM algalkin;"
algalkin;Галкин Андрей Леонидович (Andrey Galkin);acc_acquisitions_daily_1_prt_14;REFERENCES;"REVOKE REFERENCES ON cdm_analysis_out.acc_acquisitions_daily_1_prt_14 FROM algalkin;"
algalkin;Галкин Андрей Леонидович (Andrey Galkin);acc_acquisitions_daily_1_prt_14;TRIGGER;"REVOKE TRIGGER ON cdm_analysis_out.acc_acquisitions_daily_1_prt_14 FROM algalkin;"
algalkin;Галкин Андрей Леонидович (Andrey Galkin);acc_acquisitions_daily_1_prt_15;INSERT;"REVOKE INSERT ON cdm_analysis_out.acc_acquisitions_daily_1_prt_15 FROM algalkin;"
algalkin;Галкин Андрей Леонидович (Andrey Galkin);acc_acquisitions_daily_1_prt_15;SELECT;"REVOKE SELECT ON cdm_analysis_out.acc_acquisitions_daily_1_prt_15 FROM algalkin;"
algalkin;Галкин Андрей Леонидович (Andrey Galkin);acc_acquisitions_daily_1_prt_15;UPDATE;"REVOKE UPDATE ON cdm_analysis_out.acc_acquisitions_daily_1_prt_15 FROM algalkin;"
algalkin;Галкин Андрей Леонидович (Andrey Galkin);acc_acquisitions_daily_1_prt_15;DELETE;"REVOKE DELETE ON cdm_analysis_out.acc_acquisitions_daily_1_prt_15 FROM algalkin;"
algalkin;Галкин Андрей Леонидович (Andrey Galkin);acc_acquisitions_daily_1_prt_15;TRUNCATE;"REVOKE TRUNCATE ON cdm_analysis_out.acc_acquisitions_daily_1_prt_15 FROM algalkin;"
algalkin;Галкин Андрей Леонидович (Andrey Galkin);acc_acquisitions_daily_1_prt_15;REFERENCES;"REVOKE REFERENCES ON cdm_analysis_out.acc_acquisitions_daily_1_prt_15 FROM algalkin;"
algalkin;Галкин Андрей Леонидович (Andrey Galkin);acc_acquisitions_daily_1_prt_15;TRIGGER;"REVOKE TRIGGER ON cdm_analysis_out.acc_acquisitions_daily_1_prt_15 FROM algalkin;"
algalkin;Галкин Андрей Леонидович (Andrey Galkin);acc_acquisitions_daily_1_prt_16;INSERT;"REVOKE INSERT ON cdm_analysis_out.acc_acquisitions_daily_1_prt_16 FROM algalkin;"
algalkin;Галкин Андрей Леонидович (Andrey Galkin);acc_acquisitions_daily_1_prt_16;SELECT;"REVOKE SELECT ON cdm_analysis_out.acc_acquisitions_daily_1_prt_16 FROM algalkin;"
algalkin;Галкин Андрей Леонидович (Andrey Galkin);acc_acquisitions_daily_1_prt_16;UPDATE;"REVOKE UPDATE ON cdm_analysis_out.acc_acquisitions_daily_1_prt_16 FROM algalkin;"
algalkin;Галкин Андрей Леонидович (Andrey Galkin);acc_acquisitions_daily_1_prt_16;DELETE;"REVOKE DELETE ON cdm_analysis_out.acc_acquisitions_daily_1_prt_16 FROM algalkin;"
algalkin;Галкин Андрей Леонидович (Andrey Galkin);acc_acquisitions_daily_1_prt_16;TRUNCATE;"REVOKE TRUNCATE ON cdm_analysis_out.acc_acquisitions_daily_1_prt_16 FROM algalkin;"
algalkin;Галкин Андрей Леонидович (Andrey Galkin);acc_acquisitions_daily_1_prt_16;REFERENCES;"REVOKE REFERENCES ON cdm_analysis_out.acc_acquisitions_daily_1_prt_16 FROM algalkin;"
algalkin;Галкин Андрей Леонидович (Andrey Galkin);acc_acquisitions_daily_1_prt_16;TRIGGER;"REVOKE TRIGGER ON cdm_analysis_out.acc_acquisitions_daily_1_prt_16 FROM algalkin;"
algalkin;Галкин Андрей Леонидович (Andrey Galkin);acc_acquisitions_daily_1_prt_17;INSERT;"REVOKE INSERT ON cdm_analysis_out.acc_acquisitions_daily_1_prt_17 FROM algalkin;"
algalkin;Галкин Андрей Леонидович (Andrey Galkin);acc_acquisitions_daily_1_prt_17;SELECT;"REVOKE SELECT ON cdm_analysis_out.acc_acquisitions_daily_1_prt_17 FROM algalkin;"
algalkin;Галкин Андрей Леонидович (Andrey Galkin);acc_acquisitions_daily_1_prt_17;UPDATE;"REVOKE UPDATE ON cdm_analysis_out.acc_acquisitions_daily_1_prt_17 FROM algalkin;"
algalkin;Галкин Андрей Леонидович (Andrey Galkin);acc_acquisitions_daily_1_prt_17;DELETE;"REVOKE DELETE ON cdm_analysis_out.acc_acquisitions_daily_1_prt_17 FROM algalkin;"
algalkin;Галкин Андрей Леонидович (Andrey Galkin);acc_acquisitions_daily_1_prt_17;TRUNCATE;"REVOKE TRUNCATE ON cdm_analysis_out.acc_acquisitions_daily_1_prt_17 FROM algalkin;"
algalkin;Галкин Андрей Леонидович (Andrey Galkin);acc_acquisitions_daily_1_prt_17;REFERENCES;"REVOKE REFERENCES ON cdm_analysis_out.acc_acquisitions_daily_1_prt_17 FROM algalkin;"
algalkin;Галкин Андрей Леонидович (Andrey Galkin);acc_acquisitions_daily_1_prt_17;TRIGGER;"REVOKE TRIGGER ON cdm_analysis_out.acc_acquisitions_daily_1_prt_17 FROM algalkin;"
algalkin;Галкин Андрей Леонидович (Andrey Galkin);acc_acquisitions_daily_1_prt_18;INSERT;"REVOKE INSERT ON cdm_analysis_out.acc_acquisitions_daily_1_prt_18 FROM algalkin;"
algalkin;Галкин Андрей Леонидович (Andrey Galkin);acc_acquisitions_daily_1_prt_18;SELECT;"REVOKE SELECT ON cdm_analysis_out.acc_acquisitions_daily_1_prt_18 FROM algalkin;"
algalkin;Галкин Андрей Леонидович (Andrey Galkin);acc_acquisitions_daily_1_prt_18;UPDATE;"REVOKE UPDATE ON cdm_analysis_out.acc_acquisitions_daily_1_prt_18 FROM algalkin;"
algalkin;Галкин Андрей Леонидович (Andrey Galkin);acc_acquisitions_daily_1_prt_18;DELETE;"REVOKE DELETE ON cdm_analysis_out.acc_acquisitions_daily_1_prt_18 FROM algalkin;"
algalkin;Галкин Андрей Леонидович (Andrey Galkin);acc_acquisitions_daily_1_prt_18;TRUNCATE;"REVOKE TRUNCATE ON cdm_analysis_out.acc_acquisitions_daily_1_prt_18 FROM algalkin;"
algalkin;Галкин Андрей Леонидович (Andrey Galkin);acc_acquisitions_daily_1_prt_18;REFERENCES;"REVOKE REFERENCES ON cdm_analysis_out.acc_acquisitions_daily_1_prt_18 FROM algalkin;"
algalkin;Галкин Андрей Леонидович (Andrey Galkin);acc_acquisitions_daily_1_prt_18;TRIGGER;"REVOKE TRIGGER ON cdm_analysis_out.acc_acquisitions_daily_1_prt_18 FROM algalkin;"
algalkin;Галкин Андрей Леонидович (Andrey Galkin);acc_acquisitions_daily_1_prt_19;INSERT;"REVOKE INSERT ON cdm_analysis_out.acc_acquisitions_daily_1_prt_19 FROM algalkin;"
algalkin;Галкин Андрей Леонидович (Andrey Galkin);acc_acquisitions_daily_1_prt_19;SELECT;"REVOKE SELECT ON cdm_analysis_out.acc_acquisitions_daily_1_prt_19 FROM algalkin;"
algalkin;Галкин Андрей Леонидович (Andrey Galkin);acc_acquisitions_daily_1_prt_19;UPDATE;"REVOKE UPDATE ON cdm_analysis_out.acc_acquisitions_daily_1_prt_19 FROM algalkin;"
algalkin;Галкин Андрей Леонидович (Andrey Galkin);acc_acquisitions_daily_1_prt_19;DELETE;"REVOKE DELETE ON cdm_analysis_out.acc_acquisitions_daily_1_prt_19 FROM algalkin;"
algalkin;Галкин Андрей Леонидович (Andrey Galkin);acc_acquisitions_daily_1_prt_19;TRUNCATE;"REVOKE TRUNCATE ON cdm_analysis_out.acc_acquisitions_daily_1_prt_19 FROM algalkin;"
algalkin;Галкин Андрей Леонидович (Andrey Galkin);acc_acquisitions_daily_1_prt_19;REFERENCES;"REVOKE REFERENCES ON cdm_analysis_out.acc_acquisitions_daily_1_prt_19 FROM algalkin;"
algalkin;Галкин Андрей Леонидович (Andrey Galkin);acc_acquisitions_daily_1_prt_19;TRIGGER;"REVOKE TRIGGER ON cdm_analysis_out.acc_acquisitions_daily_1_prt_19 FROM algalkin;"
algalkin;Галкин Андрей Леонидович (Andrey Galkin);acc_acquisitions_daily_1_prt_20;INSERT;"REVOKE INSERT ON cdm_analysis_out.acc_acquisitions_daily_1_prt_20 FROM algalkin;"
algalkin;Галкин Андрей Леонидович (Andrey Galkin);acc_acquisitions_daily_1_prt_20;SELECT;"REVOKE SELECT ON cdm_analysis_out.acc_acquisitions_daily_1_prt_20 FROM algalkin;"
algalkin;Галкин Андрей Леонидович (Andrey Galkin);acc_acquisitions_daily_1_prt_20;UPDATE;"REVOKE UPDATE ON cdm_analysis_out.acc_acquisitions_daily_1_prt_20 FROM algalkin;"
algalkin;Галкин Андрей Леонидович (Andrey Galkin);acc_acquisitions_daily_1_prt_20;DELETE;"REVOKE DELETE ON cdm_analysis_out.acc_acquisitions_daily_1_prt_20 FROM algalkin;"
algalkin;Галкин Андрей Леонидович (Andrey Galkin);acc_acquisitions_daily_1_prt_20;TRUNCATE;"REVOKE TRUNCATE ON cdm_analysis_out.acc_acquisitions_daily_1_prt_20 FROM algalkin;"
algalkin;Галкин Андрей Леонидович (Andrey Galkin);acc_acquisitions_daily_1_prt_20;REFERENCES;"REVOKE REFERENCES ON cdm_analysis_out.acc_acquisitions_daily_1_prt_20 FROM algalkin;"
algalkin;Галкин Андрей Леонидович (Andrey Galkin);acc_acquisitions_daily_1_prt_20;TRIGGER;"REVOKE TRIGGER ON cdm_analysis_out.acc_acquisitions_daily_1_prt_20 FROM algalkin;"
algalkin;Галкин Андрей Леонидович (Andrey Galkin);acc_acquisitions_daily_1_prt_21;INSERT;"REVOKE INSERT ON cdm_analysis_out.acc_acquisitions_daily_1_prt_21 FROM algalkin;"
algalkin;Галкин Андрей Леонидович (Andrey Galkin);acc_acquisitions_daily_1_prt_21;SELECT;"REVOKE SELECT ON cdm_analysis_out.acc_acquisitions_daily_1_prt_21 FROM algalkin;"
algalkin;Галкин Андрей Леонидович (Andrey Galkin);acc_acquisitions_daily_1_prt_21;UPDATE;"REVOKE UPDATE ON cdm_analysis_out.acc_acquisitions_daily_1_prt_21 FROM algalkin;"
algalkin;Галкин Андрей Леонидович (Andrey Galkin);acc_acquisitions_daily_1_prt_21;DELETE;"REVOKE DELETE ON cdm_analysis_out.acc_acquisitions_daily_1_prt_21 FROM algalkin;"
algalkin;Галкин Андрей Леонидович (Andrey Galkin);acc_acquisitions_daily_1_prt_21;TRUNCATE;"REVOKE TRUNCATE ON cdm_analysis_out.acc_acquisitions_daily_1_prt_21 FROM algalkin;"
algalkin;Галкин Андрей Леонидович (Andrey Galkin);acc_acquisitions_daily_1_prt_21;REFERENCES;"REVOKE REFERENCES ON cdm_analysis_out.acc_acquisitions_daily_1_prt_21 FROM algalkin;"
algalkin;Галкин Андрей Леонидович (Andrey Galkin);acc_acquisitions_daily_1_prt_21;TRIGGER;"REVOKE TRIGGER ON cdm_analysis_out.acc_acquisitions_daily_1_prt_21 FROM algalkin;"
algalkin;Галкин Андрей Леонидович (Andrey Galkin);acc_acquisitions_daily_1_prt_22;INSERT;"REVOKE INSERT ON cdm_analysis_out.acc_acquisitions_daily_1_prt_22 FROM algalkin;"
algalkin;Галкин Андрей Леонидович (Andrey Galkin);acc_acquisitions_daily_1_prt_22;SELECT;"REVOKE SELECT ON cdm_analysis_out.acc_acquisitions_daily_1_prt_22 FROM algalkin;"
algalkin;Галкин Андрей Леонидович (Andrey Galkin);acc_acquisitions_daily_1_prt_22;UPDATE;"REVOKE UPDATE ON cdm_analysis_out.acc_acquisitions_daily_1_prt_22 FROM algalkin;"
algalkin;Галкин Андрей Леонидович (Andrey Galkin);acc_acquisitions_daily_1_prt_22;DELETE;"REVOKE DELETE ON cdm_analysis_out.acc_acquisitions_daily_1_prt_22 FROM algalkin;"
algalkin;Галкин Андрей Леонидович (Andrey Galkin);acc_acquisitions_daily_1_prt_22;TRUNCATE;"REVOKE TRUNCATE ON cdm_analysis_out.acc_acquisitions_daily_1_prt_22 FROM algalkin;"
algalkin;Галкин Андрей Леонидович (Andrey Galkin);acc_acquisitions_daily_1_prt_22;REFERENCES;"REVOKE REFERENCES ON cdm_analysis_out.acc_acquisitions_daily_1_prt_22 FROM algalkin;"
algalkin;Галкин Андрей Леонидович (Andrey Galkin);acc_acquisitions_daily_1_prt_22;TRIGGER;"REVOKE TRIGGER ON cdm_analysis_out.acc_acquisitions_daily_1_prt_22 FROM algalkin;"
algalkin;Галкин Андрей Леонидович (Andrey Galkin);acc_acquisitions_daily_1_prt_23;INSERT;"REVOKE INSERT ON cdm_analysis_out.acc_acquisitions_daily_1_prt_23 FROM algalkin;"
algalkin;Галкин Андрей Леонидович (Andrey Galkin);acc_acquisitions_daily_1_prt_23;SELECT;"REVOKE SELECT ON cdm_analysis_out.acc_acquisitions_daily_1_prt_23 FROM algalkin;"
algalkin;Галкин Андрей Леонидович (Andrey Galkin);acc_acquisitions_daily_1_prt_23;UPDATE;"REVOKE UPDATE ON cdm_analysis_out.acc_acquisitions_daily_1_prt_23 FROM algalkin;"
algalkin;Галкин Андрей Леонидович (Andrey Galkin);acc_acquisitions_daily_1_prt_23;DELETE;"REVOKE DELETE ON cdm_analysis_out.acc_acquisitions_daily_1_prt_23 FROM algalkin;"
algalkin;Галкин Андрей Леонидович (Andrey Galkin);acc_acquisitions_daily_1_prt_23;TRUNCATE;"REVOKE TRUNCATE ON cdm_analysis_out.acc_acquisitions_daily_1_prt_23 FROM algalkin;"
algalkin;Галкин Андрей Леонидович (Andrey Galkin);acc_acquisitions_daily_1_prt_23;REFERENCES;"REVOKE REFERENCES ON cdm_analysis_out.acc_acquisitions_daily_1_prt_23 FROM algalkin;"
algalkin;Галкин Андрей Леонидович (Andrey Galkin);acc_acquisitions_daily_1_prt_23;TRIGGER;"REVOKE TRIGGER ON cdm_analysis_out.acc_acquisitions_daily_1_prt_23 FROM algalkin;"
algalkin;Галкин Андрей Леонидович (Andrey Galkin);acc_acquisitions_daily_1_prt_24;INSERT;"REVOKE INSERT ON cdm_analysis_out.acc_acquisitions_daily_1_prt_24 FROM algalkin;"
algalkin;Галкин Андрей Леонидович (Andrey Galkin);acc_acquisitions_daily_1_prt_24;SELECT;"REVOKE SELECT ON cdm_analysis_out.acc_acquisitions_daily_1_prt_24 FROM algalkin;"
algalkin;Галкин Андрей Леонидович (Andrey Galkin);acc_acquisitions_daily_1_prt_24;UPDATE;"REVOKE UPDATE ON cdm_analysis_out.acc_acquisitions_daily_1_prt_24 FROM algalkin;"
algalkin;Галкин Андрей Леонидович (Andrey Galkin);acc_acquisitions_daily_1_prt_24;DELETE;"REVOKE DELETE ON cdm_analysis_out.acc_acquisitions_daily_1_prt_24 FROM algalkin;"
algalkin;Галкин Андрей Леонидович (Andrey Galkin);acc_acquisitions_daily_1_prt_24;TRUNCATE;"REVOKE TRUNCATE ON cdm_analysis_out.acc_acquisitions_daily_1_prt_24 FROM algalkin;"
algalkin;Галкин Андрей Леонидович (Andrey Galkin);acc_acquisitions_daily_1_prt_24;REFERENCES;"REVOKE REFERENCES ON cdm_analysis_out.acc_acquisitions_daily_1_prt_24 FROM algalkin;"
algalkin;Галкин Андрей Леонидович (Andrey Galkin);acc_acquisitions_daily_1_prt_24;TRIGGER;"REVOKE TRIGGER ON cdm_analysis_out.acc_acquisitions_daily_1_prt_24 FROM algalkin;"
algalkin;Галкин Андрей Леонидович (Andrey Galkin);acc_acquisitions_daily_1_prt_25;INSERT;"REVOKE INSERT ON cdm_analysis_out.acc_acquisitions_daily_1_prt_25 FROM algalkin;"
algalkin;Галкин Андрей Леонидович (Andrey Galkin);acc_acquisitions_daily_1_prt_25;SELECT;"REVOKE SELECT ON cdm_analysis_out.acc_acquisitions_daily_1_prt_25 FROM algalkin;"
algalkin;Галкин Андрей Леонидович (Andrey Galkin);acc_acquisitions_daily_1_prt_25;UPDATE;"REVOKE UPDATE ON cdm_analysis_out.acc_acquisitions_daily_1_prt_25 FROM algalkin;"
algalkin;Галкин Андрей Леонидович (Andrey Galkin);acc_acquisitions_daily_1_prt_25;DELETE;"REVOKE DELETE ON cdm_analysis_out.acc_acquisitions_daily_1_prt_25 FROM algalkin;"
algalkin;Галкин Андрей Леонидович (Andrey Galkin);acc_acquisitions_daily_1_prt_25;TRUNCATE;"REVOKE TRUNCATE ON cdm_analysis_out.acc_acquisitions_daily_1_prt_25 FROM algalkin;"
algalkin;Галкин Андрей Леонидович (Andrey Galkin);acc_acquisitions_daily_1_prt_25;REFERENCES;"REVOKE REFERENCES ON cdm_analysis_out.acc_acquisitions_daily_1_prt_25 FROM algalkin;"
algalkin;Галкин Андрей Леонидович (Andrey Galkin);acc_acquisitions_daily_1_prt_25;TRIGGER;"REVOKE TRIGGER ON cdm_analysis_out.acc_acquisitions_daily_1_prt_25 FROM algalkin;"
algalkin;Галкин Андрей Леонидович (Andrey Galkin);acc_acquisitions_daily_1_prt_26;INSERT;"REVOKE INSERT ON cdm_analysis_out.acc_acquisitions_daily_1_prt_26 FROM algalkin;"
algalkin;Галкин Андрей Леонидович (Andrey Galkin);acc_acquisitions_daily_1_prt_26;SELECT;"REVOKE SELECT ON cdm_analysis_out.acc_acquisitions_daily_1_prt_26 FROM algalkin;"
algalkin;Галкин Андрей Леонидович (Andrey Galkin);acc_acquisitions_daily_1_prt_26;UPDATE;"REVOKE UPDATE ON cdm_analysis_out.acc_acquisitions_daily_1_prt_26 FROM algalkin;"
algalkin;Галкин Андрей Леонидович (Andrey Galkin);acc_acquisitions_daily_1_prt_26;DELETE;"REVOKE DELETE ON cdm_analysis_out.acc_acquisitions_daily_1_prt_26 FROM algalkin;"
algalkin;Галкин Андрей Леонидович (Andrey Galkin);acc_acquisitions_daily_1_prt_26;TRUNCATE;"REVOKE TRUNCATE ON cdm_analysis_out.acc_acquisitions_daily_1_prt_26 FROM algalkin;"
algalkin;Галкин Андрей Леонидович (Andrey Galkin);acc_acquisitions_daily_1_prt_26;REFERENCES;"REVOKE REFERENCES ON cdm_analysis_out.acc_acquisitions_daily_1_prt_26 FROM algalkin;"
algalkin;Галкин Андрей Леонидович (Andrey Galkin);acc_acquisitions_daily_1_prt_26;TRIGGER;"REVOKE TRIGGER ON cdm_analysis_out.acc_acquisitions_daily_1_prt_26 FROM algalkin;"
algalkin;Галкин Андрей Леонидович (Andrey Galkin);acc_acquisitions_daily_1_prt_27;INSERT;"REVOKE INSERT ON cdm_analysis_out.acc_acquisitions_daily_1_prt_27 FROM algalkin;"
algalkin;Галкин Андрей Леонидович (Andrey Galkin);acc_acquisitions_daily_1_prt_27;SELECT;"REVOKE SELECT ON cdm_analysis_out.acc_acquisitions_daily_1_prt_27 FROM algalkin;"
algalkin;Галкин Андрей Леонидович (Andrey Galkin);acc_acquisitions_daily_1_prt_27;UPDATE;"REVOKE UPDATE ON cdm_analysis_out.acc_acquisitions_daily_1_prt_27 FROM algalkin;"
algalkin;Галкин Андрей Леонидович (Andrey Galkin);acc_acquisitions_daily_1_prt_27;DELETE;"REVOKE DELETE ON cdm_analysis_out.acc_acquisitions_daily_1_prt_27 FROM algalkin;"
algalkin;Галкин Андрей Леонидович (Andrey Galkin);acc_acquisitions_daily_1_prt_27;TRUNCATE;"REVOKE TRUNCATE ON cdm_analysis_out.acc_acquisitions_daily_1_prt_27 FROM algalkin;"
algalkin;Галкин Андрей Леонидович (Andrey Galkin);acc_acquisitions_daily_1_prt_27;REFERENCES;"REVOKE REFERENCES ON cdm_analysis_out.acc_acquisitions_daily_1_prt_27 FROM algalkin;"
algalkin;Галкин Андрей Леонидович (Andrey Galkin);acc_acquisitions_daily_1_prt_27;TRIGGER;"REVOKE TRIGGER ON cdm_analysis_out.acc_acquisitions_daily_1_prt_27 FROM algalkin;"
algalkin;Галкин Андрей Леонидович (Andrey Galkin);acc_acquisitions_daily_1_prt_28;INSERT;"REVOKE INSERT ON cdm_analysis_out.acc_acquisitions_daily_1_prt_28 FROM algalkin;"
algalkin;Галкин Андрей Леонидович (Andrey Galkin);acc_acquisitions_daily_1_prt_28;SELECT;"REVOKE SELECT ON cdm_analysis_out.acc_acquisitions_daily_1_prt_28 FROM algalkin;"
algalkin;Галкин Андрей Леонидович (Andrey Galkin);acc_acquisitions_daily_1_prt_28;UPDATE;"REVOKE UPDATE ON cdm_analysis_out.acc_acquisitions_daily_1_prt_28 FROM algalkin;"
algalkin;Галкин Андрей Леонидович (Andrey Galkin);acc_acquisitions_daily_1_prt_28;DELETE;"REVOKE DELETE ON cdm_analysis_out.acc_acquisitions_daily_1_prt_28 FROM algalkin;"
algalkin;Галкин Андрей Леонидович (Andrey Galkin);acc_acquisitions_daily_1_prt_28;TRUNCATE;"REVOKE TRUNCATE ON cdm_analysis_out.acc_acquisitions_daily_1_prt_28 FROM algalkin;"
algalkin;Галкин Андрей Леонидович (Andrey Galkin);acc_acquisitions_daily_1_prt_28;REFERENCES;"REVOKE REFERENCES ON cdm_analysis_out.acc_acquisitions_daily_1_prt_28 FROM algalkin;"
algalkin;Галкин Андрей Леонидович (Andrey Galkin);acc_acquisitions_daily_1_prt_28;TRIGGER;"REVOKE TRIGGER ON cdm_analysis_out.acc_acquisitions_daily_1_prt_28 FROM algalkin;"
algalkin;Галкин Андрей Леонидович (Andrey Galkin);acc_acquisitions_daily_1_prt_29;INSERT;"REVOKE INSERT ON cdm_analysis_out.acc_acquisitions_daily_1_prt_29 FROM algalkin;"
algalkin;Галкин Андрей Леонидович (Andrey Galkin);acc_acquisitions_daily_1_prt_29;SELECT;"REVOKE SELECT ON cdm_analysis_out.acc_acquisitions_daily_1_prt_29 FROM algalkin;"
algalkin;Галкин Андрей Леонидович (Andrey Galkin);acc_acquisitions_daily_1_prt_29;UPDATE;"REVOKE UPDATE ON cdm_analysis_out.acc_acquisitions_daily_1_prt_29 FROM algalkin;"
algalkin;Галкин Андрей Леонидович (Andrey Galkin);acc_acquisitions_daily_1_prt_29;DELETE;"REVOKE DELETE ON cdm_analysis_out.acc_acquisitions_daily_1_prt_29 FROM algalkin;"
algalkin;Галкин Андрей Леонидович (Andrey Galkin);acc_acquisitions_daily_1_prt_29;TRUNCATE;"REVOKE TRUNCATE ON cdm_analysis_out.acc_acquisitions_daily_1_prt_29 FROM algalkin;"
algalkin;Галкин Андрей Леонидович (Andrey Galkin);acc_acquisitions_daily_1_prt_29;REFERENCES;"REVOKE REFERENCES ON cdm_analysis_out.acc_acquisitions_daily_1_prt_29 FROM algalkin;"
algalkin;Галкин Андрей Леонидович (Andrey Galkin);acc_acquisitions_daily_1_prt_29;TRIGGER;"REVOKE TRIGGER ON cdm_analysis_out.acc_acquisitions_daily_1_prt_29 FROM algalkin;"
algalkin;Галкин Андрей Леонидович (Andrey Galkin);acc_acquisitions_daily_1_prt_30;INSERT;"REVOKE INSERT ON cdm_analysis_out.acc_acquisitions_daily_1_prt_30 FROM algalkin;"
algalkin;Галкин Андрей Леонидович (Andrey Galkin);acc_acquisitions_daily_1_prt_30;SELECT;"REVOKE SELECT ON cdm_analysis_out.acc_acquisitions_daily_1_prt_30 FROM algalkin;"
algalkin;Галкин Андрей Леонидович (Andrey Galkin);acc_acquisitions_daily_1_prt_30;UPDATE;"REVOKE UPDATE ON cdm_analysis_out.acc_acquisitions_daily_1_prt_30 FROM algalkin;"
algalkin;Галкин Андрей Леонидович (Andrey Galkin);acc_acquisitions_daily_1_prt_30;DELETE;"REVOKE DELETE ON cdm_analysis_out.acc_acquisitions_daily_1_prt_30 FROM algalkin;"
algalkin;Галкин Андрей Леонидович (Andrey Galkin);acc_acquisitions_daily_1_prt_30;TRUNCATE;"REVOKE TRUNCATE ON cdm_analysis_out.acc_acquisitions_daily_1_prt_30 FROM algalkin;"
algalkin;Галкин Андрей Леонидович (Andrey Galkin);acc_acquisitions_daily_1_prt_30;REFERENCES;"REVOKE REFERENCES ON cdm_analysis_out.acc_acquisitions_daily_1_prt_30 FROM algalkin;"
algalkin;Галкин Андрей Леонидович (Andrey Galkin);acc_acquisitions_daily_1_prt_30;TRIGGER;"REVOKE TRIGGER ON cdm_analysis_out.acc_acquisitions_daily_1_prt_30 FROM algalkin;"
algalkin;Галкин Андрей Леонидович (Andrey Galkin);acc_acquisitions_daily_1_prt_31;INSERT;"REVOKE INSERT ON cdm_analysis_out.acc_acquisitions_daily_1_prt_31 FROM algalkin;"
algalkin;Галкин Андрей Леонидович (Andrey Galkin);acc_acquisitions_daily_1_prt_31;SELECT;"REVOKE SELECT ON cdm_analysis_out.acc_acquisitions_daily_1_prt_31 FROM algalkin;"
algalkin;Галкин Андрей Леонидович (Andrey Galkin);acc_acquisitions_daily_1_prt_31;UPDATE;"REVOKE UPDATE ON cdm_analysis_out.acc_acquisitions_daily_1_prt_31 FROM algalkin;"
algalkin;Галкин Андрей Леонидович (Andrey Galkin);acc_acquisitions_daily_1_prt_31;DELETE;"REVOKE DELETE ON cdm_analysis_out.acc_acquisitions_daily_1_prt_31 FROM algalkin;"
algalkin;Галкин Андрей Леонидович (Andrey Galkin);acc_acquisitions_daily_1_prt_31;TRUNCATE;"REVOKE TRUNCATE ON cdm_analysis_out.acc_acquisitions_daily_1_prt_31 FROM algalkin;"
algalkin;Галкин Андрей Леонидович (Andrey Galkin);acc_acquisitions_daily_1_prt_31;REFERENCES;"REVOKE REFERENCES ON cdm_analysis_out.acc_acquisitions_daily_1_prt_31 FROM algalkin;"
algalkin;Галкин Андрей Леонидович (Andrey Galkin);acc_acquisitions_daily_1_prt_31;TRIGGER;"REVOKE TRIGGER ON cdm_analysis_out.acc_acquisitions_daily_1_prt_31 FROM algalkin;"
algalkin;Галкин Андрей Леонидович (Andrey Galkin);acc_acquisitions_daily_1_prt_32;INSERT;"REVOKE INSERT ON cdm_analysis_out.acc_acquisitions_daily_1_prt_32 FROM algalkin;"
algalkin;Галкин Андрей Леонидович (Andrey Galkin);acc_acquisitions_daily_1_prt_32;SELECT;"REVOKE SELECT ON cdm_analysis_out.acc_acquisitions_daily_1_prt_32 FROM algalkin;"
algalkin;Галкин Андрей Леонидович (Andrey Galkin);acc_acquisitions_daily_1_prt_32;UPDATE;"REVOKE UPDATE ON cdm_analysis_out.acc_acquisitions_daily_1_prt_32 FROM algalkin;"
algalkin;Галкин Андрей Леонидович (Andrey Galkin);acc_acquisitions_daily_1_prt_32;DELETE;"REVOKE DELETE ON cdm_analysis_out.acc_acquisitions_daily_1_prt_32 FROM algalkin;"
algalkin;Галкин Андрей Леонидович (Andrey Galkin);acc_acquisitions_daily_1_prt_32;TRUNCATE;"REVOKE TRUNCATE ON cdm_analysis_out.acc_acquisitions_daily_1_prt_32 FROM algalkin;"
algalkin;Галкин Андрей Леонидович (Andrey Galkin);acc_acquisitions_daily_1_prt_32;REFERENCES;"REVOKE REFERENCES ON cdm_analysis_out.acc_acquisitions_daily_1_prt_32 FROM algalkin;"
algalkin;Галкин Андрей Леонидович (Andrey Galkin);acc_acquisitions_daily_1_prt_32;TRIGGER;"REVOKE TRIGGER ON cdm_analysis_out.acc_acquisitions_daily_1_prt_32 FROM algalkin;"
algalkin;Галкин Андрей Леонидович (Andrey Galkin);acc_acquisitions_daily_1_prt_33;INSERT;"REVOKE INSERT ON cdm_analysis_out.acc_acquisitions_daily_1_prt_33 FROM algalkin;"
algalkin;Галкин Андрей Леонидович (Andrey Galkin);acc_acquisitions_daily_1_prt_33;SELECT;"REVOKE SELECT ON cdm_analysis_out.acc_acquisitions_daily_1_prt_33 FROM algalkin;"
algalkin;Галкин Андрей Леонидович (Andrey Galkin);acc_acquisitions_daily_1_prt_33;UPDATE;"REVOKE UPDATE ON cdm_analysis_out.acc_acquisitions_daily_1_prt_33 FROM algalkin;"
algalkin;Галкин Андрей Леонидович (Andrey Galkin);acc_acquisitions_daily_1_prt_33;DELETE;"REVOKE DELETE ON cdm_analysis_out.acc_acquisitions_daily_1_prt_33 FROM algalkin;"
algalkin;Галкин Андрей Леонидович (Andrey Galkin);acc_acquisitions_daily_1_prt_33;TRUNCATE;"REVOKE TRUNCATE ON cdm_analysis_out.acc_acquisitions_daily_1_prt_33 FROM algalkin;"
algalkin;Галкин Андрей Леонидович (Andrey Galkin);acc_acquisitions_daily_1_prt_33;REFERENCES;"REVOKE REFERENCES ON cdm_analysis_out.acc_acquisitions_daily_1_prt_33 FROM algalkin;"
algalkin;Галкин Андрей Леонидович (Andrey Galkin);acc_acquisitions_daily_1_prt_33;TRIGGER;"REVOKE TRIGGER ON cdm_analysis_out.acc_acquisitions_daily_1_prt_33 FROM algalkin;"
algalkin;Галкин Андрей Леонидович (Andrey Galkin);acc_acquisitions_daily_1_prt_34;INSERT;"REVOKE INSERT ON cdm_analysis_out.acc_acquisitions_daily_1_prt_34 FROM algalkin;"
algalkin;Галкин Андрей Леонидович (Andrey Galkin);acc_acquisitions_daily_1_prt_34;SELECT;"REVOKE SELECT ON cdm_analysis_out.acc_acquisitions_daily_1_prt_34 FROM algalkin;"
algalkin;Галкин Андрей Леонидович (Andrey Galkin);acc_acquisitions_daily_1_prt_34;UPDATE;"REVOKE UPDATE ON cdm_analysis_out.acc_acquisitions_daily_1_prt_34 FROM algalkin;"
algalkin;Галкин Андрей Леонидович (Andrey Galkin);acc_acquisitions_daily_1_prt_34;DELETE;"REVOKE DELETE ON cdm_analysis_out.acc_acquisitions_daily_1_prt_34 FROM algalkin;"
algalkin;Галкин Андрей Леонидович (Andrey Galkin);acc_acquisitions_daily_1_prt_34;TRUNCATE;"REVOKE TRUNCATE ON cdm_analysis_out.acc_acquisitions_daily_1_prt_34 FROM algalkin;"
algalkin;Галкин Андрей Леонидович (Andrey Galkin);acc_acquisitions_daily_1_prt_34;REFERENCES;"REVOKE REFERENCES ON cdm_analysis_out.acc_acquisitions_daily_1_prt_34 FROM algalkin;"
algalkin;Галкин Андрей Леонидович (Andrey Galkin);acc_acquisitions_daily_1_prt_34;TRIGGER;"REVOKE TRIGGER ON cdm_analysis_out.acc_acquisitions_daily_1_prt_34 FROM algalkin;"
algalkin;Галкин Андрей Леонидович (Andrey Galkin);acc_acquisitions_daily_1_prt_35;INSERT;"REVOKE INSERT ON cdm_analysis_out.acc_acquisitions_daily_1_prt_35 FROM algalkin;"
algalkin;Галкин Андрей Леонидович (Andrey Galkin);acc_acquisitions_daily_1_prt_35;SELECT;"REVOKE SELECT ON cdm_analysis_out.acc_acquisitions_daily_1_prt_35 FROM algalkin;"
algalkin;Галкин Андрей Леонидович (Andrey Galkin);acc_acquisitions_daily_1_prt_35;UPDATE;"REVOKE UPDATE ON cdm_analysis_out.acc_acquisitions_daily_1_prt_35 FROM algalkin;"
algalkin;Галкин Андрей Леонидович (Andrey Galkin);acc_acquisitions_daily_1_prt_35;DELETE;"REVOKE DELETE ON cdm_analysis_out.acc_acquisitions_daily_1_prt_35 FROM algalkin;"
algalkin;Галкин Андрей Леонидович (Andrey Galkin);acc_acquisitions_daily_1_prt_35;TRUNCATE;"REVOKE TRUNCATE ON cdm_analysis_out.acc_acquisitions_daily_1_prt_35 FROM algalkin;"
algalkin;Галкин Андрей Леонидович (Andrey Galkin);acc_acquisitions_daily_1_prt_35;REFERENCES;"REVOKE REFERENCES ON cdm_analysis_out.acc_acquisitions_daily_1_prt_35 FROM algalkin;"
algalkin;Галкин Андрей Леонидович (Andrey Galkin);acc_acquisitions_daily_1_prt_35;TRIGGER;"REVOKE TRIGGER ON cdm_analysis_out.acc_acquisitions_daily_1_prt_35 FROM algalkin;"
algalkin;Галкин Андрей Леонидович (Andrey Galkin);acc_acquisitions_daily_1_prt_36;INSERT;"REVOKE INSERT ON cdm_analysis_out.acc_acquisitions_daily_1_prt_36 FROM algalkin;"
algalkin;Галкин Андрей Леонидович (Andrey Galkin);acc_acquisitions_daily_1_prt_36;SELECT;"REVOKE SELECT ON cdm_analysis_out.acc_acquisitions_daily_1_prt_36 FROM algalkin;"
algalkin;Галкин Андрей Леонидович (Andrey Galkin);acc_acquisitions_daily_1_prt_36;UPDATE;"REVOKE UPDATE ON cdm_analysis_out.acc_acquisitions_daily_1_prt_36 FROM algalkin;"
algalkin;Галкин Андрей Леонидович (Andrey Galkin);acc_acquisitions_daily_1_prt_36;DELETE;"REVOKE DELETE ON cdm_analysis_out.acc_acquisitions_daily_1_prt_36 FROM algalkin;"
algalkin;Галкин Андрей Леонидович (Andrey Galkin);acc_acquisitions_daily_1_prt_36;TRUNCATE;"REVOKE TRUNCATE ON cdm_analysis_out.acc_acquisitions_daily_1_prt_36 FROM algalkin;"
algalkin;Галкин Андрей Леонидович (Andrey Galkin);acc_acquisitions_daily_1_prt_36;REFERENCES;"REVOKE REFERENCES ON cdm_analysis_out.acc_acquisitions_daily_1_prt_36 FROM algalkin;"
algalkin;Галкин Андрей Леонидович (Andrey Galkin);acc_acquisitions_daily_1_prt_36;TRIGGER;"REVOKE TRIGGER ON cdm_analysis_out.acc_acquisitions_daily_1_prt_36 FROM algalkin;"
algalkin;Галкин Андрей Леонидович (Andrey Galkin);acc_acquisitions_daily_1_prt_37;INSERT;"REVOKE INSERT ON cdm_analysis_out.acc_acquisitions_daily_1_prt_37 FROM algalkin;"
algalkin;Галкин Андрей Леонидович (Andrey Galkin);acc_acquisitions_daily_1_prt_37;SELECT;"REVOKE SELECT ON cdm_analysis_out.acc_acquisitions_daily_1_prt_37 FROM algalkin;"
algalkin;Галкин Андрей Леонидович (Andrey Galkin);acc_acquisitions_daily_1_prt_37;UPDATE;"REVOKE UPDATE ON cdm_analysis_out.acc_acquisitions_daily_1_prt_37 FROM algalkin;"
algalkin;Галкин Андрей Леонидович (Andrey Galkin);acc_acquisitions_daily_1_prt_37;DELETE;"REVOKE DELETE ON cdm_analysis_out.acc_acquisitions_daily_1_prt_37 FROM algalkin;"
algalkin;Галкин Андрей Леонидович (Andrey Galkin);acc_acquisitions_daily_1_prt_37;TRUNCATE;"REVOKE TRUNCATE ON cdm_analysis_out.acc_acquisitions_daily_1_prt_37 FROM algalkin;"
algalkin;Галкин Андрей Леонидович (Andrey Galkin);acc_acquisitions_daily_1_prt_37;REFERENCES;"REVOKE REFERENCES ON cdm_analysis_out.acc_acquisitions_daily_1_prt_37 FROM algalkin;"
algalkin;Галкин Андрей Леонидович (Andrey Galkin);acc_acquisitions_daily_1_prt_37;TRIGGER;"REVOKE TRIGGER ON cdm_analysis_out.acc_acquisitions_daily_1_prt_37 FROM algalkin;"
algalkin;Галкин Андрей Леонидович (Andrey Galkin);acc_acquisitions_daily_1_prt_38;INSERT;"REVOKE INSERT ON cdm_analysis_out.acc_acquisitions_daily_1_prt_38 FROM algalkin;"
algalkin;Галкин Андрей Леонидович (Andrey Galkin);acc_acquisitions_daily_1_prt_38;SELECT;"REVOKE SELECT ON cdm_analysis_out.acc_acquisitions_daily_1_prt_38 FROM algalkin;"
algalkin;Галкин Андрей Леонидович (Andrey Galkin);acc_acquisitions_daily_1_prt_38;UPDATE;"REVOKE UPDATE ON cdm_analysis_out.acc_acquisitions_daily_1_prt_38 FROM algalkin;"
algalkin;Галкин Андрей Леонидович (Andrey Galkin);acc_acquisitions_daily_1_prt_38;DELETE;"REVOKE DELETE ON cdm_analysis_out.acc_acquisitions_daily_1_prt_38 FROM algalkin;"
algalkin;Галкин Андрей Леонидович (Andrey Galkin);acc_acquisitions_daily_1_prt_38;TRUNCATE;"REVOKE TRUNCATE ON cdm_analysis_out.acc_acquisitions_daily_1_prt_38 FROM algalkin;"
algalkin;Галкин Андрей Леонидович (Andrey Galkin);acc_acquisitions_daily_1_prt_38;REFERENCES;"REVOKE REFERENCES ON cdm_analysis_out.acc_acquisitions_daily_1_prt_38 FROM algalkin;"
algalkin;Галкин Андрей Леонидович (Andrey Galkin);acc_acquisitions_daily_1_prt_38;TRIGGER;"REVOKE TRIGGER ON cdm_analysis_out.acc_acquisitions_daily_1_prt_38 FROM algalkin;"
algalkin;Галкин Андрей Леонидович (Andrey Galkin);acc_acquisitions_daily_1_prt_39;INSERT;"REVOKE INSERT ON cdm_analysis_out.acc_acquisitions_daily_1_prt_39 FROM algalkin;"
algalkin;Галкин Андрей Леонидович (Andrey Galkin);acc_acquisitions_daily_1_prt_39;SELECT;"REVOKE SELECT ON cdm_analysis_out.acc_acquisitions_daily_1_prt_39 FROM algalkin;"
algalkin;Галкин Андрей Леонидович (Andrey Galkin);acc_acquisitions_daily_1_prt_39;UPDATE;"REVOKE UPDATE ON cdm_analysis_out.acc_acquisitions_daily_1_prt_39 FROM algalkin;"
algalkin;Галкин Андрей Леонидович (Andrey Galkin);acc_acquisitions_daily_1_prt_39;DELETE;"REVOKE DELETE ON cdm_analysis_out.acc_acquisitions_daily_1_prt_39 FROM algalkin;"
algalkin;Галкин Андрей Леонидович (Andrey Galkin);acc_acquisitions_daily_1_prt_39;TRUNCATE;"REVOKE TRUNCATE ON cdm_analysis_out.acc_acquisitions_daily_1_prt_39 FROM algalkin;"
algalkin;Галкин Андрей Леонидович (Andrey Galkin);acc_acquisitions_daily_1_prt_39;REFERENCES;"REVOKE REFERENCES ON cdm_analysis_out.acc_acquisitions_daily_1_prt_39 FROM algalkin;"
algalkin;Галкин Андрей Леонидович (Andrey Galkin);acc_acquisitions_daily_1_prt_39;TRIGGER;"REVOKE TRIGGER ON cdm_analysis_out.acc_acquisitions_daily_1_prt_39 FROM algalkin;"
algalkin;Галкин Андрей Леонидович (Andrey Galkin);acc_acquisitions_daily_1_prt_40;INSERT;"REVOKE INSERT ON cdm_analysis_out.acc_acquisitions_daily_1_prt_40 FROM algalkin;"
algalkin;Галкин Андрей Леонидович (Andrey Galkin);acc_acquisitions_daily_1_prt_40;SELECT;"REVOKE SELECT ON cdm_analysis_out.acc_acquisitions_daily_1_prt_40 FROM algalkin;"
algalkin;Галкин Андрей Леонидович (Andrey Galkin);acc_acquisitions_daily_1_prt_40;UPDATE;"REVOKE UPDATE ON cdm_analysis_out.acc_acquisitions_daily_1_prt_40 FROM algalkin;"
algalkin;Галкин Андрей Леонидович (Andrey Galkin);acc_acquisitions_daily_1_prt_40;DELETE;"REVOKE DELETE ON cdm_analysis_out.acc_acquisitions_daily_1_prt_40 FROM algalkin;"
algalkin;Галкин Андрей Леонидович (Andrey Galkin);acc_acquisitions_daily_1_prt_40;TRUNCATE;"REVOKE TRUNCATE ON cdm_analysis_out.acc_acquisitions_daily_1_prt_40 FROM algalkin;"
algalkin;Галкин Андрей Леонидович (Andrey Galkin);acc_acquisitions_daily_1_prt_40;REFERENCES;"REVOKE REFERENCES ON cdm_analysis_out.acc_acquisitions_daily_1_prt_40 FROM algalkin;"
algalkin;Галкин Андрей Леонидович (Andrey Galkin);acc_acquisitions_daily_1_prt_40;TRIGGER;"REVOKE TRIGGER ON cdm_analysis_out.acc_acquisitions_daily_1_prt_40 FROM algalkin;"
algalkin;Галкин Андрей Леонидович (Andrey Galkin);acc_acquisitions_daily_1_prt_41;INSERT;"REVOKE INSERT ON cdm_analysis_out.acc_acquisitions_daily_1_prt_41 FROM algalkin;"
algalkin;Галкин Андрей Леонидович (Andrey Galkin);acc_acquisitions_daily_1_prt_41;SELECT;"REVOKE SELECT ON cdm_analysis_out.acc_acquisitions_daily_1_prt_41 FROM algalkin;"
algalkin;Галкин Андрей Леонидович (Andrey Galkin);acc_acquisitions_daily_1_prt_41;UPDATE;"REVOKE UPDATE ON cdm_analysis_out.acc_acquisitions_daily_1_prt_41 FROM algalkin;"
algalkin;Галкин Андрей Леонидович (Andrey Galkin);acc_acquisitions_daily_1_prt_41;DELETE;"REVOKE DELETE ON cdm_analysis_out.acc_acquisitions_daily_1_prt_41 FROM algalkin;"
algalkin;Галкин Андрей Леонидович (Andrey Galkin);acc_acquisitions_daily_1_prt_41;TRUNCATE;"REVOKE TRUNCATE ON cdm_analysis_out.acc_acquisitions_daily_1_prt_41 FROM algalkin;"
algalkin;Галкин Андрей Леонидович (Andrey Galkin);acc_acquisitions_daily_1_prt_41;REFERENCES;"REVOKE REFERENCES ON cdm_analysis_out.acc_acquisitions_daily_1_prt_41 FROM algalkin;"
algalkin;Галкин Андрей Леонидович (Andrey Galkin);acc_acquisitions_daily_1_prt_41;TRIGGER;"REVOKE TRIGGER ON cdm_analysis_out.acc_acquisitions_daily_1_prt_41 FROM algalkin;"
algalkin;Галкин Андрей Леонидович (Andrey Galkin);acc_acquisitions_daily_1_prt_42;INSERT;"REVOKE INSERT ON cdm_analysis_out.acc_acquisitions_daily_1_prt_42 FROM algalkin;"
algalkin;Галкин Андрей Леонидович (Andrey Galkin);acc_acquisitions_daily_1_prt_42;SELECT;"REVOKE SELECT ON cdm_analysis_out.acc_acquisitions_daily_1_prt_42 FROM algalkin;"
algalkin;Галкин Андрей Леонидович (Andrey Galkin);acc_acquisitions_daily_1_prt_42;UPDATE;"REVOKE UPDATE ON cdm_analysis_out.acc_acquisitions_daily_1_prt_42 FROM algalkin;"
algalkin;Галкин Андрей Леонидович (Andrey Galkin);acc_acquisitions_daily_1_prt_42;DELETE;"REVOKE DELETE ON cdm_analysis_out.acc_acquisitions_daily_1_prt_42 FROM algalkin;"
algalkin;Галкин Андрей Леонидович (Andrey Galkin);acc_acquisitions_daily_1_prt_42;TRUNCATE;"REVOKE TRUNCATE ON cdm_analysis_out.acc_acquisitions_daily_1_prt_42 FROM algalkin;"
algalkin;Галкин Андрей Леонидович (Andrey Galkin);acc_acquisitions_daily_1_prt_42;REFERENCES;"REVOKE REFERENCES ON cdm_analysis_out.acc_acquisitions_daily_1_prt_42 FROM algalkin;"
algalkin;Галкин Андрей Леонидович (Andrey Galkin);acc_acquisitions_daily_1_prt_42;TRIGGER;"REVOKE TRIGGER ON cdm_analysis_out.acc_acquisitions_daily_1_prt_42 FROM algalkin;"
algalkin;Галкин Андрей Леонидович (Andrey Galkin);acc_acquisitions_daily_1_prt_43;INSERT;"REVOKE INSERT ON cdm_analysis_out.acc_acquisitions_daily_1_prt_43 FROM algalkin;"
algalkin;Галкин Андрей Леонидович (Andrey Galkin);acc_acquisitions_daily_1_prt_43;SELECT;"REVOKE SELECT ON cdm_analysis_out.acc_acquisitions_daily_1_prt_43 FROM algalkin;"
algalkin;Галкин Андрей Леонидович (Andrey Galkin);acc_acquisitions_daily_1_prt_43;UPDATE;"REVOKE UPDATE ON cdm_analysis_out.acc_acquisitions_daily_1_prt_43 FROM algalkin;"
algalkin;Галкин Андрей Леонидович (Andrey Galkin);acc_acquisitions_daily_1_prt_43;DELETE;"REVOKE DELETE ON cdm_analysis_out.acc_acquisitions_daily_1_prt_43 FROM algalkin;"
algalkin;Галкин Андрей Леонидович (Andrey Galkin);acc_acquisitions_daily_1_prt_43;TRUNCATE;"REVOKE TRUNCATE ON cdm_analysis_out.acc_acquisitions_daily_1_prt_43 FROM algalkin;"
algalkin;Галкин Андрей Леонидович (Andrey Galkin);acc_acquisitions_daily_1_prt_43;REFERENCES;"REVOKE REFERENCES ON cdm_analysis_out.acc_acquisitions_daily_1_prt_43 FROM algalkin;"
algalkin;Галкин Андрей Леонидович (Andrey Galkin);acc_acquisitions_daily_1_prt_43;TRIGGER;"REVOKE TRIGGER ON cdm_analysis_out.acc_acquisitions_daily_1_prt_43 FROM algalkin;"
algalkin;Галкин Андрей Леонидович (Andrey Galkin);acc_acquisitions_daily_1_prt_44;INSERT;"REVOKE INSERT ON cdm_analysis_out.acc_acquisitions_daily_1_prt_44 FROM algalkin;"
algalkin;Галкин Андрей Леонидович (Andrey Galkin);acc_acquisitions_daily_1_prt_44;SELECT;"REVOKE SELECT ON cdm_analysis_out.acc_acquisitions_daily_1_prt_44 FROM algalkin;"
algalkin;Галкин Андрей Леонидович (Andrey Galkin);acc_acquisitions_daily_1_prt_44;UPDATE;"REVOKE UPDATE ON cdm_analysis_out.acc_acquisitions_daily_1_prt_44 FROM algalkin;"
algalkin;Галкин Андрей Леонидович (Andrey Galkin);acc_acquisitions_daily_1_prt_44;DELETE;"REVOKE DELETE ON cdm_analysis_out.acc_acquisitions_daily_1_prt_44 FROM algalkin;"
algalkin;Галкин Андрей Леонидович (Andrey Galkin);acc_acquisitions_daily_1_prt_44;TRUNCATE;"REVOKE TRUNCATE ON cdm_analysis_out.acc_acquisitions_daily_1_prt_44 FROM algalkin;"
algalkin;Галкин Андрей Леонидович (Andrey Galkin);acc_acquisitions_daily_1_prt_44;REFERENCES;"REVOKE REFERENCES ON cdm_analysis_out.acc_acquisitions_daily_1_prt_44 FROM algalkin;"
algalkin;Галкин Андрей Леонидович (Andrey Galkin);acc_acquisitions_daily_1_prt_44;TRIGGER;"REVOKE TRIGGER ON cdm_analysis_out.acc_acquisitions_daily_1_prt_44 FROM algalkin;"
algalkin;Галкин Андрей Леонидович (Andrey Galkin);acc_acquisitions_daily_1_prt_45;INSERT;"REVOKE INSERT ON cdm_analysis_out.acc_acquisitions_daily_1_prt_45 FROM algalkin;"
algalkin;Галкин Андрей Леонидович (Andrey Galkin);acc_acquisitions_daily_1_prt_45;SELECT;"REVOKE SELECT ON cdm_analysis_out.acc_acquisitions_daily_1_prt_45 FROM algalkin;"
algalkin;Галкин Андрей Леонидович (Andrey Galkin);acc_acquisitions_daily_1_prt_45;UPDATE;"REVOKE UPDATE ON cdm_analysis_out.acc_acquisitions_daily_1_prt_45 FROM algalkin;"
algalkin;Галкин Андрей Леонидович (Andrey Galkin);acc_acquisitions_daily_1_prt_45;DELETE;"REVOKE DELETE ON cdm_analysis_out.acc_acquisitions_daily_1_prt_45 FROM algalkin;"
algalkin;Галкин Андрей Леонидович (Andrey Galkin);acc_acquisitions_daily_1_prt_45;TRUNCATE;"REVOKE TRUNCATE ON cdm_analysis_out.acc_acquisitions_daily_1_prt_45 FROM algalkin;"
algalkin;Галкин Андрей Леонидович (Andrey Galkin);acc_acquisitions_daily_1_prt_45;REFERENCES;"REVOKE REFERENCES ON cdm_analysis_out.acc_acquisitions_daily_1_prt_45 FROM algalkin;"
algalkin;Галкин Андрей Леонидович (Andrey Galkin);acc_acquisitions_daily_1_prt_45;TRIGGER;"REVOKE TRIGGER ON cdm_analysis_out.acc_acquisitions_daily_1_prt_45 FROM algalkin;"
algalkin;Галкин Андрей Леонидович (Andrey Galkin);acc_acquisitions_daily_1_prt_46;INSERT;"REVOKE INSERT ON cdm_analysis_out.acc_acquisitions_daily_1_prt_46 FROM algalkin;"
algalkin;Галкин Андрей Леонидович (Andrey Galkin);acc_acquisitions_daily_1_prt_46;SELECT;"REVOKE SELECT ON cdm_analysis_out.acc_acquisitions_daily_1_prt_46 FROM algalkin;"
algalkin;Галкин Андрей Леонидович (Andrey Galkin);acc_acquisitions_daily_1_prt_46;UPDATE;"REVOKE UPDATE ON cdm_analysis_out.acc_acquisitions_daily_1_prt_46 FROM algalkin;"
algalkin;Галкин Андрей Леонидович (Andrey Galkin);acc_acquisitions_daily_1_prt_46;DELETE;"REVOKE DELETE ON cdm_analysis_out.acc_acquisitions_daily_1_prt_46 FROM algalkin;"
algalkin;Галкин Андрей Леонидович (Andrey Galkin);acc_acquisitions_daily_1_prt_46;TRUNCATE;"REVOKE TRUNCATE ON cdm_analysis_out.acc_acquisitions_daily_1_prt_46 FROM algalkin;"
algalkin;Галкин Андрей Леонидович (Andrey Galkin);acc_acquisitions_daily_1_prt_46;REFERENCES;"REVOKE REFERENCES ON cdm_analysis_out.acc_acquisitions_daily_1_prt_46 FROM algalkin;"
algalkin;Галкин Андрей Леонидович (Andrey Galkin);acc_acquisitions_daily_1_prt_46;TRIGGER;"REVOKE TRIGGER ON cdm_analysis_out.acc_acquisitions_daily_1_prt_46 FROM algalkin;"
algalkin;Галкин Андрей Леонидович (Andrey Galkin);acc_acquisitions_daily_1_prt_47;INSERT;"REVOKE INSERT ON cdm_analysis_out.acc_acquisitions_daily_1_prt_47 FROM algalkin;"
algalkin;Галкин Андрей Леонидович (Andrey Galkin);acc_acquisitions_daily_1_prt_47;SELECT;"REVOKE SELECT ON cdm_analysis_out.acc_acquisitions_daily_1_prt_47 FROM algalkin;"
algalkin;Галкин Андрей Леонидович (Andrey Galkin);acc_acquisitions_daily_1_prt_47;UPDATE;"REVOKE UPDATE ON cdm_analysis_out.acc_acquisitions_daily_1_prt_47 FROM algalkin;"
algalkin;Галкин Андрей Леонидович (Andrey Galkin);acc_acquisitions_daily_1_prt_47;DELETE;"REVOKE DELETE ON cdm_analysis_out.acc_acquisitions_daily_1_prt_47 FROM algalkin;"
algalkin;Галкин Андрей Леонидович (Andrey Galkin);acc_acquisitions_daily_1_prt_47;TRUNCATE;"REVOKE TRUNCATE ON cdm_analysis_out.acc_acquisitions_daily_1_prt_47 FROM algalkin;"
algalkin;Галкин Андрей Леонидович (Andrey Galkin);acc_acquisitions_daily_1_prt_47;REFERENCES;"REVOKE REFERENCES ON cdm_analysis_out.acc_acquisitions_daily_1_prt_47 FROM algalkin;"
algalkin;Галкин Андрей Леонидович (Andrey Galkin);acc_acquisitions_daily_1_prt_47;TRIGGER;"REVOKE TRIGGER ON cdm_analysis_out.acc_acquisitions_daily_1_prt_47 FROM algalkin;"
algalkin;Галкин Андрей Леонидович (Andrey Galkin);acc_acquisitions_daily_1_prt_48;INSERT;"REVOKE INSERT ON cdm_analysis_out.acc_acquisitions_daily_1_prt_48 FROM algalkin;"
algalkin;Галкин Андрей Леонидович (Andrey Galkin);acc_acquisitions_daily_1_prt_48;SELECT;"REVOKE SELECT ON cdm_analysis_out.acc_acquisitions_daily_1_prt_48 FROM algalkin;"
algalkin;Галкин Андрей Леонидович (Andrey Galkin);acc_acquisitions_daily_1_prt_48;UPDATE;"REVOKE UPDATE ON cdm_analysis_out.acc_acquisitions_daily_1_prt_48 FROM algalkin;"
algalkin;Галкин Андрей Леонидович (Andrey Galkin);acc_acquisitions_daily_1_prt_48;DELETE;"REVOKE DELETE ON cdm_analysis_out.acc_acquisitions_daily_1_prt_48 FROM algalkin;"
algalkin;Галкин Андрей Леонидович (Andrey Galkin);acc_acquisitions_daily_1_prt_48;TRUNCATE;"REVOKE TRUNCATE ON cdm_analysis_out.acc_acquisitions_daily_1_prt_48 FROM algalkin;"
algalkin;Галкин Андрей Леонидович (Andrey Galkin);acc_acquisitions_daily_1_prt_48;REFERENCES;"REVOKE REFERENCES ON cdm_analysis_out.acc_acquisitions_daily_1_prt_48 FROM algalkin;"
algalkin;Галкин Андрей Леонидович (Andrey Galkin);acc_acquisitions_daily_1_prt_48;TRIGGER;"REVOKE TRIGGER ON cdm_analysis_out.acc_acquisitions_daily_1_prt_48 FROM algalkin;"
algalkin;Галкин Андрей Леонидович (Andrey Galkin);acc_acquisitions_daily_1_prt_49;INSERT;"REVOKE INSERT ON cdm_analysis_out.acc_acquisitions_daily_1_prt_49 FROM algalkin;"
algalkin;Галкин Андрей Леонидович (Andrey Galkin);acc_acquisitions_daily_1_prt_49;SELECT;"REVOKE SELECT ON cdm_analysis_out.acc_acquisitions_daily_1_prt_49 FROM algalkin;"
algalkin;Галкин Андрей Леонидович (Andrey Galkin);acc_acquisitions_daily_1_prt_49;UPDATE;"REVOKE UPDATE ON cdm_analysis_out.acc_acquisitions_daily_1_prt_49 FROM algalkin;"
algalkin;Галкин Андрей Леонидович (Andrey Galkin);acc_acquisitions_daily_1_prt_49;DELETE;"REVOKE DELETE ON cdm_analysis_out.acc_acquisitions_daily_1_prt_49 FROM algalkin;"
algalkin;Галкин Андрей Леонидович (Andrey Galkin);acc_acquisitions_daily_1_prt_49;TRUNCATE;"REVOKE TRUNCATE ON cdm_analysis_out.acc_acquisitions_daily_1_prt_49 FROM algalkin;"
algalkin;Галкин Андрей Леонидович (Andrey Galkin);acc_acquisitions_daily_1_prt_49;REFERENCES;"REVOKE REFERENCES ON cdm_analysis_out.acc_acquisitions_daily_1_prt_49 FROM algalkin;"
algalkin;Галкин Андрей Леонидович (Andrey Galkin);acc_acquisitions_daily_1_prt_49;TRIGGER;"REVOKE TRIGGER ON cdm_analysis_out.acc_acquisitions_daily_1_prt_49 FROM algalkin;"
algalkin;Галкин Андрей Леонидович (Andrey Galkin);acc_acquisitions_daily_1_prt_50;INSERT;"REVOKE INSERT ON cdm_analysis_out.acc_acquisitions_daily_1_prt_50 FROM algalkin;"
algalkin;Галкин Андрей Леонидович (Andrey Galkin);acc_acquisitions_daily_1_prt_50;SELECT;"REVOKE SELECT ON cdm_analysis_out.acc_acquisitions_daily_1_prt_50 FROM algalkin;"
algalkin;Галкин Андрей Леонидович (Andrey Galkin);acc_acquisitions_daily_1_prt_50;UPDATE;"REVOKE UPDATE ON cdm_analysis_out.acc_acquisitions_daily_1_prt_50 FROM algalkin;"
algalkin;Галкин Андрей Леонидович (Andrey Galkin);acc_acquisitions_daily_1_prt_50;DELETE;"REVOKE DELETE ON cdm_analysis_out.acc_acquisitions_daily_1_prt_50 FROM algalkin;"
algalkin;Галкин Андрей Леонидович (Andrey Galkin);acc_acquisitions_daily_1_prt_50;TRUNCATE;"REVOKE TRUNCATE ON cdm_analysis_out.acc_acquisitions_daily_1_prt_50 FROM algalkin;"
algalkin;Галкин Андрей Леонидович (Andrey Galkin);acc_acquisitions_daily_1_prt_50;REFERENCES;"REVOKE REFERENCES ON cdm_analysis_out.acc_acquisitions_daily_1_prt_50 FROM algalkin;"
algalkin;Галкин Андрей Леонидович (Andrey Galkin);acc_acquisitions_daily_1_prt_50;TRIGGER;"REVOKE TRIGGER ON cdm_analysis_out.acc_acquisitions_daily_1_prt_50 FROM algalkin;"
algalkin;Галкин Андрей Леонидович (Andrey Galkin);acc_acquisitions_daily_1_prt_51;INSERT;"REVOKE INSERT ON cdm_analysis_out.acc_acquisitions_daily_1_prt_51 FROM algalkin;"
algalkin;Галкин Андрей Леонидович (Andrey Galkin);acc_acquisitions_daily_1_prt_51;SELECT;"REVOKE SELECT ON cdm_analysis_out.acc_acquisitions_daily_1_prt_51 FROM algalkin;"
algalkin;Галкин Андрей Леонидович (Andrey Galkin);acc_acquisitions_daily_1_prt_51;UPDATE;"REVOKE UPDATE ON cdm_analysis_out.acc_acquisitions_daily_1_prt_51 FROM algalkin;"
algalkin;Галкин Андрей Леонидович (Andrey Galkin);acc_acquisitions_daily_1_prt_51;DELETE;"REVOKE DELETE ON cdm_analysis_out.acc_acquisitions_daily_1_prt_51 FROM algalkin;"
algalkin;Галкин Андрей Леонидович (Andrey Galkin);acc_acquisitions_daily_1_prt_51;TRUNCATE;"REVOKE TRUNCATE ON cdm_analysis_out.acc_acquisitions_daily_1_prt_51 FROM algalkin;"
algalkin;Галкин Андрей Леонидович (Andrey Galkin);acc_acquisitions_daily_1_prt_51;REFERENCES;"REVOKE REFERENCES ON cdm_analysis_out.acc_acquisitions_daily_1_prt_51 FROM algalkin;"
algalkin;Галкин Андрей Леонидович (Andrey Galkin);acc_acquisitions_daily_1_prt_51;TRIGGER;"REVOKE TRIGGER ON cdm_analysis_out.acc_acquisitions_daily_1_prt_51 FROM algalkin;"
algalkin;Галкин Андрей Леонидович (Andrey Galkin);acc_acquisitions_daily_1_prt_52;INSERT;"REVOKE INSERT ON cdm_analysis_out.acc_acquisitions_daily_1_prt_52 FROM algalkin;"
algalkin;Галкин Андрей Леонидович (Andrey Galkin);acc_acquisitions_daily_1_prt_52;SELECT;"REVOKE SELECT ON cdm_analysis_out.acc_acquisitions_daily_1_prt_52 FROM algalkin;"
algalkin;Галкин Андрей Леонидович (Andrey Galkin);acc_acquisitions_daily_1_prt_52;UPDATE;"REVOKE UPDATE ON cdm_analysis_out.acc_acquisitions_daily_1_prt_52 FROM algalkin;"
algalkin;Галкин Андрей Леонидович (Andrey Galkin);acc_acquisitions_daily_1_prt_52;DELETE;"REVOKE DELETE ON cdm_analysis_out.acc_acquisitions_daily_1_prt_52 FROM algalkin;"
algalkin;Галкин Андрей Леонидович (Andrey Galkin);acc_acquisitions_daily_1_prt_52;TRUNCATE;"REVOKE TRUNCATE ON cdm_analysis_out.acc_acquisitions_daily_1_prt_52 FROM algalkin;"
algalkin;Галкин Андрей Леонидович (Andrey Galkin);acc_acquisitions_daily_1_prt_52;REFERENCES;"REVOKE REFERENCES ON cdm_analysis_out.acc_acquisitions_daily_1_prt_52 FROM algalkin;"
algalkin;Галкин Андрей Леонидович (Andrey Galkin);acc_acquisitions_daily_1_prt_52;TRIGGER;"REVOKE TRIGGER ON cdm_analysis_out.acc_acquisitions_daily_1_prt_52 FROM algalkin;"
algalkin;Галкин Андрей Леонидович (Andrey Galkin);acc_acquisitions_daily_1_prt_53;INSERT;"REVOKE INSERT ON cdm_analysis_out.acc_acquisitions_daily_1_prt_53 FROM algalkin;"
algalkin;Галкин Андрей Леонидович (Andrey Galkin);acc_acquisitions_daily_1_prt_53;SELECT;"REVOKE SELECT ON cdm_analysis_out.acc_acquisitions_daily_1_prt_53 FROM algalkin;"
algalkin;Галкин Андрей Леонидович (Andrey Galkin);acc_acquisitions_daily_1_prt_53;UPDATE;"REVOKE UPDATE ON cdm_analysis_out.acc_acquisitions_daily_1_prt_53 FROM algalkin;"
algalkin;Галкин Андрей Леонидович (Andrey Galkin);acc_acquisitions_daily_1_prt_53;DELETE;"REVOKE DELETE ON cdm_analysis_out.acc_acquisitions_daily_1_prt_53 FROM algalkin;"
algalkin;Галкин Андрей Леонидович (Andrey Galkin);acc_acquisitions_daily_1_prt_53;TRUNCATE;"REVOKE TRUNCATE ON cdm_analysis_out.acc_acquisitions_daily_1_prt_53 FROM algalkin;"
algalkin;Галкин Андрей Леонидович (Andrey Galkin);acc_acquisitions_daily_1_prt_53;REFERENCES;"REVOKE REFERENCES ON cdm_analysis_out.acc_acquisitions_daily_1_prt_53 FROM algalkin;"
algalkin;Галкин Андрей Леонидович (Andrey Galkin);acc_acquisitions_daily_1_prt_53;TRIGGER;"REVOKE TRIGGER ON cdm_analysis_out.acc_acquisitions_daily_1_prt_53 FROM algalkin;"
algalkin;Галкин Андрей Леонидович (Andrey Galkin);acc_acquisitions_daily_1_prt_54;INSERT;"REVOKE INSERT ON cdm_analysis_out.acc_acquisitions_daily_1_prt_54 FROM algalkin;"
algalkin;Галкин Андрей Леонидович (Andrey Galkin);acc_acquisitions_daily_1_prt_54;SELECT;"REVOKE SELECT ON cdm_analysis_out.acc_acquisitions_daily_1_prt_54 FROM algalkin;"
algalkin;Галкин Андрей Леонидович (Andrey Galkin);acc_acquisitions_daily_1_prt_54;UPDATE;"REVOKE UPDATE ON cdm_analysis_out.acc_acquisitions_daily_1_prt_54 FROM algalkin;"
algalkin;Галкин Андрей Леонидович (Andrey Galkin);acc_acquisitions_daily_1_prt_54;DELETE;"REVOKE DELETE ON cdm_analysis_out.acc_acquisitions_daily_1_prt_54 FROM algalkin;"
algalkin;Галкин Андрей Леонидович (Andrey Galkin);acc_acquisitions_daily_1_prt_54;TRUNCATE;"REVOKE TRUNCATE ON cdm_analysis_out.acc_acquisitions_daily_1_prt_54 FROM algalkin;"
algalkin;Галкин Андрей Леонидович (Andrey Galkin);acc_acquisitions_daily_1_prt_54;REFERENCES;"REVOKE REFERENCES ON cdm_analysis_out.acc_acquisitions_daily_1_prt_54 FROM algalkin;"
algalkin;Галкин Андрей Леонидович (Andrey Galkin);acc_acquisitions_daily_1_prt_54;TRIGGER;"REVOKE TRIGGER ON cdm_analysis_out.acc_acquisitions_daily_1_prt_54 FROM algalkin;"
algalkin;Галкин Андрей Леонидович (Andrey Galkin);acc_acquisitions_daily_1_prt_55;INSERT;"REVOKE INSERT ON cdm_analysis_out.acc_acquisitions_daily_1_prt_55 FROM algalkin;"
algalkin;Галкин Андрей Леонидович (Andrey Galkin);acc_acquisitions_daily_1_prt_55;SELECT;"REVOKE SELECT ON cdm_analysis_out.acc_acquisitions_daily_1_prt_55 FROM algalkin;"
algalkin;Галкин Андрей Леонидович (Andrey Galkin);acc_acquisitions_daily_1_prt_55;UPDATE;"REVOKE UPDATE ON cdm_analysis_out.acc_acquisitions_daily_1_prt_55 FROM algalkin;"
algalkin;Галкин Андрей Леонидович (Andrey Galkin);acc_acquisitions_daily_1_prt_55;DELETE;"REVOKE DELETE ON cdm_analysis_out.acc_acquisitions_daily_1_prt_55 FROM algalkin;"
algalkin;Галкин Андрей Леонидович (Andrey Galkin);acc_acquisitions_daily_1_prt_55;TRUNCATE;"REVOKE TRUNCATE ON cdm_analysis_out.acc_acquisitions_daily_1_prt_55 FROM algalkin;"
algalkin;Галкин Андрей Леонидович (Andrey Galkin);acc_acquisitions_daily_1_prt_55;REFERENCES;"REVOKE REFERENCES ON cdm_analysis_out.acc_acquisitions_daily_1_prt_55 FROM algalkin;"
algalkin;Галкин Андрей Леонидович (Andrey Galkin);acc_acquisitions_daily_1_prt_55;TRIGGER;"REVOKE TRIGGER ON cdm_analysis_out.acc_acquisitions_daily_1_prt_55 FROM algalkin;"
algalkin;Галкин Андрей Леонидович (Andrey Galkin);acc_acquisitions_daily_1_prt_56;INSERT;"REVOKE INSERT ON cdm_analysis_out.acc_acquisitions_daily_1_prt_56 FROM algalkin;"
algalkin;Галкин Андрей Леонидович (Andrey Galkin);acc_acquisitions_daily_1_prt_56;SELECT;"REVOKE SELECT ON cdm_analysis_out.acc_acquisitions_daily_1_prt_56 FROM algalkin;"
algalkin;Галкин Андрей Леонидович (Andrey Galkin);acc_acquisitions_daily_1_prt_56;UPDATE;"REVOKE UPDATE ON cdm_analysis_out.acc_acquisitions_daily_1_prt_56 FROM algalkin;"
algalkin;Галкин Андрей Леонидович (Andrey Galkin);acc_acquisitions_daily_1_prt_56;DELETE;"REVOKE DELETE ON cdm_analysis_out.acc_acquisitions_daily_1_prt_56 FROM algalkin;"
algalkin;Галкин Андрей Леонидович (Andrey Galkin);acc_acquisitions_daily_1_prt_56;TRUNCATE;"REVOKE TRUNCATE ON cdm_analysis_out.acc_acquisitions_daily_1_prt_56 FROM algalkin;"
algalkin;Галкин Андрей Леонидович (Andrey Galkin);acc_acquisitions_daily_1_prt_56;REFERENCES;"REVOKE REFERENCES ON cdm_analysis_out.acc_acquisitions_daily_1_prt_56 FROM algalkin;"
algalkin;Галкин Андрей Леонидович (Andrey Galkin);acc_acquisitions_daily_1_prt_56;TRIGGER;"REVOKE TRIGGER ON cdm_analysis_out.acc_acquisitions_daily_1_prt_56 FROM algalkin;"
algalkin;Галкин Андрей Леонидович (Andrey Galkin);acc_acquisitions_daily_1_prt_57;INSERT;"REVOKE INSERT ON cdm_analysis_out.acc_acquisitions_daily_1_prt_57 FROM algalkin;"
algalkin;Галкин Андрей Леонидович (Andrey Galkin);acc_acquisitions_daily_1_prt_57;SELECT;"REVOKE SELECT ON cdm_analysis_out.acc_acquisitions_daily_1_prt_57 FROM algalkin;"
algalkin;Галкин Андрей Леонидович (Andrey Galkin);acc_acquisitions_daily_1_prt_57;UPDATE;"REVOKE UPDATE ON cdm_analysis_out.acc_acquisitions_daily_1_prt_57 FROM algalkin;"
algalkin;Галкин Андрей Леонидович (Andrey Galkin);acc_acquisitions_daily_1_prt_57;DELETE;"REVOKE DELETE ON cdm_analysis_out.acc_acquisitions_daily_1_prt_57 FROM algalkin;"
algalkin;Галкин Андрей Леонидович (Andrey Galkin);acc_acquisitions_daily_1_prt_57;TRUNCATE;"REVOKE TRUNCATE ON cdm_analysis_out.acc_acquisitions_daily_1_prt_57 FROM algalkin;"
algalkin;Галкин Андрей Леонидович (Andrey Galkin);acc_acquisitions_daily_1_prt_57;REFERENCES;"REVOKE REFERENCES ON cdm_analysis_out.acc_acquisitions_daily_1_prt_57 FROM algalkin;"
algalkin;Галкин Андрей Леонидович (Andrey Galkin);acc_acquisitions_daily_1_prt_57;TRIGGER;"REVOKE TRIGGER ON cdm_analysis_out.acc_acquisitions_daily_1_prt_57 FROM algalkin;"
algalkin;Галкин Андрей Леонидович (Andrey Galkin);acc_acquisitions_daily_1_prt_58;INSERT;"REVOKE INSERT ON cdm_analysis_out.acc_acquisitions_daily_1_prt_58 FROM algalkin;"
algalkin;Галкин Андрей Леонидович (Andrey Galkin);acc_acquisitions_daily_1_prt_58;SELECT;"REVOKE SELECT ON cdm_analysis_out.acc_acquisitions_daily_1_prt_58 FROM algalkin;"
algalkin;Галкин Андрей Леонидович (Andrey Galkin);acc_acquisitions_daily_1_prt_58;UPDATE;"REVOKE UPDATE ON cdm_analysis_out.acc_acquisitions_daily_1_prt_58 FROM algalkin;"
algalkin;Галкин Андрей Леонидович (Andrey Galkin);acc_acquisitions_daily_1_prt_58;DELETE;"REVOKE DELETE ON cdm_analysis_out.acc_acquisitions_daily_1_prt_58 FROM algalkin;"
algalkin;Галкин Андрей Леонидович (Andrey Galkin);acc_acquisitions_daily_1_prt_58;TRUNCATE;"REVOKE TRUNCATE ON cdm_analysis_out.acc_acquisitions_daily_1_prt_58 FROM algalkin;"
algalkin;Галкин Андрей Леонидович (Andrey Galkin);acc_acquisitions_daily_1_prt_58;REFERENCES;"REVOKE REFERENCES ON cdm_analysis_out.acc_acquisitions_daily_1_prt_58 FROM algalkin;"
algalkin;Галкин Андрей Леонидович (Andrey Galkin);acc_acquisitions_daily_1_prt_58;TRIGGER;"REVOKE TRIGGER ON cdm_analysis_out.acc_acquisitions_daily_1_prt_58 FROM algalkin;"
algalkin;Галкин Андрей Леонидович (Andrey Galkin);acc_acquisitions_daily_1_prt_59;INSERT;"REVOKE INSERT ON cdm_analysis_out.acc_acquisitions_daily_1_prt_59 FROM algalkin;"
algalkin;Галкин Андрей Леонидович (Andrey Galkin);acc_acquisitions_daily_1_prt_59;SELECT;"REVOKE SELECT ON cdm_analysis_out.acc_acquisitions_daily_1_prt_59 FROM algalkin;"
algalkin;Галкин Андрей Леонидович (Andrey Galkin);acc_acquisitions_daily_1_prt_59;UPDATE;"REVOKE UPDATE ON cdm_analysis_out.acc_acquisitions_daily_1_prt_59 FROM algalkin;"
algalkin;Галкин Андрей Леонидович (Andrey Galkin);acc_acquisitions_daily_1_prt_59;DELETE;"REVOKE DELETE ON cdm_analysis_out.acc_acquisitions_daily_1_prt_59 FROM algalkin;"
algalkin;Галкин Андрей Леонидович (Andrey Galkin);acc_acquisitions_daily_1_prt_59;TRUNCATE;"REVOKE TRUNCATE ON cdm_analysis_out.acc_acquisitions_daily_1_prt_59 FROM algalkin;"
algalkin;Галкин Андрей Леонидович (Andrey Galkin);acc_acquisitions_daily_1_prt_59;REFERENCES;"REVOKE REFERENCES ON cdm_analysis_out.acc_acquisitions_daily_1_prt_59 FROM algalkin;"
algalkin;Галкин Андрей Леонидович (Andrey Galkin);acc_acquisitions_daily_1_prt_59;TRIGGER;"REVOKE TRIGGER ON cdm_analysis_out.acc_acquisitions_daily_1_prt_59 FROM algalkin;"
algalkin;Галкин Андрей Леонидович (Andrey Galkin);acc_acquisitions_daily_1_prt_60;INSERT;"REVOKE INSERT ON cdm_analysis_out.acc_acquisitions_daily_1_prt_60 FROM algalkin;"
algalkin;Галкин Андрей Леонидович (Andrey Galkin);acc_acquisitions_daily_1_prt_60;SELECT;"REVOKE SELECT ON cdm_analysis_out.acc_acquisitions_daily_1_prt_60 FROM algalkin;"
algalkin;Галкин Андрей Леонидович (Andrey Galkin);acc_acquisitions_daily_1_prt_60;UPDATE;"REVOKE UPDATE ON cdm_analysis_out.acc_acquisitions_daily_1_prt_60 FROM algalkin;"
algalkin;Галкин Андрей Леонидович (Andrey Galkin);acc_acquisitions_daily_1_prt_60;DELETE;"REVOKE DELETE ON cdm_analysis_out.acc_acquisitions_daily_1_prt_60 FROM algalkin;"
algalkin;Галкин Андрей Леонидович (Andrey Galkin);acc_acquisitions_daily_1_prt_60;TRUNCATE;"REVOKE TRUNCATE ON cdm_analysis_out.acc_acquisitions_daily_1_prt_60 FROM algalkin;"
algalkin;Галкин Андрей Леонидович (Andrey Galkin);acc_acquisitions_daily_1_prt_60;REFERENCES;"REVOKE REFERENCES ON cdm_analysis_out.acc_acquisitions_daily_1_prt_60 FROM algalkin;"
algalkin;Галкин Андрей Леонидович (Andrey Galkin);acc_acquisitions_daily_1_prt_60;TRIGGER;"REVOKE TRIGGER ON cdm_analysis_out.acc_acquisitions_daily_1_prt_60 FROM algalkin;"
algalkin;Галкин Андрей Леонидович (Andrey Galkin);acc_acquisitions_daily_1_prt_61;INSERT;"REVOKE INSERT ON cdm_analysis_out.acc_acquisitions_daily_1_prt_61 FROM algalkin;"
algalkin;Галкин Андрей Леонидович (Andrey Galkin);acc_acquisitions_daily_1_prt_61;SELECT;"REVOKE SELECT ON cdm_analysis_out.acc_acquisitions_daily_1_prt_61 FROM algalkin;"
algalkin;Галкин Андрей Леонидович (Andrey Galkin);acc_acquisitions_daily_1_prt_61;UPDATE;"REVOKE UPDATE ON cdm_analysis_out.acc_acquisitions_daily_1_prt_61 FROM algalkin;"
algalkin;Галкин Андрей Леонидович (Andrey Galkin);acc_acquisitions_daily_1_prt_61;DELETE;"REVOKE DELETE ON cdm_analysis_out.acc_acquisitions_daily_1_prt_61 FROM algalkin;"
algalkin;Галкин Андрей Леонидович (Andrey Galkin);acc_acquisitions_daily_1_prt_61;TRUNCATE;"REVOKE TRUNCATE ON cdm_analysis_out.acc_acquisitions_daily_1_prt_61 FROM algalkin;"
algalkin;Галкин Андрей Леонидович (Andrey Galkin);acc_acquisitions_daily_1_prt_61;REFERENCES;"REVOKE REFERENCES ON cdm_analysis_out.acc_acquisitions_daily_1_prt_61 FROM algalkin;"
algalkin;Галкин Андрей Леонидович (Andrey Galkin);acc_acquisitions_daily_1_prt_61;TRIGGER;"REVOKE TRIGGER ON cdm_analysis_out.acc_acquisitions_daily_1_prt_61 FROM algalkin;"
algalkin;Галкин Андрей Леонидович (Andrey Galkin);acc_acquisitions_daily_1_prt_62;INSERT;"REVOKE INSERT ON cdm_analysis_out.acc_acquisitions_daily_1_prt_62 FROM algalkin;"
algalkin;Галкин Андрей Леонидович (Andrey Galkin);acc_acquisitions_daily_1_prt_62;SELECT;"REVOKE SELECT ON cdm_analysis_out.acc_acquisitions_daily_1_prt_62 FROM algalkin;"
algalkin;Галкин Андрей Леонидович (Andrey Galkin);acc_acquisitions_daily_1_prt_62;UPDATE;"REVOKE UPDATE ON cdm_analysis_out.acc_acquisitions_daily_1_prt_62 FROM algalkin;"
algalkin;Галкин Андрей Леонидович (Andrey Galkin);acc_acquisitions_daily_1_prt_62;DELETE;"REVOKE DELETE ON cdm_analysis_out.acc_acquisitions_daily_1_prt_62 FROM algalkin;"
algalkin;Галкин Андрей Леонидович (Andrey Galkin);acc_acquisitions_daily_1_prt_62;TRUNCATE;"REVOKE TRUNCATE ON cdm_analysis_out.acc_acquisitions_daily_1_prt_62 FROM algalkin;"
algalkin;Галкин Андрей Леонидович (Andrey Galkin);acc_acquisitions_daily_1_prt_62;REFERENCES;"REVOKE REFERENCES ON cdm_analysis_out.acc_acquisitions_daily_1_prt_62 FROM algalkin;"
algalkin;Галкин Андрей Леонидович (Andrey Galkin);acc_acquisitions_daily_1_prt_62;TRIGGER;"REVOKE TRIGGER ON cdm_analysis_out.acc_acquisitions_daily_1_prt_62 FROM algalkin;"
algalkin;Галкин Андрей Леонидович (Andrey Galkin);acc_acquisitions_daily_1_prt_63;INSERT;"REVOKE INSERT ON cdm_analysis_out.acc_acquisitions_daily_1_prt_63 FROM algalkin;"
algalkin;Галкин Андрей Леонидович (Andrey Galkin);acc_acquisitions_daily_1_prt_63;SELECT;"REVOKE SELECT ON cdm_analysis_out.acc_acquisitions_daily_1_prt_63 FROM algalkin;"
algalkin;Галкин Андрей Леонидович (Andrey Galkin);acc_acquisitions_daily_1_prt_63;UPDATE;"REVOKE UPDATE ON cdm_analysis_out.acc_acquisitions_daily_1_prt_63 FROM algalkin;"
algalkin;Галкин Андрей Леонидович (Andrey Galkin);acc_acquisitions_daily_1_prt_63;DELETE;"REVOKE DELETE ON cdm_analysis_out.acc_acquisitions_daily_1_prt_63 FROM algalkin;"
algalkin;Галкин Андрей Леонидович (Andrey Galkin);acc_acquisitions_daily_1_prt_63;TRUNCATE;"REVOKE TRUNCATE ON cdm_analysis_out.acc_acquisitions_daily_1_prt_63 FROM algalkin;"
algalkin;Галкин Андрей Леонидович (Andrey Galkin);acc_acquisitions_daily_1_prt_63;REFERENCES;"REVOKE REFERENCES ON cdm_analysis_out.acc_acquisitions_daily_1_prt_63 FROM algalkin;"
algalkin;Галкин Андрей Леонидович (Andrey Galkin);acc_acquisitions_daily_1_prt_63;TRIGGER;"REVOKE TRIGGER ON cdm_analysis_out.acc_acquisitions_daily_1_prt_63 FROM algalkin;"
algalkin;Галкин Андрей Леонидович (Andrey Galkin);acc_acquisitions_daily_1_prt_64;INSERT;"REVOKE INSERT ON cdm_analysis_out.acc_acquisitions_daily_1_prt_64 FROM algalkin;"
algalkin;Галкин Андрей Леонидович (Andrey Galkin);acc_acquisitions_daily_1_prt_64;SELECT;"REVOKE SELECT ON cdm_analysis_out.acc_acquisitions_daily_1_prt_64 FROM algalkin;"
algalkin;Галкин Андрей Леонидович (Andrey Galkin);acc_acquisitions_daily_1_prt_64;UPDATE;"REVOKE UPDATE ON cdm_analysis_out.acc_acquisitions_daily_1_prt_64 FROM algalkin;"
algalkin;Галкин Андрей Леонидович (Andrey Galkin);acc_acquisitions_daily_1_prt_64;DELETE;"REVOKE DELETE ON cdm_analysis_out.acc_acquisitions_daily_1_prt_64 FROM algalkin;"
algalkin;Галкин Андрей Леонидович (Andrey Galkin);acc_acquisitions_daily_1_prt_64;TRUNCATE;"REVOKE TRUNCATE ON cdm_analysis_out.acc_acquisitions_daily_1_prt_64 FROM algalkin;"
algalkin;Галкин Андрей Леонидович (Andrey Galkin);acc_acquisitions_daily_1_prt_64;REFERENCES;"REVOKE REFERENCES ON cdm_analysis_out.acc_acquisitions_daily_1_prt_64 FROM algalkin;"
algalkin;Галкин Андрей Леонидович (Andrey Galkin);acc_acquisitions_daily_1_prt_64;TRIGGER;"REVOKE TRIGGER ON cdm_analysis_out.acc_acquisitions_daily_1_prt_64 FROM algalkin;"
algalkin;Галкин Андрей Леонидович (Andrey Galkin);acc_acquisitions_daily_1_prt_65;INSERT;"REVOKE INSERT ON cdm_analysis_out.acc_acquisitions_daily_1_prt_65 FROM algalkin;"
algalkin;Галкин Андрей Леонидович (Andrey Galkin);acc_acquisitions_daily_1_prt_65;SELECT;"REVOKE SELECT ON cdm_analysis_out.acc_acquisitions_daily_1_prt_65 FROM algalkin;"
algalkin;Галкин Андрей Леонидович (Andrey Galkin);acc_acquisitions_daily_1_prt_65;UPDATE;"REVOKE UPDATE ON cdm_analysis_out.acc_acquisitions_daily_1_prt_65 FROM algalkin;"
algalkin;Галкин Андрей Леонидович (Andrey Galkin);acc_acquisitions_daily_1_prt_65;DELETE;"REVOKE DELETE ON cdm_analysis_out.acc_acquisitions_daily_1_prt_65 FROM algalkin;"
algalkin;Галкин Андрей Леонидович (Andrey Galkin);acc_acquisitions_daily_1_prt_65;TRUNCATE;"REVOKE TRUNCATE ON cdm_analysis_out.acc_acquisitions_daily_1_prt_65 FROM algalkin;"
algalkin;Галкин Андрей Леонидович (Andrey Galkin);acc_acquisitions_daily_1_prt_65;REFERENCES;"REVOKE REFERENCES ON cdm_analysis_out.acc_acquisitions_daily_1_prt_65 FROM algalkin;"
algalkin;Галкин Андрей Леонидович (Andrey Galkin);acc_acquisitions_daily_1_prt_65;TRIGGER;"REVOKE TRIGGER ON cdm_analysis_out.acc_acquisitions_daily_1_prt_65 FROM algalkin;"
algalkin;Галкин Андрей Леонидович (Andrey Galkin);acc_acquisitions_daily_1_prt_66;INSERT;"REVOKE INSERT ON cdm_analysis_out.acc_acquisitions_daily_1_prt_66 FROM algalkin;"
algalkin;Галкин Андрей Леонидович (Andrey Galkin);acc_acquisitions_daily_1_prt_66;SELECT;"REVOKE SELECT ON cdm_analysis_out.acc_acquisitions_daily_1_prt_66 FROM algalkin;"
algalkin;Галкин Андрей Леонидович (Andrey Galkin);acc_acquisitions_daily_1_prt_66;UPDATE;"REVOKE UPDATE ON cdm_analysis_out.acc_acquisitions_daily_1_prt_66 FROM algalkin;"
algalkin;Галкин Андрей Леонидович (Andrey Galkin);acc_acquisitions_daily_1_prt_66;DELETE;"REVOKE DELETE ON cdm_analysis_out.acc_acquisitions_daily_1_prt_66 FROM algalkin;"
algalkin;Галкин Андрей Леонидович (Andrey Galkin);acc_acquisitions_daily_1_prt_66;TRUNCATE;"REVOKE TRUNCATE ON cdm_analysis_out.acc_acquisitions_daily_1_prt_66 FROM algalkin;"
algalkin;Галкин Андрей Леонидович (Andrey Galkin);acc_acquisitions_daily_1_prt_66;REFERENCES;"REVOKE REFERENCES ON cdm_analysis_out.acc_acquisitions_daily_1_prt_66 FROM algalkin;"
algalkin;Галкин Андрей Леонидович (Andrey Galkin);acc_acquisitions_daily_1_prt_66;TRIGGER;"REVOKE TRIGGER ON cdm_analysis_out.acc_acquisitions_daily_1_prt_66 FROM algalkin;"
algalkin;Галкин Андрей Леонидович (Andrey Galkin);acc_acquisitions_daily_1_prt_67;INSERT;"REVOKE INSERT ON cdm_analysis_out.acc_acquisitions_daily_1_prt_67 FROM algalkin;"
algalkin;Галкин Андрей Леонидович (Andrey Galkin);acc_acquisitions_daily_1_prt_67;SELECT;"REVOKE SELECT ON cdm_analysis_out.acc_acquisitions_daily_1_prt_67 FROM algalkin;"
algalkin;Галкин Андрей Леонидович (Andrey Galkin);acc_acquisitions_daily_1_prt_67;UPDATE;"REVOKE UPDATE ON cdm_analysis_out.acc_acquisitions_daily_1_prt_67 FROM algalkin;"
algalkin;Галкин Андрей Леонидович (Andrey Galkin);acc_acquisitions_daily_1_prt_67;DELETE;"REVOKE DELETE ON cdm_analysis_out.acc_acquisitions_daily_1_prt_67 FROM algalkin;"
algalkin;Галкин Андрей Леонидович (Andrey Galkin);acc_acquisitions_daily_1_prt_67;TRUNCATE;"REVOKE TRUNCATE ON cdm_analysis_out.acc_acquisitions_daily_1_prt_67 FROM algalkin;"
algalkin;Галкин Андрей Леонидович (Andrey Galkin);acc_acquisitions_daily_1_prt_67;REFERENCES;"REVOKE REFERENCES ON cdm_analysis_out.acc_acquisitions_daily_1_prt_67 FROM algalkin;"
algalkin;Галкин Андрей Леонидович (Andrey Galkin);acc_acquisitions_daily_1_prt_67;TRIGGER;"REVOKE TRIGGER ON cdm_analysis_out.acc_acquisitions_daily_1_prt_67 FROM algalkin;"
algalkin;Галкин Андрей Леонидович (Andrey Galkin);acc_acquisitions_daily_1_prt_68;INSERT;"REVOKE INSERT ON cdm_analysis_out.acc_acquisitions_daily_1_prt_68 FROM algalkin;"
algalkin;Галкин Андрей Леонидович (Andrey Galkin);acc_acquisitions_daily_1_prt_68;SELECT;"REVOKE SELECT ON cdm_analysis_out.acc_acquisitions_daily_1_prt_68 FROM algalkin;"
algalkin;Галкин Андрей Леонидович (Andrey Galkin);acc_acquisitions_daily_1_prt_68;UPDATE;"REVOKE UPDATE ON cdm_analysis_out.acc_acquisitions_daily_1_prt_68 FROM algalkin;"
algalkin;Галкин Андрей Леонидович (Andrey Galkin);acc_acquisitions_daily_1_prt_68;DELETE;"REVOKE DELETE ON cdm_analysis_out.acc_acquisitions_daily_1_prt_68 FROM algalkin;"
algalkin;Галкин Андрей Леонидович (Andrey Galkin);acc_acquisitions_daily_1_prt_68;TRUNCATE;"REVOKE TRUNCATE ON cdm_analysis_out.acc_acquisitions_daily_1_prt_68 FROM algalkin;"
algalkin;Галкин Андрей Леонидович (Andrey Galkin);acc_acquisitions_daily_1_prt_68;REFERENCES;"REVOKE REFERENCES ON cdm_analysis_out.acc_acquisitions_daily_1_prt_68 FROM algalkin;"
algalkin;Галкин Андрей Леонидович (Andrey Galkin);acc_acquisitions_daily_1_prt_68;TRIGGER;"REVOKE TRIGGER ON cdm_analysis_out.acc_acquisitions_daily_1_prt_68 FROM algalkin;"
algalkin;Галкин Андрей Леонидович (Andrey Galkin);acc_acquisitions_daily_1_prt_69;INSERT;"REVOKE INSERT ON cdm_analysis_out.acc_acquisitions_daily_1_prt_69 FROM algalkin;"
algalkin;Галкин Андрей Леонидович (Andrey Galkin);acc_acquisitions_daily_1_prt_69;SELECT;"REVOKE SELECT ON cdm_analysis_out.acc_acquisitions_daily_1_prt_69 FROM algalkin;"
algalkin;Галкин Андрей Леонидович (Andrey Galkin);acc_acquisitions_daily_1_prt_69;UPDATE;"REVOKE UPDATE ON cdm_analysis_out.acc_acquisitions_daily_1_prt_69 FROM algalkin;"
algalkin;Галкин Андрей Леонидович (Andrey Galkin);acc_acquisitions_daily_1_prt_69;DELETE;"REVOKE DELETE ON cdm_analysis_out.acc_acquisitions_daily_1_prt_69 FROM algalkin;"
algalkin;Галкин Андрей Леонидович (Andrey Galkin);acc_acquisitions_daily_1_prt_69;TRUNCATE;"REVOKE TRUNCATE ON cdm_analysis_out.acc_acquisitions_daily_1_prt_69 FROM algalkin;"
algalkin;Галкин Андрей Леонидович (Andrey Galkin);acc_acquisitions_daily_1_prt_69;REFERENCES;"REVOKE REFERENCES ON cdm_analysis_out.acc_acquisitions_daily_1_prt_69 FROM algalkin;"
algalkin;Галкин Андрей Леонидович (Andrey Galkin);acc_acquisitions_daily_1_prt_69;TRIGGER;"REVOKE TRIGGER ON cdm_analysis_out.acc_acquisitions_daily_1_prt_69 FROM algalkin;"
algalkin;Галкин Андрей Леонидович (Andrey Galkin);acc_acquisitions_daily_1_prt_70;INSERT;"REVOKE INSERT ON cdm_analysis_out.acc_acquisitions_daily_1_prt_70 FROM algalkin;"
algalkin;Галкин Андрей Леонидович (Andrey Galkin);acc_acquisitions_daily_1_prt_70;SELECT;"REVOKE SELECT ON cdm_analysis_out.acc_acquisitions_daily_1_prt_70 FROM algalkin;"
algalkin;Галкин Андрей Леонидович (Andrey Galkin);acc_acquisitions_daily_1_prt_70;UPDATE;"REVOKE UPDATE ON cdm_analysis_out.acc_acquisitions_daily_1_prt_70 FROM algalkin;"
algalkin;Галкин Андрей Леонидович (Andrey Galkin);acc_acquisitions_daily_1_prt_70;DELETE;"REVOKE DELETE ON cdm_analysis_out.acc_acquisitions_daily_1_prt_70 FROM algalkin;"
algalkin;Галкин Андрей Леонидович (Andrey Galkin);acc_acquisitions_daily_1_prt_70;TRUNCATE;"REVOKE TRUNCATE ON cdm_analysis_out.acc_acquisitions_daily_1_prt_70 FROM algalkin;"
algalkin;Галкин Андрей Леонидович (Andrey Galkin);acc_acquisitions_daily_1_prt_70;REFERENCES;"REVOKE REFERENCES ON cdm_analysis_out.acc_acquisitions_daily_1_prt_70 FROM algalkin;"
algalkin;Галкин Андрей Леонидович (Andrey Galkin);acc_acquisitions_daily_1_prt_70;TRIGGER;"REVOKE TRIGGER ON cdm_analysis_out.acc_acquisitions_daily_1_prt_70 FROM algalkin;"
algalkin;Галкин Андрей Леонидович (Andrey Galkin);acc_acquisitions_daily_1_prt_71;INSERT;"REVOKE INSERT ON cdm_analysis_out.acc_acquisitions_daily_1_prt_71 FROM algalkin;"
algalkin;Галкин Андрей Леонидович (Andrey Galkin);acc_acquisitions_daily_1_prt_71;SELECT;"REVOKE SELECT ON cdm_analysis_out.acc_acquisitions_daily_1_prt_71 FROM algalkin;"
algalkin;Галкин Андрей Леонидович (Andrey Galkin);acc_acquisitions_daily_1_prt_71;UPDATE;"REVOKE UPDATE ON cdm_analysis_out.acc_acquisitions_daily_1_prt_71 FROM algalkin;"
algalkin;Галкин Андрей Леонидович (Andrey Galkin);acc_acquisitions_daily_1_prt_71;DELETE;"REVOKE DELETE ON cdm_analysis_out.acc_acquisitions_daily_1_prt_71 FROM algalkin;"
algalkin;Галкин Андрей Леонидович (Andrey Galkin);acc_acquisitions_daily_1_prt_71;TRUNCATE;"REVOKE TRUNCATE ON cdm_analysis_out.acc_acquisitions_daily_1_prt_71 FROM algalkin;"
algalkin;Галкин Андрей Леонидович (Andrey Galkin);acc_acquisitions_daily_1_prt_71;REFERENCES;"REVOKE REFERENCES ON cdm_analysis_out.acc_acquisitions_daily_1_prt_71 FROM algalkin;"
algalkin;Галкин Андрей Леонидович (Andrey Galkin);acc_acquisitions_daily_1_prt_71;TRIGGER;"REVOKE TRIGGER ON cdm_analysis_out.acc_acquisitions_daily_1_prt_71 FROM algalkin;"
algalkin;Галкин Андрей Леонидович (Andrey Galkin);acc_acquisitions_daily_1_prt_72;INSERT;"REVOKE INSERT ON cdm_analysis_out.acc_acquisitions_daily_1_prt_72 FROM algalkin;"
algalkin;Галкин Андрей Леонидович (Andrey Galkin);acc_acquisitions_daily_1_prt_72;SELECT;"REVOKE SELECT ON cdm_analysis_out.acc_acquisitions_daily_1_prt_72 FROM algalkin;"
algalkin;Галкин Андрей Леонидович (Andrey Galkin);acc_acquisitions_daily_1_prt_72;UPDATE;"REVOKE UPDATE ON cdm_analysis_out.acc_acquisitions_daily_1_prt_72 FROM algalkin;"
algalkin;Галкин Андрей Леонидович (Andrey Galkin);acc_acquisitions_daily_1_prt_72;DELETE;"REVOKE DELETE ON cdm_analysis_out.acc_acquisitions_daily_1_prt_72 FROM algalkin;"
algalkin;Галкин Андрей Леонидович (Andrey Galkin);acc_acquisitions_daily_1_prt_72;TRUNCATE;"REVOKE TRUNCATE ON cdm_analysis_out.acc_acquisitions_daily_1_prt_72 FROM algalkin;"
algalkin;Галкин Андрей Леонидович (Andrey Galkin);acc_acquisitions_daily_1_prt_72;REFERENCES;"REVOKE REFERENCES ON cdm_analysis_out.acc_acquisitions_daily_1_prt_72 FROM algalkin;"
algalkin;Галкин Андрей Леонидович (Andrey Galkin);acc_acquisitions_daily_1_prt_72;TRIGGER;"REVOKE TRIGGER ON cdm_analysis_out.acc_acquisitions_daily_1_prt_72 FROM algalkin;"
algalkin;Галкин Андрей Леонидович (Andrey Galkin);acc_acquisitions_daily_1_prt_73;INSERT;"REVOKE INSERT ON cdm_analysis_out.acc_acquisitions_daily_1_prt_73 FROM algalkin;"
algalkin;Галкин Андрей Леонидович (Andrey Galkin);acc_acquisitions_daily_1_prt_73;SELECT;"REVOKE SELECT ON cdm_analysis_out.acc_acquisitions_daily_1_prt_73 FROM algalkin;"
algalkin;Галкин Андрей Леонидович (Andrey Galkin);acc_acquisitions_daily_1_prt_73;UPDATE;"REVOKE UPDATE ON cdm_analysis_out.acc_acquisitions_daily_1_prt_73 FROM algalkin;"
algalkin;Галкин Андрей Леонидович (Andrey Galkin);acc_acquisitions_daily_1_prt_73;DELETE;"REVOKE DELETE ON cdm_analysis_out.acc_acquisitions_daily_1_prt_73 FROM algalkin;"
algalkin;Галкин Андрей Леонидович (Andrey Galkin);acc_acquisitions_daily_1_prt_73;TRUNCATE;"REVOKE TRUNCATE ON cdm_analysis_out.acc_acquisitions_daily_1_prt_73 FROM algalkin;"
algalkin;Галкин Андрей Леонидович (Andrey Galkin);acc_acquisitions_daily_1_prt_73;REFERENCES;"REVOKE REFERENCES ON cdm_analysis_out.acc_acquisitions_daily_1_prt_73 FROM algalkin;"
algalkin;Галкин Андрей Леонидович (Andrey Galkin);acc_acquisitions_daily_1_prt_73;TRIGGER;"REVOKE TRIGGER ON cdm_analysis_out.acc_acquisitions_daily_1_prt_73 FROM algalkin;"
algalkin;Галкин Андрей Леонидович (Andrey Galkin);acc_acquisitions_daily_1_prt_74;INSERT;"REVOKE INSERT ON cdm_analysis_out.acc_acquisitions_daily_1_prt_74 FROM algalkin;"
algalkin;Галкин Андрей Леонидович (Andrey Galkin);acc_acquisitions_daily_1_prt_74;SELECT;"REVOKE SELECT ON cdm_analysis_out.acc_acquisitions_daily_1_prt_74 FROM algalkin;"
algalkin;Галкин Андрей Леонидович (Andrey Galkin);acc_acquisitions_daily_1_prt_74;UPDATE;"REVOKE UPDATE ON cdm_analysis_out.acc_acquisitions_daily_1_prt_74 FROM algalkin;"
algalkin;Галкин Андрей Леонидович (Andrey Galkin);acc_acquisitions_daily_1_prt_74;DELETE;"REVOKE DELETE ON cdm_analysis_out.acc_acquisitions_daily_1_prt_74 FROM algalkin;"
algalkin;Галкин Андрей Леонидович (Andrey Galkin);acc_acquisitions_daily_1_prt_74;TRUNCATE;"REVOKE TRUNCATE ON cdm_analysis_out.acc_acquisitions_daily_1_prt_74 FROM algalkin;"
algalkin;Галкин Андрей Леонидович (Andrey Galkin);acc_acquisitions_daily_1_prt_74;REFERENCES;"REVOKE REFERENCES ON cdm_analysis_out.acc_acquisitions_daily_1_prt_74 FROM algalkin;"
algalkin;Галкин Андрей Леонидович (Andrey Galkin);acc_acquisitions_daily_1_prt_74;TRIGGER;"REVOKE TRIGGER ON cdm_analysis_out.acc_acquisitions_daily_1_prt_74 FROM algalkin;"
algalkin;Галкин Андрей Леонидович (Andrey Galkin);acc_acquisitions_daily_1_prt_75;INSERT;"REVOKE INSERT ON cdm_analysis_out.acc_acquisitions_daily_1_prt_75 FROM algalkin;"
algalkin;Галкин Андрей Леонидович (Andrey Galkin);acc_acquisitions_daily_1_prt_75;SELECT;"REVOKE SELECT ON cdm_analysis_out.acc_acquisitions_daily_1_prt_75 FROM algalkin;"
algalkin;Галкин Андрей Леонидович (Andrey Galkin);acc_acquisitions_daily_1_prt_75;UPDATE;"REVOKE UPDATE ON cdm_analysis_out.acc_acquisitions_daily_1_prt_75 FROM algalkin;"
algalkin;Галкин Андрей Леонидович (Andrey Galkin);acc_acquisitions_daily_1_prt_75;DELETE;"REVOKE DELETE ON cdm_analysis_out.acc_acquisitions_daily_1_prt_75 FROM algalkin;"
algalkin;Галкин Андрей Леонидович (Andrey Galkin);acc_acquisitions_daily_1_prt_75;TRUNCATE;"REVOKE TRUNCATE ON cdm_analysis_out.acc_acquisitions_daily_1_prt_75 FROM algalkin;"
algalkin;Галкин Андрей Леонидович (Andrey Galkin);acc_acquisitions_daily_1_prt_75;REFERENCES;"REVOKE REFERENCES ON cdm_analysis_out.acc_acquisitions_daily_1_prt_75 FROM algalkin;"
algalkin;Галкин Андрей Леонидович (Andrey Galkin);acc_acquisitions_daily_1_prt_75;TRIGGER;"REVOKE TRIGGER ON cdm_analysis_out.acc_acquisitions_daily_1_prt_75 FROM algalkin;"
algalkin;Галкин Андрей Леонидович (Andrey Galkin);acc_acquisitions_daily_1_prt_76;INSERT;"REVOKE INSERT ON cdm_analysis_out.acc_acquisitions_daily_1_prt_76 FROM algalkin;"
algalkin;Галкин Андрей Леонидович (Andrey Galkin);acc_acquisitions_daily_1_prt_76;SELECT;"REVOKE SELECT ON cdm_analysis_out.acc_acquisitions_daily_1_prt_76 FROM algalkin;"
algalkin;Галкин Андрей Леонидович (Andrey Galkin);acc_acquisitions_daily_1_prt_76;UPDATE;"REVOKE UPDATE ON cdm_analysis_out.acc_acquisitions_daily_1_prt_76 FROM algalkin;"
algalkin;Галкин Андрей Леонидович (Andrey Galkin);acc_acquisitions_daily_1_prt_76;DELETE;"REVOKE DELETE ON cdm_analysis_out.acc_acquisitions_daily_1_prt_76 FROM algalkin;"
algalkin;Галкин Андрей Леонидович (Andrey Galkin);acc_acquisitions_daily_1_prt_76;TRUNCATE;"REVOKE TRUNCATE ON cdm_analysis_out.acc_acquisitions_daily_1_prt_76 FROM algalkin;"
algalkin;Галкин Андрей Леонидович (Andrey Galkin);acc_acquisitions_daily_1_prt_76;REFERENCES;"REVOKE REFERENCES ON cdm_analysis_out.acc_acquisitions_daily_1_prt_76 FROM algalkin;"
algalkin;Галкин Андрей Леонидович (Andrey Galkin);acc_acquisitions_daily_1_prt_76;TRIGGER;"REVOKE TRIGGER ON cdm_analysis_out.acc_acquisitions_daily_1_prt_76 FROM algalkin;"
algalkin;Галкин Андрей Леонидович (Andrey Galkin);acc_acquisitions_daily_1_prt_77;INSERT;"REVOKE INSERT ON cdm_analysis_out.acc_acquisitions_daily_1_prt_77 FROM algalkin;"
algalkin;Галкин Андрей Леонидович (Andrey Galkin);acc_acquisitions_daily_1_prt_77;SELECT;"REVOKE SELECT ON cdm_analysis_out.acc_acquisitions_daily_1_prt_77 FROM algalkin;"
algalkin;Галкин Андрей Леонидович (Andrey Galkin);acc_acquisitions_daily_1_prt_77;UPDATE;"REVOKE UPDATE ON cdm_analysis_out.acc_acquisitions_daily_1_prt_77 FROM algalkin;"
algalkin;Галкин Андрей Леонидович (Andrey Galkin);acc_acquisitions_daily_1_prt_77;DELETE;"REVOKE DELETE ON cdm_analysis_out.acc_acquisitions_daily_1_prt_77 FROM algalkin;"
algalkin;Галкин Андрей Леонидович (Andrey Galkin);acc_acquisitions_daily_1_prt_77;TRUNCATE;"REVOKE TRUNCATE ON cdm_analysis_out.acc_acquisitions_daily_1_prt_77 FROM algalkin;"
algalkin;Галкин Андрей Леонидович (Andrey Galkin);acc_acquisitions_daily_1_prt_77;REFERENCES;"REVOKE REFERENCES ON cdm_analysis_out.acc_acquisitions_daily_1_prt_77 FROM algalkin;"
algalkin;Галкин Андрей Леонидович (Andrey Galkin);acc_acquisitions_daily_1_prt_77;TRIGGER;"REVOKE TRIGGER ON cdm_analysis_out.acc_acquisitions_daily_1_prt_77 FROM algalkin;"
algalkin;Галкин Андрей Леонидович (Andrey Galkin);acc_acquisitions_daily_1_prt_78;INSERT;"REVOKE INSERT ON cdm_analysis_out.acc_acquisitions_daily_1_prt_78 FROM algalkin;"
algalkin;Галкин Андрей Леонидович (Andrey Galkin);acc_acquisitions_daily_1_prt_78;SELECT;"REVOKE SELECT ON cdm_analysis_out.acc_acquisitions_daily_1_prt_78 FROM algalkin;"
algalkin;Галкин Андрей Леонидович (Andrey Galkin);acc_acquisitions_daily_1_prt_78;UPDATE;"REVOKE UPDATE ON cdm_analysis_out.acc_acquisitions_daily_1_prt_78 FROM algalkin;"
algalkin;Галкин Андрей Леонидович (Andrey Galkin);acc_acquisitions_daily_1_prt_78;DELETE;"REVOKE DELETE ON cdm_analysis_out.acc_acquisitions_daily_1_prt_78 FROM algalkin;"
algalkin;Галкин Андрей Леонидович (Andrey Galkin);acc_acquisitions_daily_1_prt_78;TRUNCATE;"REVOKE TRUNCATE ON cdm_analysis_out.acc_acquisitions_daily_1_prt_78 FROM algalkin;"
algalkin;Галкин Андрей Леонидович (Andrey Galkin);acc_acquisitions_daily_1_prt_78;REFERENCES;"REVOKE REFERENCES ON cdm_analysis_out.acc_acquisitions_daily_1_prt_78 FROM algalkin;"
algalkin;Галкин Андрей Леонидович (Andrey Galkin);acc_acquisitions_daily_1_prt_78;TRIGGER;"REVOKE TRIGGER ON cdm_analysis_out.acc_acquisitions_daily_1_prt_78 FROM algalkin;"
algalkin;Галкин Андрей Леонидович (Andrey Galkin);acc_acquisitions_daily_1_prt_79;INSERT;"REVOKE INSERT ON cdm_analysis_out.acc_acquisitions_daily_1_prt_79 FROM algalkin;"
algalkin;Галкин Андрей Леонидович (Andrey Galkin);acc_acquisitions_daily_1_prt_79;SELECT;"REVOKE SELECT ON cdm_analysis_out.acc_acquisitions_daily_1_prt_79 FROM algalkin;"
algalkin;Галкин Андрей Леонидович (Andrey Galkin);acc_acquisitions_daily_1_prt_79;UPDATE;"REVOKE UPDATE ON cdm_analysis_out.acc_acquisitions_daily_1_prt_79 FROM algalkin;"
algalkin;Галкин Андрей Леонидович (Andrey Galkin);acc_acquisitions_daily_1_prt_79;DELETE;"REVOKE DELETE ON cdm_analysis_out.acc_acquisitions_daily_1_prt_79 FROM algalkin;"
algalkin;Галкин Андрей Леонидович (Andrey Galkin);acc_acquisitions_daily_1_prt_79;TRUNCATE;"REVOKE TRUNCATE ON cdm_analysis_out.acc_acquisitions_daily_1_prt_79 FROM algalkin;"
algalkin;Галкин Андрей Леонидович (Andrey Galkin);acc_acquisitions_daily_1_prt_79;REFERENCES;"REVOKE REFERENCES ON cdm_analysis_out.acc_acquisitions_daily_1_prt_79 FROM algalkin;"
algalkin;Галкин Андрей Леонидович (Andrey Galkin);acc_acquisitions_daily_1_prt_79;TRIGGER;"REVOKE TRIGGER ON cdm_analysis_out.acc_acquisitions_daily_1_prt_79 FROM algalkin;"
algalkin;Галкин Андрей Леонидович (Andrey Galkin);acc_acquisitions_daily_1_prt_80;INSERT;"REVOKE INSERT ON cdm_analysis_out.acc_acquisitions_daily_1_prt_80 FROM algalkin;"
algalkin;Галкин Андрей Леонидович (Andrey Galkin);acc_acquisitions_daily_1_prt_80;SELECT;"REVOKE SELECT ON cdm_analysis_out.acc_acquisitions_daily_1_prt_80 FROM algalkin;"
algalkin;Галкин Андрей Леонидович (Andrey Galkin);acc_acquisitions_daily_1_prt_80;UPDATE;"REVOKE UPDATE ON cdm_analysis_out.acc_acquisitions_daily_1_prt_80 FROM algalkin;"
algalkin;Галкин Андрей Леонидович (Andrey Galkin);acc_acquisitions_daily_1_prt_80;DELETE;"REVOKE DELETE ON cdm_analysis_out.acc_acquisitions_daily_1_prt_80 FROM algalkin;"
algalkin;Галкин Андрей Леонидович (Andrey Galkin);acc_acquisitions_daily_1_prt_80;TRUNCATE;"REVOKE TRUNCATE ON cdm_analysis_out.acc_acquisitions_daily_1_prt_80 FROM algalkin;"
algalkin;Галкин Андрей Леонидович (Andrey Galkin);acc_acquisitions_daily_1_prt_80;REFERENCES;"REVOKE REFERENCES ON cdm_analysis_out.acc_acquisitions_daily_1_prt_80 FROM algalkin;"
algalkin;Галкин Андрей Леонидович (Andrey Galkin);acc_acquisitions_daily_1_prt_80;TRIGGER;"REVOKE TRIGGER ON cdm_analysis_out.acc_acquisitions_daily_1_prt_80 FROM algalkin;"
algalkin;Галкин Андрей Леонидович (Andrey Galkin);acc_acquisitions_daily_1_prt_81;INSERT;"REVOKE INSERT ON cdm_analysis_out.acc_acquisitions_daily_1_prt_81 FROM algalkin;"
algalkin;Галкин Андрей Леонидович (Andrey Galkin);acc_acquisitions_daily_1_prt_81;SELECT;"REVOKE SELECT ON cdm_analysis_out.acc_acquisitions_daily_1_prt_81 FROM algalkin;"
algalkin;Галкин Андрей Леонидович (Andrey Galkin);acc_acquisitions_daily_1_prt_81;UPDATE;"REVOKE UPDATE ON cdm_analysis_out.acc_acquisitions_daily_1_prt_81 FROM algalkin;"
algalkin;Галкин Андрей Леонидович (Andrey Galkin);acc_acquisitions_daily_1_prt_81;DELETE;"REVOKE DELETE ON cdm_analysis_out.acc_acquisitions_daily_1_prt_81 FROM algalkin;"
algalkin;Галкин Андрей Леонидович (Andrey Galkin);acc_acquisitions_daily_1_prt_81;TRUNCATE;"REVOKE TRUNCATE ON cdm_analysis_out.acc_acquisitions_daily_1_prt_81 FROM algalkin;"
algalkin;Галкин Андрей Леонидович (Andrey Galkin);acc_acquisitions_daily_1_prt_81;REFERENCES;"REVOKE REFERENCES ON cdm_analysis_out.acc_acquisitions_daily_1_prt_81 FROM algalkin;"
algalkin;Галкин Андрей Леонидович (Andrey Galkin);acc_acquisitions_daily_1_prt_81;TRIGGER;"REVOKE TRIGGER ON cdm_analysis_out.acc_acquisitions_daily_1_prt_81 FROM algalkin;"
olalavrenteva;Лаврентьева Ольга Аркадьевна;counterparty_copy_5;INSERT;"REVOKE INSERT ON cdm_analysis_tmp.counterparty_copy_5 FROM olalavrenteva;"
olalavrenteva;Лаврентьева Ольга Аркадьевна;counterparty_copy_5;SELECT;"REVOKE SELECT ON cdm_analysis_tmp.counterparty_copy_5 FROM olalavrenteva;"
olalavrenteva;Лаврентьева Ольга Аркадьевна;counterparty_copy_5;UPDATE;"REVOKE UPDATE ON cdm_analysis_tmp.counterparty_copy_5 FROM olalavrenteva;"
olalavrenteva;Лаврентьева Ольга Аркадьевна;counterparty_copy_5;DELETE;"REVOKE DELETE ON cdm_analysis_tmp.counterparty_copy_5 FROM olalavrenteva;"
olalavrenteva;Лаврентьева Ольга Аркадьевна;counterparty_copy_5;TRUNCATE;"REVOKE TRUNCATE ON cdm_analysis_tmp.counterparty_copy_5 FROM olalavrenteva;"
olalavrenteva;Лаврентьева Ольга Аркадьевна;counterparty_copy_5;REFERENCES;"REVOKE REFERENCES ON cdm_analysis_tmp.counterparty_copy_5 FROM olalavrenteva;"
olalavrenteva;Лаврентьева Ольга Аркадьевна;counterparty_copy_5;TRIGGER;"REVOKE TRIGGER ON cdm_analysis_tmp.counterparty_copy_5 FROM olalavrenteva;"
algalkin;Галкин Андрей Леонидович (Andrey Galkin);acc_acquisitions_daily_1_prt_82;INSERT;"REVOKE INSERT ON cdm_analysis_out.acc_acquisitions_daily_1_prt_82 FROM algalkin;"
algalkin;Галкин Андрей Леонидович (Andrey Galkin);acc_acquisitions_daily_1_prt_82;SELECT;"REVOKE SELECT ON cdm_analysis_out.acc_acquisitions_daily_1_prt_82 FROM algalkin;"
algalkin;Галкин Андрей Леонидович (Andrey Galkin);acc_acquisitions_daily_1_prt_82;UPDATE;"REVOKE UPDATE ON cdm_analysis_out.acc_acquisitions_daily_1_prt_82 FROM algalkin;"
algalkin;Галкин Андрей Леонидович (Andrey Galkin);acc_acquisitions_daily_1_prt_82;DELETE;"REVOKE DELETE ON cdm_analysis_out.acc_acquisitions_daily_1_prt_82 FROM algalkin;"
algalkin;Галкин Андрей Леонидович (Andrey Galkin);acc_acquisitions_daily_1_prt_82;TRUNCATE;"REVOKE TRUNCATE ON cdm_analysis_out.acc_acquisitions_daily_1_prt_82 FROM algalkin;"
algalkin;Галкин Андрей Леонидович (Andrey Galkin);acc_acquisitions_daily_1_prt_82;REFERENCES;"REVOKE REFERENCES ON cdm_analysis_out.acc_acquisitions_daily_1_prt_82 FROM algalkin;"
algalkin;Галкин Андрей Леонидович (Andrey Galkin);acc_acquisitions_daily_1_prt_82;TRIGGER;"REVOKE TRIGGER ON cdm_analysis_out.acc_acquisitions_daily_1_prt_82 FROM algalkin;"
algalkin;Галкин Андрей Леонидович (Andrey Galkin);acc_acquisitions_daily_1_prt_83;INSERT;"REVOKE INSERT ON cdm_analysis_out.acc_acquisitions_daily_1_prt_83 FROM algalkin;"
algalkin;Галкин Андрей Леонидович (Andrey Galkin);acc_acquisitions_daily_1_prt_83;SELECT;"REVOKE SELECT ON cdm_analysis_out.acc_acquisitions_daily_1_prt_83 FROM algalkin;"
algalkin;Галкин Андрей Леонидович (Andrey Galkin);acc_acquisitions_daily_1_prt_83;UPDATE;"REVOKE UPDATE ON cdm_analysis_out.acc_acquisitions_daily_1_prt_83 FROM algalkin;"
algalkin;Галкин Андрей Леонидович (Andrey Galkin);acc_acquisitions_daily_1_prt_83;DELETE;"REVOKE DELETE ON cdm_analysis_out.acc_acquisitions_daily_1_prt_83 FROM algalkin;"
algalkin;Галкин Андрей Леонидович (Andrey Galkin);acc_acquisitions_daily_1_prt_83;TRUNCATE;"REVOKE TRUNCATE ON cdm_analysis_out.acc_acquisitions_daily_1_prt_83 FROM algalkin;"
algalkin;Галкин Андрей Леонидович (Andrey Galkin);acc_acquisitions_daily_1_prt_83;REFERENCES;"REVOKE REFERENCES ON cdm_analysis_out.acc_acquisitions_daily_1_prt_83 FROM algalkin;"
algalkin;Галкин Андрей Леонидович (Andrey Galkin);acc_acquisitions_daily_1_prt_83;TRIGGER;"REVOKE TRIGGER ON cdm_analysis_out.acc_acquisitions_daily_1_prt_83 FROM algalkin;"
algalkin;Галкин Андрей Леонидович (Andrey Galkin);acc_acquisitions_daily_1_prt_84;INSERT;"REVOKE INSERT ON cdm_analysis_out.acc_acquisitions_daily_1_prt_84 FROM algalkin;"
algalkin;Галкин Андрей Леонидович (Andrey Galkin);acc_acquisitions_daily_1_prt_84;SELECT;"REVOKE SELECT ON cdm_analysis_out.acc_acquisitions_daily_1_prt_84 FROM algalkin;"
algalkin;Галкин Андрей Леонидович (Andrey Galkin);acc_acquisitions_daily_1_prt_84;UPDATE;"REVOKE UPDATE ON cdm_analysis_out.acc_acquisitions_daily_1_prt_84 FROM algalkin;"
algalkin;Галкин Андрей Леонидович (Andrey Galkin);acc_acquisitions_daily_1_prt_84;DELETE;"REVOKE DELETE ON cdm_analysis_out.acc_acquisitions_daily_1_prt_84 FROM algalkin;"
algalkin;Галкин Андрей Леонидович (Andrey Galkin);acc_acquisitions_daily_1_prt_84;TRUNCATE;"REVOKE TRUNCATE ON cdm_analysis_out.acc_acquisitions_daily_1_prt_84 FROM algalkin;"
algalkin;Галкин Андрей Леонидович (Andrey Galkin);acc_acquisitions_daily_1_prt_84;REFERENCES;"REVOKE REFERENCES ON cdm_analysis_out.acc_acquisitions_daily_1_prt_84 FROM algalkin;"
algalkin;Галкин Андрей Леонидович (Andrey Galkin);acc_acquisitions_daily_1_prt_84;TRIGGER;"REVOKE TRIGGER ON cdm_analysis_out.acc_acquisitions_daily_1_prt_84 FROM algalkin;"
algalkin;Галкин Андрей Леонидович (Andrey Galkin);acc_acquisitions_daily_1_prt_85;INSERT;"REVOKE INSERT ON cdm_analysis_out.acc_acquisitions_daily_1_prt_85 FROM algalkin;"
algalkin;Галкин Андрей Леонидович (Andrey Galkin);acc_acquisitions_daily_1_prt_85;SELECT;"REVOKE SELECT ON cdm_analysis_out.acc_acquisitions_daily_1_prt_85 FROM algalkin;"
algalkin;Галкин Андрей Леонидович (Andrey Galkin);acc_acquisitions_daily_1_prt_85;UPDATE;"REVOKE UPDATE ON cdm_analysis_out.acc_acquisitions_daily_1_prt_85 FROM algalkin;"
algalkin;Галкин Андрей Леонидович (Andrey Galkin);acc_acquisitions_daily_1_prt_85;DELETE;"REVOKE DELETE ON cdm_analysis_out.acc_acquisitions_daily_1_prt_85 FROM algalkin;"
algalkin;Галкин Андрей Леонидович (Andrey Galkin);acc_acquisitions_daily_1_prt_85;TRUNCATE;"REVOKE TRUNCATE ON cdm_analysis_out.acc_acquisitions_daily_1_prt_85 FROM algalkin;"
algalkin;Галкин Андрей Леонидович (Andrey Galkin);acc_acquisitions_daily_1_prt_85;REFERENCES;"REVOKE REFERENCES ON cdm_analysis_out.acc_acquisitions_daily_1_prt_85 FROM algalkin;"
algalkin;Галкин Андрей Леонидович (Andrey Galkin);acc_acquisitions_daily_1_prt_85;TRIGGER;"REVOKE TRIGGER ON cdm_analysis_out.acc_acquisitions_daily_1_prt_85 FROM algalkin;"
nslyubavin;Любавин Никита Сергеевич (Nikita Lyubavin);tmp_cdc;INSERT;"REVOKE INSERT ON cdm_analysis_tmp.tmp_cdc FROM nslyubavin;"
nslyubavin;Любавин Никита Сергеевич (Nikita Lyubavin);tmp_cdc;SELECT;"REVOKE SELECT ON cdm_analysis_tmp.tmp_cdc FROM nslyubavin;"
nslyubavin;Любавин Никита Сергеевич (Nikita Lyubavin);tmp_cdc;UPDATE;"REVOKE UPDATE ON cdm_analysis_tmp.tmp_cdc FROM nslyubavin;"
nslyubavin;Любавин Никита Сергеевич (Nikita Lyubavin);tmp_cdc;DELETE;"REVOKE DELETE ON cdm_analysis_tmp.tmp_cdc FROM nslyubavin;"
nslyubavin;Любавин Никита Сергеевич (Nikita Lyubavin);tmp_cdc;TRUNCATE;"REVOKE TRUNCATE ON cdm_analysis_tmp.tmp_cdc FROM nslyubavin;"
nslyubavin;Любавин Никита Сергеевич (Nikita Lyubavin);tmp_cdc;REFERENCES;"REVOKE REFERENCES ON cdm_analysis_tmp.tmp_cdc FROM nslyubavin;"
nslyubavin;Любавин Никита Сергеевич (Nikita Lyubavin);tmp_cdc;TRIGGER;"REVOKE TRIGGER ON cdm_analysis_tmp.tmp_cdc FROM nslyubavin;"
nslyubavin;Любавин Никита Сергеевич (Nikita Lyubavin);temp_acc_com_daily_regress;INSERT;"REVOKE INSERT ON cdm_analysis_tmp.temp_acc_com_daily_regress FROM nslyubavin;"
nslyubavin;Любавин Никита Сергеевич (Nikita Lyubavin);temp_acc_com_daily_regress;SELECT;"REVOKE SELECT ON cdm_analysis_tmp.temp_acc_com_daily_regress FROM nslyubavin;"
nslyubavin;Любавин Никита Сергеевич (Nikita Lyubavin);temp_acc_com_daily_regress;UPDATE;"REVOKE UPDATE ON cdm_analysis_tmp.temp_acc_com_daily_regress FROM nslyubavin;"
nslyubavin;Любавин Никита Сергеевич (Nikita Lyubavin);temp_acc_com_daily_regress;DELETE;"REVOKE DELETE ON cdm_analysis_tmp.temp_acc_com_daily_regress FROM nslyubavin;"
nslyubavin;Любавин Никита Сергеевич (Nikita Lyubavin);temp_acc_com_daily_regress;TRUNCATE;"REVOKE TRUNCATE ON cdm_analysis_tmp.temp_acc_com_daily_regress FROM nslyubavin;"
nslyubavin;Любавин Никита Сергеевич (Nikita Lyubavin);temp_acc_com_daily_regress;REFERENCES;"REVOKE REFERENCES ON cdm_analysis_tmp.temp_acc_com_daily_regress FROM nslyubavin;"
nslyubavin;Любавин Никита Сергеевич (Nikita Lyubavin);temp_acc_com_daily_regress;TRIGGER;"REVOKE TRIGGER ON cdm_analysis_tmp.temp_acc_com_daily_regress FROM nslyubavin;"
olalavrenteva;Лаврентьева Ольга Аркадьевна;contract_copy_1;INSERT;"REVOKE INSERT ON cdm_analysis_tmp.contract_copy_1 FROM olalavrenteva;"
olalavrenteva;Лаврентьева Ольга Аркадьевна;contract_copy_1;SELECT;"REVOKE SELECT ON cdm_analysis_tmp.contract_copy_1 FROM olalavrenteva;"
olalavrenteva;Лаврентьева Ольга Аркадьевна;contract_copy_1;UPDATE;"REVOKE UPDATE ON cdm_analysis_tmp.contract_copy_1 FROM olalavrenteva;"
olalavrenteva;Лаврентьева Ольга Аркадьевна;contract_copy_1;DELETE;"REVOKE DELETE ON cdm_analysis_tmp.contract_copy_1 FROM olalavrenteva;"
olalavrenteva;Лаврентьева Ольга Аркадьевна;contract_copy_1;TRUNCATE;"REVOKE TRUNCATE ON cdm_analysis_tmp.contract_copy_1 FROM olalavrenteva;"
olalavrenteva;Лаврентьева Ольга Аркадьевна;contract_copy_1;REFERENCES;"REVOKE REFERENCES ON cdm_analysis_tmp.contract_copy_1 FROM olalavrenteva;"
olalavrenteva;Лаврентьева Ольга Аркадьевна;contract_copy_1;TRIGGER;"REVOKE TRIGGER ON cdm_analysis_tmp.contract_copy_1 FROM olalavrenteva;"
olalavrenteva;Лаврентьева Ольга Аркадьевна;contract_copy_5;INSERT;"REVOKE INSERT ON cdm_analysis_tmp.contract_copy_5 FROM olalavrenteva;"
olalavrenteva;Лаврентьева Ольга Аркадьевна;contract_copy_5;SELECT;"REVOKE SELECT ON cdm_analysis_tmp.contract_copy_5 FROM olalavrenteva;"
olalavrenteva;Лаврентьева Ольга Аркадьевна;contract_copy_5;UPDATE;"REVOKE UPDATE ON cdm_analysis_tmp.contract_copy_5 FROM olalavrenteva;"
olalavrenteva;Лаврентьева Ольга Аркадьевна;contract_copy_5;DELETE;"REVOKE DELETE ON cdm_analysis_tmp.contract_copy_5 FROM olalavrenteva;"
olalavrenteva;Лаврентьева Ольга Аркадьевна;contract_copy_5;TRUNCATE;"REVOKE TRUNCATE ON cdm_analysis_tmp.contract_copy_5 FROM olalavrenteva;"
olalavrenteva;Лаврентьева Ольга Аркадьевна;contract_copy_5;REFERENCES;"REVOKE REFERENCES ON cdm_analysis_tmp.contract_copy_5 FROM olalavrenteva;"
olalavrenteva;Лаврентьева Ольга Аркадьевна;contract_copy_5;TRIGGER;"REVOKE TRIGGER ON cdm_analysis_tmp.contract_copy_5 FROM olalavrenteva;"
olalavrenteva;Лаврентьева Ольга Аркадьевна;contract_counterparty_copy_1;INSERT;"REVOKE INSERT ON cdm_analysis_tmp.contract_counterparty_copy_1 FROM olalavrenteva;"
olalavrenteva;Лаврентьева Ольга Аркадьевна;contract_counterparty_copy_1;SELECT;"REVOKE SELECT ON cdm_analysis_tmp.contract_counterparty_copy_1 FROM olalavrenteva;"
olalavrenteva;Лаврентьева Ольга Аркадьевна;contract_counterparty_copy_1;UPDATE;"REVOKE UPDATE ON cdm_analysis_tmp.contract_counterparty_copy_1 FROM olalavrenteva;"
olalavrenteva;Лаврентьева Ольга Аркадьевна;contract_counterparty_copy_1;DELETE;"REVOKE DELETE ON cdm_analysis_tmp.contract_counterparty_copy_1 FROM olalavrenteva;"
olalavrenteva;Лаврентьева Ольга Аркадьевна;contract_counterparty_copy_1;TRUNCATE;"REVOKE TRUNCATE ON cdm_analysis_tmp.contract_counterparty_copy_1 FROM olalavrenteva;"
olalavrenteva;Лаврентьева Ольга Аркадьевна;contract_counterparty_copy_1;REFERENCES;"REVOKE REFERENCES ON cdm_analysis_tmp.contract_counterparty_copy_1 FROM olalavrenteva;"
olalavrenteva;Лаврентьева Ольга Аркадьевна;contract_counterparty_copy_1;TRIGGER;"REVOKE TRIGGER ON cdm_analysis_tmp.contract_counterparty_copy_1 FROM olalavrenteva;"
olalavrenteva;Лаврентьева Ольга Аркадьевна;contract_counterparty_copy_3;INSERT;"REVOKE INSERT ON cdm_analysis_tmp.contract_counterparty_copy_3 FROM olalavrenteva;"
olalavrenteva;Лаврентьева Ольга Аркадьевна;contract_counterparty_copy_3;SELECT;"REVOKE SELECT ON cdm_analysis_tmp.contract_counterparty_copy_3 FROM olalavrenteva;"
olalavrenteva;Лаврентьева Ольга Аркадьевна;contract_counterparty_copy_3;UPDATE;"REVOKE UPDATE ON cdm_analysis_tmp.contract_counterparty_copy_3 FROM olalavrenteva;"
olalavrenteva;Лаврентьева Ольга Аркадьевна;contract_counterparty_copy_3;DELETE;"REVOKE DELETE ON cdm_analysis_tmp.contract_counterparty_copy_3 FROM olalavrenteva;"
olalavrenteva;Лаврентьева Ольга Аркадьевна;contract_counterparty_copy_3;TRUNCATE;"REVOKE TRUNCATE ON cdm_analysis_tmp.contract_counterparty_copy_3 FROM olalavrenteva;"
olalavrenteva;Лаврентьева Ольга Аркадьевна;contract_counterparty_copy_3;REFERENCES;"REVOKE REFERENCES ON cdm_analysis_tmp.contract_counterparty_copy_3 FROM olalavrenteva;"
olalavrenteva;Лаврентьева Ольга Аркадьевна;contract_counterparty_copy_3;TRIGGER;"REVOKE TRIGGER ON cdm_analysis_tmp.contract_counterparty_copy_3 FROM olalavrenteva;"
olalavrenteva;Лаврентьева Ольга Аркадьевна;contract_counterparty_copy_5;INSERT;"REVOKE INSERT ON cdm_analysis_tmp.contract_counterparty_copy_5 FROM olalavrenteva;"
olalavrenteva;Лаврентьева Ольга Аркадьевна;contract_counterparty_copy_5;SELECT;"REVOKE SELECT ON cdm_analysis_tmp.contract_counterparty_copy_5 FROM olalavrenteva;"
olalavrenteva;Лаврентьева Ольга Аркадьевна;contract_counterparty_copy_5;UPDATE;"REVOKE UPDATE ON cdm_analysis_tmp.contract_counterparty_copy_5 FROM olalavrenteva;"
olalavrenteva;Лаврентьева Ольга Аркадьевна;contract_counterparty_copy_5;DELETE;"REVOKE DELETE ON cdm_analysis_tmp.contract_counterparty_copy_5 FROM olalavrenteva;"
olalavrenteva;Лаврентьева Ольга Аркадьевна;contract_counterparty_copy_5;TRUNCATE;"REVOKE TRUNCATE ON cdm_analysis_tmp.contract_counterparty_copy_5 FROM olalavrenteva;"
olalavrenteva;Лаврентьева Ольга Аркадьевна;contract_counterparty_copy_5;REFERENCES;"REVOKE REFERENCES ON cdm_analysis_tmp.contract_counterparty_copy_5 FROM olalavrenteva;"
olalavrenteva;Лаврентьева Ольга Аркадьевна;contract_counterparty_copy_5;TRIGGER;"REVOKE TRIGGER ON cdm_analysis_tmp.contract_counterparty_copy_5 FROM olalavrenteva;"
